match_id,year,stage,stage_numeric,is_knockout,date,venue,team,opponent,is_home,team_confederation,opp_confederation,same_confederation,is_host,opp_is_host,neutral_venue,team_elo,opp_elo,elo_diff,elo_win_prob,form_5,opp_form_5,form_diff,goals_scored_form5,goals_conceded_form5,opp_goals_scored_form5,wc_appearances,opp_wc_appearances,wc_wins,opp_wc_wins,wc_finals,opp_wc_finals,wc_semis,opp_wc_semis,wc_avg_goals,h2h_winrate,h2h_matches,rest_days,opp_rest_days,rest_days_adv,tournament_match_num,tourn_matches_played,tourn_goals_for,tourn_goals_against,tourn_goal_diff,tourn_wins,tourn_winrate,tourn_goals_per_match,tourn_shots,tourn_xg,shots,shots_on_target,shot_accuracy,possession,fouls,yellow_cards,red_cards,offsides,corners,xg,opp_xg,xg_diff,sb_squad_size,sb_yellow_cards,sb_red_cards,goals_scored,goals_conceded,goal_diff,result,result_code,win_condition,goals_scored_et,half_time_goals,half_time_available,attendance,team_conf_code,opp_conf_code,squad_xg_per_match,squad_goals_per_match,squad_shots_per_match,squad_key_passes_per_match,squad_interceptions_per_match,squad_dribbles_per_match,squad_squad_pass_accuracy,squad_squad_players_used,opp_squad_xg_per_match,opp_squad_goals_per_match,opp_squad_shots_per_match,opp_squad_key_passes_per_match,opp_squad_interceptions_per_match,opp_squad_dribbles_per_match,opp_squad_squad_pass_accuracy,opp_squad_squad_players_used,squad_avg_age,opp_squad_avg_age,avg_club_prestige,max_club_prestige,opp_avg_club_prestige,opp_max_club_prestige,club_prestige_diff,age_diff,split,data_tier
1,1930,Group Stage,1,0,1930-07-13,Pocitos,France,Mexico,1,UEFA,CONCACAF,0,0,0,1,1394.62,1492.04,-97.42000000000009,0.3634,0.1,0.7,-0.6,1.2,3.2,2.4,0.0,0.0,0.0,0.0,0.0,0.0,0.0,0.0,0.0,0.5,0,4.0,4.0,0.0,1,0.0,0.0,0.0,0.0,0.0,0.5,0.0,0.0,0.0,,,,,,,,,,,,,0.0,,,4,1,3,Win,2,Full Time,,3.0,1.0,4444.0,1.0,3.0,0.0,0.0,0.0,0.0,0.0,0.0,0.0,0.0,0.0,0.0,0.0,0.0,0.0,0.0,0.0,0.0,26.0,26.0,6.435,9.5,6.435,9.5,0.0,0.0,train,tier3
1,1930,Group Stage,1,0,1930-07-13,Pocitos,Mexico,France,0,CONCACAF,UEFA,0,0,0,1,1492.04,1394.62,97.42000000000009,0.6366,0.7,0.1,0.6,2.4,2.4,1.2,0.0,0.0,0.0,0.0,0.0,0.0,0.0,0.0,0.0,0.5,0,4.0,4.0,0.0,1,0.0,0.0,0.0,0.0,0.0,0.5,0.0,0.0,0.0,,,,,,,,,,,,,0.0,,,1,4,-3,Loss,0,Full Time,,0.0,1.0,4444.0,3.0,1.0,0.0,0.0,0.0,0.0,0.0,0.0,0.0,0.0,0.0,0.0,0.0,0.0,0.0,0.0,0.0,0.0,26.0,26.0,6.435,9.5,6.435,9.5,0.0,0.0,train,tier3
2,1930,Group Stage,1,0,1930-07-13,Parque Central,USA,Belgium,1,CONCACAF,UEFA,0,0,0,1,1500.0,1861.09,-361.0899999999999,0.1112,0.5,0.5,0.0,1.5,1.5,2.6,0.0,0.0,0.0,0.0,0.0,0.0,0.0,0.0,0.0,0.5,0,4.0,4.0,0.0,2,0.0,0.0,0.0,0.0,0.0,0.5,0.0,0.0,0.0,,,,,,,,,,,,,0.0,,,3,0,3,Win,2,Full Time,,2.0,1.0,18346.0,3.0,1.0,0.0,0.0,0.0,0.0,0.0,0.0,0.0,0.0,0.0,0.0,0.0,0.0,0.0,0.0,0.0,0.0,26.0,26.0,6.435,9.5,6.435,9.5,0.0,0.0,train,tier3
2,1930,Group Stage,1,0,1930-07-13,Parque Central,Belgium,USA,0,UEFA,CONCACAF,0,0,0,1,1861.09,1500.0,361.0899999999999,0.8888,0.5,0.5,0.0,2.6,1.8,1.5,0.0,0.0,0.0,0.0,0.0,0.0,0.0,0.0,0.0,0.5,0,4.0,4.0,0.0,2,0.0,0.0,0.0,0.0,0.0,0.5,0.0,0.0,0.0,,,,,,,,,,,,,0.0,,,0,3,-3,Loss,0,Full Time,,0.0,1.0,18346.0,1.0,3.0,0.0,0.0,0.0,0.0,0.0,0.0,0.0,0.0,0.0,0.0,0.0,0.0,0.0,0.0,0.0,0.0,26.0,26.0,6.435,9.5,6.435,9.5,0.0,0.0,train,tier3
3,1930,Group Stage,1,0,1930-07-14,Parque Central,Yugoslavia,Brazil,1,UEFA,CONMEBOL,0,0,0,1,1791.56,1930.75,-139.19000000000003,0.3098,0.4,0.6,-0.2,2.6,2.0,2.2,0.0,0.0,0.0,0.0,0.0,0.0,0.0,0.0,0.0,0.5,0,4.0,4.0,0.0,3,0.0,0.0,0.0,0.0,0.0,0.5,0.0,0.0,0.0,,,,,,,,,,,,,0.0,,,2,1,1,Win,2,Full Time,,2.0,1.0,24059.0,1.0,2.0,0.0,0.0,0.0,0.0,0.0,0.0,0.0,0.0,0.0,0.0,0.0,0.0,0.0,0.0,0.0,0.0,26.0,26.0,6.435,9.5,6.435,9.5,0.0,0.0,train,tier3
3,1930,Group Stage,1,0,1930-07-14,Parque Central,Brazil,Yugoslavia,0,CONMEBOL,UEFA,0,0,0,1,1930.75,1791.56,139.19000000000003,0.6902,0.6,0.4,0.2,2.2,1.8,2.6,0.0,0.0,0.0,0.0,0.0,0.0,0.0,0.0,0.0,0.5,0,4.0,4.0,0.0,3,0.0,0.0,0.0,0.0,0.0,0.5,0.0,0.0,0.0,,,,,,,,,,,,,0.0,,,1,2,-1,Loss,0,Full Time,,0.0,1.0,24059.0,2.0,1.0,0.0,0.0,0.0,0.0,0.0,0.0,0.0,0.0,0.0,0.0,0.0,0.0,0.0,0.0,0.0,0.0,26.0,26.0,6.435,9.5,6.435,9.5,0.0,0.0,train,tier3
4,1930,Group Stage,1,0,1930-07-14,Pocitos,Romania,Peru,1,UEFA,CONMEBOL,0,0,0,1,1630.28,1687.5,-57.22000000000003,0.4184,0.6,0.2,0.4,2.2,1.6,1.0,0.0,0.0,0.0,0.0,0.0,0.0,0.0,0.0,0.0,0.5,0,4.0,4.0,0.0,4,0.0,0.0,0.0,0.0,0.0,0.5,0.0,0.0,0.0,,,,,,,,,,,,,0.0,,,3,1,2,Win,2,Full Time,,1.0,1.0,2549.0,1.0,2.0,0.0,0.0,0.0,0.0,0.0,0.0,0.0,0.0,0.0,0.0,0.0,0.0,0.0,0.0,0.0,0.0,26.0,26.0,6.435,9.5,6.435,9.5,0.0,0.0,train,tier3
4,1930,Group Stage,1,0,1930-07-14,Pocitos,Peru,Romania,0,CONMEBOL,UEFA,0,0,0,1,1687.5,1630.28,57.22000000000003,0.5816,0.2,0.6,-0.4,1.0,3.6,2.2,0.0,0.0,0.0,0.0,0.0,0.0,0.0,0.0,0.0,0.5,0,4.0,4.0,0.0,4,0.0,0.0,0.0,0.0,0.0,0.5,0.0,0.0,0.0,,,,,,,,,,,,,0.0,,,1,3,-2,Loss,0,Full Time,,0.0,1.0,2549.0,2.0,1.0,0.0,0.0,0.0,0.0,0.0,0.0,0.0,0.0,0.0,0.0,0.0,0.0,0.0,0.0,0.0,0.0,26.0,26.0,6.435,9.5,6.435,9.5,0.0,0.0,train,tier3
5,1930,Group Stage,1,0,1930-07-15,Parque Central,Argentina,France,1,CONMEBOL,UEFA,0,0,0,1,1741.96,1432.82,309.1400000000001,0.8556,0.7,0.3,0.4,2.0,0.6,1.6,0.0,0.0,0.0,0.0,0.0,0.0,0.0,0.0,0.0,0.5,0,4.0,2.0,2.0,5,0.0,0.0,0.0,0.0,0.0,0.5,0.0,0.0,0.0,,,,,,,,,,,,,0.0,,,1,0,1,Win,2,Full Time,,0.0,1.0,23409.0,2.0,1.0,0.0,0.0,0.0,0.0,0.0,0.0,0.0,0.0,0.0,0.0,0.0,0.0,0.0,0.0,0.0,0.0,26.0,26.0,6.435,9.5,6.435,9.5,0.0,0.0,train,tier3
5,1930,Group Stage,1,0,1930-07-15,Parque Central,France,Argentina,0,UEFA,CONMEBOL,0,0,0,1,1432.82,1741.96,-309.1400000000001,0.1444,0.3,0.7,-0.4,1.6,3.0,2.0,0.0,0.0,0.0,0.0,0.0,0.0,0.0,0.0,0.0,0.5,0,2.0,4.0,-2.0,5,1.0,4.0,1.0,3.0,1.0,1.0,4.0,0.0,0.0,,,,,,,,,,,,,0.0,,,0,1,-1,Loss,0,Full Time,,0.0,1.0,23409.0,1.0,2.0,0.0,0.0,0.0,0.0,0.0,0.0,0.0,0.0,0.0,0.0,0.0,0.0,0.0,0.0,0.0,0.0,26.0,26.0,6.435,9.5,6.435,9.5,0.0,0.0,train,tier3
6,1930,Group Stage,1,0,1930-07-16,Parque Central,Chile,Mexico,1,CONMEBOL,CONCACAF,0,0,0,1,1375.27,1453.84,-78.56999999999994,0.3888,0.5,0.5,0.0,2.6,2.0,1.8,0.0,0.0,0.0,0.0,0.0,0.0,0.0,0.0,0.0,0.5,0,4.0,3.0,1.0,6,0.0,0.0,0.0,0.0,0.0,0.5,0.0,0.0,0.0,,,,,,,,,,,,,0.0,,,3,0,3,Win,2,Full Time,,1.0,1.0,9249.0,2.0,3.0,0.0,0.0,0.0,0.0,0.0,0.0,0.0,0.0,0.0,0.0,0.0,0.0,0.0,0.0,0.0,0.0,26.0,26.0,6.435,9.5,6.435,9.5,0.0,0.0,train,tier3
6,1930,Group Stage,1,0,1930-07-16,Parque Central,Mexico,Chile,0,CONCACAF,CONMEBOL,0,0,0,1,1453.84,1375.27,78.56999999999994,0.6112,0.5,0.5,0.0,1.8,2.8,2.6,0.0,0.0,0.0,0.0,0.0,0.0,0.0,0.0,0.0,0.5,0,3.0,4.0,-1.0,6,1.0,1.0,4.0,-3.0,0.0,0.0,1.0,0.0,0.0,,,,,,,,,,,,,0.0,,,0,3,-3,Loss,0,Full Time,,0.0,1.0,9249.0,3.0,2.0,0.0,0.0,0.0,0.0,0.0,0.0,0.0,0.0,0.0,0.0,0.0,0.0,0.0,0.0,0.0,0.0,26.0,26.0,6.435,9.5,6.435,9.5,0.0,0.0,train,tier3
7,1930,Group Stage,1,0,1930-07-17,Parque Central,Yugoslavia,Bolivia,1,UEFA,CONMEBOL,0,0,0,1,1791.56,1709.89,81.66999999999985,0.6154,0.5,0.0,0.5,2.8,2.0,0.4,0.0,0.0,0.0,0.0,0.0,0.0,0.0,0.0,0.0,0.5,0,3.0,4.0,-1.0,7,1.0,2.0,1.0,1.0,1.0,1.0,2.0,0.0,0.0,,,,,,,,,,,,,0.0,,,4,0,4,Win,2,Full Time,,0.0,1.0,18306.0,1.0,2.0,0.0,0.0,0.0,0.0,0.0,0.0,0.0,0.0,0.0,0.0,0.0,0.0,0.0,0.0,0.0,0.0,26.0,26.0,6.435,9.5,6.435,9.5,0.0,0.0,train,tier3
7,1930,Group Stage,1,0,1930-07-17,Parque Central,Bolivia,Yugoslavia,0,CONMEBOL,UEFA,0,0,0,1,1709.89,1791.56,-81.66999999999985,0.3846,0.0,0.5,-0.5,0.4,6.6,2.8,0.0,0.0,0.0,0.0,0.0,0.0,0.0,0.0,0.0,0.5,0,4.0,3.0,1.0,7,0.0,0.0,0.0,0.0,0.0,0.5,0.0,0.0,0.0,,,,,,,,,,,,,0.0,,,0,4,-4,Loss,0,Full Time,,0.0,1.0,18306.0,2.0,1.0,0.0,0.0,0.0,0.0,0.0,0.0,0.0,0.0,0.0,0.0,0.0,0.0,0.0,0.0,0.0,0.0,26.0,26.0,6.435,9.5,6.435,9.5,0.0,0.0,train,tier3
8,1930,Group Stage,1,0,1930-07-17,Parque Central,USA,Paraguay,1,CONCACAF,CONMEBOL,0,0,0,1,1500.0,1865.19,-365.19000000000005,0.1089,0.5,0.5,0.0,1.5,1.5,1.8,0.0,0.0,0.0,0.0,0.0,0.0,0.0,0.0,0.0,0.5,0,4.0,4.0,0.0,8,1.0,3.0,0.0,3.0,1.0,1.0,3.0,0.0,0.0,,,,,,,,,,,,,0.0,,,3,0,3,Win,2,Full Time,,2.0,1.0,18306.0,3.0,2.0,0.0,0.0,0.0,0.0,0.0,0.0,0.0,0.0,0.0,0.0,0.0,0.0,0.0,0.0,0.0,0.0,26.0,26.0,6.435,9.5,6.435,9.5,0.0,0.0,train,tier3
8,1930,Group Stage,1,0,1930-07-17,Parque Central,Paraguay,USA,0,CONMEBOL,CONCACAF,0,0,0,1,1865.19,1500.0,365.19000000000005,0.8911,0.5,0.5,0.0,1.8,2.2,1.5,0.0,0.0,0.0,0.0,0.0,0.0,0.0,0.0,0.0,0.5,0,4.0,4.0,0.0,8,0.0,0.0,0.0,0.0,0.0,0.5,0.0,0.0,0.0,,,,,,,,,,,,,0.0,,,0,3,-3,Loss,0,Full Time,,0.0,1.0,18306.0,2.0,3.0,0.0,0.0,0.0,0.0,0.0,0.0,0.0,0.0,0.0,0.0,0.0,0.0,0.0,0.0,0.0,0.0,26.0,26.0,6.435,9.5,6.435,9.5,0.0,0.0,train,tier3
9,1930,Group Stage,1,0,1930-07-18,Estadio Centenario,Uruguay,Peru,1,CONMEBOL,CONMEBOL,1,1,0,0,1654.94,1416.13,238.81,0.7981,0.5,0.2,0.3,1.2,1.4,1.0,0.0,0.0,0.0,0.0,0.0,0.0,0.0,0.0,0.0,0.5,0,4.0,4.0,0.0,9,0.0,0.0,0.0,0.0,0.0,0.5,0.0,0.0,0.0,,,,,,,,,,,,,0.0,,,1,0,1,Win,2,Full Time,,0.0,1.0,57735.0,2.0,2.0,0.0,0.0,0.0,0.0,0.0,0.0,0.0,0.0,0.0,0.0,0.0,0.0,0.0,0.0,0.0,0.0,26.0,26.0,6.435,9.5,6.435,9.5,0.0,0.0,train,tier3
9,1930,Group Stage,1,0,1930-07-18,Estadio Centenario,Peru,Uruguay,0,CONMEBOL,CONMEBOL,1,0,1,0,1416.13,1654.94,-238.81,0.2019,0.2,0.5,-0.3,1.0,3.8,1.2,0.0,0.0,0.0,0.0,0.0,0.0,0.0,0.0,0.0,0.5,0,4.0,4.0,0.0,9,1.0,1.0,3.0,-2.0,0.0,0.0,1.0,0.0,0.0,,,,,,,,,,,,,0.0,,,0,1,-1,Loss,0,Full Time,,0.0,1.0,57735.0,2.0,2.0,0.0,0.0,0.0,0.0,0.0,0.0,0.0,0.0,0.0,0.0,0.0,0.0,0.0,0.0,0.0,0.0,26.0,26.0,6.435,9.5,6.435,9.5,0.0,0.0,train,tier3
10,1930,Group Stage,1,0,1930-07-19,Estadio Centenario,Chile,France,1,CONMEBOL,UEFA,0,0,0,1,1411.94,1424.16,-12.220000000000027,0.4824,0.5,0.4,0.1,2.8,2.2,1.8,0.0,0.0,0.0,0.0,0.0,0.0,0.0,0.0,0.0,0.5,0,3.0,4.0,-1.0,10,1.0,3.0,0.0,3.0,1.0,1.0,3.0,0.0,0.0,,,,,,,,,,,,,0.0,,,1,0,1,Win,2,Full Time,,0.0,1.0,2000.0,2.0,1.0,0.0,0.0,0.0,0.0,0.0,0.0,0.0,0.0,0.0,0.0,0.0,0.0,0.0,0.0,0.0,0.0,26.0,26.0,6.435,9.5,6.435,9.5,0.0,0.0,train,tier3
10,1930,Group Stage,1,0,1930-07-19,Estadio Centenario,France,Chile,0,UEFA,CONMEBOL,0,0,0,1,1424.16,1411.94,12.220000000000027,0.5176,0.4,0.5,-0.1,1.8,2.6,2.8,0.0,0.0,0.0,0.0,0.0,0.0,0.0,0.0,0.0,0.5,0,4.0,3.0,1.0,10,2.0,4.0,2.0,2.0,1.0,0.5,2.0,0.0,0.0,,,,,,,,,,,,,0.0,,,0,1,-1,Loss,0,Full Time,,0.0,1.0,2000.0,1.0,2.0,0.0,0.0,0.0,0.0,0.0,0.0,0.0,0.0,0.0,0.0,0.0,0.0,0.0,0.0,0.0,0.0,26.0,26.0,6.435,9.5,6.435,9.5,0.0,0.0,train,tier3
11,1930,Group Stage,1,0,1930-07-19,Estadio Centenario,Argentina,Mexico,1,CONMEBOL,CONCACAF,0,0,0,1,1750.62,1417.17,333.4499999999998,0.8721,0.8,0.3,0.5,2.0,0.4,1.6,0.0,0.0,0.0,0.0,0.0,0.0,0.0,0.0,0.0,0.5,0,4.0,3.0,1.0,11,1.0,1.0,0.0,1.0,1.0,1.0,1.0,0.0,0.0,,,,,,,,,,,,,0.0,,,6,3,3,Win,2,Full Time,,3.0,1.0,42100.0,2.0,3.0,0.0,0.0,0.0,0.0,0.0,0.0,0.0,0.0,0.0,0.0,0.0,0.0,0.0,0.0,0.0,0.0,26.0,26.0,6.435,9.5,6.435,9.5,0.0,0.0,train,tier3
11,1930,Group Stage,1,0,1930-07-19,Estadio Centenario,Mexico,Argentina,0,CONCACAF,CONMEBOL,0,0,0,1,1417.17,1750.62,-333.4499999999998,0.1279,0.3,0.8,-0.5,1.6,3.4,2.0,0.0,0.0,0.0,0.0,0.0,0.0,0.0,0.0,0.0,0.5,0,3.0,4.0,-1.0,11,2.0,1.0,7.0,-6.0,0.0,0.0,0.5,0.0,0.0,,,,,,,,,,,,,0.0,,,3,6,-3,Loss,0,Full Time,,1.0,1.0,42100.0,3.0,2.0,0.0,0.0,0.0,0.0,0.0,0.0,0.0,0.0,0.0,0.0,0.0,0.0,0.0,0.0,0.0,0.0,26.0,26.0,6.435,9.5,6.435,9.5,0.0,0.0,train,tier3
12,1930,Group Stage,1,0,1930-07-20,Estadio Centenario,Brazil,Bolivia,1,CONMEBOL,CONMEBOL,1,0,0,1,1930.75,1709.89,220.8599999999999,0.781,0.5,0.0,0.5,2.2,2.2,0.8,0.0,0.0,0.0,0.0,0.0,0.0,0.0,0.0,0.0,0.5,0,6.0,3.0,3.0,12,1.0,1.0,2.0,-1.0,0.0,0.0,1.0,0.0,0.0,,,,,,,,,,,,,0.0,,,4,0,4,Win,2,Full Time,,1.0,1.0,25466.0,2.0,2.0,0.0,0.0,0.0,0.0,0.0,0.0,0.0,0.0,0.0,0.0,0.0,0.0,0.0,0.0,0.0,0.0,26.0,26.0,6.435,9.5,6.435,9.5,0.0,0.0,train,tier3
12,1930,Group Stage,1,0,1930-07-20,Estadio Centenario,Bolivia,Brazil,0,CONMEBOL,CONMEBOL,1,0,0,1,1709.89,1930.75,-220.8599999999999,0.219,0.0,0.5,-0.5,0.8,6.2,2.2,0.0,0.0,0.0,0.0,0.0,0.0,0.0,0.0,0.0,0.5,0,3.0,6.0,-3.0,12,1.0,0.0,4.0,-4.0,0.0,0.0,0.0,0.0,0.0,,,,,,,,,,,,,0.0,,,0,4,-4,Loss,0,Full Time,,0.0,1.0,25466.0,2.0,2.0,0.0,0.0,0.0,0.0,0.0,0.0,0.0,0.0,0.0,0.0,0.0,0.0,0.0,0.0,0.0,0.0,26.0,26.0,6.435,9.5,6.435,9.5,0.0,0.0,train,tier3
13,1930,Group Stage,1,0,1930-07-20,Estadio Centenario,Paraguay,Belgium,1,CONMEBOL,UEFA,0,0,0,1,1865.19,1861.09,4.100000000000136,0.5059,0.7,0.5,0.2,2.6,1.2,1.8,0.0,0.0,0.0,0.0,0.0,0.0,0.0,0.0,0.0,0.5,0,3.0,7.0,-4.0,13,1.0,0.0,3.0,-3.0,0.0,0.0,0.0,0.0,0.0,,,,,,,,,,,,,0.0,,,1,0,1,Win,2,Full Time,,1.0,1.0,12000.0,2.0,1.0,0.0,0.0,0.0,0.0,0.0,0.0,0.0,0.0,0.0,0.0,0.0,0.0,0.0,0.0,0.0,0.0,26.0,26.0,6.435,9.5,6.435,9.5,0.0,0.0,train,tier3
13,1930,Group Stage,1,0,1930-07-20,Estadio Centenario,Belgium,Paraguay,0,UEFA,CONMEBOL,0,0,0,1,1861.09,1865.19,-4.100000000000136,0.4941,0.5,0.7,-0.2,1.8,1.8,2.6,0.0,0.0,0.0,0.0,0.0,0.0,0.0,0.0,0.0,0.5,0,7.0,3.0,4.0,13,1.0,0.0,3.0,-3.0,0.0,0.0,0.0,0.0,0.0,,,,,,,,,,,,,0.0,,,0,1,-1,Loss,0,Full Time,,0.0,1.0,12000.0,1.0,2.0,0.0,0.0,0.0,0.0,0.0,0.0,0.0,0.0,0.0,0.0,0.0,0.0,0.0,0.0,0.0,0.0,26.0,26.0,6.435,9.5,6.435,9.5,0.0,0.0,train,tier3
14,1930,Group Stage,1,0,1930-07-21,Estadio Centenario,Uruguay,Romania,1,CONMEBOL,UEFA,0,1,0,0,1667.05,1506.21,160.83999999999992,0.7162,0.4,0.6,-0.2,1.0,1.4,3.2,0.0,0.0,0.0,0.0,0.0,0.0,0.0,0.0,0.0,0.5,0,3.0,7.0,-4.0,14,1.0,1.0,0.0,1.0,1.0,1.0,1.0,0.0,0.0,,,,,,,,,,,,,0.0,,,4,0,4,Win,2,Full Time,,4.0,1.0,70022.0,2.0,1.0,0.0,0.0,0.0,0.0,0.0,0.0,0.0,0.0,0.0,0.0,0.0,0.0,0.0,0.0,0.0,0.0,26.0,26.0,6.435,9.5,6.435,9.5,0.0,0.0,train,tier3
14,1930,Group Stage,1,0,1930-07-21,Estadio Centenario,Romania,Uruguay,0,UEFA,CONMEBOL,0,0,1,0,1506.21,1667.05,-160.83999999999992,0.2838,0.6,0.4,0.2,3.2,1.8,1.0,0.0,0.0,0.0,0.0,0.0,0.0,0.0,0.0,0.0,0.5,0,7.0,3.0,4.0,14,1.0,3.0,1.0,2.0,1.0,1.0,3.0,0.0,0.0,,,,,,,,,,,,,0.0,,,0,4,-4,Loss,0,Full Time,,0.0,1.0,70022.0,1.0,2.0,0.0,0.0,0.0,0.0,0.0,0.0,0.0,0.0,0.0,0.0,0.0,0.0,0.0,0.0,0.0,0.0,26.0,26.0,6.435,9.5,6.435,9.5,0.0,0.0,train,tier3
15,1930,Group Stage,1,0,1930-07-22,Estadio Centenario,Argentina,Chile,1,CONMEBOL,CONMEBOL,1,0,0,1,1758.3,1442.99,315.30999999999995,0.86,0.9,0.5,0.4,2.2,0.4,2.4,0.0,0.0,0.0,0.0,0.0,0.0,0.0,0.0,0.0,0.5,0,3.0,3.0,0.0,15,2.0,7.0,3.0,4.0,2.0,1.0,3.5,0.0,0.0,,,,,,,,,,,,,0.0,,,3,1,2,Win,2,Full Time,,2.0,1.0,41459.0,2.0,2.0,0.0,0.0,0.0,0.0,0.0,0.0,0.0,0.0,0.0,0.0,0.0,0.0,0.0,0.0,0.0,0.0,26.0,26.0,6.435,9.5,6.435,9.5,0.0,0.0,train,tier3
15,1930,Group Stage,1,0,1930-07-22,Estadio Centenario,Chile,Argentina,0,CONMEBOL,CONMEBOL,1,0,0,1,1442.99,1758.3,-315.30999999999995,0.14,0.5,0.9,-0.4,2.4,2.0,2.2,0.0,0.0,0.0,0.0,0.0,0.0,0.0,0.0,0.0,0.5,0,3.0,3.0,0.0,15,2.0,4.0,0.0,4.0,2.0,1.0,2.0,0.0,0.0,,,,,,,,,,,,,0.0,,,1,3,-2,Loss,0,Full Time,,1.0,1.0,41459.0,2.0,2.0,0.0,0.0,0.0,0.0,0.0,0.0,0.0,0.0,0.0,0.0,0.0,0.0,0.0,0.0,0.0,0.0,26.0,26.0,6.435,9.5,6.435,9.5,0.0,0.0,train,tier3
16,1930,Semi-final,4,1,1930-07-26,Estadio Centenario,Argentina,USA,1,CONMEBOL,CONCACAF,0,0,0,1,2040.35,1500.0,540.3499999999999,0.9573,0.9,0.5,0.4,2.8,1.0,1.5,0.0,0.0,0.0,0.0,0.0,0.0,0.0,0.0,0.0,0.5,0,4.0,9.0,-5.0,16,3.0,10.0,4.0,6.0,3.0,1.0,3.333,0.0,0.0,,,,,,,,,,,,,0.0,,,6,1,5,Win,2,Full Time,,1.0,1.0,72886.0,2.0,3.0,0.0,0.0,0.0,0.0,0.0,0.0,0.0,0.0,0.0,0.0,0.0,0.0,0.0,0.0,0.0,0.0,26.0,26.0,6.435,9.5,6.435,9.5,0.0,0.0,train,tier3
16,1930,Semi-final,4,1,1930-07-26,Estadio Centenario,USA,Argentina,0,CONCACAF,CONMEBOL,0,0,0,1,1500.0,2040.35,-540.3499999999999,0.0427,0.5,0.9,-0.4,1.5,1.5,2.8,0.0,0.0,0.0,0.0,0.0,0.0,0.0,0.0,0.0,0.5,0,9.0,4.0,5.0,16,2.0,6.0,0.0,6.0,2.0,1.0,3.0,0.0,0.0,,,,,,,,,,,,,0.0,,,1,6,-5,Loss,0,Full Time,,0.0,1.0,72886.0,3.0,2.0,0.0,0.0,0.0,0.0,0.0,0.0,0.0,0.0,0.0,0.0,0.0,0.0,0.0,0.0,0.0,0.0,26.0,26.0,6.435,9.5,6.435,9.5,0.0,0.0,train,tier3
17,1930,Semi-final,4,1,1930-07-27,Estadio Centenario,Uruguay,Yugoslavia,1,CONMEBOL,UEFA,0,1,0,0,1684.08,1507.43,176.64999999999986,0.7344,0.5,0.7,-0.2,1.2,1.4,2.6,0.0,0.0,0.0,0.0,0.0,0.0,0.0,0.0,0.0,0.5,0,6.0,10.0,-4.0,17,2.0,5.0,0.0,5.0,2.0,1.0,2.5,0.0,0.0,,,,,,,,,,,,,0.0,,,6,1,5,Win,2,Full Time,,3.0,1.0,79867.0,2.0,1.0,0.0,0.0,0.0,0.0,0.0,0.0,0.0,0.0,0.0,0.0,0.0,0.0,0.0,0.0,0.0,0.0,26.0,26.0,6.435,9.5,6.435,9.5,0.0,0.0,train,tier3
17,1930,Semi-final,4,1,1930-07-27,Estadio Centenario,Yugoslavia,Uruguay,0,UEFA,CONMEBOL,0,0,1,0,1507.43,1684.08,-176.64999999999986,0.2656,0.7,0.5,0.2,2.6,1.4,1.2,0.0,0.0,0.0,0.0,0.0,0.0,0.0,0.0,0.0,0.5,0,10.0,6.0,4.0,17,2.0,6.0,1.0,5.0,2.0,1.0,3.0,0.0,0.0,,,,,,,,,,,,,0.0,,,1,6,-5,Loss,0,Full Time,,1.0,1.0,79867.0,1.0,2.0,0.0,0.0,0.0,0.0,0.0,0.0,0.0,0.0,0.0,0.0,0.0,0.0,0.0,0.0,0.0,0.0,26.0,26.0,6.435,9.5,6.435,9.5,0.0,0.0,train,tier3
18,1930,Final,5,1,1930-07-30,Estadio Centenario,Uruguay,Argentina,1,CONMEBOL,CONMEBOL,1,1,0,0,1700.02,1780.5,-80.48000000000002,0.3862,0.7,0.9,-0.2,2.0,0.8,2.6,0.0,0.0,0.0,0.0,0.0,0.0,0.0,0.0,0.0,0.5,0,3.0,4.0,-1.0,18,3.0,11.0,1.0,10.0,3.0,1.0,3.667,0.0,0.0,,,,,,,,,,,,,0.0,,,4,2,2,Win,2,Full Time,,1.0,1.0,68346.0,2.0,2.0,0.0,0.0,0.0,0.0,0.0,0.0,0.0,0.0,0.0,0.0,0.0,0.0,0.0,0.0,0.0,0.0,26.0,26.0,6.435,9.5,6.435,9.5,0.0,0.0,train,tier3
18,1930,Final,5,1,1930-07-30,Estadio Centenario,Argentina,Uruguay,0,CONMEBOL,CONMEBOL,1,0,1,0,1780.5,1700.02,80.48000000000002,0.6138,0.9,0.7,0.2,2.6,1.0,2.0,0.0,0.0,0.0,0.0,0.0,0.0,0.0,0.0,0.0,0.5,0,4.0,3.0,1.0,18,4.0,16.0,5.0,11.0,4.0,1.0,4.0,0.0,0.0,,,,,,,,,,,,,0.0,,,2,4,-2,Loss,0,Full Time,,2.0,1.0,68346.0,2.0,2.0,0.0,0.0,0.0,0.0,0.0,0.0,0.0,0.0,0.0,0.0,0.0,0.0,0.0,0.0,0.0,0.0,26.0,26.0,6.435,9.5,6.435,9.5,0.0,0.0,train,tier3
19,1934,Group Stage,1,0,1934-05-27,Stadio Benito Mussolini,Austria,France,1,UEFA,UEFA,1,0,0,1,1722.75,1441.97,280.78,0.8343,0.9,0.4,0.5,3.0,1.6,2.2,0.0,1.0,0.0,0.0,0.0,0.0,0.0,0.0,0.0,0.5,0,4.0,4.0,0.0,1,0.0,0.0,0.0,0.0,0.0,0.5,0.0,0.0,0.0,,,,,,,,,,,,,0.0,,,3,2,1,Win,2,Extra Time,,0.0,1.0,16000.0,1.0,1.0,0.0,0.0,0.0,0.0,0.0,0.0,0.0,0.0,0.0,0.0,0.0,0.0,0.0,0.0,0.0,0.0,26.0,26.0,6.435,9.5,6.435,9.5,0.0,0.0,train,tier3
19,1934,Group Stage,1,0,1934-05-27,Stadio Benito Mussolini,France,Austria,0,UEFA,UEFA,1,0,0,1,1441.97,1722.75,-280.78,0.1657,0.4,0.9,-0.5,2.2,2.0,3.0,1.0,0.0,0.0,0.0,0.0,0.0,0.0,0.0,4.0,0.5,0,4.0,4.0,0.0,1,0.0,0.0,0.0,0.0,0.0,0.5,0.0,0.0,0.0,,,,,,,,,,,,,0.0,,,2,3,-1,Loss,0,Extra Time,,0.0,1.0,16000.0,1.0,1.0,0.0,0.0,0.0,0.0,0.0,0.0,0.0,0.0,0.0,0.0,0.0,0.0,0.0,0.0,0.0,0.0,26.0,26.0,6.435,9.5,6.435,9.5,0.0,0.0,train,tier3
20,1934,Group Stage,1,0,1934-05-27,Giorgio Ascarelli,Hungary,Egypt,1,UEFA,CAF,0,0,0,1,1745.68,1777.03,-31.34999999999991,0.455,0.5,0.6,-0.1,2.6,2.4,2.6,0.0,0.0,0.0,0.0,0.0,0.0,0.0,0.0,0.0,0.5,0,4.0,4.0,0.0,2,0.0,0.0,0.0,0.0,0.0,0.5,0.0,0.0,0.0,,,,,,,,,,,,,0.0,,,4,2,2,Win,2,Full Time,,2.0,1.0,9000.0,1.0,4.0,0.0,0.0,0.0,0.0,0.0,0.0,0.0,0.0,0.0,0.0,0.0,0.0,0.0,0.0,0.0,0.0,26.0,26.0,6.435,9.5,6.435,9.5,0.0,0.0,train,tier3
20,1934,Group Stage,1,0,1934-05-27,Giorgio Ascarelli,Egypt,Hungary,0,CAF,UEFA,0,0,0,1,1777.03,1745.68,31.34999999999991,0.545,0.6,0.5,0.1,2.6,2.8,2.6,0.0,0.0,0.0,0.0,0.0,0.0,0.0,0.0,0.0,0.5,0,4.0,4.0,0.0,2,0.0,0.0,0.0,0.0,0.0,0.5,0.0,0.0,0.0,,,,,,,,,,,,,0.0,,,2,4,-2,Loss,0,Full Time,,2.0,1.0,9000.0,4.0,1.0,0.0,0.0,0.0,0.0,0.0,0.0,0.0,0.0,0.0,0.0,0.0,0.0,0.0,0.0,0.0,0.0,26.0,26.0,6.435,9.5,6.435,9.5,0.0,0.0,train,tier3
21,1934,Group Stage,1,0,1934-05-27,San Siro,Switzerland,Netherlands,1,UEFA,UEFA,1,0,0,1,1872.59,1938.39,-65.80000000000018,0.4064,0.4,0.6,-0.2,1.4,2.2,3.8,0.0,0.0,0.0,0.0,0.0,0.0,0.0,0.0,0.0,0.5,0,4.0,4.0,0.0,3,0.0,0.0,0.0,0.0,0.0,0.5,0.0,0.0,0.0,,,,,,,,,,,,,0.0,,,3,2,1,Win,2,Full Time,,2.0,1.0,33000.0,1.0,1.0,0.0,0.0,0.0,0.0,0.0,0.0,0.0,0.0,0.0,0.0,0.0,0.0,0.0,0.0,0.0,0.0,26.0,26.0,6.435,9.5,6.435,9.5,0.0,0.0,train,tier3
21,1934,Group Stage,1,0,1934-05-27,San Siro,Netherlands,Switzerland,0,UEFA,UEFA,1,0,0,1,1938.39,1872.59,65.80000000000018,0.5936,0.6,0.4,0.2,3.8,2.0,1.4,0.0,0.0,0.0,0.0,0.0,0.0,0.0,0.0,0.0,0.5,0,4.0,4.0,0.0,3,0.0,0.0,0.0,0.0,0.0,0.5,0.0,0.0,0.0,,,,,,,,,,,,,0.0,,,2,3,-1,Loss,0,Full Time,,1.0,1.0,33000.0,1.0,1.0,0.0,0.0,0.0,0.0,0.0,0.0,0.0,0.0,0.0,0.0,0.0,0.0,0.0,0.0,0.0,0.0,26.0,26.0,6.435,9.5,6.435,9.5,0.0,0.0,train,tier3
22,1934,Group Stage,1,0,1934-05-27,Littorale,Sweden,Argentina,1,UEFA,CONMEBOL,0,0,0,1,1729.32,2040.35,-311.03,0.143,0.9,0.6,0.3,2.2,0.6,2.0,0.0,1.0,0.0,0.0,0.0,1.0,0.0,1.0,0.0,0.5,0,4.0,4.0,0.0,4,0.0,0.0,0.0,0.0,0.0,0.5,0.0,0.0,0.0,,,,,,,,,,,,,0.0,,,3,2,1,Win,2,Full Time,,1.0,1.0,14000.0,1.0,2.0,0.0,0.0,0.0,0.0,0.0,0.0,0.0,0.0,0.0,0.0,0.0,0.0,0.0,0.0,0.0,0.0,26.0,26.0,6.435,9.5,6.435,9.5,0.0,0.0,train,tier3
22,1934,Group Stage,1,0,1934-05-27,Littorale,Argentina,Sweden,0,CONMEBOL,UEFA,0,0,0,1,2040.35,1729.32,311.03,0.857,0.6,0.9,-0.3,2.0,1.0,2.2,1.0,0.0,0.0,0.0,1.0,0.0,1.0,0.0,18.0,0.5,0,4.0,4.0,0.0,4,0.0,0.0,0.0,0.0,0.0,0.5,0.0,0.0,0.0,,,,,,,,,,,,,0.0,,,2,3,-1,Loss,0,Full Time,,1.0,1.0,14000.0,2.0,1.0,0.0,0.0,0.0,0.0,0.0,0.0,0.0,0.0,0.0,0.0,0.0,0.0,0.0,0.0,0.0,0.0,26.0,26.0,6.435,9.5,6.435,9.5,0.0,0.0,train,tier3
23,1934,Group Stage,1,0,1934-05-27,Giovanni Berta,Germany,Belgium,1,UEFA,UEFA,1,0,0,1,1946.73,1861.09,85.6400000000001,0.6208,0.9,0.2,0.7,3.2,0.8,2.4,0.0,1.0,0.0,0.0,0.0,0.0,0.0,0.0,0.0,0.5,0,4.0,4.0,0.0,5,0.0,0.0,0.0,0.0,0.0,0.5,0.0,0.0,0.0,,,,,,,,,,,,,0.0,,,5,2,3,Win,2,Full Time,,1.0,1.0,8000.0,1.0,1.0,0.0,0.0,0.0,0.0,0.0,0.0,0.0,0.0,0.0,0.0,0.0,0.0,0.0,0.0,0.0,0.0,26.0,26.0,6.435,9.5,6.435,9.5,0.0,0.0,train,tier3
23,1934,Group Stage,1,0,1934-05-27,Giovanni Berta,Belgium,Germany,0,UEFA,UEFA,1,0,0,1,1861.09,1946.73,-85.6400000000001,0.3792,0.2,0.9,-0.7,2.4,5.2,3.2,1.0,0.0,0.0,0.0,0.0,0.0,0.0,0.0,0.0,0.5,0,4.0,4.0,0.0,5,0.0,0.0,0.0,0.0,0.0,0.5,0.0,0.0,0.0,,,,,,,,,,,,,0.0,,,2,5,-3,Loss,0,Full Time,,2.0,1.0,8000.0,1.0,1.0,0.0,0.0,0.0,0.0,0.0,0.0,0.0,0.0,0.0,0.0,0.0,0.0,0.0,0.0,0.0,0.0,26.0,26.0,6.435,9.5,6.435,9.5,0.0,0.0,train,tier3
24,1934,Group Stage,1,0,1934-05-27,Luigi Ferraris,Spain,Brazil,1,UEFA,CONMEBOL,0,0,0,1,2100.01,1930.75,169.26000000000022,0.726,0.7,1.0,-0.3,5.0,0.4,3.4,0.0,1.0,0.0,0.0,0.0,0.0,0.0,0.0,0.0,0.5,0,4.0,4.0,0.0,6,0.0,0.0,0.0,0.0,0.0,0.5,0.0,0.0,0.0,,,,,,,,,,,,,0.0,,,3,1,2,Win,2,Full Time,,3.0,1.0,21000.0,1.0,2.0,0.0,0.0,0.0,0.0,0.0,0.0,0.0,0.0,0.0,0.0,0.0,0.0,0.0,0.0,0.0,0.0,26.0,26.0,6.435,9.5,6.435,9.5,0.0,0.0,train,tier3
24,1934,Group Stage,1,0,1934-05-27,Luigi Ferraris,Brazil,Spain,0,CONMEBOL,UEFA,0,0,0,1,1930.75,2100.01,-169.26000000000022,0.274,1.0,0.7,0.3,3.4,1.2,5.0,1.0,0.0,0.0,0.0,0.0,0.0,0.0,0.0,5.0,0.5,0,4.0,4.0,0.0,6,0.0,0.0,0.0,0.0,0.0,0.5,0.0,0.0,0.0,,,,,,,,,,,,,0.0,,,1,3,-2,Loss,0,Full Time,,0.0,1.0,21000.0,2.0,1.0,0.0,0.0,0.0,0.0,0.0,0.0,0.0,0.0,0.0,0.0,0.0,0.0,0.0,0.0,0.0,0.0,26.0,26.0,6.435,9.5,6.435,9.5,0.0,0.0,train,tier3
25,1934,Group Stage,1,0,1934-05-27,Nazionale PNF,Italy,USA,1,UEFA,CONCACAF,0,1,0,0,1853.8,1500.0,353.79999999999995,0.8846,0.7,0.5,0.2,2.2,1.4,1.5,0.0,1.0,0.0,0.0,0.0,0.0,0.0,1.0,0.0,0.5,0,4.0,4.0,0.0,7,0.0,0.0,0.0,0.0,0.0,0.5,0.0,0.0,0.0,,,,,,,,,,,,,0.0,,,7,1,6,Win,2,Full Time,,3.0,1.0,25000.0,1.0,3.0,0.0,0.0,0.0,0.0,0.0,0.0,0.0,0.0,0.0,0.0,0.0,0.0,0.0,0.0,0.0,0.0,26.0,26.0,6.435,9.5,6.435,9.5,0.0,0.0,train,tier3
25,1934,Group Stage,1,0,1934-05-27,Nazionale PNF,USA,Italy,0,CONCACAF,UEFA,0,0,1,0,1500.0,1853.8,-353.79999999999995,0.1154,0.5,0.7,-0.2,1.5,1.5,2.2,1.0,0.0,0.0,0.0,0.0,0.0,1.0,0.0,7.0,0.5,0,4.0,4.0,0.0,7,0.0,0.0,0.0,0.0,0.0,0.5,0.0,0.0,0.0,,,,,,,,,,,,,0.0,,,1,7,-6,Loss,0,Full Time,,0.0,1.0,25000.0,3.0,1.0,0.0,0.0,0.0,0.0,0.0,0.0,0.0,0.0,0.0,0.0,0.0,0.0,0.0,0.0,0.0,0.0,26.0,26.0,6.435,9.5,6.435,9.5,0.0,0.0,train,tier3
26,1934,Group Stage,1,0,1934-05-27,Littorio,Czechoslovakia,Romania,1,UEFA,UEFA,1,0,0,1,1627.64,1542.48,85.16000000000008,0.6202,0.6,0.5,0.1,2.0,1.8,3.0,0.0,1.0,0.0,0.0,0.0,0.0,0.0,0.0,0.0,0.5,0,4.0,4.0,0.0,8,0.0,0.0,0.0,0.0,0.0,0.5,0.0,0.0,0.0,,,,,,,,,,,,,0.0,,,2,1,1,Win,2,Full Time,,0.0,1.0,9000.0,1.0,1.0,0.0,0.0,0.0,0.0,0.0,0.0,0.0,0.0,0.0,0.0,0.0,0.0,0.0,0.0,0.0,0.0,26.0,26.0,6.435,9.5,6.435,9.5,0.0,0.0,train,tier3
26,1934,Group Stage,1,0,1934-05-27,Littorio,Romania,Czechoslovakia,0,UEFA,UEFA,1,0,0,1,1542.48,1627.64,-85.16000000000008,0.3798,0.5,0.6,-0.1,3.0,2.0,2.0,1.0,0.0,0.0,0.0,0.0,0.0,0.0,0.0,3.0,0.5,0,4.0,4.0,0.0,8,0.0,0.0,0.0,0.0,0.0,0.5,0.0,0.0,0.0,,,,,,,,,,,,,0.0,,,1,2,-1,Loss,0,Full Time,,1.0,1.0,9000.0,1.0,1.0,0.0,0.0,0.0,0.0,0.0,0.0,0.0,0.0,0.0,0.0,0.0,0.0,0.0,0.0,0.0,0.0,26.0,26.0,6.435,9.5,6.435,9.5,0.0,0.0,train,tier3
27,1934,Quarter-final,3,1,1934-05-31,Stadio Benito Mussolini,Czechoslovakia,Switzerland,1,UEFA,UEFA,1,0,0,1,1650.43,1459.24,191.19000000000003,0.7504,0.8,0.3,0.5,2.2,1.6,1.4,0.0,0.0,0.0,0.0,0.0,0.0,0.0,0.0,0.0,0.5,0,4.0,4.0,0.0,9,1.0,2.0,1.0,1.0,1.0,1.0,2.0,0.0,0.0,,,,,,,,,,,,,0.0,,,3,2,1,Win,2,Full Time,,1.0,1.0,12000.0,1.0,1.0,0.0,0.0,0.0,0.0,0.0,0.0,0.0,0.0,0.0,0.0,0.0,0.0,0.0,0.0,0.0,0.0,26.0,26.0,6.435,9.5,6.435,9.5,0.0,0.0,train,tier3
27,1934,Quarter-final,3,1,1934-05-31,Stadio Benito Mussolini,Switzerland,Czechoslovakia,0,UEFA,UEFA,1,0,0,1,1459.24,1650.43,-191.19000000000003,0.2496,0.3,0.8,-0.5,1.4,2.4,2.2,0.0,0.0,0.0,0.0,0.0,0.0,0.0,0.0,0.0,0.5,0,4.0,4.0,0.0,9,1.0,3.0,2.0,1.0,1.0,1.0,3.0,0.0,0.0,,,,,,,,,,,,,0.0,,,2,3,-1,Loss,0,Full Time,,1.0,1.0,12000.0,1.0,1.0,0.0,0.0,0.0,0.0,0.0,0.0,0.0,0.0,0.0,0.0,0.0,0.0,0.0,0.0,0.0,0.0,26.0,26.0,6.435,9.5,6.435,9.5,0.0,0.0,train,tier3
28,1934,Quarter-final,3,1,1934-05-31,San Siro,Germany,Sweden,1,UEFA,UEFA,1,0,0,1,1594.27,1622.22,-27.950000000000045,0.4599,0.9,0.9,0.0,3.4,0.8,2.6,0.0,0.0,0.0,0.0,0.0,0.0,0.0,0.0,0.0,0.5,0,4.0,4.0,0.0,10,1.0,5.0,2.0,3.0,1.0,1.0,5.0,0.0,0.0,,,,,,,,,,,,,0.0,,,2,1,1,Win,2,Full Time,,0.0,1.0,3000.0,1.0,1.0,0.0,0.0,0.0,0.0,0.0,0.0,0.0,0.0,0.0,0.0,0.0,0.0,0.0,0.0,0.0,0.0,26.0,26.0,6.435,9.5,6.435,9.5,0.0,0.0,train,tier3
28,1934,Quarter-final,3,1,1934-05-31,San Siro,Sweden,Germany,0,UEFA,UEFA,1,0,0,1,1622.22,1594.27,27.950000000000045,0.5401,0.9,0.9,0.0,2.6,1.0,3.4,0.0,0.0,0.0,0.0,0.0,0.0,0.0,0.0,0.0,0.5,0,4.0,4.0,0.0,10,1.0,3.0,2.0,1.0,1.0,1.0,3.0,0.0,0.0,,,,,,,,,,,,,0.0,,,1,2,-1,Loss,0,Full Time,,0.0,1.0,3000.0,1.0,1.0,0.0,0.0,0.0,0.0,0.0,0.0,0.0,0.0,0.0,0.0,0.0,0.0,0.0,0.0,0.0,0.0,26.0,26.0,6.435,9.5,6.435,9.5,0.0,0.0,train,tier3
29,1934,Quarter-final,3,1,1934-05-31,Giovanni Berta,Italy,Spain,1,UEFA,UEFA,1,1,0,0,1706.1,1700.17,5.929999999999836,0.5085,0.7,0.9,-0.2,2.6,1.4,5.4,0.0,0.0,0.0,0.0,0.0,0.0,0.0,0.0,0.0,0.5,0,4.0,4.0,0.0,11,1.0,7.0,1.0,6.0,1.0,1.0,7.0,0.0,0.0,,,,,,,,,,,,,0.0,,,1,1,0,Draw,1,Full Time,,0.0,1.0,35000.0,1.0,1.0,0.0,0.0,0.0,0.0,0.0,0.0,0.0,0.0,0.0,0.0,0.0,0.0,0.0,0.0,0.0,0.0,26.0,26.0,6.435,9.5,6.435,9.5,0.0,0.0,train,tier3
29,1934,Quarter-final,3,1,1934-05-31,Giovanni Berta,Spain,Italy,0,UEFA,UEFA,1,0,1,0,1700.17,1706.1,-5.929999999999836,0.4915,0.9,0.7,0.2,5.4,0.4,2.6,0.0,0.0,0.0,0.0,0.0,0.0,0.0,0.0,0.0,0.5,0,4.0,4.0,0.0,11,1.0,3.0,1.0,2.0,1.0,1.0,3.0,0.0,0.0,,,,,,,,,,,,,0.0,,,1,1,0,Draw,1,Full Time,,0.0,1.0,35000.0,1.0,1.0,0.0,0.0,0.0,0.0,0.0,0.0,0.0,0.0,0.0,0.0,0.0,0.0,0.0,0.0,0.0,0.0,26.0,26.0,6.435,9.5,6.435,9.5,0.0,0.0,train,tier3
30,1934,Quarter-final,3,1,1934-05-31,Littorale,Austria,Hungary,1,UEFA,UEFA,1,0,0,1,1732.69,1642.0,90.69000000000004,0.6276,1.0,0.7,0.3,3.8,1.4,2.8,0.0,0.0,0.0,0.0,0.0,0.0,0.0,0.0,0.0,0.5,0,4.0,4.0,0.0,12,1.0,3.0,2.0,1.0,1.0,1.0,3.0,0.0,0.0,,,,,,,,,,,,,0.0,,,2,1,1,Win,2,Full Time,,1.0,1.0,23000.0,1.0,1.0,0.0,0.0,0.0,0.0,0.0,0.0,0.0,0.0,0.0,0.0,0.0,0.0,0.0,0.0,0.0,0.0,26.0,26.0,6.435,9.5,6.435,9.5,0.0,0.0,train,tier3
30,1934,Quarter-final,3,1,1934-05-31,Littorale,Hungary,Austria,0,UEFA,UEFA,1,0,0,1,1642.0,1732.69,-90.69000000000004,0.3724,0.7,1.0,-0.3,2.8,2.0,3.8,0.0,0.0,0.0,0.0,0.0,0.0,0.0,0.0,0.0,0.5,0,4.0,4.0,0.0,12,1.0,4.0,2.0,2.0,1.0,1.0,4.0,0.0,0.0,,,,,,,,,,,,,0.0,,,1,2,-1,Loss,0,Full Time,,0.0,1.0,23000.0,1.0,1.0,0.0,0.0,0.0,0.0,0.0,0.0,0.0,0.0,0.0,0.0,0.0,0.0,0.0,0.0,0.0,0.0,26.0,26.0,6.435,9.5,6.435,9.5,0.0,0.0,train,tier3
31,1934,Quarter-final,3,1,1934-06-01,Giovanni Berta,Italy,Spain,1,UEFA,UEFA,1,1,0,0,1705.59,1700.68,4.909999999999855,0.5071,0.8,1.0,-0.2,3.8,1.4,5.8,0.0,0.0,0.0,0.0,0.0,0.0,0.0,0.0,0.0,0.0,1,1.0,1.0,0.0,13,2.0,8.0,2.0,6.0,1.0,0.5,4.0,0.0,0.0,,,,,,,,,,,,,0.0,,,1,0,1,Win,2,Full Time,,1.0,1.0,43000.0,1.0,1.0,0.0,0.0,0.0,0.0,0.0,0.0,0.0,0.0,0.0,0.0,0.0,0.0,0.0,0.0,0.0,0.0,26.0,26.0,6.435,9.5,6.435,9.5,0.0,0.0,train,tier3
31,1934,Quarter-final,3,1,1934-06-01,Giovanni Berta,Spain,Italy,0,UEFA,UEFA,1,0,1,0,1700.68,1705.59,-4.909999999999855,0.4929,1.0,0.8,0.2,5.8,0.4,3.8,0.0,0.0,0.0,0.0,0.0,0.0,0.0,0.0,0.0,1.0,1,1.0,1.0,0.0,13,2.0,4.0,2.0,2.0,1.0,0.5,2.0,0.0,0.0,,,,,,,,,,,,,0.0,,,0,1,-1,Loss,0,Full Time,,0.0,1.0,43000.0,1.0,1.0,0.0,0.0,0.0,0.0,0.0,0.0,0.0,0.0,0.0,0.0,0.0,0.0,0.0,0.0,0.0,0.0,26.0,26.0,6.435,9.5,6.435,9.5,0.0,0.0,train,tier3
32,1934,Semi-final,4,1,1934-06-03,San Siro,Italy,Austria,1,UEFA,UEFA,1,1,0,0,1735.17,1755.03,-19.8599999999999,0.4715,0.7,1.0,-0.3,3.8,1.6,4.2,0.0,0.0,0.0,0.0,0.0,0.0,0.0,0.0,0.0,0.5,0,2.0,3.0,-1.0,14,3.0,9.0,2.0,7.0,2.0,0.667,3.0,0.0,0.0,,,,,,,,,,,,,0.0,,,1,0,1,Win,2,Full Time,,1.0,1.0,35000.0,1.0,1.0,0.0,0.0,0.0,0.0,0.0,0.0,0.0,0.0,0.0,0.0,0.0,0.0,0.0,0.0,0.0,0.0,26.0,26.0,6.435,9.5,6.435,9.5,0.0,0.0,train,tier3
32,1934,Semi-final,4,1,1934-06-03,San Siro,Austria,Italy,0,UEFA,UEFA,1,0,1,0,1755.03,1735.17,19.8599999999999,0.5285,1.0,0.7,0.3,4.2,1.8,3.8,0.0,0.0,0.0,0.0,0.0,0.0,0.0,0.0,0.0,0.5,0,3.0,2.0,1.0,14,2.0,5.0,3.0,2.0,2.0,1.0,2.5,0.0,0.0,,,,,,,,,,,,,0.0,,,0,1,-1,Loss,0,Full Time,,0.0,1.0,35000.0,1.0,1.0,0.0,0.0,0.0,0.0,0.0,0.0,0.0,0.0,0.0,0.0,0.0,0.0,0.0,0.0,0.0,0.0,26.0,26.0,6.435,9.5,6.435,9.5,0.0,0.0,train,tier3
33,1934,Semi-final,4,1,1934-06-03,Nazionale PNF,Czechoslovakia,Germany,1,UEFA,UEFA,1,0,0,1,1665.41,1626.68,38.73000000000002,0.5555,0.9,1.0,-0.1,2.0,1.2,4.0,0.0,0.0,0.0,0.0,0.0,0.0,0.0,0.0,0.0,0.5,0,3.0,3.0,0.0,15,2.0,5.0,3.0,2.0,2.0,1.0,2.5,0.0,0.0,,,,,,,,,,,,,0.0,,,3,1,2,Win,2,Full Time,,1.0,1.0,15000.0,1.0,1.0,0.0,0.0,0.0,0.0,0.0,0.0,0.0,0.0,0.0,0.0,0.0,0.0,0.0,0.0,0.0,0.0,26.0,26.0,6.435,9.5,6.435,9.5,0.0,0.0,train,tier3
33,1934,Semi-final,4,1,1934-06-03,Nazionale PNF,Germany,Czechoslovakia,0,UEFA,UEFA,1,0,0,1,1626.68,1665.41,-38.73000000000002,0.4445,1.0,0.9,0.1,4.0,0.8,2.0,0.0,0.0,0.0,0.0,0.0,0.0,0.0,0.0,0.0,0.5,0,3.0,3.0,0.0,15,2.0,7.0,3.0,4.0,2.0,1.0,3.5,0.0,0.0,,,,,,,,,,,,,0.0,,,1,3,-2,Loss,0,Full Time,,0.0,1.0,15000.0,1.0,1.0,0.0,0.0,0.0,0.0,0.0,0.0,0.0,0.0,0.0,0.0,0.0,0.0,0.0,0.0,0.0,0.0,26.0,26.0,6.435,9.5,6.435,9.5,0.0,0.0,train,tier3
34,1934,Third Place,4,1,1934-06-07,Giorgio Ascarelli,Germany,Austria,1,UEFA,UEFA,1,0,0,1,1946.73,1817.17,129.55999999999997,0.6783,1.0,1.0,0.0,4.0,1.0,3.8,0.0,0.0,0.0,0.0,0.0,0.0,0.0,0.0,0.0,0.5,0,4.0,4.0,0.0,16,3.0,8.0,6.0,2.0,2.0,0.667,2.667,0.0,0.0,,,,,,,,,,,,,0.0,,,3,2,1,Win,2,Full Time,,3.0,1.0,7000.0,1.0,1.0,0.0,0.0,0.0,0.0,0.0,0.0,0.0,0.0,0.0,0.0,0.0,0.0,0.0,0.0,0.0,0.0,26.0,26.0,6.435,9.5,6.435,9.5,0.0,0.0,train,tier3
34,1934,Third Place,4,1,1934-06-07,Giorgio Ascarelli,Austria,Germany,0,UEFA,UEFA,1,0,0,1,1817.17,1946.73,-129.55999999999997,0.3217,1.0,1.0,0.0,3.8,1.6,4.0,0.0,0.0,0.0,0.0,0.0,0.0,0.0,0.0,0.0,0.5,0,4.0,4.0,0.0,16,3.0,5.0,4.0,1.0,2.0,0.667,1.667,0.0,0.0,,,,,,,,,,,,,0.0,,,2,3,-1,Loss,0,Full Time,,1.0,1.0,7000.0,1.0,1.0,0.0,0.0,0.0,0.0,0.0,0.0,0.0,0.0,0.0,0.0,0.0,0.0,0.0,0.0,0.0,0.0,26.0,26.0,6.435,9.5,6.435,9.5,0.0,0.0,train,tier3
35,1934,Final,5,1,1934-06-10,Nazionale PNF,Italy,Czechoslovakia,1,UEFA,UEFA,1,1,0,0,1766.88,1692.08,74.80000000000018,0.606,0.7,0.9,-0.2,3.0,1.2,2.2,0.0,0.0,0.0,0.0,0.0,0.0,0.0,0.0,0.0,0.5,0,7.0,7.0,0.0,17,4.0,10.0,2.0,8.0,3.0,0.75,2.5,0.0,0.0,,,,,,,,,,,,,0.0,,,2,1,1,Win,2,Extra Time,,0.0,1.0,55000.0,1.0,1.0,0.0,0.0,0.0,0.0,0.0,0.0,0.0,0.0,0.0,0.0,0.0,0.0,0.0,0.0,0.0,0.0,26.0,26.0,6.435,9.5,6.435,9.5,0.0,0.0,train,tier3
35,1934,Final,5,1,1934-06-10,Nazionale PNF,Czechoslovakia,Italy,0,UEFA,UEFA,1,0,1,0,1692.08,1766.88,-74.80000000000018,0.394,0.9,0.7,0.2,2.2,1.4,3.0,0.0,0.0,0.0,0.0,0.0,0.0,0.0,0.0,0.0,0.5,0,7.0,7.0,0.0,17,3.0,8.0,4.0,4.0,3.0,1.0,2.667,0.0,0.0,,,,,,,,,,,,,0.0,,,1,2,-1,Loss,0,Extra Time,,0.0,1.0,55000.0,1.0,1.0,0.0,0.0,0.0,0.0,0.0,0.0,0.0,0.0,0.0,0.0,0.0,0.0,0.0,0.0,0.0,0.0,26.0,26.0,6.435,9.5,6.435,9.5,0.0,0.0,train,tier3
36,1938,Group Stage,1,0,1938-06-04,Parc des Princes,Switzerland,Germany,1,UEFA,UEFA,1,0,0,1,1872.59,1946.73,-74.1400000000001,0.3949,0.6,0.7,-0.1,2.0,1.6,2.0,1.0,1.0,0.0,0.0,0.0,0.0,0.0,1.0,5.0,0.5,0,4.0,4.0,0.0,1,0.0,0.0,0.0,0.0,0.0,0.5,0.0,0.0,0.0,,,,,,,,,,,,,0.0,,,1,1,0,Draw,1,Full Time,,0.0,1.0,27152.0,1.0,1.0,0.0,0.0,0.0,0.0,0.0,0.0,0.0,0.0,0.0,0.0,0.0,0.0,0.0,0.0,0.0,0.0,26.0,26.0,6.435,9.5,6.435,9.5,0.0,0.0,train,tier3
36,1938,Group Stage,1,0,1938-06-04,Parc des Princes,Germany,Switzerland,0,UEFA,UEFA,1,0,0,1,1946.73,1872.59,74.1400000000001,0.6051,0.7,0.6,0.1,2.0,0.8,2.0,1.0,1.0,0.0,0.0,0.0,0.0,1.0,0.0,11.0,0.5,0,4.0,4.0,0.0,1,0.0,0.0,0.0,0.0,0.0,0.5,0.0,0.0,0.0,,,,,,,,,,,,,0.0,,,1,1,0,Draw,1,Full Time,,0.0,1.0,27152.0,1.0,1.0,0.0,0.0,0.0,0.0,0.0,0.0,0.0,0.0,0.0,0.0,0.0,0.0,0.0,0.0,0.0,0.0,26.0,26.0,6.435,9.5,6.435,9.5,0.0,0.0,train,tier3
37,1938,Group Stage,1,0,1938-06-05,Velodrome Municipale,Hungary,Dutch East Indies,1,UEFA,AFC,0,0,0,1,1745.68,1500.0,245.6800000000001,0.8044,0.7,0.5,0.2,2.2,1.2,1.5,1.0,0.0,0.0,0.0,0.0,0.0,0.0,0.0,5.0,0.5,0,4.0,4.0,0.0,2,0.0,0.0,0.0,0.0,0.0,0.5,0.0,0.0,0.0,,,,,,,,,,,,,0.0,,,6,0,6,Win,2,Full Time,,4.0,1.0,9000.0,1.0,5.0,0.0,0.0,0.0,0.0,0.0,0.0,0.0,0.0,0.0,0.0,0.0,0.0,0.0,0.0,0.0,0.0,26.0,26.0,6.435,9.5,6.435,9.5,0.0,0.0,train,tier3
37,1938,Group Stage,1,0,1938-06-05,Velodrome Municipale,Dutch East Indies,Hungary,0,AFC,UEFA,0,0,0,1,1500.0,1745.68,-245.6800000000001,0.1956,0.5,0.7,-0.2,1.5,1.5,2.2,0.0,1.0,0.0,0.0,0.0,0.0,0.0,0.0,0.0,0.5,0,4.0,4.0,0.0,2,0.0,0.0,0.0,0.0,0.0,0.5,0.0,0.0,0.0,,,,,,,,,,,,,0.0,,,0,6,-6,Loss,0,Full Time,,0.0,1.0,9000.0,5.0,1.0,0.0,0.0,0.0,0.0,0.0,0.0,0.0,0.0,0.0,0.0,0.0,0.0,0.0,0.0,0.0,0.0,26.0,26.0,6.435,9.5,6.435,9.5,0.0,0.0,train,tier3
38,1938,Group Stage,1,0,1938-06-05,Stade Olympique,France,Belgium,1,UEFA,UEFA,1,1,0,0,1468.65,1419.86,48.79000000000019,0.5698,0.9,0.5,0.4,3.2,1.4,2.0,2.0,2.0,0.0,0.0,0.0,0.0,0.0,0.0,3.0,0.5,0,4.0,4.0,0.0,3,0.0,0.0,0.0,0.0,0.0,0.5,0.0,0.0,0.0,,,,,,,,,,,,,0.0,,,3,1,2,Win,2,Full Time,,2.0,1.0,30454.0,1.0,1.0,0.0,0.0,0.0,0.0,0.0,0.0,0.0,0.0,0.0,0.0,0.0,0.0,0.0,0.0,0.0,0.0,26.0,26.0,6.435,9.5,6.435,9.5,0.0,0.0,train,tier3
38,1938,Group Stage,1,0,1938-06-05,Stade Olympique,Belgium,France,0,UEFA,UEFA,1,0,1,0,1419.86,1468.65,-48.79000000000019,0.4302,0.5,0.9,-0.4,2.0,3.2,3.2,2.0,2.0,0.0,0.0,0.0,0.0,0.0,0.0,1.0,0.5,0,4.0,4.0,0.0,3,0.0,0.0,0.0,0.0,0.0,0.5,0.0,0.0,0.0,,,,,,,,,,,,,0.0,,,1,3,-2,Loss,0,Full Time,,1.0,1.0,30454.0,1.0,1.0,0.0,0.0,0.0,0.0,0.0,0.0,0.0,0.0,0.0,0.0,0.0,0.0,0.0,0.0,0.0,0.0,26.0,26.0,6.435,9.5,6.435,9.5,0.0,0.0,train,tier3
39,1938,Group Stage,1,0,1938-06-05,Stade Municipal,Cuba,Romania,1,CONCACAF,UEFA,0,0,0,1,1465.99,1491.54,-25.549999999999955,0.4633,0.4,0.6,-0.2,1.6,2.6,2.0,0.0,2.0,0.0,0.0,0.0,0.0,0.0,0.0,0.0,0.5,0,4.0,4.0,0.0,4,0.0,0.0,0.0,0.0,0.0,0.5,0.0,0.0,0.0,,,,,,,,,,,,,0.0,,,3,3,0,Draw,1,Full Time,,0.0,1.0,7000.0,3.0,1.0,0.0,0.0,0.0,0.0,0.0,0.0,0.0,0.0,0.0,0.0,0.0,0.0,0.0,0.0,0.0,0.0,26.0,26.0,6.435,9.5,6.435,9.5,0.0,0.0,train,tier3
39,1938,Group Stage,1,0,1938-06-05,Stade Municipal,Romania,Cuba,0,UEFA,CONCACAF,0,0,0,1,1491.54,1465.99,25.549999999999955,0.5367,0.6,0.4,0.2,2.0,1.6,1.6,2.0,0.0,0.0,0.0,0.0,0.0,0.0,0.0,2.0,0.5,0,4.0,4.0,0.0,4,0.0,0.0,0.0,0.0,0.0,0.5,0.0,0.0,0.0,,,,,,,,,,,,,0.0,,,3,3,0,Draw,1,Full Time,,0.0,1.0,7000.0,1.0,3.0,0.0,0.0,0.0,0.0,0.0,0.0,0.0,0.0,0.0,0.0,0.0,0.0,0.0,0.0,0.0,0.0,26.0,26.0,6.435,9.5,6.435,9.5,0.0,0.0,train,tier3
40,1938,Group Stage,1,0,1938-06-05,Stade Vï¿½lodrome,Italy,Norway,1,UEFA,UEFA,1,0,0,1,1790.3,1515.42,274.8799999999999,0.8295,0.8,0.7,0.1,2.4,0.8,2.2,1.0,0.0,1.0,0.0,1.0,0.0,1.0,0.0,12.0,0.5,0,4.0,4.0,0.0,5,0.0,0.0,0.0,0.0,0.0,0.5,0.0,0.0,0.0,,,,,,,,,,,,,0.0,,,2,1,1,Win,2,Extra Time,,0.0,1.0,19000.0,1.0,1.0,0.0,0.0,0.0,0.0,0.0,0.0,0.0,0.0,0.0,0.0,0.0,0.0,0.0,0.0,0.0,0.0,26.0,26.0,6.435,9.5,6.435,9.5,0.0,0.0,train,tier3
40,1938,Group Stage,1,0,1938-06-05,Stade Vï¿½lodrome,Norway,Italy,0,UEFA,UEFA,1,0,0,1,1515.42,1790.3,-274.8799999999999,0.1705,0.7,0.8,-0.1,2.2,2.0,2.4,0.0,1.0,0.0,1.0,0.0,1.0,0.0,1.0,0.0,0.5,0,4.0,4.0,0.0,5,0.0,0.0,0.0,0.0,0.0,0.5,0.0,0.0,0.0,,,,,,,,,,,,,0.0,,,1,2,-1,Loss,0,Extra Time,,0.0,1.0,19000.0,1.0,1.0,0.0,0.0,0.0,0.0,0.0,0.0,0.0,0.0,0.0,0.0,0.0,0.0,0.0,0.0,0.0,0.0,26.0,26.0,6.435,9.5,6.435,9.5,0.0,0.0,train,tier3
41,1938,Group Stage,1,0,1938-06-05,Stade de la Meinau,Brazil,Poland,1,CONMEBOL,UEFA,0,0,0,1,1586.71,1491.48,95.23000000000002,0.6337,0.8,0.6,0.2,3.4,1.8,2.4,2.0,0.0,0.0,0.0,0.0,0.0,0.0,0.0,3.0,0.5,0,4.0,4.0,0.0,6,0.0,0.0,0.0,0.0,0.0,0.5,0.0,0.0,0.0,,,,,,,,,,,,,0.0,,,6,5,1,Win,2,Extra Time,,0.0,1.0,13452.0,2.0,1.0,0.0,0.0,0.0,0.0,0.0,0.0,0.0,0.0,0.0,0.0,0.0,0.0,0.0,0.0,0.0,0.0,26.0,26.0,6.435,9.5,6.435,9.5,0.0,0.0,train,tier3
41,1938,Group Stage,1,0,1938-06-05,Stade de la Meinau,Poland,Brazil,0,UEFA,CONMEBOL,0,0,0,1,1491.48,1586.71,-95.23000000000002,0.3663,0.6,0.8,-0.2,2.4,1.6,3.4,0.0,2.0,0.0,0.0,0.0,0.0,0.0,0.0,0.0,0.5,0,4.0,4.0,0.0,6,0.0,0.0,0.0,0.0,0.0,0.5,0.0,0.0,0.0,,,,,,,,,,,,,0.0,,,5,6,-1,Loss,0,Extra Time,,0.0,1.0,13452.0,1.0,2.0,0.0,0.0,0.0,0.0,0.0,0.0,0.0,0.0,0.0,0.0,0.0,0.0,0.0,0.0,0.0,0.0,26.0,26.0,6.435,9.5,6.435,9.5,0.0,0.0,train,tier3
42,1938,Group Stage,1,0,1938-06-05,Cavee Verte,Czechoslovakia,Netherlands,1,UEFA,UEFA,1,0,0,1,1625.99,1513.86,112.13000000000012,0.656,0.3,0.7,-0.4,2.2,3.0,3.0,1.0,1.0,0.0,0.0,1.0,0.0,1.0,0.0,9.0,0.5,0,4.0,4.0,0.0,7,0.0,0.0,0.0,0.0,0.0,0.5,0.0,0.0,0.0,,,,,,,,,,,,,0.0,,,3,0,3,Win,2,Extra Time,,0.0,1.0,11000.0,1.0,1.0,0.0,0.0,0.0,0.0,0.0,0.0,0.0,0.0,0.0,0.0,0.0,0.0,0.0,0.0,0.0,0.0,26.0,26.0,6.435,9.5,6.435,9.5,0.0,0.0,train,tier3
42,1938,Group Stage,1,0,1938-06-05,Cavee Verte,Netherlands,Czechoslovakia,0,UEFA,UEFA,1,0,0,1,1513.86,1625.99,-112.13000000000012,0.344,0.7,0.3,0.4,3.0,1.2,2.2,1.0,1.0,0.0,0.0,0.0,1.0,0.0,1.0,2.0,0.5,0,4.0,4.0,0.0,7,0.0,0.0,0.0,0.0,0.0,0.5,0.0,0.0,0.0,,,,,,,,,,,,,0.0,,,0,3,-3,Loss,0,Extra Time,,0.0,1.0,11000.0,1.0,1.0,0.0,0.0,0.0,0.0,0.0,0.0,0.0,0.0,0.0,0.0,0.0,0.0,0.0,0.0,0.0,0.0,26.0,26.0,6.435,9.5,6.435,9.5,0.0,0.0,train,tier3
43,1938,Group Stage,1,0,1938-06-09,Stade Municipal,Cuba,Romania,1,CONCACAF,UEFA,0,0,0,1,1468.19,1489.34,-21.149999999999864,0.4696,0.4,0.5,-0.1,1.4,2.6,1.8,0.0,2.0,0.0,0.0,0.0,0.0,0.0,0.0,0.0,0.0,1,4.0,4.0,0.0,8,1.0,3.0,3.0,0.0,0.0,0.0,3.0,0.0,0.0,,,,,,,,,,,,,0.0,,,2,1,1,Win,2,Full Time,,0.0,1.0,8000.0,3.0,1.0,0.0,0.0,0.0,0.0,0.0,0.0,0.0,0.0,0.0,0.0,0.0,0.0,0.0,0.0,0.0,0.0,26.0,26.0,6.435,9.5,6.435,9.5,0.0,0.0,train,tier3
43,1938,Group Stage,1,0,1938-06-09,Stade Municipal,Romania,Cuba,0,UEFA,CONCACAF,0,0,0,1,1489.34,1468.19,21.149999999999864,0.5304,0.5,0.4,0.1,1.8,1.6,1.4,2.0,0.0,0.0,0.0,0.0,0.0,0.0,0.0,2.0,1.0,1,4.0,4.0,0.0,8,1.0,3.0,3.0,0.0,0.0,0.0,3.0,0.0,0.0,,,,,,,,,,,,,0.0,,,1,2,-1,Loss,0,Full Time,,1.0,1.0,8000.0,1.0,3.0,0.0,0.0,0.0,0.0,0.0,0.0,0.0,0.0,0.0,0.0,0.0,0.0,0.0,0.0,0.0,0.0,26.0,26.0,6.435,9.5,6.435,9.5,0.0,0.0,train,tier3
44,1938,Group Stage,1,0,1938-06-09,Parc des Princes,Switzerland,Germany,1,UEFA,UEFA,1,0,0,1,1872.59,1946.73,-74.1400000000001,0.3949,0.7,0.5,0.2,2.2,1.6,1.6,1.0,1.0,0.0,0.0,0.0,0.0,0.0,1.0,5.0,0.0,1,5.0,5.0,0.0,9,1.0,1.0,1.0,0.0,0.0,0.0,1.0,0.0,0.0,,,,,,,,,,,,,0.0,,,4,2,2,Win,2,Full Time,,1.0,1.0,20025.0,1.0,1.0,0.0,0.0,0.0,0.0,0.0,0.0,0.0,0.0,0.0,0.0,0.0,0.0,0.0,0.0,0.0,0.0,26.0,26.0,6.435,9.5,6.435,9.5,0.0,0.0,train,tier3
44,1938,Group Stage,1,0,1938-06-09,Parc des Princes,Germany,Switzerland,0,UEFA,UEFA,1,0,0,1,1946.73,1872.59,74.1400000000001,0.6051,0.5,0.7,-0.2,1.6,2.0,2.2,1.0,1.0,0.0,0.0,0.0,0.0,1.0,0.0,11.0,1.0,1,5.0,5.0,0.0,9,1.0,1.0,1.0,0.0,0.0,0.0,1.0,0.0,0.0,,,,,,,,,,,,,0.0,,,2,4,-2,Loss,0,Full Time,,2.0,1.0,20025.0,1.0,1.0,0.0,0.0,0.0,0.0,0.0,0.0,0.0,0.0,0.0,0.0,0.0,0.0,0.0,0.0,0.0,0.0,26.0,26.0,6.435,9.5,6.435,9.5,0.0,0.0,train,tier3
45,1938,Quarter-final,3,1,1938-06-12,Stade du Parc Lescure,Brazil,Czechoslovakia,1,CONMEBOL,UEFA,0,0,0,1,1608.69,1646.63,-37.940000000000055,0.4456,0.6,0.3,0.3,2.8,1.8,2.4,2.0,1.0,0.0,0.0,0.0,1.0,0.0,1.0,3.0,0.5,0,7.0,7.0,0.0,10,1.0,6.0,5.0,1.0,1.0,1.0,6.0,0.0,0.0,,,,,,,,,,,,,0.0,,,1,1,0,Draw,1,Full Time,,0.0,1.0,22021.0,2.0,1.0,0.0,0.0,0.0,0.0,0.0,0.0,0.0,0.0,0.0,0.0,0.0,0.0,0.0,0.0,0.0,0.0,26.0,26.0,6.435,9.5,6.435,9.5,0.0,0.0,train,tier3
45,1938,Quarter-final,3,1,1938-06-12,Stade du Parc Lescure,Czechoslovakia,Brazil,0,UEFA,CONMEBOL,0,0,0,1,1646.63,1608.69,37.940000000000055,0.5544,0.3,0.6,-0.3,2.4,3.2,2.8,1.0,2.0,0.0,0.0,1.0,0.0,1.0,0.0,9.0,0.5,0,7.0,7.0,0.0,10,1.0,3.0,0.0,3.0,1.0,1.0,3.0,0.0,0.0,,,,,,,,,,,,,0.0,,,1,1,0,Draw,1,Full Time,,0.0,1.0,22021.0,1.0,2.0,0.0,0.0,0.0,0.0,0.0,0.0,0.0,0.0,0.0,0.0,0.0,0.0,0.0,0.0,0.0,0.0,26.0,26.0,6.435,9.5,6.435,9.5,0.0,0.0,train,tier3
46,1938,Quarter-final,3,1,1938-06-12,Victor Boucquey,Hungary,Switzerland,1,UEFA,UEFA,1,0,0,1,1691.42,1544.36,147.06000000000017,0.6998,0.7,0.7,0.0,4.0,1.2,1.8,1.0,1.0,0.0,0.0,0.0,0.0,0.0,0.0,5.0,0.5,0,7.0,3.0,4.0,11,1.0,6.0,0.0,6.0,1.0,1.0,6.0,0.0,0.0,,,,,,,,,,,,,0.0,,,2,0,2,Win,2,Full Time,,1.0,1.0,15000.0,1.0,1.0,0.0,0.0,0.0,0.0,0.0,0.0,0.0,0.0,0.0,0.0,0.0,0.0,0.0,0.0,0.0,0.0,26.0,26.0,6.435,9.5,6.435,9.5,0.0,0.0,train,tier3
46,1938,Quarter-final,3,1,1938-06-12,Victor Boucquey,Switzerland,Hungary,0,UEFA,UEFA,1,0,0,1,1544.36,1691.42,-147.06000000000017,0.3002,0.7,0.7,0.0,1.8,1.2,4.0,1.0,1.0,0.0,0.0,0.0,0.0,0.0,0.0,5.0,0.5,0,3.0,7.0,-4.0,11,2.0,5.0,3.0,2.0,1.0,0.5,2.5,0.0,0.0,,,,,,,,,,,,,0.0,,,0,2,-2,Loss,0,Full Time,,0.0,1.0,15000.0,1.0,1.0,0.0,0.0,0.0,0.0,0.0,0.0,0.0,0.0,0.0,0.0,0.0,0.0,0.0,0.0,0.0,0.0,26.0,26.0,6.435,9.5,6.435,9.5,0.0,0.0,train,tier3
47,1938,Quarter-final,3,1,1938-06-12,Fort Carree,Sweden,Cuba,1,UEFA,CONCACAF,0,0,0,1,1729.32,1405.67,323.64999999999986,0.8657,0.1,0.3,-0.2,1.2,3.0,1.4,1.0,0.0,0.0,0.0,0.0,0.0,0.0,0.0,4.0,0.5,0,4.0,3.0,1.0,12,0.0,0.0,0.0,0.0,0.0,0.5,0.0,0.0,0.0,,,,,,,,,,,,,0.0,,,8,0,8,Win,2,Full Time,,4.0,1.0,7000.0,1.0,3.0,0.0,0.0,0.0,0.0,0.0,0.0,0.0,0.0,0.0,0.0,0.0,0.0,0.0,0.0,0.0,0.0,26.0,26.0,6.435,9.5,6.435,9.5,0.0,0.0,train,tier3
47,1938,Quarter-final,3,1,1938-06-12,Fort Carree,Cuba,Sweden,0,CONCACAF,UEFA,0,0,0,1,1405.67,1729.32,-323.64999999999986,0.1343,0.3,0.1,0.2,1.4,3.2,1.2,0.0,1.0,0.0,0.0,0.0,0.0,0.0,0.0,0.0,0.5,0,3.0,4.0,-1.0,12,2.0,5.0,4.0,1.0,1.0,0.5,2.5,0.0,0.0,,,,,,,,,,,,,0.0,,,0,8,-8,Loss,0,Full Time,,0.0,1.0,7000.0,3.0,1.0,0.0,0.0,0.0,0.0,0.0,0.0,0.0,0.0,0.0,0.0,0.0,0.0,0.0,0.0,0.0,0.0,26.0,26.0,6.435,9.5,6.435,9.5,0.0,0.0,train,tier3
48,1938,Quarter-final,3,1,1938-06-12,Stade Olympique,Italy,France,1,UEFA,UEFA,1,0,1,1,1853.8,2034.02,-180.22000000000003,0.2616,0.8,0.7,0.1,3.0,0.8,3.2,1.0,2.0,1.0,0.0,1.0,0.0,1.0,0.0,12.0,0.5,0,7.0,7.0,0.0,13,1.0,2.0,1.0,1.0,1.0,1.0,2.0,0.0,0.0,,,,,,,,,,,,,0.0,,,3,1,2,Win,2,Full Time,,1.0,1.0,58455.0,1.0,1.0,0.0,0.0,0.0,0.0,0.0,0.0,0.0,0.0,0.0,0.0,0.0,0.0,0.0,0.0,0.0,0.0,26.0,26.0,6.435,9.5,6.435,9.5,0.0,0.0,train,tier3
48,1938,Quarter-final,3,1,1938-06-12,Stade Olympique,France,Italy,0,UEFA,UEFA,1,1,0,1,2034.02,1853.8,180.22000000000003,0.7384,0.7,0.8,-0.1,3.2,2.0,3.0,2.0,1.0,0.0,1.0,0.0,1.0,0.0,1.0,3.0,0.5,0,7.0,7.0,0.0,13,1.0,3.0,1.0,2.0,1.0,1.0,3.0,0.0,0.0,,,,,,,,,,,,,0.0,,,1,3,-2,Loss,0,Full Time,,1.0,1.0,58455.0,1.0,1.0,0.0,0.0,0.0,0.0,0.0,0.0,0.0,0.0,0.0,0.0,0.0,0.0,0.0,0.0,0.0,0.0,26.0,26.0,6.435,9.5,6.435,9.5,0.0,0.0,train,tier3
49,1938,Quarter-final,3,1,1938-06-14,Stade du Parc Lescure,Brazil,Czechoslovakia,1,CONMEBOL,UEFA,0,0,0,1,1611.95,1643.37,-31.419999999999845,0.4549,0.6,0.5,0.1,2.8,2.0,2.2,2.0,1.0,0.0,0.0,0.0,1.0,0.0,1.0,3.0,0.0,1,2.0,2.0,0.0,14,2.0,7.0,6.0,1.0,1.0,0.5,3.5,0.0,0.0,,,,,,,,,,,,,0.0,,,2,1,1,Win,2,Full Time,,0.0,1.0,18141.0,2.0,1.0,0.0,0.0,0.0,0.0,0.0,0.0,0.0,0.0,0.0,0.0,0.0,0.0,0.0,0.0,0.0,0.0,26.0,26.0,6.435,9.5,6.435,9.5,0.0,0.0,train,tier3
49,1938,Quarter-final,3,1,1938-06-14,Stade du Parc Lescure,Czechoslovakia,Brazil,0,UEFA,CONMEBOL,0,0,0,1,1643.37,1611.95,31.419999999999845,0.5451,0.5,0.6,-0.1,2.2,2.2,2.8,1.0,2.0,0.0,0.0,1.0,0.0,1.0,0.0,9.0,1.0,1,2.0,2.0,0.0,14,2.0,4.0,1.0,3.0,1.0,0.5,2.0,0.0,0.0,,,,,,,,,,,,,0.0,,,1,2,-1,Loss,0,Full Time,,1.0,1.0,18141.0,1.0,2.0,0.0,0.0,0.0,0.0,0.0,0.0,0.0,0.0,0.0,0.0,0.0,0.0,0.0,0.0,0.0,0.0,26.0,26.0,6.435,9.5,6.435,9.5,0.0,0.0,train,tier3
50,1938,Semi-final,4,1,1938-06-16,Parc des Princes,Hungary,Sweden,1,UEFA,UEFA,1,0,0,1,1709.43,1565.37,144.06000000000017,0.6962,0.7,0.3,0.4,4.8,1.2,2.8,1.0,1.0,0.0,0.0,0.0,0.0,0.0,0.0,5.0,0.5,0,4.0,4.0,0.0,15,2.0,8.0,0.0,8.0,2.0,1.0,4.0,0.0,0.0,,,,,,,,,,,,,0.0,,,5,1,4,Win,2,Full Time,,3.0,1.0,20000.0,1.0,1.0,0.0,0.0,0.0,0.0,0.0,0.0,0.0,0.0,0.0,0.0,0.0,0.0,0.0,0.0,0.0,0.0,26.0,26.0,6.435,9.5,6.435,9.5,0.0,0.0,train,tier3
50,1938,Semi-final,4,1,1938-06-16,Parc des Princes,Sweden,Hungary,0,UEFA,UEFA,1,0,0,1,1565.37,1709.43,-144.06000000000017,0.3038,0.3,0.7,-0.4,2.8,2.6,4.8,1.0,1.0,0.0,0.0,0.0,0.0,0.0,0.0,4.0,0.5,0,4.0,4.0,0.0,15,1.0,8.0,0.0,8.0,1.0,1.0,8.0,0.0,0.0,,,,,,,,,,,,,0.0,,,1,5,-4,Loss,0,Full Time,,1.0,1.0,20000.0,1.0,1.0,0.0,0.0,0.0,0.0,0.0,0.0,0.0,0.0,0.0,0.0,0.0,0.0,0.0,0.0,0.0,0.0,26.0,26.0,6.435,9.5,6.435,9.5,0.0,0.0,train,tier3
51,1938,Semi-final,4,1,1938-06-16,Stade Vï¿½lodrome,Italy,Brazil,1,UEFA,CONMEBOL,0,0,0,1,1853.8,1930.75,-76.95000000000005,0.391,0.8,0.5,0.3,2.8,0.8,2.0,1.0,2.0,1.0,0.0,1.0,0.0,1.0,0.0,12.0,0.5,0,4.0,2.0,2.0,16,2.0,5.0,2.0,3.0,2.0,1.0,2.5,0.0,0.0,,,,,,,,,,,,,0.0,,,2,1,1,Win,2,Full Time,,0.0,1.0,33000.0,1.0,2.0,0.0,0.0,0.0,0.0,0.0,0.0,0.0,0.0,0.0,0.0,0.0,0.0,0.0,0.0,0.0,0.0,26.0,26.0,6.435,9.5,6.435,9.5,0.0,0.0,train,tier3
51,1938,Semi-final,4,1,1938-06-16,Stade Vï¿½lodrome,Brazil,Italy,0,CONMEBOL,UEFA,0,0,0,1,1930.75,1853.8,76.95000000000005,0.609,0.5,0.8,-0.3,2.0,2.2,2.8,2.0,1.0,0.0,1.0,0.0,1.0,0.0,1.0,3.0,0.5,0,2.0,4.0,-2.0,16,3.0,9.0,7.0,2.0,2.0,0.667,3.0,0.0,0.0,,,,,,,,,,,,,0.0,,,1,2,-1,Loss,0,Full Time,,0.0,1.0,33000.0,2.0,1.0,0.0,0.0,0.0,0.0,0.0,0.0,0.0,0.0,0.0,0.0,0.0,0.0,0.0,0.0,0.0,0.0,26.0,26.0,6.435,9.5,6.435,9.5,0.0,0.0,train,tier3
52,1938,Third Place,4,1,1938-06-19,Stade du Parc Lescure,Brazil,Sweden,1,CONMEBOL,UEFA,0,0,0,1,1627.9,1547.14,80.75999999999999,0.6142,0.5,0.5,0.0,1.8,2.0,2.8,2.0,1.0,0.0,0.0,0.0,0.0,0.0,0.0,3.0,0.5,0,3.0,3.0,0.0,17,4.0,10.0,9.0,1.0,2.0,0.5,2.5,0.0,0.0,,,,,,,,,,,,,0.0,,,4,2,2,Win,2,Full Time,,1.0,1.0,12000.0,2.0,1.0,0.0,0.0,0.0,0.0,0.0,0.0,0.0,0.0,0.0,0.0,0.0,0.0,0.0,0.0,0.0,0.0,26.0,26.0,6.435,9.5,6.435,9.5,0.0,0.0,train,tier3
52,1938,Third Place,4,1,1938-06-19,Stade du Parc Lescure,Sweden,Brazil,0,UEFA,CONMEBOL,0,0,0,1,1547.14,1627.9,-80.75999999999999,0.3858,0.5,0.5,0.0,2.8,2.0,1.8,1.0,2.0,0.0,0.0,0.0,0.0,0.0,0.0,4.0,0.5,0,3.0,3.0,0.0,17,2.0,9.0,5.0,4.0,1.0,0.5,4.5,0.0,0.0,,,,,,,,,,,,,0.0,,,2,4,-2,Loss,0,Full Time,,2.0,1.0,12000.0,1.0,2.0,0.0,0.0,0.0,0.0,0.0,0.0,0.0,0.0,0.0,0.0,0.0,0.0,0.0,0.0,0.0,0.0,26.0,26.0,6.435,9.5,6.435,9.5,0.0,0.0,train,tier3
53,1938,Final,5,1,1938-06-19,Stade Olympique,Italy,Hungary,1,UEFA,UEFA,1,0,0,1,1853.8,1745.68,108.11999999999988,0.6508,0.9,0.9,0.0,3.0,0.6,5.2,1.0,1.0,1.0,0.0,1.0,0.0,1.0,0.0,12.0,0.5,0,3.0,3.0,0.0,18,3.0,7.0,3.0,4.0,3.0,1.0,2.333,0.0,0.0,,,,,,,,,,,,,0.0,,,4,2,2,Win,2,Full Time,,3.0,1.0,45000.0,1.0,1.0,0.0,0.0,0.0,0.0,0.0,0.0,0.0,0.0,0.0,0.0,0.0,0.0,0.0,0.0,0.0,0.0,26.0,26.0,6.435,9.5,6.435,9.5,0.0,0.0,train,tier3
53,1938,Final,5,1,1938-06-19,Stade Olympique,Hungary,Italy,0,UEFA,UEFA,1,0,0,1,1745.68,1853.8,-108.11999999999988,0.3492,0.9,0.9,0.0,5.2,0.4,3.0,1.0,1.0,0.0,1.0,0.0,1.0,0.0,1.0,5.0,0.5,0,3.0,3.0,0.0,18,3.0,13.0,1.0,12.0,3.0,1.0,4.333,0.0,0.0,,,,,,,,,,,,,0.0,,,2,4,-2,Loss,0,Full Time,,1.0,1.0,45000.0,1.0,1.0,0.0,0.0,0.0,0.0,0.0,0.0,0.0,0.0,0.0,0.0,0.0,0.0,0.0,0.0,0.0,0.0,26.0,26.0,6.435,9.5,6.435,9.5,0.0,0.0,train,tier3
54,1950,Group Stage,1,0,1950-06-24,Maracanï¿½ - Estï¿½dio Jornalista Mï¿½rio Filho,Brazil,Mexico,1,CONMEBOL,CONCACAF,0,1,0,0,1741.52,1665.46,76.05999999999995,0.6077,0.5,1.0,-0.5,3.2,1.8,4.4,3.0,1.0,0.0,0.0,0.0,0.0,1.0,0.0,6.67,0.5,0,4.0,4.0,0.0,1,0.0,0.0,0.0,0.0,0.0,0.5,0.0,0.0,0.0,,,,,,,,,,,,,0.0,,,4,0,4,Win,2,Full Time,,1.0,1.0,81649.0,2.0,3.0,0.0,0.0,0.0,0.0,0.0,0.0,0.0,0.0,0.0,0.0,0.0,0.0,0.0,0.0,0.0,0.0,26.0,26.0,6.435,9.5,6.435,9.5,0.0,0.0,train,tier3
54,1950,Group Stage,1,0,1950-06-24,Maracanï¿½ - Estï¿½dio Jornalista Mï¿½rio Filho,Mexico,Brazil,0,CONCACAF,CONMEBOL,0,0,1,0,1665.46,1741.52,-76.05999999999995,0.3923,1.0,0.5,0.5,4.4,0.6,3.2,1.0,3.0,0.0,0.0,0.0,0.0,0.0,1.0,4.0,0.5,0,4.0,4.0,0.0,1,0.0,0.0,0.0,0.0,0.0,0.5,0.0,0.0,0.0,,,,,,,,,,,,,0.0,,,0,4,-4,Loss,0,Full Time,,0.0,1.0,81649.0,3.0,2.0,0.0,0.0,0.0,0.0,0.0,0.0,0.0,0.0,0.0,0.0,0.0,0.0,0.0,0.0,0.0,0.0,26.0,26.0,6.435,9.5,6.435,9.5,0.0,0.0,train,tier3
55,1950,Group Stage,1,0,1950-06-25,Maracanï¿½ - Estï¿½dio Jornalista Mï¿½rio Filho,England,Chile,1,UEFA,CONMEBOL,0,0,0,1,1991.02,1715.51,275.51,0.83,1.0,0.4,0.6,4.2,1.2,1.8,0.0,1.0,0.0,0.0,0.0,0.0,0.0,0.0,0.0,0.5,0,4.0,4.0,0.0,2,0.0,0.0,0.0,0.0,0.0,0.5,0.0,0.0,0.0,,,,,,,,,,,,,0.0,,,2,0,2,Win,2,Full Time,,1.0,1.0,29703.0,1.0,2.0,0.0,0.0,0.0,0.0,0.0,0.0,0.0,0.0,0.0,0.0,0.0,0.0,0.0,0.0,0.0,0.0,26.0,26.0,6.435,9.5,6.435,9.5,0.0,0.0,train,tier3
55,1950,Group Stage,1,0,1950-06-25,Maracanï¿½ - Estï¿½dio Jornalista Mï¿½rio Filho,Chile,England,0,CONMEBOL,UEFA,0,0,0,1,1715.51,1991.02,-275.51,0.17,0.4,1.0,-0.6,1.8,2.2,4.2,1.0,0.0,0.0,0.0,0.0,0.0,0.0,0.0,5.0,0.5,0,4.0,4.0,0.0,2,0.0,0.0,0.0,0.0,0.0,0.5,0.0,0.0,0.0,,,,,,,,,,,,,0.0,,,0,2,-2,Loss,0,Full Time,,0.0,1.0,29703.0,2.0,1.0,0.0,0.0,0.0,0.0,0.0,0.0,0.0,0.0,0.0,0.0,0.0,0.0,0.0,0.0,0.0,0.0,26.0,26.0,6.435,9.5,6.435,9.5,0.0,0.0,train,tier3
56,1950,Group Stage,1,0,1950-06-25,Durival de Brito,Spain,USA,1,UEFA,CONCACAF,0,0,0,1,2100.01,1500.0,600.0100000000002,0.9693,0.7,0.5,0.2,3.2,1.4,1.5,1.0,2.0,0.0,0.0,0.0,0.0,0.0,1.0,4.0,0.5,0,4.0,4.0,0.0,3,0.0,0.0,0.0,0.0,0.0,0.5,0.0,0.0,0.0,,,,,,,,,,,,,0.0,,,3,1,2,Win,2,Full Time,,0.0,1.0,9511.0,1.0,3.0,0.0,0.0,0.0,0.0,0.0,0.0,0.0,0.0,0.0,0.0,0.0,0.0,0.0,0.0,0.0,0.0,26.0,26.0,6.435,9.5,6.435,9.5,0.0,0.0,train,tier3
56,1950,Group Stage,1,0,1950-06-25,Durival de Brito,USA,Spain,0,CONCACAF,UEFA,0,0,0,1,1500.0,2100.01,-600.0100000000002,0.0307,0.5,0.7,-0.2,1.5,1.5,3.2,2.0,1.0,0.0,0.0,0.0,0.0,1.0,0.0,4.0,0.5,0,4.0,4.0,0.0,3,0.0,0.0,0.0,0.0,0.0,0.5,0.0,0.0,0.0,,,,,,,,,,,,,0.0,,,1,3,-2,Loss,0,Full Time,,1.0,1.0,9511.0,3.0,1.0,0.0,0.0,0.0,0.0,0.0,0.0,0.0,0.0,0.0,0.0,0.0,0.0,0.0,0.0,0.0,0.0,26.0,26.0,6.435,9.5,6.435,9.5,0.0,0.0,train,tier3
57,1950,Group Stage,1,0,1950-06-25,Pacaembu,Sweden,Italy,1,UEFA,UEFA,1,0,0,1,1729.32,1853.8,-124.48000000000002,0.3281,0.5,0.7,-0.2,3.2,2.6,2.0,2.0,2.0,0.0,2.0,0.0,2.0,1.0,2.0,7.5,0.5,0,4.0,4.0,0.0,4,0.0,0.0,0.0,0.0,0.0,0.5,0.0,0.0,0.0,,,,,,,,,,,,,0.0,,,3,2,1,Win,2,Full Time,,2.0,1.0,36502.0,1.0,1.0,0.0,0.0,0.0,0.0,0.0,0.0,0.0,0.0,0.0,0.0,0.0,0.0,0.0,0.0,0.0,0.0,26.0,26.0,6.435,9.5,6.435,9.5,0.0,0.0,train,tier3
57,1950,Group Stage,1,0,1950-06-25,Pacaembu,Italy,Sweden,0,UEFA,UEFA,1,0,0,1,1853.8,1729.32,124.48000000000002,0.6719,0.7,0.5,0.2,2.0,1.2,3.2,2.0,2.0,2.0,0.0,2.0,0.0,2.0,1.0,11.5,0.5,0,4.0,4.0,0.0,4,0.0,0.0,0.0,0.0,0.0,0.5,0.0,0.0,0.0,,,,,,,,,,,,,0.0,,,2,3,-1,Loss,0,Full Time,,1.0,1.0,36502.0,1.0,1.0,0.0,0.0,0.0,0.0,0.0,0.0,0.0,0.0,0.0,0.0,0.0,0.0,0.0,0.0,0.0,0.0,26.0,26.0,6.435,9.5,6.435,9.5,0.0,0.0,train,tier3
58,1950,Group Stage,1,0,1950-06-25,Independencia,Yugoslavia,Switzerland,1,UEFA,UEFA,1,0,0,1,1791.56,1872.59,-81.02999999999997,0.3855,0.6,0.5,0.1,2.4,2.0,2.4,1.0,2.0,0.0,0.0,0.0,0.0,1.0,0.0,7.0,0.5,0,4.0,4.0,0.0,5,0.0,0.0,0.0,0.0,0.0,0.5,0.0,0.0,0.0,,,,,,,,,,,,,0.0,,,3,0,3,Win,2,Full Time,,0.0,1.0,7336.0,1.0,1.0,0.0,0.0,0.0,0.0,0.0,0.0,0.0,0.0,0.0,0.0,0.0,0.0,0.0,0.0,0.0,0.0,26.0,26.0,6.435,9.5,6.435,9.5,0.0,0.0,train,tier3
58,1950,Group Stage,1,0,1950-06-25,Independencia,Switzerland,Yugoslavia,0,UEFA,UEFA,1,0,0,1,1872.59,1791.56,81.02999999999997,0.6145,0.5,0.6,-0.1,2.4,2.6,2.4,2.0,1.0,0.0,0.0,0.0,0.0,0.0,1.0,5.0,0.5,0,4.0,4.0,0.0,5,0.0,0.0,0.0,0.0,0.0,0.5,0.0,0.0,0.0,,,,,,,,,,,,,0.0,,,0,3,-3,Loss,0,Full Time,,0.0,1.0,7336.0,1.0,1.0,0.0,0.0,0.0,0.0,0.0,0.0,0.0,0.0,0.0,0.0,0.0,0.0,0.0,0.0,0.0,0.0,26.0,26.0,6.435,9.5,6.435,9.5,0.0,0.0,train,tier3
59,1950,Group Stage,1,0,1950-06-28,Pacaembu,Brazil,Switzerland,1,CONMEBOL,UEFA,0,1,0,0,1765.06,1515.11,249.95000000000005,0.8083,0.7,0.3,0.4,3.6,1.8,1.4,3.0,2.0,0.0,0.0,0.0,0.0,1.0,0.0,6.67,0.5,0,4.0,3.0,1.0,6,1.0,4.0,0.0,4.0,1.0,1.0,4.0,0.0,0.0,,,,,,,,,,,,,0.0,,,2,2,0,Draw,1,Full Time,,2.0,1.0,42032.0,2.0,1.0,0.0,0.0,0.0,0.0,0.0,0.0,0.0,0.0,0.0,0.0,0.0,0.0,0.0,0.0,0.0,0.0,26.0,26.0,6.435,9.5,6.435,9.5,0.0,0.0,train,tier3
59,1950,Group Stage,1,0,1950-06-28,Pacaembu,Switzerland,Brazil,0,UEFA,CONMEBOL,0,0,1,0,1515.11,1765.06,-249.95000000000005,0.1917,0.3,0.7,-0.4,1.4,3.0,3.6,2.0,3.0,0.0,0.0,0.0,0.0,0.0,1.0,5.0,0.5,0,3.0,4.0,-1.0,6,1.0,0.0,3.0,-3.0,0.0,0.0,0.0,0.0,0.0,,,,,,,,,,,,,0.0,,,2,2,0,Draw,1,Full Time,,1.0,1.0,42032.0,1.0,2.0,0.0,0.0,0.0,0.0,0.0,0.0,0.0,0.0,0.0,0.0,0.0,0.0,0.0,0.0,0.0,0.0,26.0,26.0,6.435,9.5,6.435,9.5,0.0,0.0,train,tier3
60,1950,Group Stage,1,0,1950-06-28,Eucaliptos,Yugoslavia,Mexico,1,UEFA,CONCACAF,0,0,0,1,1791.56,1887.54,-95.98000000000002,0.3653,0.7,1.0,-0.3,3.0,1.8,4.0,1.0,1.0,0.0,0.0,0.0,0.0,1.0,0.0,7.0,0.5,0,3.0,4.0,-1.0,7,1.0,3.0,0.0,3.0,1.0,1.0,3.0,0.0,0.0,,,,,,,,,,,,,0.0,,,4,1,3,Win,2,Full Time,,2.0,1.0,11078.0,1.0,3.0,0.0,0.0,0.0,0.0,0.0,0.0,0.0,0.0,0.0,0.0,0.0,0.0,0.0,0.0,0.0,0.0,26.0,26.0,6.435,9.5,6.435,9.5,0.0,0.0,train,tier3
60,1950,Group Stage,1,0,1950-06-28,Eucaliptos,Mexico,Yugoslavia,0,CONCACAF,UEFA,0,0,0,1,1887.54,1791.56,95.98000000000002,0.6347,1.0,0.7,0.3,4.0,0.6,3.0,1.0,1.0,0.0,0.0,0.0,0.0,0.0,1.0,4.0,0.5,0,4.0,3.0,1.0,7,1.0,0.0,4.0,-4.0,0.0,0.0,0.0,0.0,0.0,,,,,,,,,,,,,0.0,,,1,4,-3,Loss,0,Full Time,,0.0,1.0,11078.0,3.0,1.0,0.0,0.0,0.0,0.0,0.0,0.0,0.0,0.0,0.0,0.0,0.0,0.0,0.0,0.0,0.0,0.0,26.0,26.0,6.435,9.5,6.435,9.5,0.0,0.0,train,tier3
61,1950,Group Stage,1,0,1950-06-29,Maracanï¿½ - Estï¿½dio Jornalista Mï¿½rio Filho,Spain,Chile,1,UEFA,CONMEBOL,0,0,0,1,2100.01,1715.51,384.5000000000002,0.9014,0.7,0.6,0.1,3.4,1.6,2.2,1.0,1.0,0.0,0.0,0.0,0.0,0.0,0.0,4.0,0.5,0,4.0,4.0,0.0,8,1.0,3.0,1.0,2.0,1.0,1.0,3.0,0.0,0.0,,,,,,,,,,,,,0.0,,,2,0,2,Win,2,Full Time,,2.0,1.0,19790.0,1.0,2.0,0.0,0.0,0.0,0.0,0.0,0.0,0.0,0.0,0.0,0.0,0.0,0.0,0.0,0.0,0.0,0.0,26.0,26.0,6.435,9.5,6.435,9.5,0.0,0.0,train,tier3
61,1950,Group Stage,1,0,1950-06-29,Maracanï¿½ - Estï¿½dio Jornalista Mï¿½rio Filho,Chile,Spain,0,CONMEBOL,UEFA,0,0,0,1,1715.51,2100.01,-384.5000000000002,0.0986,0.6,0.7,-0.1,2.2,1.8,3.4,1.0,1.0,0.0,0.0,0.0,0.0,0.0,0.0,5.0,0.5,0,4.0,4.0,0.0,8,1.0,0.0,2.0,-2.0,0.0,0.0,0.0,0.0,0.0,,,,,,,,,,,,,0.0,,,0,2,-2,Loss,0,Full Time,,0.0,1.0,19790.0,2.0,1.0,0.0,0.0,0.0,0.0,0.0,0.0,0.0,0.0,0.0,0.0,0.0,0.0,0.0,0.0,0.0,0.0,26.0,26.0,6.435,9.5,6.435,9.5,0.0,0.0,train,tier3
62,1950,Group Stage,1,0,1950-06-29,Durival de Brito,Sweden,Paraguay,1,UEFA,CONMEBOL,0,0,0,1,1729.32,1865.19,-135.87000000000012,0.3139,0.5,0.3,0.2,2.4,2.6,1.0,2.0,1.0,0.0,0.0,0.0,0.0,1.0,0.0,7.5,0.5,0,4.0,4.0,0.0,9,1.0,3.0,2.0,1.0,1.0,1.0,3.0,0.0,0.0,,,,,,,,,,,,,0.0,,,2,2,0,Draw,1,Full Time,,2.0,1.0,7903.0,1.0,2.0,0.0,0.0,0.0,0.0,0.0,0.0,0.0,0.0,0.0,0.0,0.0,0.0,0.0,0.0,0.0,0.0,26.0,26.0,6.435,9.5,6.435,9.5,0.0,0.0,train,tier3
62,1950,Group Stage,1,0,1950-06-29,Durival de Brito,Paraguay,Sweden,0,CONMEBOL,UEFA,0,0,0,1,1865.19,1729.32,135.87000000000012,0.6861,0.3,0.5,-0.2,1.0,3.4,2.4,1.0,2.0,0.0,0.0,0.0,0.0,0.0,1.0,1.0,0.5,0,4.0,4.0,0.0,9,0.0,0.0,0.0,0.0,0.0,0.5,0.0,0.0,0.0,,,,,,,,,,,,,0.0,,,2,2,0,Draw,1,Full Time,,1.0,1.0,7903.0,2.0,1.0,0.0,0.0,0.0,0.0,0.0,0.0,0.0,0.0,0.0,0.0,0.0,0.0,0.0,0.0,0.0,0.0,26.0,26.0,6.435,9.5,6.435,9.5,0.0,0.0,train,tier3
63,1950,Group Stage,1,0,1950-06-29,Independencia,USA,England,1,CONCACAF,UEFA,0,0,0,1,1500.0,1991.02,-491.02,0.0559,0.5,1.0,-0.5,1.5,1.5,4.2,2.0,0.0,0.0,0.0,0.0,0.0,1.0,0.0,4.0,0.5,0,4.0,4.0,0.0,10,1.0,1.0,3.0,-2.0,0.0,0.0,1.0,0.0,0.0,,,,,,,,,,,,,0.0,,,1,0,1,Win,2,Full Time,,1.0,1.0,10151.0,3.0,1.0,0.0,0.0,0.0,0.0,0.0,0.0,0.0,0.0,0.0,0.0,0.0,0.0,0.0,0.0,0.0,0.0,26.0,26.0,6.435,9.5,6.435,9.5,0.0,0.0,train,tier3
63,1950,Group Stage,1,0,1950-06-29,Independencia,England,USA,0,UEFA,CONCACAF,0,0,0,1,1991.02,1500.0,491.02,0.9441,1.0,0.5,0.5,4.2,1.2,1.5,0.0,2.0,0.0,0.0,0.0,0.0,0.0,1.0,0.0,0.5,0,4.0,4.0,0.0,10,1.0,2.0,0.0,2.0,1.0,1.0,2.0,0.0,0.0,,,,,,,,,,,,,0.0,,,0,1,-1,Loss,0,Full Time,,0.0,1.0,10151.0,1.0,3.0,0.0,0.0,0.0,0.0,0.0,0.0,0.0,0.0,0.0,0.0,0.0,0.0,0.0,0.0,0.0,0.0,26.0,26.0,6.435,9.5,6.435,9.5,0.0,0.0,train,tier3
64,1950,Group Stage,1,0,1950-07-01,Maracanï¿½ - Estï¿½dio Jornalista Mï¿½rio Filho,Brazil,Yugoslavia,1,CONMEBOL,UEFA,0,1,0,0,1746.56,1672.41,74.14999999999986,0.6051,0.7,0.8,-0.1,3.0,1.8,3.4,3.0,1.0,0.0,0.0,0.0,0.0,1.0,1.0,6.67,0.0,1,3.0,3.0,0.0,11,2.0,6.0,2.0,4.0,1.0,0.5,3.0,0.0,0.0,,,,,,,,,,,,,0.0,,,2,0,2,Win,2,Full Time,,1.0,1.0,142429.0,2.0,1.0,0.0,0.0,0.0,0.0,0.0,0.0,0.0,0.0,0.0,0.0,0.0,0.0,0.0,0.0,0.0,0.0,26.0,26.0,6.435,9.5,6.435,9.5,0.0,0.0,train,tier3
64,1950,Group Stage,1,0,1950-07-01,Maracanï¿½ - Estï¿½dio Jornalista Mï¿½rio Filho,Yugoslavia,Brazil,0,UEFA,CONMEBOL,0,0,1,0,1672.41,1746.56,-74.14999999999986,0.3949,0.8,0.7,0.1,3.4,1.6,3.0,1.0,3.0,0.0,0.0,0.0,0.0,1.0,1.0,7.0,1.0,1,3.0,3.0,0.0,11,2.0,7.0,1.0,6.0,2.0,1.0,3.5,0.0,0.0,,,,,,,,,,,,,0.0,,,0,2,-2,Loss,0,Full Time,,0.0,1.0,142429.0,1.0,2.0,0.0,0.0,0.0,0.0,0.0,0.0,0.0,0.0,0.0,0.0,0.0,0.0,0.0,0.0,0.0,0.0,26.0,26.0,6.435,9.5,6.435,9.5,0.0,0.0,train,tier3
65,1950,Group Stage,1,0,1950-07-02,Maracanï¿½ - Estï¿½dio Jornalista Mï¿½rio Filho,Spain,England,1,UEFA,UEFA,1,0,0,1,2100.01,1991.02,108.99000000000024,0.6519,0.9,1.0,-0.1,3.8,1.2,2.8,1.0,0.0,0.0,0.0,0.0,0.0,0.0,0.0,4.0,0.5,0,3.0,3.0,0.0,12,2.0,5.0,1.0,4.0,2.0,1.0,2.5,0.0,0.0,,,,,,,,,,,,,0.0,,,1,0,1,Win,2,Full Time,,0.0,1.0,74462.0,1.0,1.0,0.0,0.0,0.0,0.0,0.0,0.0,0.0,0.0,0.0,0.0,0.0,0.0,0.0,0.0,0.0,0.0,26.0,26.0,6.435,9.5,6.435,9.5,0.0,0.0,train,tier3
65,1950,Group Stage,1,0,1950-07-02,Maracanï¿½ - Estï¿½dio Jornalista Mï¿½rio Filho,England,Spain,0,UEFA,UEFA,1,0,0,1,1991.02,2100.01,-108.99000000000024,0.3481,1.0,0.9,0.1,2.8,0.8,3.8,0.0,1.0,0.0,0.0,0.0,0.0,0.0,0.0,0.0,0.5,0,3.0,3.0,0.0,12,2.0,2.0,1.0,1.0,1.0,0.5,1.0,0.0,0.0,,,,,,,,,,,,,0.0,,,0,1,-1,Loss,0,Full Time,,0.0,1.0,74462.0,1.0,1.0,0.0,0.0,0.0,0.0,0.0,0.0,0.0,0.0,0.0,0.0,0.0,0.0,0.0,0.0,0.0,0.0,26.0,26.0,6.435,9.5,6.435,9.5,0.0,0.0,train,tier3
66,1950,Group Stage,1,0,1950-07-02,Pacaembu,Italy,Paraguay,1,UEFA,CONMEBOL,0,0,0,1,1751.58,1666.69,84.88999999999987,0.6198,0.5,0.4,0.1,1.4,1.2,1.6,2.0,1.0,2.0,0.0,2.0,0.0,2.0,0.0,11.5,0.5,0,7.0,3.0,4.0,13,1.0,2.0,3.0,-1.0,0.0,0.0,2.0,0.0,0.0,,,,,,,,,,,,,0.0,,,2,0,2,Win,2,Full Time,,1.0,1.0,25811.0,1.0,2.0,0.0,0.0,0.0,0.0,0.0,0.0,0.0,0.0,0.0,0.0,0.0,0.0,0.0,0.0,0.0,0.0,26.0,26.0,6.435,9.5,6.435,9.5,0.0,0.0,train,tier3
66,1950,Group Stage,1,0,1950-07-02,Pacaembu,Paraguay,Italy,0,CONMEBOL,UEFA,0,0,0,1,1666.69,1751.58,-84.88999999999987,0.3802,0.4,0.5,-0.1,1.6,2.6,1.4,1.0,2.0,0.0,2.0,0.0,2.0,0.0,2.0,1.0,0.5,0,3.0,7.0,-4.0,13,1.0,2.0,2.0,0.0,0.0,0.0,2.0,0.0,0.0,,,,,,,,,,,,,0.0,,,0,2,-2,Loss,0,Full Time,,0.0,1.0,25811.0,2.0,1.0,0.0,0.0,0.0,0.0,0.0,0.0,0.0,0.0,0.0,0.0,0.0,0.0,0.0,0.0,0.0,0.0,26.0,26.0,6.435,9.5,6.435,9.5,0.0,0.0,train,tier3
67,1950,Group Stage,1,0,1950-07-02,Independencia,Uruguay,Bolivia,1,CONMEBOL,CONMEBOL,1,0,0,1,1871.66,1709.89,161.76999999999998,0.7173,0.4,0.6,-0.2,2.6,2.4,1.6,1.0,1.0,1.0,0.0,1.0,0.0,1.0,0.0,15.0,0.5,0,4.0,4.0,0.0,14,0.0,0.0,0.0,0.0,0.0,0.5,0.0,0.0,0.0,,,,,,,,,,,,,0.0,,,8,0,8,Win,2,Full Time,,4.0,1.0,5284.0,2.0,2.0,0.0,0.0,0.0,0.0,0.0,0.0,0.0,0.0,0.0,0.0,0.0,0.0,0.0,0.0,0.0,0.0,26.0,26.0,6.435,9.5,6.435,9.5,0.0,0.0,train,tier3
67,1950,Group Stage,1,0,1950-07-02,Independencia,Bolivia,Uruguay,0,CONMEBOL,CONMEBOL,1,0,0,1,1709.89,1871.66,-161.76999999999998,0.2827,0.6,0.4,0.2,1.6,2.0,2.6,1.0,1.0,0.0,1.0,0.0,1.0,0.0,1.0,0.0,0.5,0,4.0,4.0,0.0,14,0.0,0.0,0.0,0.0,0.0,0.5,0.0,0.0,0.0,,,,,,,,,,,,,0.0,,,0,8,-8,Loss,0,Full Time,,0.0,1.0,5284.0,2.0,2.0,0.0,0.0,0.0,0.0,0.0,0.0,0.0,0.0,0.0,0.0,0.0,0.0,0.0,0.0,0.0,0.0,26.0,26.0,6.435,9.5,6.435,9.5,0.0,0.0,train,tier3
68,1950,Group Stage,1,0,1950-07-02,Eucaliptos,Switzerland,Mexico,1,UEFA,CONCACAF,0,0,0,1,1872.59,1887.54,-14.950000000000044,0.4785,0.1,0.8,-0.7,0.8,3.2,3.4,2.0,1.0,0.0,0.0,0.0,0.0,0.0,0.0,5.0,0.5,0,4.0,4.0,0.0,15,2.0,2.0,5.0,-3.0,0.0,0.0,1.0,0.0,0.0,,,,,,,,,,,,,0.0,,,2,1,1,Win,2,Full Time,,2.0,1.0,3580.0,1.0,3.0,0.0,0.0,0.0,0.0,0.0,0.0,0.0,0.0,0.0,0.0,0.0,0.0,0.0,0.0,0.0,0.0,26.0,26.0,6.435,9.5,6.435,9.5,0.0,0.0,train,tier3
68,1950,Group Stage,1,0,1950-07-02,Eucaliptos,Mexico,Switzerland,0,CONCACAF,UEFA,0,0,0,1,1887.54,1872.59,14.950000000000044,0.5215,0.8,0.1,0.7,3.4,1.2,0.8,1.0,2.0,0.0,0.0,0.0,0.0,0.0,0.0,4.0,0.5,0,4.0,4.0,0.0,15,2.0,1.0,8.0,-7.0,0.0,0.0,0.5,0.0,0.0,,,,,,,,,,,,,0.0,,,1,2,-1,Loss,0,Full Time,,0.0,1.0,3580.0,3.0,1.0,0.0,0.0,0.0,0.0,0.0,0.0,0.0,0.0,0.0,0.0,0.0,0.0,0.0,0.0,0.0,0.0,26.0,26.0,6.435,9.5,6.435,9.5,0.0,0.0,train,tier3
69,1950,Group Stage,1,0,1950-07-02,Ilha do Retiro,Chile,USA,1,CONMEBOL,CONCACAF,0,0,0,1,1715.51,1500.0,215.51,0.7757,0.4,0.5,-0.1,1.6,2.0,1.5,1.0,2.0,0.0,0.0,0.0,0.0,0.0,1.0,5.0,0.5,0,3.0,3.0,0.0,16,2.0,0.0,4.0,-4.0,0.0,0.0,0.0,0.0,0.0,,,,,,,,,,,,,0.0,,,5,2,3,Win,2,Full Time,,2.0,1.0,8501.0,2.0,3.0,0.0,0.0,0.0,0.0,0.0,0.0,0.0,0.0,0.0,0.0,0.0,0.0,0.0,0.0,0.0,0.0,26.0,26.0,6.435,9.5,6.435,9.5,0.0,0.0,train,tier3
69,1950,Group Stage,1,0,1950-07-02,Ilha do Retiro,USA,Chile,0,CONCACAF,CONMEBOL,0,0,0,1,1500.0,1715.51,-215.51,0.2243,0.5,0.4,0.1,1.5,1.5,1.6,2.0,1.0,0.0,0.0,0.0,0.0,1.0,0.0,4.0,0.5,0,3.0,3.0,0.0,16,2.0,2.0,3.0,-1.0,1.0,0.5,1.0,0.0,0.0,,,,,,,,,,,,,0.0,,,2,5,-3,Loss,0,Full Time,,0.0,1.0,8501.0,3.0,2.0,0.0,0.0,0.0,0.0,0.0,0.0,0.0,0.0,0.0,0.0,0.0,0.0,0.0,0.0,0.0,0.0,26.0,26.0,6.435,9.5,6.435,9.5,0.0,0.0,train,tier3
70,1950,Group Stage,1,0,1950-07-09,Pacaembu,Uruguay,Spain,1,CONMEBOL,UEFA,0,0,0,1,1871.66,2100.01,-228.3500000000001,0.2117,0.4,0.9,-0.5,2.8,2.4,3.4,1.0,1.0,1.0,0.0,1.0,0.0,1.0,0.0,15.0,0.5,0,7.0,7.0,0.0,17,1.0,8.0,0.0,8.0,1.0,1.0,8.0,0.0,0.0,,,,,,,,,,,,,0.0,,,2,2,0,Draw,1,Full Time,,1.0,1.0,44802.0,2.0,1.0,0.0,0.0,0.0,0.0,0.0,0.0,0.0,0.0,0.0,0.0,0.0,0.0,0.0,0.0,0.0,0.0,26.0,26.0,6.435,9.5,6.435,9.5,0.0,0.0,train,tier3
70,1950,Group Stage,1,0,1950-07-09,Pacaembu,Spain,Uruguay,0,UEFA,CONMEBOL,0,0,0,1,2100.01,1871.66,228.3500000000001,0.7883,0.9,0.4,0.5,3.4,1.0,2.8,1.0,1.0,0.0,1.0,0.0,1.0,0.0,1.0,4.0,0.5,0,7.0,7.0,0.0,17,3.0,6.0,1.0,5.0,3.0,1.0,2.0,0.0,0.0,,,,,,,,,,,,,0.0,,,2,2,0,Draw,1,Full Time,,2.0,1.0,44802.0,1.0,2.0,0.0,0.0,0.0,0.0,0.0,0.0,0.0,0.0,0.0,0.0,0.0,0.0,0.0,0.0,0.0,0.0,26.0,26.0,6.435,9.5,6.435,9.5,0.0,0.0,train,tier3
71,1950,Group Stage,1,0,1950-07-09,Maracanï¿½ - Estï¿½dio Jornalista Mï¿½rio Filho,Brazil,Sweden,1,CONMEBOL,UEFA,0,1,0,0,1770.25,1693.46,76.78999999999996,0.6087,0.8,0.6,0.2,2.8,1.4,2.4,3.0,2.0,0.0,0.0,0.0,0.0,1.0,1.0,6.67,1.0,1,8.0,10.0,-2.0,18,3.0,8.0,2.0,6.0,2.0,0.667,2.667,0.0,0.0,,,,,,,,,,,,,0.0,,,7,1,6,Win,2,Full Time,,3.0,1.0,138886.0,2.0,1.0,0.0,0.0,0.0,0.0,0.0,0.0,0.0,0.0,0.0,0.0,0.0,0.0,0.0,0.0,0.0,0.0,26.0,26.0,6.435,9.5,6.435,9.5,0.0,0.0,train,tier3
71,1950,Group Stage,1,0,1950-07-09,Maracanï¿½ - Estï¿½dio Jornalista Mï¿½rio Filho,Sweden,Brazil,0,UEFA,CONMEBOL,0,0,1,0,1693.46,1770.25,-76.78999999999996,0.3913,0.6,0.8,-0.2,2.4,2.4,2.8,2.0,3.0,0.0,0.0,0.0,0.0,1.0,1.0,7.5,0.0,1,10.0,8.0,2.0,18,2.0,5.0,4.0,1.0,1.0,0.5,2.5,0.0,0.0,,,,,,,,,,,,,0.0,,,1,7,-6,Loss,0,Full Time,,0.0,1.0,138886.0,1.0,2.0,0.0,0.0,0.0,0.0,0.0,0.0,0.0,0.0,0.0,0.0,0.0,0.0,0.0,0.0,0.0,0.0,26.0,26.0,6.435,9.5,6.435,9.5,0.0,0.0,train,tier3
72,1950,Group Stage,1,0,1950-07-13,Maracanï¿½ - Estï¿½dio Jornalista Mï¿½rio Filho,Brazil,Spain,1,CONMEBOL,UEFA,0,1,0,0,1793.73,1673.08,120.65000000000008,0.667,0.8,0.9,-0.1,2.8,1.4,2.6,3.0,1.0,0.0,0.0,0.0,0.0,1.0,0.0,6.67,0.0,1,4.0,4.0,0.0,19,4.0,15.0,3.0,12.0,3.0,0.75,3.75,0.0,0.0,,,,,,,,,,,,,0.0,,,6,1,5,Win,2,Full Time,,3.0,1.0,152772.0,2.0,1.0,0.0,0.0,0.0,0.0,0.0,0.0,0.0,0.0,0.0,0.0,0.0,0.0,0.0,0.0,0.0,0.0,26.0,26.0,6.435,9.5,6.435,9.5,0.0,0.0,train,tier3
72,1950,Group Stage,1,0,1950-07-13,Maracanï¿½ - Estï¿½dio Jornalista Mï¿½rio Filho,Spain,Brazil,0,UEFA,CONMEBOL,0,0,1,0,1673.08,1793.73,-120.65000000000008,0.333,0.9,0.8,0.1,2.6,0.8,2.8,1.0,3.0,0.0,0.0,0.0,0.0,0.0,1.0,4.0,1.0,1,4.0,4.0,0.0,19,4.0,8.0,3.0,5.0,3.0,0.75,2.0,0.0,0.0,,,,,,,,,,,,,0.0,,,1,6,-5,Loss,0,Full Time,,0.0,1.0,152772.0,1.0,2.0,0.0,0.0,0.0,0.0,0.0,0.0,0.0,0.0,0.0,0.0,0.0,0.0,0.0,0.0,0.0,0.0,26.0,26.0,6.435,9.5,6.435,9.5,0.0,0.0,train,tier3
73,1950,Group Stage,1,0,1950-07-13,Pacaembu,Uruguay,Sweden,1,CONMEBOL,UEFA,0,0,0,1,1871.66,1729.32,142.34000000000017,0.6941,0.4,0.7,-0.3,3.4,2.2,2.4,1.0,2.0,1.0,0.0,1.0,0.0,1.0,1.0,15.0,0.5,0,4.0,4.0,0.0,20,2.0,10.0,2.0,8.0,1.0,0.5,5.0,0.0,0.0,,,,,,,,,,,,,0.0,,,3,2,1,Win,2,Full Time,,1.0,1.0,7987.0,2.0,1.0,0.0,0.0,0.0,0.0,0.0,0.0,0.0,0.0,0.0,0.0,0.0,0.0,0.0,0.0,0.0,0.0,26.0,26.0,6.435,9.5,6.435,9.5,0.0,0.0,train,tier3
73,1950,Group Stage,1,0,1950-07-13,Pacaembu,Sweden,Uruguay,0,UEFA,CONMEBOL,0,0,0,1,1729.32,1871.66,-142.34000000000017,0.3059,0.7,0.4,0.3,2.4,2.2,3.4,2.0,1.0,0.0,1.0,0.0,1.0,1.0,1.0,7.5,0.5,0,4.0,4.0,0.0,20,3.0,6.0,11.0,-5.0,1.0,0.333,2.0,0.0,0.0,,,,,,,,,,,,,0.0,,,2,3,-1,Loss,0,Full Time,,2.0,1.0,7987.0,1.0,2.0,0.0,0.0,0.0,0.0,0.0,0.0,0.0,0.0,0.0,0.0,0.0,0.0,0.0,0.0,0.0,0.0,26.0,26.0,6.435,9.5,6.435,9.5,0.0,0.0,train,tier3
74,1950,Group Stage,1,0,1950-07-16,Pacaembu,Sweden,Spain,1,UEFA,UEFA,1,0,0,1,1729.32,2100.01,-370.6900000000003,0.1058,0.5,0.8,-0.3,2.0,3.4,2.0,2.0,1.0,0.0,0.0,0.0,0.0,1.0,0.0,7.5,0.5,0,3.0,3.0,0.0,21,4.0,8.0,14.0,-6.0,1.0,0.25,2.0,0.0,0.0,,,,,,,,,,,,,0.0,,,3,1,2,Win,2,Full Time,,2.0,1.0,11227.0,1.0,1.0,0.0,0.0,0.0,0.0,0.0,0.0,0.0,0.0,0.0,0.0,0.0,0.0,0.0,0.0,0.0,0.0,26.0,26.0,6.435,9.5,6.435,9.5,0.0,0.0,train,tier3
74,1950,Group Stage,1,0,1950-07-16,Pacaembu,Spain,Sweden,0,UEFA,UEFA,1,0,0,1,2100.01,1729.32,370.6900000000003,0.8942,0.8,0.5,0.3,2.0,1.0,2.0,1.0,2.0,0.0,0.0,0.0,0.0,0.0,1.0,4.0,0.5,0,3.0,3.0,0.0,21,5.0,9.0,9.0,0.0,3.0,0.6,1.8,0.0,0.0,,,,,,,,,,,,,0.0,,,1,3,-2,Loss,0,Full Time,,0.0,1.0,11227.0,1.0,1.0,0.0,0.0,0.0,0.0,0.0,0.0,0.0,0.0,0.0,0.0,0.0,0.0,0.0,0.0,0.0,0.0,26.0,26.0,6.435,9.5,6.435,9.5,0.0,0.0,train,tier3
75,1950,Group Stage,1,0,1950-07-16,Maracanï¿½ - Estï¿½dio Jornalista Mï¿½rio Filho,Uruguay,Brazil,1,CONMEBOL,CONMEBOL,1,0,1,1,1871.66,1930.75,-59.08999999999992,0.4158,0.5,0.9,-0.4,3.6,2.2,3.6,1.0,3.0,1.0,0.0,1.0,0.0,1.0,1.0,15.0,0.5,0,3.0,3.0,0.0,22,3.0,13.0,4.0,9.0,2.0,0.667,4.333,0.0,0.0,,,,,,,,,,,,,0.0,,,2,1,1,Win,2,Full Time,,0.0,1.0,173850.0,2.0,2.0,0.0,0.0,0.0,0.0,0.0,0.0,0.0,0.0,0.0,0.0,0.0,0.0,0.0,0.0,0.0,0.0,26.0,26.0,6.435,9.5,6.435,9.5,0.0,0.0,train,tier3
75,1950,Group Stage,1,0,1950-07-16,Maracanï¿½ - Estï¿½dio Jornalista Mï¿½rio Filho,Brazil,Uruguay,0,CONMEBOL,CONMEBOL,1,1,0,1,1930.75,1871.66,59.08999999999992,0.5842,0.9,0.5,0.4,3.6,1.0,3.6,3.0,1.0,0.0,1.0,0.0,1.0,1.0,1.0,6.67,0.5,0,3.0,3.0,0.0,22,5.0,21.0,4.0,17.0,4.0,0.8,4.2,0.0,0.0,,,,,,,,,,,,,0.0,,,1,2,-1,Loss,0,Full Time,,0.0,1.0,173850.0,2.0,2.0,0.0,0.0,0.0,0.0,0.0,0.0,0.0,0.0,0.0,0.0,0.0,0.0,0.0,0.0,0.0,0.0,26.0,26.0,6.435,9.5,6.435,9.5,0.0,0.0,train,tier3
76,1954,Group Stage,1,0,1954-06-16,Wankdorf Stadium,Uruguay,Czechoslovakia,1,CONMEBOL,UEFA,0,0,0,1,1871.66,1708.95,162.71000000000004,0.7184,0.6,0.7,-0.1,2.0,1.8,1.8,2.0,2.0,2.0,0.0,1.0,1.0,1.0,1.0,15.0,0.5,0,4.0,4.0,0.0,1,0.0,0.0,0.0,0.0,0.0,0.5,0.0,0.0,0.0,,,,,,,,,,,,,0.0,,,2,0,2,Win,2,Full Time,,0.0,1.0,20500.0,2.0,1.0,0.0,0.0,0.0,0.0,0.0,0.0,0.0,0.0,0.0,0.0,0.0,0.0,0.0,0.0,0.0,0.0,26.0,26.0,6.435,9.5,6.435,9.5,0.0,0.0,train,tier3
76,1954,Group Stage,1,0,1954-06-16,Wankdorf Stadium,Czechoslovakia,Uruguay,0,UEFA,CONMEBOL,0,0,0,1,1708.95,1871.66,-162.71000000000004,0.2816,0.7,0.6,0.1,1.8,1.2,2.0,2.0,2.0,0.0,2.0,1.0,1.0,1.0,1.0,7.0,0.5,0,4.0,4.0,0.0,1,0.0,0.0,0.0,0.0,0.0,0.5,0.0,0.0,0.0,,,,,,,,,,,,,0.0,,,0,2,-2,Loss,0,Full Time,,0.0,1.0,20500.0,1.0,2.0,0.0,0.0,0.0,0.0,0.0,0.0,0.0,0.0,0.0,0.0,0.0,0.0,0.0,0.0,0.0,0.0,26.0,26.0,6.435,9.5,6.435,9.5,0.0,0.0,train,tier3
77,1954,Group Stage,1,0,1954-06-16,Hardturm,Austria,Scotland,1,UEFA,UEFA,1,0,0,1,1626.42,1618.98,7.440000000000055,0.5107,0.5,0.6,-0.1,2.6,1.0,2.0,1.0,0.0,0.0,0.0,0.0,0.0,1.0,0.0,7.0,0.5,0,4.0,4.0,0.0,2,0.0,0.0,0.0,0.0,0.0,0.5,0.0,0.0,0.0,,,,,,,,,,,,,0.0,,,1,0,1,Win,2,Full Time,,1.0,1.0,25000.0,1.0,1.0,0.0,0.0,0.0,0.0,0.0,0.0,0.0,0.0,0.0,0.0,0.0,0.0,0.0,0.0,0.0,0.0,26.0,26.0,6.435,9.5,6.435,9.5,0.0,0.0,train,tier3
77,1954,Group Stage,1,0,1954-06-16,Hardturm,Scotland,Austria,0,UEFA,UEFA,1,0,0,1,1618.98,1626.42,-7.440000000000055,0.4893,0.6,0.5,0.1,2.0,1.8,2.6,0.0,1.0,0.0,0.0,0.0,0.0,0.0,1.0,0.0,0.5,0,4.0,4.0,0.0,2,0.0,0.0,0.0,0.0,0.0,0.5,0.0,0.0,0.0,,,,,,,,,,,,,0.0,,,0,1,-1,Loss,0,Full Time,,0.0,1.0,25000.0,1.0,1.0,0.0,0.0,0.0,0.0,0.0,0.0,0.0,0.0,0.0,0.0,0.0,0.0,0.0,0.0,0.0,0.0,26.0,26.0,6.435,9.5,6.435,9.5,0.0,0.0,train,tier3
78,1954,Group Stage,1,0,1954-06-16,Charmilles,Brazil,Mexico,1,CONMEBOL,CONCACAF,0,0,0,1,1797.77,1624.03,173.74,0.7311,0.6,0.8,-0.2,1.4,1.0,4.0,4.0,2.0,0.0,0.0,0.0,0.0,1.0,0.0,10.5,1.0,1,4.0,4.0,0.0,3,0.0,0.0,0.0,0.0,0.0,0.5,0.0,0.0,0.0,,,,,,,,,,,,,0.0,,,5,0,5,Win,2,Full Time,,4.0,1.0,13470.0,2.0,3.0,0.0,0.0,0.0,0.0,0.0,0.0,0.0,0.0,0.0,0.0,0.0,0.0,0.0,0.0,0.0,0.0,26.0,26.0,6.435,9.5,6.435,9.5,0.0,0.0,train,tier3
78,1954,Group Stage,1,0,1954-06-16,Charmilles,Mexico,Brazil,0,CONCACAF,CONMEBOL,0,0,0,1,1624.03,1797.77,-173.74,0.2689,0.8,0.6,0.2,4.0,1.0,1.4,2.0,4.0,0.0,0.0,0.0,0.0,0.0,1.0,3.0,0.0,1,4.0,4.0,0.0,3,0.0,0.0,0.0,0.0,0.0,0.5,0.0,0.0,0.0,,,,,,,,,,,,,0.0,,,0,5,-5,Loss,0,Full Time,,0.0,1.0,13470.0,3.0,2.0,0.0,0.0,0.0,0.0,0.0,0.0,0.0,0.0,0.0,0.0,0.0,0.0,0.0,0.0,0.0,0.0,26.0,26.0,6.435,9.5,6.435,9.5,0.0,0.0,train,tier3
79,1954,Group Stage,1,0,1954-06-16,La Pontaise,Yugoslavia,France,1,UEFA,UEFA,1,0,0,1,1791.56,2034.02,-242.46000000000004,0.1985,0.8,0.4,0.4,1.2,0.6,2.6,2.0,3.0,0.0,0.0,0.0,0.0,1.0,0.0,7.0,0.5,0,4.0,4.0,0.0,4,0.0,0.0,0.0,0.0,0.0,0.5,0.0,0.0,0.0,,,,,,,,,,,,,0.0,,,1,0,1,Win,2,Full Time,,1.0,1.0,16000.0,1.0,1.0,0.0,0.0,0.0,0.0,0.0,0.0,0.0,0.0,0.0,0.0,0.0,0.0,0.0,0.0,0.0,0.0,26.0,26.0,6.435,9.5,6.435,9.5,0.0,0.0,train,tier3
79,1954,Group Stage,1,0,1954-06-16,La Pontaise,France,Yugoslavia,0,UEFA,UEFA,1,0,0,1,2034.02,1791.56,242.46000000000004,0.8015,0.4,0.8,-0.4,2.6,2.0,1.2,3.0,2.0,0.0,0.0,0.0,0.0,0.0,1.0,3.33,0.5,0,4.0,4.0,0.0,4,0.0,0.0,0.0,0.0,0.0,0.5,0.0,0.0,0.0,,,,,,,,,,,,,0.0,,,0,1,-1,Loss,0,Full Time,,0.0,1.0,16000.0,1.0,1.0,0.0,0.0,0.0,0.0,0.0,0.0,0.0,0.0,0.0,0.0,0.0,0.0,0.0,0.0,0.0,0.0,26.0,26.0,6.435,9.5,6.435,9.5,0.0,0.0,train,tier3
80,1954,Group Stage,1,0,1954-06-17,Wankdorf Stadium,Germany FR,Turkey,1,UEFA,UEFA,1,0,0,1,1500.0,1920.12,-420.1199999999999,0.0818,0.5,0.6,-0.1,1.5,1.5,1.2,0.0,0.0,0.0,0.0,0.0,0.0,0.0,0.0,0.0,0.5,0,4.0,4.0,0.0,5,0.0,0.0,0.0,0.0,0.0,0.5,0.0,0.0,0.0,,,,,,,,,,,,,0.0,,,4,1,3,Win,2,Full Time,,1.0,1.0,28000.0,1.0,1.0,0.0,0.0,0.0,0.0,0.0,0.0,0.0,0.0,0.0,0.0,0.0,0.0,0.0,0.0,0.0,0.0,26.0,26.0,6.435,9.5,6.435,9.5,0.0,0.0,train,tier3
80,1954,Group Stage,1,0,1954-06-17,Wankdorf Stadium,Turkey,Germany FR,0,UEFA,UEFA,1,0,0,1,1920.12,1500.0,420.1199999999999,0.9182,0.6,0.5,0.1,1.2,1.4,1.5,0.0,0.0,0.0,0.0,0.0,0.0,0.0,0.0,0.0,0.5,0,4.0,4.0,0.0,5,0.0,0.0,0.0,0.0,0.0,0.5,0.0,0.0,0.0,,,,,,,,,,,,,0.0,,,1,4,-3,Loss,0,Full Time,,1.0,1.0,28000.0,1.0,1.0,0.0,0.0,0.0,0.0,0.0,0.0,0.0,0.0,0.0,0.0,0.0,0.0,0.0,0.0,0.0,0.0,26.0,26.0,6.435,9.5,6.435,9.5,0.0,0.0,train,tier3
81,1954,Group Stage,1,0,1954-06-17,Hardturm,Hungary,Korea Republic,1,UEFA,AFC,0,0,0,1,1745.68,1500.0,245.6800000000001,0.8044,0.9,0.5,0.4,3.0,1.4,1.5,2.0,0.0,0.0,0.0,1.0,0.0,1.0,0.0,10.0,0.5,0,4.0,4.0,0.0,6,0.0,0.0,0.0,0.0,0.0,0.5,0.0,0.0,0.0,,,,,,,,,,,,,0.0,,,9,0,9,Win,2,Full Time,,4.0,1.0,13000.0,1.0,5.0,0.0,0.0,0.0,0.0,0.0,0.0,0.0,0.0,0.0,0.0,0.0,0.0,0.0,0.0,0.0,0.0,26.0,26.0,6.435,9.5,6.435,9.5,0.0,0.0,train,tier3
81,1954,Group Stage,1,0,1954-06-17,Hardturm,Korea Republic,Hungary,0,AFC,UEFA,0,0,0,1,1500.0,1745.68,-245.6800000000001,0.1956,0.5,0.9,-0.4,1.5,1.5,3.0,0.0,2.0,0.0,0.0,0.0,1.0,0.0,1.0,0.0,0.5,0,4.0,4.0,0.0,6,0.0,0.0,0.0,0.0,0.0,0.5,0.0,0.0,0.0,,,,,,,,,,,,,0.0,,,0,9,-9,Loss,0,Full Time,,0.0,1.0,13000.0,5.0,1.0,0.0,0.0,0.0,0.0,0.0,0.0,0.0,0.0,0.0,0.0,0.0,0.0,0.0,0.0,0.0,0.0,26.0,26.0,6.435,9.5,6.435,9.5,0.0,0.0,train,tier3
82,1954,Group Stage,1,0,1954-06-17,St. Jakob,England,Belgium,1,UEFA,UEFA,1,0,0,1,1991.02,1861.09,129.93000000000006,0.6787,0.6,0.6,0.0,2.8,2.2,1.6,1.0,3.0,0.0,0.0,0.0,0.0,0.0,0.0,2.0,0.5,0,4.0,4.0,0.0,7,0.0,0.0,0.0,0.0,0.0,0.5,0.0,0.0,0.0,,,,,,,,,,,,,0.0,,,4,4,0,Draw,1,Full Time,,0.0,1.0,14000.0,1.0,1.0,0.0,0.0,0.0,0.0,0.0,0.0,0.0,0.0,0.0,0.0,0.0,0.0,0.0,0.0,0.0,0.0,26.0,26.0,6.435,9.5,6.435,9.5,0.0,0.0,train,tier3
82,1954,Group Stage,1,0,1954-06-17,St. Jakob,Belgium,England,0,UEFA,UEFA,1,0,0,1,1861.09,1991.02,-129.93000000000006,0.3213,0.6,0.6,0.0,1.6,0.6,2.8,3.0,1.0,0.0,0.0,0.0,0.0,0.0,0.0,1.0,0.5,0,4.0,4.0,0.0,7,0.0,0.0,0.0,0.0,0.0,0.5,0.0,0.0,0.0,,,,,,,,,,,,,0.0,,,4,4,0,Draw,1,Full Time,,0.0,1.0,14000.0,1.0,1.0,0.0,0.0,0.0,0.0,0.0,0.0,0.0,0.0,0.0,0.0,0.0,0.0,0.0,0.0,0.0,0.0,26.0,26.0,6.435,9.5,6.435,9.5,0.0,0.0,train,tier3
83,1954,Group Stage,1,0,1954-06-17,La Pontaise,Switzerland,Italy,1,UEFA,UEFA,1,1,0,0,1521.72,1752.53,-230.81,0.2094,0.4,0.6,-0.2,2.4,3.4,2.0,3.0,3.0,0.0,2.0,0.0,2.0,0.0,2.0,4.67,0.5,0,4.0,4.0,0.0,8,0.0,0.0,0.0,0.0,0.0,0.5,0.0,0.0,0.0,,,,,,,,,,,,,0.0,,,2,1,1,Win,2,Full Time,,1.0,1.0,43000.0,1.0,1.0,0.0,0.0,0.0,0.0,0.0,0.0,0.0,0.0,0.0,0.0,0.0,0.0,0.0,0.0,0.0,0.0,26.0,26.0,6.435,9.5,6.435,9.5,0.0,0.0,train,tier3
83,1954,Group Stage,1,0,1954-06-17,La Pontaise,Italy,Switzerland,0,UEFA,UEFA,1,0,1,0,1752.53,1521.72,230.81,0.7906,0.6,0.4,0.2,2.0,1.4,2.4,3.0,3.0,2.0,0.0,2.0,0.0,2.0,0.0,9.0,0.5,0,4.0,4.0,0.0,8,0.0,0.0,0.0,0.0,0.0,0.5,0.0,0.0,0.0,,,,,,,,,,,,,0.0,,,1,2,-1,Loss,0,Full Time,,1.0,1.0,43000.0,1.0,1.0,0.0,0.0,0.0,0.0,0.0,0.0,0.0,0.0,0.0,0.0,0.0,0.0,0.0,0.0,0.0,0.0,26.0,26.0,6.435,9.5,6.435,9.5,0.0,0.0,train,tier3
84,1954,Group Stage,1,0,1954-06-19,St. Jakob,Uruguay,Scotland,1,CONMEBOL,UEFA,0,0,0,1,1871.66,1789.06,82.60000000000014,0.6167,0.6,0.6,0.0,2.8,2.0,1.8,2.0,0.0,2.0,0.0,1.0,0.0,1.0,0.0,15.0,0.5,0,3.0,3.0,0.0,9,1.0,2.0,0.0,2.0,1.0,1.0,2.0,0.0,0.0,,,,,,,,,,,,,0.0,,,7,0,7,Win,2,Full Time,,2.0,1.0,34000.0,2.0,1.0,0.0,0.0,0.0,0.0,0.0,0.0,0.0,0.0,0.0,0.0,0.0,0.0,0.0,0.0,0.0,0.0,26.0,26.0,6.435,9.5,6.435,9.5,0.0,0.0,train,tier3
84,1954,Group Stage,1,0,1954-06-19,St. Jakob,Scotland,Uruguay,0,UEFA,CONMEBOL,0,0,0,1,1789.06,1871.66,-82.60000000000014,0.3833,0.6,0.6,0.0,1.8,1.8,2.8,0.0,2.0,0.0,2.0,0.0,1.0,0.0,1.0,0.0,0.5,0,3.0,3.0,0.0,9,1.0,0.0,1.0,-1.0,0.0,0.0,0.0,0.0,0.0,,,,,,,,,,,,,0.0,,,0,7,-7,Loss,0,Full Time,,0.0,1.0,34000.0,1.0,2.0,0.0,0.0,0.0,0.0,0.0,0.0,0.0,0.0,0.0,0.0,0.0,0.0,0.0,0.0,0.0,0.0,26.0,26.0,6.435,9.5,6.435,9.5,0.0,0.0,train,tier3
85,1954,Group Stage,1,0,1954-06-19,Hardturm,Austria,Czechoslovakia,1,UEFA,UEFA,1,0,0,1,1655.78,1562.12,93.66000000000008,0.6316,0.5,0.5,0.0,1.8,0.8,1.4,1.0,2.0,0.0,0.0,0.0,1.0,1.0,1.0,7.0,0.5,0,3.0,3.0,0.0,10,1.0,1.0,0.0,1.0,1.0,1.0,1.0,0.0,0.0,,,,,,,,,,,,,0.0,,,5,0,5,Win,2,Full Time,,4.0,1.0,26000.0,1.0,1.0,0.0,0.0,0.0,0.0,0.0,0.0,0.0,0.0,0.0,0.0,0.0,0.0,0.0,0.0,0.0,0.0,26.0,26.0,6.435,9.5,6.435,9.5,0.0,0.0,train,tier3
85,1954,Group Stage,1,0,1954-06-19,Hardturm,Czechoslovakia,Austria,0,UEFA,UEFA,1,0,0,1,1562.12,1655.78,-93.66000000000008,0.3684,0.5,0.5,0.0,1.4,1.6,1.8,2.0,1.0,0.0,0.0,1.0,0.0,1.0,1.0,7.0,0.5,0,3.0,3.0,0.0,10,1.0,0.0,2.0,-2.0,0.0,0.0,0.0,0.0,0.0,,,,,,,,,,,,,0.0,,,0,5,-5,Loss,0,Full Time,,0.0,1.0,26000.0,1.0,1.0,0.0,0.0,0.0,0.0,0.0,0.0,0.0,0.0,0.0,0.0,0.0,0.0,0.0,0.0,0.0,0.0,26.0,26.0,6.435,9.5,6.435,9.5,0.0,0.0,train,tier3
86,1954,Group Stage,1,0,1954-06-19,Charmilles,France,Mexico,1,UEFA,CONCACAF,0,0,0,1,1575.82,1607.9,-32.080000000000155,0.454,0.5,0.8,-0.3,3.0,2.0,3.8,3.0,2.0,0.0,0.0,0.0,0.0,0.0,0.0,3.33,1.0,1,3.0,3.0,0.0,11,1.0,0.0,1.0,-1.0,0.0,0.0,0.0,0.0,0.0,,,,,,,,,,,,,0.0,,,3,2,1,Win,2,Full Time,,1.0,1.0,19000.0,1.0,3.0,0.0,0.0,0.0,0.0,0.0,0.0,0.0,0.0,0.0,0.0,0.0,0.0,0.0,0.0,0.0,0.0,26.0,26.0,6.435,9.5,6.435,9.5,0.0,0.0,train,tier3
86,1954,Group Stage,1,0,1954-06-19,Charmilles,Mexico,France,0,CONCACAF,UEFA,0,0,0,1,1607.9,1575.82,32.080000000000155,0.546,0.8,0.5,0.3,3.8,0.8,3.0,2.0,3.0,0.0,0.0,0.0,0.0,0.0,0.0,3.0,0.0,1,3.0,3.0,0.0,11,1.0,0.0,5.0,-5.0,0.0,0.0,0.0,0.0,0.0,,,,,,,,,,,,,0.0,,,2,3,-1,Loss,0,Full Time,,0.0,1.0,19000.0,3.0,1.0,0.0,0.0,0.0,0.0,0.0,0.0,0.0,0.0,0.0,0.0,0.0,0.0,0.0,0.0,0.0,0.0,26.0,26.0,6.435,9.5,6.435,9.5,0.0,0.0,train,tier3
87,1954,Group Stage,1,0,1954-06-19,La Pontaise,Brazil,Yugoslavia,1,CONMEBOL,UEFA,0,0,0,1,1813.9,1735.42,78.48000000000002,0.6111,0.8,0.8,0.0,2.0,0.8,0.8,4.0,2.0,0.0,0.0,0.0,0.0,1.0,1.0,10.5,0.5,2,3.0,3.0,0.0,12,1.0,5.0,0.0,5.0,1.0,1.0,5.0,0.0,0.0,,,,,,,,,,,,,0.0,,,1,1,0,Draw,1,Full Time,,0.0,1.0,24637.0,2.0,1.0,0.0,0.0,0.0,0.0,0.0,0.0,0.0,0.0,0.0,0.0,0.0,0.0,0.0,0.0,0.0,0.0,26.0,26.0,6.435,9.5,6.435,9.5,0.0,0.0,train,tier3
87,1954,Group Stage,1,0,1954-06-19,La Pontaise,Yugoslavia,Brazil,0,UEFA,CONMEBOL,0,0,0,1,1735.42,1813.9,-78.48000000000002,0.3889,0.8,0.8,0.0,0.8,0.4,2.0,2.0,4.0,0.0,0.0,0.0,0.0,1.0,1.0,7.0,0.5,2,3.0,3.0,0.0,12,1.0,1.0,0.0,1.0,1.0,1.0,1.0,0.0,0.0,,,,,,,,,,,,,0.0,,,1,1,0,Draw,1,Full Time,,0.0,1.0,24637.0,1.0,2.0,0.0,0.0,0.0,0.0,0.0,0.0,0.0,0.0,0.0,0.0,0.0,0.0,0.0,0.0,0.0,0.0,26.0,26.0,6.435,9.5,6.435,9.5,0.0,0.0,train,tier3
88,1954,Group Stage,1,0,1954-06-20,St. Jakob,Hungary,Germany FR,1,UEFA,UEFA,1,0,0,1,1745.68,1500.0,245.6800000000001,0.8044,0.9,0.5,0.4,3.8,1.2,1.5,2.0,0.0,0.0,0.0,1.0,0.0,1.0,0.0,10.0,0.5,0,3.0,3.0,0.0,13,1.0,9.0,0.0,9.0,1.0,1.0,9.0,0.0,0.0,,,,,,,,,,,,,0.0,,,8,3,5,Win,2,Full Time,,3.0,1.0,56000.0,1.0,1.0,0.0,0.0,0.0,0.0,0.0,0.0,0.0,0.0,0.0,0.0,0.0,0.0,0.0,0.0,0.0,0.0,26.0,26.0,6.435,9.5,6.435,9.5,0.0,0.0,train,tier3
88,1954,Group Stage,1,0,1954-06-20,St. Jakob,Germany FR,Hungary,0,UEFA,UEFA,1,0,0,1,1500.0,1745.68,-245.6800000000001,0.1956,0.5,0.9,-0.4,1.5,1.5,3.8,0.0,2.0,0.0,0.0,0.0,1.0,0.0,1.0,0.0,0.5,0,3.0,3.0,0.0,13,1.0,4.0,1.0,3.0,1.0,1.0,4.0,0.0,0.0,,,,,,,,,,,,,0.0,,,3,8,-5,Loss,0,Full Time,,1.0,1.0,56000.0,1.0,1.0,0.0,0.0,0.0,0.0,0.0,0.0,0.0,0.0,0.0,0.0,0.0,0.0,0.0,0.0,0.0,0.0,26.0,26.0,6.435,9.5,6.435,9.5,0.0,0.0,train,tier3
89,1954,Group Stage,1,0,1954-06-20,Charmilles,Turkey,Korea Republic,1,UEFA,AFC,0,0,0,1,1920.12,1500.0,420.1199999999999,0.9182,0.6,0.5,0.1,1.6,1.8,1.5,0.0,0.0,0.0,0.0,0.0,0.0,0.0,0.0,0.0,0.5,0,3.0,3.0,0.0,14,1.0,1.0,4.0,-3.0,0.0,0.0,1.0,0.0,0.0,,,,,,,,,,,,,0.0,,,7,0,7,Win,2,Full Time,,4.0,1.0,4000.0,1.0,5.0,0.0,0.0,0.0,0.0,0.0,0.0,0.0,0.0,0.0,0.0,0.0,0.0,0.0,0.0,0.0,0.0,26.0,26.0,6.435,9.5,6.435,9.5,0.0,0.0,train,tier3
89,1954,Group Stage,1,0,1954-06-20,Charmilles,Korea Republic,Turkey,0,AFC,UEFA,0,0,0,1,1500.0,1920.12,-420.1199999999999,0.0818,0.5,0.6,-0.1,1.5,1.5,1.6,0.0,0.0,0.0,0.0,0.0,0.0,0.0,0.0,0.0,0.5,0,3.0,3.0,0.0,14,1.0,0.0,9.0,-9.0,0.0,0.0,0.0,0.0,0.0,,,,,,,,,,,,,0.0,,,0,7,-7,Loss,0,Full Time,,0.0,1.0,4000.0,5.0,1.0,0.0,0.0,0.0,0.0,0.0,0.0,0.0,0.0,0.0,0.0,0.0,0.0,0.0,0.0,0.0,0.0,26.0,26.0,6.435,9.5,6.435,9.5,0.0,0.0,train,tier3
90,1954,Group Stage,1,0,1954-06-20,Wankdorf Stadium,England,Switzerland,1,UEFA,UEFA,1,0,1,1,1991.02,1872.59,118.43000000000006,0.6641,0.4,0.6,-0.2,2.2,3.4,3.0,1.0,3.0,0.0,0.0,0.0,0.0,0.0,0.0,2.0,0.5,0,3.0,3.0,0.0,15,1.0,4.0,4.0,0.0,0.0,0.0,4.0,0.0,0.0,,,,,,,,,,,,,0.0,,,2,0,2,Win,2,Full Time,,1.0,1.0,43500.0,1.0,1.0,0.0,0.0,0.0,0.0,0.0,0.0,0.0,0.0,0.0,0.0,0.0,0.0,0.0,0.0,0.0,0.0,26.0,26.0,6.435,9.5,6.435,9.5,0.0,0.0,train,tier3
90,1954,Group Stage,1,0,1954-06-20,Wankdorf Stadium,Switzerland,England,0,UEFA,UEFA,1,1,0,1,1872.59,1991.02,-118.43000000000006,0.3359,0.6,0.4,0.2,3.0,2.6,2.2,3.0,1.0,0.0,0.0,0.0,0.0,0.0,0.0,4.67,0.5,0,3.0,3.0,0.0,15,1.0,2.0,1.0,1.0,1.0,1.0,2.0,0.0,0.0,,,,,,,,,,,,,0.0,,,0,2,-2,Loss,0,Full Time,,0.0,1.0,43500.0,1.0,1.0,0.0,0.0,0.0,0.0,0.0,0.0,0.0,0.0,0.0,0.0,0.0,0.0,0.0,0.0,0.0,0.0,26.0,26.0,6.435,9.5,6.435,9.5,0.0,0.0,train,tier3
91,1954,Group Stage,1,0,1954-06-20,Comunale di Cornaredo,Italy,Belgium,1,UEFA,UEFA,1,0,0,1,1853.8,1861.09,-7.289999999999964,0.4895,0.8,0.7,0.1,2.6,1.2,2.2,3.0,3.0,2.0,0.0,2.0,0.0,2.0,0.0,9.0,0.5,0,3.0,3.0,0.0,16,1.0,1.0,2.0,-1.0,0.0,0.0,1.0,0.0,0.0,,,,,,,,,,,,,0.0,,,4,1,3,Win,2,Full Time,,1.0,1.0,24000.0,1.0,1.0,0.0,0.0,0.0,0.0,0.0,0.0,0.0,0.0,0.0,0.0,0.0,0.0,0.0,0.0,0.0,0.0,26.0,26.0,6.435,9.5,6.435,9.5,0.0,0.0,train,tier3
91,1954,Group Stage,1,0,1954-06-20,Comunale di Cornaredo,Belgium,Italy,0,UEFA,UEFA,1,0,0,1,1861.09,1853.8,7.289999999999964,0.5105,0.7,0.8,-0.1,2.2,1.0,2.6,3.0,3.0,0.0,2.0,0.0,2.0,0.0,2.0,1.0,0.5,0,3.0,3.0,0.0,16,1.0,4.0,4.0,0.0,0.0,0.0,4.0,0.0,0.0,,,,,,,,,,,,,0.0,,,1,4,-3,Loss,0,Full Time,,0.0,1.0,24000.0,1.0,1.0,0.0,0.0,0.0,0.0,0.0,0.0,0.0,0.0,0.0,0.0,0.0,0.0,0.0,0.0,0.0,0.0,26.0,26.0,6.435,9.5,6.435,9.5,0.0,0.0,train,tier3
92,1954,Group Stage,1,0,1954-06-23,Hardturm,Germany FR,Turkey,1,UEFA,UEFA,1,0,0,1,1500.0,1920.12,-420.1199999999999,0.0818,0.5,0.4,0.1,1.5,1.5,1.4,0.0,0.0,0.0,0.0,0.0,0.0,0.0,0.0,0.0,0.5,0,3.0,3.0,0.0,17,2.0,7.0,9.0,-2.0,1.0,0.5,3.5,0.0,0.0,,,,,,,,,,,,,0.0,,,7,2,5,Win,2,Full Time,,3.0,1.0,17000.0,1.0,1.0,0.0,0.0,0.0,0.0,0.0,0.0,0.0,0.0,0.0,0.0,0.0,0.0,0.0,0.0,0.0,0.0,26.0,26.0,6.435,9.5,6.435,9.5,0.0,0.0,train,tier3
92,1954,Group Stage,1,0,1954-06-23,Hardturm,Turkey,Germany FR,0,UEFA,UEFA,1,0,0,1,1920.12,1500.0,420.1199999999999,0.9182,0.4,0.5,-0.1,1.4,2.4,1.5,0.0,0.0,0.0,0.0,0.0,0.0,0.0,0.0,0.0,0.5,0,3.0,3.0,0.0,17,2.0,8.0,4.0,4.0,1.0,0.5,4.0,0.0,0.0,,,,,,,,,,,,,0.0,,,2,7,-5,Loss,0,Full Time,,1.0,1.0,17000.0,1.0,1.0,0.0,0.0,0.0,0.0,0.0,0.0,0.0,0.0,0.0,0.0,0.0,0.0,0.0,0.0,0.0,0.0,26.0,26.0,6.435,9.5,6.435,9.5,0.0,0.0,train,tier3
93,1954,Group Stage,1,0,1954-06-23,St. Jakob,Switzerland,Italy,1,UEFA,UEFA,1,1,0,0,1548.78,1725.51,-176.73000000000002,0.2655,0.6,0.8,-0.2,2.6,2.4,2.8,3.0,3.0,0.0,2.0,0.0,2.0,0.0,2.0,4.67,1.0,1,3.0,3.0,0.0,18,2.0,2.0,3.0,-1.0,1.0,0.5,1.0,0.0,0.0,,,,,,,,,,,,,0.0,,,4,1,3,Win,2,Full Time,,1.0,1.0,30000.0,1.0,1.0,0.0,0.0,0.0,0.0,0.0,0.0,0.0,0.0,0.0,0.0,0.0,0.0,0.0,0.0,0.0,0.0,26.0,26.0,6.435,9.5,6.435,9.5,0.0,0.0,train,tier3
93,1954,Group Stage,1,0,1954-06-23,St. Jakob,Italy,Switzerland,0,UEFA,UEFA,1,0,1,0,1725.51,1548.78,176.73000000000002,0.7345,0.8,0.6,0.2,2.8,1.0,2.6,3.0,3.0,2.0,0.0,2.0,0.0,2.0,0.0,9.0,0.0,1,3.0,3.0,0.0,18,2.0,5.0,3.0,2.0,1.0,0.5,2.5,0.0,0.0,,,,,,,,,,,,,0.0,,,1,4,-3,Loss,0,Full Time,,0.0,1.0,30000.0,1.0,1.0,0.0,0.0,0.0,0.0,0.0,0.0,0.0,0.0,0.0,0.0,0.0,0.0,0.0,0.0,0.0,0.0,26.0,26.0,6.435,9.5,6.435,9.5,0.0,0.0,train,tier3
94,1954,Quarter-final,3,1,1954-06-26,St. Jakob,Uruguay,England,1,CONMEBOL,UEFA,0,0,0,1,1871.66,1991.02,-119.3599999999999,0.3347,0.6,0.3,0.3,2.8,1.8,2.4,2.0,1.0,2.0,0.0,1.0,0.0,1.0,0.0,15.0,0.5,0,7.0,6.0,1.0,19,2.0,9.0,0.0,9.0,2.0,1.0,4.5,0.0,0.0,,,,,,,,,,,,,0.0,,,4,2,2,Win,2,Full Time,,2.0,1.0,28000.0,2.0,1.0,0.0,0.0,0.0,0.0,0.0,0.0,0.0,0.0,0.0,0.0,0.0,0.0,0.0,0.0,0.0,0.0,26.0,26.0,6.435,9.5,6.435,9.5,0.0,0.0,train,tier3
94,1954,Quarter-final,3,1,1954-06-26,St. Jakob,England,Uruguay,0,UEFA,CONMEBOL,0,0,0,1,1991.02,1871.66,119.3599999999999,0.6653,0.3,0.6,-0.3,2.4,4.0,2.8,1.0,2.0,0.0,2.0,0.0,1.0,0.0,1.0,2.0,0.5,0,6.0,7.0,-1.0,19,2.0,6.0,4.0,2.0,1.0,0.5,3.0,0.0,0.0,,,,,,,,,,,,,0.0,,,2,4,-2,Loss,0,Full Time,,1.0,1.0,28000.0,1.0,2.0,0.0,0.0,0.0,0.0,0.0,0.0,0.0,0.0,0.0,0.0,0.0,0.0,0.0,0.0,0.0,0.0,26.0,26.0,6.435,9.5,6.435,9.5,0.0,0.0,train,tier3
95,1954,Quarter-final,3,1,1954-06-26,La Pontaise,Austria,Switzerland,1,UEFA,UEFA,1,0,1,1,1817.17,1872.59,-55.419999999999845,0.4209,0.7,0.5,0.2,1.6,0.2,2.2,1.0,3.0,0.0,0.0,0.0,0.0,1.0,0.0,7.0,0.5,0,7.0,3.0,4.0,20,2.0,6.0,0.0,6.0,2.0,1.0,3.0,0.0,0.0,,,,,,,,,,,,,0.0,,,7,5,2,Win,2,Full Time,,5.0,1.0,35000.0,1.0,1.0,0.0,0.0,0.0,0.0,0.0,0.0,0.0,0.0,0.0,0.0,0.0,0.0,0.0,0.0,0.0,0.0,26.0,26.0,6.435,9.5,6.435,9.5,0.0,0.0,train,tier3
95,1954,Quarter-final,3,1,1954-06-26,La Pontaise,Switzerland,Austria,0,UEFA,UEFA,1,1,0,1,1872.59,1817.17,55.419999999999845,0.5791,0.5,0.7,-0.2,2.2,2.4,1.6,3.0,1.0,0.0,0.0,0.0,0.0,0.0,1.0,4.67,0.5,0,3.0,7.0,-4.0,20,3.0,6.0,4.0,2.0,2.0,0.667,2.0,0.0,0.0,,,,,,,,,,,,,0.0,,,5,7,-2,Loss,0,Full Time,,4.0,1.0,35000.0,1.0,1.0,0.0,0.0,0.0,0.0,0.0,0.0,0.0,0.0,0.0,0.0,0.0,0.0,0.0,0.0,0.0,0.0,26.0,26.0,6.435,9.5,6.435,9.5,0.0,0.0,train,tier3
96,1954,Quarter-final,3,1,1954-06-27,Charmilles,Germany FR,Yugoslavia,1,UEFA,UEFA,1,0,0,1,1500.0,1791.56,-291.55999999999995,0.1573,0.5,0.8,-0.3,1.5,1.5,0.8,0.0,2.0,0.0,0.0,0.0,0.0,0.0,1.0,0.0,0.5,0,4.0,8.0,-4.0,21,3.0,14.0,11.0,3.0,2.0,0.667,4.667,0.0,0.0,,,,,,,,,,,,,0.0,,,2,0,2,Win,2,Full Time,,1.0,1.0,17000.0,1.0,1.0,0.0,0.0,0.0,0.0,0.0,0.0,0.0,0.0,0.0,0.0,0.0,0.0,0.0,0.0,0.0,0.0,26.0,26.0,6.435,9.5,6.435,9.5,0.0,0.0,train,tier3
96,1954,Quarter-final,3,1,1954-06-27,Charmilles,Yugoslavia,Germany FR,0,UEFA,UEFA,1,0,0,1,1791.56,1500.0,291.55999999999995,0.8427,0.8,0.5,0.3,0.8,0.4,1.5,2.0,0.0,0.0,0.0,0.0,0.0,1.0,0.0,7.0,0.5,0,8.0,4.0,4.0,21,2.0,2.0,1.0,1.0,1.0,0.5,1.0,0.0,0.0,,,,,,,,,,,,,0.0,,,0,2,-2,Loss,0,Full Time,,0.0,1.0,17000.0,1.0,1.0,0.0,0.0,0.0,0.0,0.0,0.0,0.0,0.0,0.0,0.0,0.0,0.0,0.0,0.0,0.0,0.0,26.0,26.0,6.435,9.5,6.435,9.5,0.0,0.0,train,tier3
97,1954,Quarter-final,3,1,1954-06-27,Wankdorf Stadium,Hungary,Brazil,1,UEFA,CONMEBOL,0,0,0,1,1745.68,1930.75,-185.07,0.2563,1.0,1.0,0.0,5.2,0.8,2.6,2.0,4.0,0.0,0.0,1.0,0.0,1.0,1.0,10.0,0.5,0,7.0,8.0,-1.0,22,2.0,17.0,3.0,14.0,2.0,1.0,8.5,0.0,0.0,,,,,,,,,,,,,0.0,,,4,2,2,Win,2,Full Time,,2.0,1.0,40000.0,1.0,2.0,0.0,0.0,0.0,0.0,0.0,0.0,0.0,0.0,0.0,0.0,0.0,0.0,0.0,0.0,0.0,0.0,26.0,26.0,6.435,9.5,6.435,9.5,0.0,0.0,train,tier3
97,1954,Quarter-final,3,1,1954-06-27,Wankdorf Stadium,Brazil,Hungary,0,CONMEBOL,UEFA,0,0,0,1,1930.75,1745.68,185.07,0.7437,1.0,1.0,0.0,2.6,0.2,5.2,4.0,2.0,0.0,0.0,0.0,1.0,1.0,1.0,10.5,0.5,0,8.0,7.0,1.0,22,2.0,6.0,1.0,5.0,1.0,0.5,3.0,0.0,0.0,,,,,,,,,,,,,0.0,,,2,4,-2,Loss,0,Full Time,,1.0,1.0,40000.0,2.0,1.0,0.0,0.0,0.0,0.0,0.0,0.0,0.0,0.0,0.0,0.0,0.0,0.0,0.0,0.0,0.0,0.0,26.0,26.0,6.435,9.5,6.435,9.5,0.0,0.0,train,tier3
98,1954,Semi-final,4,1,1954-06-30,St. Jakob,Germany FR,Austria,1,UEFA,UEFA,1,0,0,1,1500.0,1817.17,-317.1700000000001,0.1387,0.5,0.8,-0.3,1.5,1.5,2.6,0.0,1.0,0.0,0.0,0.0,0.0,0.0,1.0,0.0,0.5,0,3.0,4.0,-1.0,23,4.0,16.0,11.0,5.0,3.0,0.75,4.0,0.0,0.0,,,,,,,,,,,,,0.0,,,6,1,5,Win,2,Full Time,,1.0,1.0,58000.0,1.0,1.0,0.0,0.0,0.0,0.0,0.0,0.0,0.0,0.0,0.0,0.0,0.0,0.0,0.0,0.0,0.0,0.0,26.0,26.0,6.435,9.5,6.435,9.5,0.0,0.0,train,tier3
98,1954,Semi-final,4,1,1954-06-30,St. Jakob,Austria,Germany FR,0,UEFA,UEFA,1,0,0,1,1817.17,1500.0,317.1700000000001,0.8613,0.8,0.5,0.3,2.6,0.2,1.5,1.0,0.0,0.0,0.0,0.0,0.0,1.0,0.0,7.0,0.5,0,4.0,3.0,1.0,23,3.0,13.0,5.0,8.0,3.0,1.0,4.333,0.0,0.0,,,,,,,,,,,,,0.0,,,1,6,-5,Loss,0,Full Time,,0.0,1.0,58000.0,1.0,1.0,0.0,0.0,0.0,0.0,0.0,0.0,0.0,0.0,0.0,0.0,0.0,0.0,0.0,0.0,0.0,0.0,26.0,26.0,6.435,9.5,6.435,9.5,0.0,0.0,train,tier3
99,1954,Semi-final,4,1,1954-06-30,La Pontaise,Hungary,Uruguay,1,UEFA,CONMEBOL,0,0,0,1,1839.73,1731.1,108.63000000000012,0.6514,1.0,0.8,0.2,5.6,0.8,4.0,2.0,2.0,0.0,2.0,1.0,1.0,1.0,1.0,10.0,0.5,0,3.0,4.0,-1.0,24,3.0,21.0,5.0,16.0,3.0,1.0,7.0,0.0,0.0,,,,,,,,,,,,,0.0,,,4,2,2,Win,2,Extra Time,,0.0,1.0,45000.0,1.0,2.0,0.0,0.0,0.0,0.0,0.0,0.0,0.0,0.0,0.0,0.0,0.0,0.0,0.0,0.0,0.0,0.0,26.0,26.0,6.435,9.5,6.435,9.5,0.0,0.0,train,tier3
99,1954,Semi-final,4,1,1954-06-30,La Pontaise,Uruguay,Hungary,0,CONMEBOL,UEFA,0,0,0,1,1731.1,1839.73,-108.63000000000012,0.3486,0.8,1.0,-0.2,4.0,1.0,5.6,2.0,2.0,2.0,0.0,1.0,1.0,1.0,1.0,15.0,0.5,0,4.0,3.0,1.0,24,3.0,13.0,2.0,11.0,3.0,1.0,4.333,0.0,0.0,,,,,,,,,,,,,0.0,,,2,4,-2,Loss,0,Extra Time,,0.0,1.0,45000.0,2.0,1.0,0.0,0.0,0.0,0.0,0.0,0.0,0.0,0.0,0.0,0.0,0.0,0.0,0.0,0.0,0.0,0.0,26.0,26.0,6.435,9.5,6.435,9.5,0.0,0.0,train,tier3
100,1954,Third Place,4,1,1954-07-03,Hardturm,Austria,Uruguay,1,UEFA,CONMEBOL,0,0,0,1,1675.65,1710.19,-34.539999999999964,0.4505,1.0,0.9,0.1,4.0,1.0,4.6,1.0,2.0,0.0,2.0,0.0,1.0,1.0,1.0,7.0,0.5,0,3.0,3.0,0.0,25,4.0,14.0,11.0,3.0,3.0,0.75,3.5,0.0,0.0,,,,,,,,,,,,,0.0,,,3,1,2,Win,2,Full Time,,1.0,1.0,32000.0,1.0,2.0,0.0,0.0,0.0,0.0,0.0,0.0,0.0,0.0,0.0,0.0,0.0,0.0,0.0,0.0,0.0,0.0,26.0,26.0,6.435,9.5,6.435,9.5,0.0,0.0,train,tier3
100,1954,Third Place,4,1,1954-07-03,Hardturm,Uruguay,Austria,0,CONMEBOL,UEFA,0,0,0,1,1710.19,1675.65,34.539999999999964,0.5495,0.9,1.0,-0.1,4.6,1.2,4.0,2.0,1.0,2.0,0.0,1.0,0.0,1.0,1.0,15.0,0.5,0,3.0,3.0,0.0,25,4.0,15.0,6.0,9.0,3.0,0.75,3.75,0.0,0.0,,,,,,,,,,,,,0.0,,,1,3,-2,Loss,0,Full Time,,1.0,1.0,32000.0,2.0,1.0,0.0,0.0,0.0,0.0,0.0,0.0,0.0,0.0,0.0,0.0,0.0,0.0,0.0,0.0,0.0,0.0,26.0,26.0,6.435,9.5,6.435,9.5,0.0,0.0,train,tier3
101,1954,Final,5,1,1954-07-04,Wankdorf Stadium,Germany FR,Hungary,1,UEFA,UEFA,1,0,0,1,1500.0,1745.68,-245.6800000000001,0.1956,0.5,1.0,-0.5,1.5,1.5,5.8,0.0,2.0,0.0,0.0,0.0,1.0,0.0,1.0,0.0,0.5,0,4.0,4.0,0.0,26,5.0,22.0,12.0,10.0,4.0,0.8,4.4,0.0,0.0,,,,,,,,,,,,,0.0,,,3,2,1,Win,2,Full Time,,2.0,1.0,62500.0,1.0,1.0,0.0,0.0,0.0,0.0,0.0,0.0,0.0,0.0,0.0,0.0,0.0,0.0,0.0,0.0,0.0,0.0,26.0,26.0,6.435,9.5,6.435,9.5,0.0,0.0,train,tier3
101,1954,Final,5,1,1954-07-04,Wankdorf Stadium,Hungary,Germany FR,0,UEFA,UEFA,1,0,0,1,1745.68,1500.0,245.6800000000001,0.8044,1.0,0.5,0.5,5.8,1.2,1.5,2.0,0.0,0.0,0.0,1.0,0.0,1.0,0.0,10.0,0.5,0,4.0,4.0,0.0,26,4.0,25.0,7.0,18.0,4.0,1.0,6.25,0.0,0.0,,,,,,,,,,,,,0.0,,,2,3,-1,Loss,0,Full Time,,2.0,1.0,62500.0,1.0,1.0,0.0,0.0,0.0,0.0,0.0,0.0,0.0,0.0,0.0,0.0,0.0,0.0,0.0,0.0,0.0,0.0,26.0,26.0,6.435,9.5,6.435,9.5,0.0,0.0,train,tier3
102,1958,Group Stage,1,0,1958-06-08,Rasunda Stadium,Sweden,Mexico,1,UEFA,CONCACAF,0,1,0,0,1601.7,1684.22,-82.51999999999998,0.3834,0.8,1.0,-0.2,3.4,1.2,4.0,3.0,3.0,0.0,0.0,0.0,0.0,1.0,0.0,8.67,0.5,0,4.0,4.0,0.0,1,0.0,0.0,0.0,0.0,0.0,0.5,0.0,0.0,0.0,,,,,,,,,,,,,0.0,,,3,0,3,Win,2,Full Time,,1.0,1.0,34107.0,1.0,3.0,0.0,0.0,0.0,0.0,0.0,0.0,0.0,0.0,0.0,0.0,0.0,0.0,0.0,0.0,0.0,0.0,26.0,26.0,6.435,9.5,6.435,9.5,0.0,0.0,train,tier3
102,1958,Group Stage,1,0,1958-06-08,Rasunda Stadium,Mexico,Sweden,0,CONCACAF,UEFA,0,0,1,0,1684.22,1601.7,82.51999999999998,0.6166,1.0,0.8,0.2,4.0,0.4,3.4,3.0,3.0,0.0,0.0,0.0,0.0,0.0,1.0,2.67,0.5,0,4.0,4.0,0.0,1,0.0,0.0,0.0,0.0,0.0,0.5,0.0,0.0,0.0,,,,,,,,,,,,,0.0,,,0,3,-3,Loss,0,Full Time,,0.0,1.0,34107.0,3.0,1.0,0.0,0.0,0.0,0.0,0.0,0.0,0.0,0.0,0.0,0.0,0.0,0.0,0.0,0.0,0.0,0.0,26.0,26.0,6.435,9.5,6.435,9.5,0.0,0.0,train,tier3
103,1958,Group Stage,1,0,1958-06-08,Nya Ullevi,Soviet Union,England,1,UEFA,UEFA,1,0,0,1,1500.0,1991.02,-491.02,0.0559,0.5,0.6,-0.1,1.5,1.5,2.4,0.0,2.0,0.0,0.0,0.0,0.0,0.0,0.0,0.0,0.5,0,4.0,4.0,0.0,2,0.0,0.0,0.0,0.0,0.0,0.5,0.0,0.0,0.0,,,,,,,,,,,,,0.0,,,2,2,0,Draw,1,Full Time,,1.0,1.0,49348.0,1.0,1.0,0.0,0.0,0.0,0.0,0.0,0.0,0.0,0.0,0.0,0.0,0.0,0.0,0.0,0.0,0.0,0.0,26.0,26.0,6.435,9.5,6.435,9.5,0.0,0.0,train,tier3
103,1958,Group Stage,1,0,1958-06-08,Nya Ullevi,England,Soviet Union,0,UEFA,UEFA,1,0,0,1,1991.02,1500.0,491.02,0.9441,0.6,0.5,0.1,2.4,1.8,1.5,2.0,0.0,0.0,0.0,0.0,0.0,0.0,0.0,5.0,0.5,0,4.0,4.0,0.0,2,0.0,0.0,0.0,0.0,0.0,0.5,0.0,0.0,0.0,,,,,,,,,,,,,0.0,,,2,2,0,Draw,1,Full Time,,0.0,1.0,49348.0,1.0,1.0,0.0,0.0,0.0,0.0,0.0,0.0,0.0,0.0,0.0,0.0,0.0,0.0,0.0,0.0,0.0,0.0,26.0,26.0,6.435,9.5,6.435,9.5,0.0,0.0,train,tier3
104,1958,Group Stage,1,0,1958-06-08,Malmo Stadion,Argentina,Germany FR,1,CONMEBOL,UEFA,0,0,0,1,2040.35,1500.0,540.3499999999999,0.9573,0.6,0.5,0.1,2.0,0.4,1.5,2.0,1.0,0.0,1.0,1.0,1.0,1.0,1.0,10.0,0.5,0,4.0,4.0,0.0,3,0.0,0.0,0.0,0.0,0.0,0.5,0.0,0.0,0.0,,,,,,,,,,,,,0.0,,,1,3,-2,Loss,0,Full Time,,1.0,1.0,31156.0,2.0,1.0,0.0,0.0,0.0,0.0,0.0,0.0,0.0,0.0,0.0,0.0,0.0,0.0,0.0,0.0,0.0,0.0,26.0,26.0,6.435,9.5,6.435,9.5,0.0,0.0,train,tier3
104,1958,Group Stage,1,0,1958-06-08,Malmo Stadion,Germany FR,Argentina,0,UEFA,CONMEBOL,0,0,0,1,1500.0,2040.35,-540.3499999999999,0.0427,0.5,0.6,-0.1,1.5,1.5,2.0,1.0,2.0,1.0,0.0,1.0,1.0,1.0,1.0,25.0,0.5,0,4.0,4.0,0.0,3,0.0,0.0,0.0,0.0,0.0,0.5,0.0,0.0,0.0,,,,,,,,,,,,,0.0,,,3,1,2,Win,2,Full Time,,2.0,1.0,31156.0,1.0,2.0,0.0,0.0,0.0,0.0,0.0,0.0,0.0,0.0,0.0,0.0,0.0,0.0,0.0,0.0,0.0,0.0,26.0,26.0,6.435,9.5,6.435,9.5,0.0,0.0,train,tier3
105,1958,Group Stage,1,0,1958-06-08,Jarnvallen,Hungary,Wales,1,UEFA,UEFA,1,0,0,1,1779.13,1524.26,254.8700000000001,0.8126,0.6,0.7,-0.1,2.0,0.6,1.8,3.0,0.0,0.0,0.0,2.0,0.0,2.0,0.0,15.67,0.5,0,4.0,4.0,0.0,4,0.0,0.0,0.0,0.0,0.0,0.5,0.0,0.0,0.0,,,,,,,,,,,,,0.0,,,1,1,0,Draw,1,Full Time,,1.0,1.0,15343.0,1.0,1.0,0.0,0.0,0.0,0.0,0.0,0.0,0.0,0.0,0.0,0.0,0.0,0.0,0.0,0.0,0.0,0.0,26.0,26.0,6.435,9.5,6.435,9.5,0.0,0.0,train,tier3
105,1958,Group Stage,1,0,1958-06-08,Jarnvallen,Wales,Hungary,0,UEFA,UEFA,1,0,0,1,1524.26,1779.13,-254.8700000000001,0.1874,0.7,0.6,0.1,1.8,1.2,2.0,0.0,3.0,0.0,0.0,0.0,2.0,0.0,2.0,0.0,0.5,0,4.0,4.0,0.0,4,0.0,0.0,0.0,0.0,0.0,0.5,0.0,0.0,0.0,,,,,,,,,,,,,0.0,,,1,1,0,Draw,1,Full Time,,1.0,1.0,15343.0,1.0,1.0,0.0,0.0,0.0,0.0,0.0,0.0,0.0,0.0,0.0,0.0,0.0,0.0,0.0,0.0,0.0,0.0,26.0,26.0,6.435,9.5,6.435,9.5,0.0,0.0,train,tier3
106,1958,Group Stage,1,0,1958-06-08,Idrottsparken,France,Paraguay,1,UEFA,CONMEBOL,0,0,0,1,1656.74,1576.89,79.84999999999991,0.6129,0.3,0.3,0.0,0.8,2.0,1.2,4.0,2.0,0.0,0.0,0.0,0.0,0.0,0.0,3.25,0.5,0,4.0,4.0,0.0,5,0.0,0.0,0.0,0.0,0.0,0.5,0.0,0.0,0.0,,,,,,,,,,,,,0.0,,,7,3,4,Win,2,Full Time,,2.0,1.0,16518.0,1.0,2.0,0.0,0.0,0.0,0.0,0.0,0.0,0.0,0.0,0.0,0.0,0.0,0.0,0.0,0.0,0.0,0.0,26.0,26.0,6.435,9.5,6.435,9.5,0.0,0.0,train,tier3
106,1958,Group Stage,1,0,1958-06-08,Idrottsparken,Paraguay,France,0,CONMEBOL,UEFA,0,0,0,1,1576.89,1656.74,-79.84999999999991,0.3871,0.3,0.3,0.0,1.2,2.4,0.8,2.0,4.0,0.0,0.0,0.0,0.0,0.0,0.0,1.5,0.5,0,4.0,4.0,0.0,5,0.0,0.0,0.0,0.0,0.0,0.5,0.0,0.0,0.0,,,,,,,,,,,,,0.0,,,3,7,-4,Loss,0,Full Time,,2.0,1.0,16518.0,2.0,1.0,0.0,0.0,0.0,0.0,0.0,0.0,0.0,0.0,0.0,0.0,0.0,0.0,0.0,0.0,0.0,0.0,26.0,26.0,6.435,9.5,6.435,9.5,0.0,0.0,train,tier3
107,1958,Group Stage,1,0,1958-06-08,Arosvallen,Yugoslavia,Scotland,1,UEFA,UEFA,1,0,0,1,1791.56,1789.06,2.5,0.5036,0.6,0.5,0.1,2.0,1.4,1.2,3.0,1.0,0.0,0.0,0.0,0.0,1.0,0.0,5.33,0.5,0,4.0,4.0,0.0,6,0.0,0.0,0.0,0.0,0.0,0.5,0.0,0.0,0.0,,,,,,,,,,,,,0.0,,,1,1,0,Draw,1,Full Time,,1.0,1.0,9591.0,1.0,1.0,0.0,0.0,0.0,0.0,0.0,0.0,0.0,0.0,0.0,0.0,0.0,0.0,0.0,0.0,0.0,0.0,26.0,26.0,6.435,9.5,6.435,9.5,0.0,0.0,train,tier3
107,1958,Group Stage,1,0,1958-06-08,Arosvallen,Scotland,Yugoslavia,0,UEFA,UEFA,1,0,0,1,1789.06,1791.56,-2.5,0.4964,0.5,0.6,-0.1,1.2,1.8,2.0,1.0,3.0,0.0,0.0,0.0,0.0,0.0,1.0,0.0,0.5,0,4.0,4.0,0.0,6,0.0,0.0,0.0,0.0,0.0,0.5,0.0,0.0,0.0,,,,,,,,,,,,,0.0,,,1,1,0,Draw,1,Full Time,,0.0,1.0,9591.0,1.0,1.0,0.0,0.0,0.0,0.0,0.0,0.0,0.0,0.0,0.0,0.0,0.0,0.0,0.0,0.0,0.0,0.0,26.0,26.0,6.435,9.5,6.435,9.5,0.0,0.0,train,tier3
108,1958,Group Stage,1,0,1958-06-08,Rimnersvallen,Brazil,Austria,1,CONMEBOL,UEFA,0,0,0,1,1930.75,1817.17,113.57999999999991,0.6579,0.6,0.7,-0.1,2.0,0.6,2.4,5.0,2.0,0.0,0.0,0.0,0.0,1.0,2.0,10.0,0.5,0,4.0,4.0,0.0,7,0.0,0.0,0.0,0.0,0.0,0.5,0.0,0.0,0.0,,,,,,,,,,,,,0.0,,,3,0,3,Win,2,Full Time,,1.0,1.0,17788.0,2.0,1.0,0.0,0.0,0.0,0.0,0.0,0.0,0.0,0.0,0.0,0.0,0.0,0.0,0.0,0.0,0.0,0.0,26.0,26.0,6.435,9.5,6.435,9.5,0.0,0.0,train,tier3
108,1958,Group Stage,1,0,1958-06-08,Rimnersvallen,Austria,Brazil,0,UEFA,CONMEBOL,0,0,0,1,1817.17,1930.75,-113.57999999999991,0.3421,0.7,0.6,0.1,2.4,1.6,2.0,2.0,5.0,0.0,0.0,0.0,0.0,2.0,1.0,12.0,0.5,0,4.0,4.0,0.0,7,0.0,0.0,0.0,0.0,0.0,0.5,0.0,0.0,0.0,,,,,,,,,,,,,0.0,,,0,3,-3,Loss,0,Full Time,,0.0,1.0,17788.0,1.0,2.0,0.0,0.0,0.0,0.0,0.0,0.0,0.0,0.0,0.0,0.0,0.0,0.0,0.0,0.0,0.0,0.0,26.0,26.0,6.435,9.5,6.435,9.5,0.0,0.0,train,tier3
109,1958,Group Stage,1,0,1958-06-08,Orjans Vall,Northern Ireland,Czechoslovakia,1,UEFA,UEFA,1,0,0,1,1600.45,1708.95,-108.5,0.3487,0.8,0.9,-0.1,2.2,1.2,2.6,0.0,3.0,0.0,0.0,0.0,1.0,0.0,1.0,0.0,0.5,0,4.0,4.0,0.0,8,0.0,0.0,0.0,0.0,0.0,0.5,0.0,0.0,0.0,,,,,,,,,,,,,0.0,,,1,0,1,Win,2,Full Time,,1.0,1.0,10647.0,1.0,1.0,0.0,0.0,0.0,0.0,0.0,0.0,0.0,0.0,0.0,0.0,0.0,0.0,0.0,0.0,0.0,0.0,26.0,26.0,6.435,9.5,6.435,9.5,0.0,0.0,train,tier3
109,1958,Group Stage,1,0,1958-06-08,Orjans Vall,Czechoslovakia,Northern Ireland,0,UEFA,UEFA,1,0,0,1,1708.95,1600.45,108.5,0.6513,0.9,0.8,0.1,2.6,1.0,2.2,3.0,0.0,0.0,0.0,1.0,0.0,1.0,0.0,4.67,0.5,0,4.0,4.0,0.0,8,0.0,0.0,0.0,0.0,0.0,0.5,0.0,0.0,0.0,,,,,,,,,,,,,0.0,,,0,1,-1,Loss,0,Full Time,,0.0,1.0,10647.0,1.0,1.0,0.0,0.0,0.0,0.0,0.0,0.0,0.0,0.0,0.0,0.0,0.0,0.0,0.0,0.0,0.0,0.0,26.0,26.0,6.435,9.5,6.435,9.5,0.0,0.0,train,tier3
110,1958,Group Stage,1,0,1958-06-11,Nya Ullevi,Brazil,England,1,CONMEBOL,UEFA,0,0,0,1,1793.08,1710.96,82.11999999999989,0.616,0.8,0.7,0.1,2.6,0.6,2.2,5.0,2.0,0.0,0.0,0.0,0.0,1.0,0.0,10.0,0.5,0,3.0,3.0,0.0,9,1.0,3.0,0.0,3.0,1.0,1.0,3.0,0.0,0.0,,,,,,,,,,,,,0.0,,,0,0,0,Draw,1,Full Time,,0.0,1.0,40895.0,2.0,1.0,0.0,0.0,0.0,0.0,0.0,0.0,0.0,0.0,0.0,0.0,0.0,0.0,0.0,0.0,0.0,0.0,26.0,26.0,6.435,9.5,6.435,9.5,0.0,0.0,train,tier3
110,1958,Group Stage,1,0,1958-06-11,Nya Ullevi,England,Brazil,0,UEFA,CONMEBOL,0,0,0,1,1710.96,1793.08,-82.11999999999989,0.384,0.7,0.8,-0.1,2.2,1.4,2.6,2.0,5.0,0.0,0.0,0.0,0.0,0.0,1.0,5.0,0.5,0,3.0,3.0,0.0,9,1.0,2.0,2.0,0.0,0.0,0.0,2.0,0.0,0.0,,,,,,,,,,,,,0.0,,,0,0,0,Draw,1,Full Time,,0.0,1.0,40895.0,1.0,2.0,0.0,0.0,0.0,0.0,0.0,0.0,0.0,0.0,0.0,0.0,0.0,0.0,0.0,0.0,0.0,0.0,26.0,26.0,6.435,9.5,6.435,9.5,0.0,0.0,train,tier3
111,1958,Group Stage,1,0,1958-06-11,Rasunda Stadium,Mexico,Wales,1,CONCACAF,UEFA,0,0,0,1,1647.23,1543.02,104.21000000000004,0.6456,0.9,0.6,0.3,3.0,0.6,1.2,3.0,0.0,0.0,0.0,0.0,0.0,0.0,0.0,2.67,0.5,0,3.0,3.0,0.0,10,1.0,0.0,3.0,-3.0,0.0,0.0,0.0,0.0,0.0,,,,,,,,,,,,,0.0,,,1,1,0,Draw,1,Full Time,,0.0,1.0,15150.0,3.0,1.0,0.0,0.0,0.0,0.0,0.0,0.0,0.0,0.0,0.0,0.0,0.0,0.0,0.0,0.0,0.0,0.0,26.0,26.0,6.435,9.5,6.435,9.5,0.0,0.0,train,tier3
111,1958,Group Stage,1,0,1958-06-11,Rasunda Stadium,Wales,Mexico,0,UEFA,CONCACAF,0,0,0,1,1543.02,1647.23,-104.21000000000004,0.3544,0.6,0.9,-0.3,1.2,1.2,3.0,0.0,3.0,0.0,0.0,0.0,0.0,0.0,0.0,0.0,0.5,0,3.0,3.0,0.0,10,1.0,1.0,1.0,0.0,0.0,0.0,1.0,0.0,0.0,,,,,,,,,,,,,0.0,,,1,1,0,Draw,1,Full Time,,1.0,1.0,15150.0,1.0,3.0,0.0,0.0,0.0,0.0,0.0,0.0,0.0,0.0,0.0,0.0,0.0,0.0,0.0,0.0,0.0,0.0,26.0,26.0,6.435,9.5,6.435,9.5,0.0,0.0,train,tier3
112,1958,Group Stage,1,0,1958-06-11,Idrottsparken,Paraguay,Scotland,1,CONMEBOL,UEFA,0,0,0,1,1553.67,1625.55,-71.87999999999988,0.398,0.3,0.6,-0.3,0.6,1.8,1.4,2.0,1.0,0.0,0.0,0.0,0.0,0.0,0.0,1.5,0.5,0,3.0,3.0,0.0,11,1.0,3.0,7.0,-4.0,0.0,0.0,3.0,0.0,0.0,,,,,,,,,,,,,0.0,,,3,2,1,Win,2,Full Time,,2.0,1.0,11665.0,2.0,1.0,0.0,0.0,0.0,0.0,0.0,0.0,0.0,0.0,0.0,0.0,0.0,0.0,0.0,0.0,0.0,0.0,26.0,26.0,6.435,9.5,6.435,9.5,0.0,0.0,train,tier3
112,1958,Group Stage,1,0,1958-06-11,Idrottsparken,Scotland,Paraguay,0,UEFA,CONMEBOL,0,0,0,1,1625.55,1553.67,71.87999999999988,0.602,0.6,0.3,0.3,1.4,1.8,0.6,1.0,2.0,0.0,0.0,0.0,0.0,0.0,0.0,0.0,0.5,0,3.0,3.0,0.0,11,1.0,1.0,1.0,0.0,0.0,0.0,1.0,0.0,0.0,,,,,,,,,,,,,0.0,,,2,3,-1,Loss,0,Full Time,,1.0,1.0,11665.0,1.0,2.0,0.0,0.0,0.0,0.0,0.0,0.0,0.0,0.0,0.0,0.0,0.0,0.0,0.0,0.0,0.0,0.0,26.0,26.0,6.435,9.5,6.435,9.5,0.0,0.0,train,tier3
113,1958,Group Stage,1,0,1958-06-11,Arosvallen,Yugoslavia,France,1,UEFA,UEFA,1,0,0,1,1791.56,2034.02,-242.46000000000004,0.1985,0.7,0.4,0.3,2.4,0.8,0.8,3.0,4.0,0.0,0.0,0.0,0.0,1.0,0.0,5.33,1.0,1,3.0,3.0,0.0,12,1.0,1.0,1.0,0.0,0.0,0.0,1.0,0.0,0.0,,,,,,,,,,,,,0.0,,,3,2,1,Win,2,Full Time,,1.0,1.0,12217.0,1.0,1.0,0.0,0.0,0.0,0.0,0.0,0.0,0.0,0.0,0.0,0.0,0.0,0.0,0.0,0.0,0.0,0.0,26.0,26.0,6.435,9.5,6.435,9.5,0.0,0.0,train,tier3
113,1958,Group Stage,1,0,1958-06-11,Arosvallen,France,Yugoslavia,0,UEFA,UEFA,1,0,0,1,2034.02,1791.56,242.46000000000004,0.8015,0.4,0.7,-0.3,0.8,1.6,2.4,4.0,3.0,0.0,0.0,0.0,0.0,0.0,1.0,3.25,0.0,1,3.0,3.0,0.0,12,1.0,7.0,3.0,4.0,1.0,1.0,7.0,0.0,0.0,,,,,,,,,,,,,0.0,,,2,3,-1,Loss,0,Full Time,,1.0,1.0,12217.0,1.0,1.0,0.0,0.0,0.0,0.0,0.0,0.0,0.0,0.0,0.0,0.0,0.0,0.0,0.0,0.0,0.0,0.0,26.0,26.0,6.435,9.5,6.435,9.5,0.0,0.0,train,tier3
114,1958,Group Stage,1,0,1958-06-11,Ryavallen,Soviet Union,Austria,1,UEFA,UEFA,1,0,0,1,1500.0,1817.17,-317.1700000000001,0.1387,0.5,0.8,-0.3,1.5,1.5,2.4,0.0,2.0,0.0,0.0,0.0,0.0,0.0,2.0,0.0,0.5,0,3.0,3.0,0.0,13,1.0,2.0,2.0,0.0,0.0,0.0,2.0,0.0,0.0,,,,,,,,,,,,,0.0,,,2,0,2,Win,2,Full Time,,1.0,1.0,21239.0,1.0,1.0,0.0,0.0,0.0,0.0,0.0,0.0,0.0,0.0,0.0,0.0,0.0,0.0,0.0,0.0,0.0,0.0,26.0,26.0,6.435,9.5,6.435,9.5,0.0,0.0,train,tier3
114,1958,Group Stage,1,0,1958-06-11,Ryavallen,Austria,Soviet Union,0,UEFA,UEFA,1,0,0,1,1817.17,1500.0,317.1700000000001,0.8613,0.8,0.5,0.3,2.4,1.2,1.5,2.0,0.0,0.0,0.0,0.0,0.0,2.0,0.0,12.0,0.5,0,3.0,3.0,0.0,13,1.0,0.0,3.0,-3.0,0.0,0.0,0.0,0.0,0.0,,,,,,,,,,,,,0.0,,,0,2,-2,Loss,0,Full Time,,0.0,1.0,21239.0,1.0,1.0,0.0,0.0,0.0,0.0,0.0,0.0,0.0,0.0,0.0,0.0,0.0,0.0,0.0,0.0,0.0,0.0,26.0,26.0,6.435,9.5,6.435,9.5,0.0,0.0,train,tier3
115,1958,Group Stage,1,0,1958-06-11,Olympia Stadium,Germany FR,Czechoslovakia,1,UEFA,UEFA,1,0,0,1,1500.0,1708.95,-208.95000000000005,0.231,0.5,0.9,-0.4,1.5,1.5,2.8,1.0,3.0,1.0,0.0,1.0,1.0,1.0,1.0,25.0,0.5,0,3.0,3.0,0.0,14,1.0,3.0,1.0,2.0,1.0,1.0,3.0,0.0,0.0,,,,,,,,,,,,,0.0,,,2,2,0,Draw,1,Full Time,,0.0,1.0,25000.0,1.0,1.0,0.0,0.0,0.0,0.0,0.0,0.0,0.0,0.0,0.0,0.0,0.0,0.0,0.0,0.0,0.0,0.0,26.0,26.0,6.435,9.5,6.435,9.5,0.0,0.0,train,tier3
115,1958,Group Stage,1,0,1958-06-11,Olympia Stadium,Czechoslovakia,Germany FR,0,UEFA,UEFA,1,0,0,1,1708.95,1500.0,208.95000000000005,0.769,0.9,0.5,0.4,2.8,1.4,1.5,3.0,1.0,0.0,1.0,1.0,1.0,1.0,1.0,4.67,0.5,0,3.0,3.0,0.0,14,1.0,0.0,1.0,-1.0,0.0,0.0,0.0,0.0,0.0,,,,,,,,,,,,,0.0,,,2,2,0,Draw,1,Full Time,,2.0,1.0,25000.0,1.0,1.0,0.0,0.0,0.0,0.0,0.0,0.0,0.0,0.0,0.0,0.0,0.0,0.0,0.0,0.0,0.0,0.0,26.0,26.0,6.435,9.5,6.435,9.5,0.0,0.0,train,tier3
116,1958,Group Stage,1,0,1958-06-11,Orjans Vall,Argentina,Northern Ireland,1,CONMEBOL,UEFA,0,0,0,1,1759.94,1560.26,199.6800000000001,0.7594,0.6,0.7,-0.1,1.6,0.4,1.8,2.0,0.0,0.0,0.0,1.0,0.0,1.0,0.0,10.0,0.5,0,3.0,3.0,0.0,15,1.0,1.0,3.0,-2.0,0.0,0.0,1.0,0.0,0.0,,,,,,,,,,,,,0.0,,,3,1,2,Win,2,Full Time,,1.0,1.0,14174.0,2.0,1.0,0.0,0.0,0.0,0.0,0.0,0.0,0.0,0.0,0.0,0.0,0.0,0.0,0.0,0.0,0.0,0.0,26.0,26.0,6.435,9.5,6.435,9.5,0.0,0.0,train,tier3
116,1958,Group Stage,1,0,1958-06-11,Orjans Vall,Northern Ireland,Argentina,0,UEFA,CONMEBOL,0,0,0,1,1560.26,1759.94,-199.6800000000001,0.2406,0.7,0.6,0.1,1.8,1.4,1.6,0.0,2.0,0.0,0.0,0.0,1.0,0.0,1.0,0.0,0.5,0,3.0,3.0,0.0,15,1.0,1.0,0.0,1.0,1.0,1.0,1.0,0.0,0.0,,,,,,,,,,,,,0.0,,,1,3,-2,Loss,0,Full Time,,1.0,1.0,14174.0,1.0,2.0,0.0,0.0,0.0,0.0,0.0,0.0,0.0,0.0,0.0,0.0,0.0,0.0,0.0,0.0,0.0,0.0,26.0,26.0,6.435,9.5,6.435,9.5,0.0,0.0,train,tier3
117,1958,Group Stage,1,0,1958-06-12,Rasunda Stadium,Sweden,Hungary,1,UEFA,UEFA,1,1,0,0,1638.69,1760.37,-121.67999999999984,0.3317,0.8,0.7,0.1,3.0,1.4,2.0,3.0,3.0,0.0,0.0,0.0,2.0,1.0,2.0,8.67,0.0,1,4.0,4.0,0.0,16,1.0,3.0,0.0,3.0,1.0,1.0,3.0,0.0,0.0,,,,,,,,,,,,,0.0,,,2,1,1,Win,2,Full Time,,1.0,1.0,38850.0,1.0,1.0,0.0,0.0,0.0,0.0,0.0,0.0,0.0,0.0,0.0,0.0,0.0,0.0,0.0,0.0,0.0,0.0,26.0,26.0,6.435,9.5,6.435,9.5,0.0,0.0,train,tier3
117,1958,Group Stage,1,0,1958-06-12,Rasunda Stadium,Hungary,Sweden,0,UEFA,UEFA,1,0,1,0,1760.37,1638.69,121.67999999999984,0.6683,0.7,0.8,-0.1,2.0,0.4,3.0,3.0,3.0,0.0,0.0,2.0,0.0,2.0,1.0,15.67,1.0,1,4.0,4.0,0.0,16,1.0,1.0,1.0,0.0,0.0,0.0,1.0,0.0,0.0,,,,,,,,,,,,,0.0,,,1,2,-1,Loss,0,Full Time,,0.0,1.0,38850.0,1.0,1.0,0.0,0.0,0.0,0.0,0.0,0.0,0.0,0.0,0.0,0.0,0.0,0.0,0.0,0.0,0.0,0.0,26.0,26.0,6.435,9.5,6.435,9.5,0.0,0.0,train,tier3
118,1958,Group Stage,1,0,1958-06-15,Rasunda Stadium,Sweden,Wales,1,UEFA,UEFA,1,1,0,0,1678.79,1551.76,127.02999999999996,0.6751,0.8,0.7,0.1,3.2,1.2,1.4,3.0,0.0,0.0,0.0,0.0,0.0,1.0,0.0,8.67,0.5,0,3.0,4.0,-1.0,17,2.0,5.0,1.0,4.0,2.0,1.0,2.5,0.0,0.0,,,,,,,,,,,,,0.0,,,0,0,0,Draw,1,Full Time,,0.0,1.0,30287.0,1.0,1.0,0.0,0.0,0.0,0.0,0.0,0.0,0.0,0.0,0.0,0.0,0.0,0.0,0.0,0.0,0.0,0.0,26.0,26.0,6.435,9.5,6.435,9.5,0.0,0.0,train,tier3
118,1958,Group Stage,1,0,1958-06-15,Rasunda Stadium,Wales,Sweden,0,UEFA,UEFA,1,0,1,0,1551.76,1678.79,-127.02999999999996,0.3249,0.7,0.8,-0.1,1.4,0.6,3.2,0.0,3.0,0.0,0.0,0.0,0.0,0.0,1.0,0.0,0.5,0,4.0,3.0,1.0,17,2.0,2.0,2.0,0.0,0.0,0.0,1.0,0.0,0.0,,,,,,,,,,,,,0.0,,,0,0,0,Draw,1,Full Time,,0.0,1.0,30287.0,1.0,1.0,0.0,0.0,0.0,0.0,0.0,0.0,0.0,0.0,0.0,0.0,0.0,0.0,0.0,0.0,0.0,0.0,26.0,26.0,6.435,9.5,6.435,9.5,0.0,0.0,train,tier3
119,1958,Group Stage,1,0,1958-06-15,Nya Ullevi,Brazil,Soviet Union,1,CONMEBOL,UEFA,0,0,0,1,1930.75,1500.0,430.75,0.9227,0.9,0.5,0.4,3.0,0.4,1.5,5.0,0.0,0.0,0.0,0.0,0.0,1.0,0.0,10.0,0.5,0,4.0,4.0,0.0,18,2.0,3.0,0.0,3.0,1.0,0.5,1.5,0.0,0.0,,,,,,,,,,,,,0.0,,,2,0,2,Win,2,Full Time,,1.0,1.0,50928.0,2.0,1.0,0.0,0.0,0.0,0.0,0.0,0.0,0.0,0.0,0.0,0.0,0.0,0.0,0.0,0.0,0.0,0.0,26.0,26.0,6.435,9.5,6.435,9.5,0.0,0.0,train,tier3
119,1958,Group Stage,1,0,1958-06-15,Nya Ullevi,Soviet Union,Brazil,0,UEFA,CONMEBOL,0,0,0,1,1500.0,1930.75,-430.75,0.0773,0.5,0.9,-0.4,1.5,1.5,3.0,0.0,5.0,0.0,0.0,0.0,0.0,0.0,1.0,0.0,0.5,0,4.0,4.0,0.0,18,2.0,4.0,2.0,2.0,1.0,0.5,2.0,0.0,0.0,,,,,,,,,,,,,0.0,,,0,2,-2,Loss,0,Full Time,,0.0,1.0,50928.0,1.0,2.0,0.0,0.0,0.0,0.0,0.0,0.0,0.0,0.0,0.0,0.0,0.0,0.0,0.0,0.0,0.0,0.0,26.0,26.0,6.435,9.5,6.435,9.5,0.0,0.0,train,tier3
120,1958,Group Stage,1,0,1958-06-15,Malmo Stadion,Germany FR,Northern Ireland,1,UEFA,UEFA,1,0,0,1,1500.0,1600.45,-100.45000000000005,0.3593,0.5,0.8,-0.3,1.5,1.5,1.8,1.0,0.0,1.0,0.0,1.0,0.0,1.0,0.0,25.0,0.5,0,4.0,4.0,0.0,19,2.0,5.0,3.0,2.0,1.0,0.5,2.5,0.0,0.0,,,,,,,,,,,,,0.0,,,2,2,0,Draw,1,Full Time,,1.0,1.0,21990.0,1.0,1.0,0.0,0.0,0.0,0.0,0.0,0.0,0.0,0.0,0.0,0.0,0.0,0.0,0.0,0.0,0.0,0.0,26.0,26.0,6.435,9.5,6.435,9.5,0.0,0.0,train,tier3
120,1958,Group Stage,1,0,1958-06-15,Malmo Stadion,Northern Ireland,Germany FR,0,UEFA,UEFA,1,0,0,1,1600.45,1500.0,100.45000000000005,0.6407,0.8,0.5,0.3,1.8,1.2,1.5,0.0,1.0,0.0,1.0,0.0,1.0,0.0,1.0,0.0,0.5,0,4.0,4.0,0.0,19,2.0,2.0,3.0,-1.0,1.0,0.5,1.0,0.0,0.0,,,,,,,,,,,,,0.0,,,2,2,0,Draw,1,Full Time,,1.0,1.0,21990.0,1.0,1.0,0.0,0.0,0.0,0.0,0.0,0.0,0.0,0.0,0.0,0.0,0.0,0.0,0.0,0.0,0.0,0.0,26.0,26.0,6.435,9.5,6.435,9.5,0.0,0.0,train,tier3
121,1958,Group Stage,1,0,1958-06-15,Jarnvallen,Hungary,Mexico,1,UEFA,CONCACAF,0,0,0,1,1720.27,1638.49,81.77999999999997,0.6156,0.6,0.7,-0.1,1.8,0.6,1.6,3.0,3.0,0.0,0.0,2.0,0.0,2.0,0.0,15.67,0.5,0,3.0,4.0,-1.0,20,2.0,2.0,3.0,-1.0,0.0,0.0,1.0,0.0,0.0,,,,,,,,,,,,,0.0,,,4,0,4,Win,2,Full Time,,1.0,1.0,13300.0,1.0,3.0,0.0,0.0,0.0,0.0,0.0,0.0,0.0,0.0,0.0,0.0,0.0,0.0,0.0,0.0,0.0,0.0,26.0,26.0,6.435,9.5,6.435,9.5,0.0,0.0,train,tier3
121,1958,Group Stage,1,0,1958-06-15,Jarnvallen,Mexico,Hungary,0,CONCACAF,UEFA,0,0,0,1,1638.49,1720.27,-81.77999999999997,0.3844,0.7,0.6,0.1,1.6,0.8,1.8,3.0,3.0,0.0,0.0,0.0,2.0,0.0,2.0,2.67,0.5,0,4.0,3.0,1.0,20,2.0,1.0,4.0,-3.0,0.0,0.0,0.5,0.0,0.0,,,,,,,,,,,,,0.0,,,0,4,-4,Loss,0,Full Time,,0.0,1.0,13300.0,3.0,1.0,0.0,0.0,0.0,0.0,0.0,0.0,0.0,0.0,0.0,0.0,0.0,0.0,0.0,0.0,0.0,0.0,26.0,26.0,6.435,9.5,6.435,9.5,0.0,0.0,train,tier3
122,1958,Group Stage,1,0,1958-06-15,Tunavallen,Paraguay,Yugoslavia,1,CONMEBOL,UEFA,0,0,0,1,1589.79,1709.18,-119.3900000000001,0.3346,0.3,0.7,-0.4,1.0,2.8,2.4,2.0,3.0,0.0,0.0,0.0,0.0,0.0,1.0,1.5,0.5,0,4.0,4.0,0.0,21,2.0,6.0,9.0,-3.0,1.0,0.5,3.0,0.0,0.0,,,,,,,,,,,,,0.0,,,3,3,0,Draw,1,Full Time,,1.0,1.0,13103.0,2.0,1.0,0.0,0.0,0.0,0.0,0.0,0.0,0.0,0.0,0.0,0.0,0.0,0.0,0.0,0.0,0.0,0.0,26.0,26.0,6.435,9.5,6.435,9.5,0.0,0.0,train,tier3
122,1958,Group Stage,1,0,1958-06-15,Tunavallen,Yugoslavia,Paraguay,0,UEFA,CONMEBOL,0,0,0,1,1709.18,1589.79,119.3900000000001,0.6654,0.7,0.3,0.4,2.4,0.8,1.0,3.0,2.0,0.0,0.0,0.0,0.0,1.0,0.0,5.33,0.5,0,4.0,4.0,0.0,21,2.0,4.0,3.0,1.0,1.0,0.5,2.0,0.0,0.0,,,,,,,,,,,,,0.0,,,3,3,0,Draw,1,Full Time,,2.0,1.0,13103.0,1.0,2.0,0.0,0.0,0.0,0.0,0.0,0.0,0.0,0.0,0.0,0.0,0.0,0.0,0.0,0.0,0.0,0.0,26.0,26.0,6.435,9.5,6.435,9.5,0.0,0.0,train,tier3
123,1958,Group Stage,1,0,1958-06-15,Eyravallen,France,Scotland,1,UEFA,UEFA,1,0,0,1,1649.89,1589.43,60.46000000000004,0.5861,0.5,0.5,0.0,2.2,2.2,1.0,4.0,1.0,0.0,0.0,0.0,0.0,0.0,0.0,3.25,0.5,0,4.0,4.0,0.0,22,2.0,9.0,6.0,3.0,1.0,0.5,4.5,0.0,0.0,,,,,,,,,,,,,0.0,,,2,1,1,Win,2,Full Time,,2.0,1.0,13554.0,1.0,1.0,0.0,0.0,0.0,0.0,0.0,0.0,0.0,0.0,0.0,0.0,0.0,0.0,0.0,0.0,0.0,0.0,26.0,26.0,6.435,9.5,6.435,9.5,0.0,0.0,train,tier3
123,1958,Group Stage,1,0,1958-06-15,Eyravallen,Scotland,France,0,UEFA,UEFA,1,0,0,1,1589.43,1649.89,-60.46000000000004,0.4139,0.5,0.5,0.0,1.0,1.6,2.2,1.0,4.0,0.0,0.0,0.0,0.0,0.0,0.0,0.0,0.5,0,4.0,4.0,0.0,22,2.0,3.0,4.0,-1.0,0.0,0.0,1.5,0.0,0.0,,,,,,,,,,,,,0.0,,,1,2,-1,Loss,0,Full Time,,0.0,1.0,13554.0,1.0,1.0,0.0,0.0,0.0,0.0,0.0,0.0,0.0,0.0,0.0,0.0,0.0,0.0,0.0,0.0,0.0,0.0,26.0,26.0,6.435,9.5,6.435,9.5,0.0,0.0,train,tier3
124,1958,Group Stage,1,0,1958-06-15,Ryavallen,England,Austria,1,UEFA,UEFA,1,0,0,1,1991.02,1817.17,173.8499999999999,0.7312,0.6,0.7,-0.1,1.8,1.8,2.2,2.0,2.0,0.0,0.0,0.0,0.0,0.0,2.0,5.0,0.5,0,4.0,4.0,0.0,23,2.0,2.0,2.0,0.0,0.0,0.0,1.0,0.0,0.0,,,,,,,,,,,,,0.0,,,2,2,0,Draw,1,Full Time,,0.0,1.0,15872.0,1.0,1.0,0.0,0.0,0.0,0.0,0.0,0.0,0.0,0.0,0.0,0.0,0.0,0.0,0.0,0.0,0.0,0.0,26.0,26.0,6.435,9.5,6.435,9.5,0.0,0.0,train,tier3
124,1958,Group Stage,1,0,1958-06-15,Ryavallen,Austria,England,0,UEFA,UEFA,1,0,0,1,1817.17,1991.02,-173.8499999999999,0.2688,0.7,0.6,0.1,2.2,1.6,1.8,2.0,2.0,0.0,0.0,0.0,0.0,2.0,0.0,12.0,0.5,0,4.0,4.0,0.0,23,2.0,0.0,5.0,-5.0,0.0,0.0,0.0,0.0,0.0,,,,,,,,,,,,,0.0,,,2,2,0,Draw,1,Full Time,,1.0,1.0,15872.0,1.0,1.0,0.0,0.0,0.0,0.0,0.0,0.0,0.0,0.0,0.0,0.0,0.0,0.0,0.0,0.0,0.0,0.0,26.0,26.0,6.435,9.5,6.435,9.5,0.0,0.0,train,tier3
125,1958,Group Stage,1,0,1958-06-15,Olympia Stadium,Czechoslovakia,Argentina,1,UEFA,CONMEBOL,0,0,0,1,1708.95,2040.35,-331.39999999999986,0.1292,0.7,0.4,0.3,2.2,1.4,1.0,3.0,2.0,0.0,0.0,1.0,1.0,1.0,1.0,4.67,0.5,0,4.0,4.0,0.0,24,2.0,2.0,3.0,-1.0,0.0,0.0,1.0,0.0,0.0,,,,,,,,,,,,,0.0,,,6,1,5,Win,2,Full Time,,3.0,1.0,16418.0,1.0,2.0,0.0,0.0,0.0,0.0,0.0,0.0,0.0,0.0,0.0,0.0,0.0,0.0,0.0,0.0,0.0,0.0,26.0,26.0,6.435,9.5,6.435,9.5,0.0,0.0,train,tier3
125,1958,Group Stage,1,0,1958-06-15,Olympia Stadium,Argentina,Czechoslovakia,0,CONMEBOL,UEFA,0,0,0,1,2040.35,1708.95,331.39999999999986,0.8708,0.4,0.7,-0.3,1.0,1.0,2.2,2.0,3.0,0.0,0.0,1.0,1.0,1.0,1.0,10.0,0.5,0,4.0,4.0,0.0,24,2.0,4.0,4.0,0.0,1.0,0.5,2.0,0.0,0.0,,,,,,,,,,,,,0.0,,,1,6,-5,Loss,0,Full Time,,0.0,1.0,16418.0,2.0,1.0,0.0,0.0,0.0,0.0,0.0,0.0,0.0,0.0,0.0,0.0,0.0,0.0,0.0,0.0,0.0,0.0,26.0,26.0,6.435,9.5,6.435,9.5,0.0,0.0,train,tier3
126,1958,Group Stage,1,0,1958-06-17,Nya Ullevi,Soviet Union,England,1,UEFA,UEFA,1,0,0,1,1500.0,1991.02,-491.02,0.0559,0.5,0.5,0.0,1.5,1.5,1.0,0.0,2.0,0.0,0.0,0.0,0.0,0.0,0.0,0.0,0.5,0,2.0,2.0,0.0,25,3.0,4.0,4.0,0.0,1.0,0.333,1.333,0.0,0.0,,,,,,,,,,,,,0.0,,,1,0,1,Win,2,Full Time,,0.0,1.0,23182.0,1.0,1.0,0.0,0.0,0.0,0.0,0.0,0.0,0.0,0.0,0.0,0.0,0.0,0.0,0.0,0.0,0.0,0.0,26.0,26.0,6.435,9.5,6.435,9.5,0.0,0.0,train,tier3
126,1958,Group Stage,1,0,1958-06-17,Nya Ullevi,England,Soviet Union,0,UEFA,UEFA,1,0,0,1,1991.02,1500.0,491.02,0.9441,0.5,0.5,0.0,1.0,1.8,1.5,2.0,0.0,0.0,0.0,0.0,0.0,0.0,0.0,5.0,0.5,0,2.0,2.0,0.0,25,3.0,4.0,4.0,0.0,0.0,0.0,1.333,0.0,0.0,,,,,,,,,,,,,0.0,,,0,1,-1,Loss,0,Full Time,,0.0,1.0,23182.0,1.0,1.0,0.0,0.0,0.0,0.0,0.0,0.0,0.0,0.0,0.0,0.0,0.0,0.0,0.0,0.0,0.0,0.0,26.0,26.0,6.435,9.5,6.435,9.5,0.0,0.0,train,tier3
127,1958,Group Stage,1,0,1958-06-17,Malmo Stadion,Northern Ireland,Czechoslovakia,1,UEFA,UEFA,1,0,0,1,1600.45,1708.95,-108.5,0.3487,0.6,0.7,-0.1,1.4,1.4,2.2,0.0,3.0,0.0,0.0,0.0,1.0,0.0,1.0,0.0,1.0,1,2.0,2.0,0.0,26,3.0,4.0,5.0,-1.0,1.0,0.333,1.333,0.0,0.0,,,,,,,,,,,,,0.0,,,2,1,1,Win,2,Extra Time,,0.0,1.0,6196.0,1.0,1.0,0.0,0.0,0.0,0.0,0.0,0.0,0.0,0.0,0.0,0.0,0.0,0.0,0.0,0.0,0.0,0.0,26.0,26.0,6.435,9.5,6.435,9.5,0.0,0.0,train,tier3
127,1958,Group Stage,1,0,1958-06-17,Malmo Stadion,Czechoslovakia,Northern Ireland,0,UEFA,UEFA,1,0,0,1,1708.95,1600.45,108.5,0.6513,0.7,0.6,0.1,2.2,1.4,1.4,3.0,0.0,0.0,0.0,1.0,0.0,1.0,0.0,4.67,0.0,1,2.0,2.0,0.0,26,3.0,8.0,4.0,4.0,1.0,0.333,2.667,0.0,0.0,,,,,,,,,,,,,0.0,,,1,2,-1,Loss,0,Extra Time,,0.0,1.0,6196.0,1.0,1.0,0.0,0.0,0.0,0.0,0.0,0.0,0.0,0.0,0.0,0.0,0.0,0.0,0.0,0.0,0.0,0.0,26.0,26.0,6.435,9.5,6.435,9.5,0.0,0.0,train,tier3
128,1958,Group Stage,1,0,1958-06-17,Rasunda Stadium,Wales,Hungary,1,UEFA,UEFA,1,0,0,1,1736.31,1745.68,-9.370000000000118,0.4865,0.7,0.4,0.3,1.4,0.6,1.0,0.0,3.0,0.0,0.0,0.0,2.0,0.0,2.0,0.0,0.0,1,2.0,2.0,0.0,27,3.0,2.0,2.0,0.0,0.0,0.0,0.667,0.0,0.0,,,,,,,,,,,,,0.0,,,2,1,1,Win,2,Full Time,,0.0,1.0,2823.0,1.0,1.0,0.0,0.0,0.0,0.0,0.0,0.0,0.0,0.0,0.0,0.0,0.0,0.0,0.0,0.0,0.0,0.0,26.0,26.0,6.435,9.5,6.435,9.5,0.0,0.0,train,tier3
128,1958,Group Stage,1,0,1958-06-17,Rasunda Stadium,Hungary,Wales,0,UEFA,UEFA,1,0,0,1,1745.68,1736.31,9.370000000000118,0.5135,0.4,0.7,-0.3,1.0,1.0,1.4,3.0,0.0,0.0,0.0,2.0,0.0,2.0,0.0,15.67,1.0,1,2.0,2.0,0.0,27,3.0,6.0,3.0,3.0,1.0,0.333,2.0,0.0,0.0,,,,,,,,,,,,,0.0,,,1,2,-1,Loss,0,Full Time,,1.0,1.0,2823.0,1.0,1.0,0.0,0.0,0.0,0.0,0.0,0.0,0.0,0.0,0.0,0.0,0.0,0.0,0.0,0.0,0.0,0.0,26.0,26.0,6.435,9.5,6.435,9.5,0.0,0.0,train,tier3
129,1958,Quarter-final,3,1,1958-06-19,Nya Ullevi,Brazil,Wales,1,CONMEBOL,UEFA,0,0,0,1,1806.52,1606.62,199.9000000000001,0.7596,0.8,0.6,0.2,2.0,0.2,1.0,5.0,0.0,0.0,0.0,0.0,0.0,1.0,0.0,10.0,0.5,0,4.0,2.0,2.0,28,3.0,5.0,0.0,5.0,2.0,0.667,1.667,0.0,0.0,,,,,,,,,,,,,0.0,,,1,0,1,Win,2,Full Time,,0.0,1.0,25923.0,2.0,1.0,0.0,0.0,0.0,0.0,0.0,0.0,0.0,0.0,0.0,0.0,0.0,0.0,0.0,0.0,0.0,0.0,26.0,26.0,6.435,9.5,6.435,9.5,0.0,0.0,train,tier3
129,1958,Quarter-final,3,1,1958-06-19,Nya Ullevi,Wales,Brazil,0,UEFA,CONMEBOL,0,0,0,1,1606.62,1806.52,-199.9000000000001,0.2404,0.6,0.8,-0.2,1.0,0.6,2.0,0.0,5.0,0.0,0.0,0.0,0.0,0.0,1.0,0.0,0.5,0,2.0,4.0,-2.0,28,4.0,4.0,3.0,1.0,1.0,0.25,1.0,0.0,0.0,,,,,,,,,,,,,0.0,,,0,1,-1,Loss,0,Full Time,,0.0,1.0,25923.0,1.0,2.0,0.0,0.0,0.0,0.0,0.0,0.0,0.0,0.0,0.0,0.0,0.0,0.0,0.0,0.0,0.0,0.0,26.0,26.0,6.435,9.5,6.435,9.5,0.0,0.0,train,tier3
130,1958,Quarter-final,3,1,1958-06-19,Malmo Stadion,Germany FR,Yugoslavia,1,UEFA,UEFA,1,0,0,1,1500.0,1791.56,-291.55999999999995,0.1573,0.5,0.7,-0.2,1.5,1.5,2.2,1.0,3.0,1.0,0.0,1.0,0.0,1.0,1.0,25.0,0.5,0,4.0,4.0,0.0,29,3.0,7.0,5.0,2.0,1.0,0.333,2.333,0.0,0.0,,,,,,,,,,,,,0.0,,,1,0,1,Win,2,Full Time,,1.0,1.0,20055.0,1.0,1.0,0.0,0.0,0.0,0.0,0.0,0.0,0.0,0.0,0.0,0.0,0.0,0.0,0.0,0.0,0.0,0.0,26.0,26.0,6.435,9.5,6.435,9.5,0.0,0.0,train,tier3
130,1958,Quarter-final,3,1,1958-06-19,Malmo Stadion,Yugoslavia,Germany FR,0,UEFA,UEFA,1,0,0,1,1791.56,1500.0,291.55999999999995,0.8427,0.7,0.5,0.2,2.2,1.0,1.5,3.0,1.0,0.0,1.0,0.0,1.0,1.0,1.0,5.33,0.5,0,4.0,4.0,0.0,29,3.0,7.0,6.0,1.0,1.0,0.333,2.333,0.0,0.0,,,,,,,,,,,,,0.0,,,0,1,-1,Loss,0,Full Time,,0.0,1.0,20055.0,1.0,1.0,0.0,0.0,0.0,0.0,0.0,0.0,0.0,0.0,0.0,0.0,0.0,0.0,0.0,0.0,0.0,0.0,26.0,26.0,6.435,9.5,6.435,9.5,0.0,0.0,train,tier3
131,1958,Quarter-final,3,1,1958-06-19,Rasunda Stadium,Sweden,Soviet Union,1,UEFA,UEFA,1,1,0,0,1729.32,1500.0,229.32,0.7892,0.8,0.5,0.3,2.6,1.2,1.5,3.0,0.0,0.0,0.0,0.0,0.0,1.0,0.0,8.67,0.5,0,4.0,2.0,2.0,30,3.0,5.0,1.0,4.0,2.0,0.667,1.667,0.0,0.0,,,,,,,,,,,,,0.0,,,2,0,2,Win,2,Full Time,,0.0,1.0,31900.0,1.0,1.0,0.0,0.0,0.0,0.0,0.0,0.0,0.0,0.0,0.0,0.0,0.0,0.0,0.0,0.0,0.0,0.0,26.0,26.0,6.435,9.5,6.435,9.5,0.0,0.0,train,tier3
131,1958,Quarter-final,3,1,1958-06-19,Rasunda Stadium,Soviet Union,Sweden,0,UEFA,UEFA,1,0,1,0,1500.0,1729.32,-229.32,0.2108,0.5,0.8,-0.3,1.5,1.5,2.6,0.0,3.0,0.0,0.0,0.0,0.0,0.0,1.0,0.0,0.5,0,2.0,4.0,-2.0,30,4.0,5.0,4.0,1.0,2.0,0.5,1.25,0.0,0.0,,,,,,,,,,,,,0.0,,,0,2,-2,Loss,0,Full Time,,0.0,1.0,31900.0,1.0,1.0,0.0,0.0,0.0,0.0,0.0,0.0,0.0,0.0,0.0,0.0,0.0,0.0,0.0,0.0,0.0,0.0,26.0,26.0,6.435,9.5,6.435,9.5,0.0,0.0,train,tier3
132,1958,Quarter-final,3,1,1958-06-19,Idrottsparken,France,Northern Ireland,1,UEFA,UEFA,1,0,0,1,1674.72,1599.82,74.90000000000009,0.6062,0.5,0.6,-0.1,2.6,2.0,1.4,4.0,0.0,0.0,0.0,0.0,0.0,0.0,0.0,3.25,0.5,0,4.0,2.0,2.0,31,3.0,11.0,7.0,4.0,2.0,0.667,3.667,0.0,0.0,,,,,,,,,,,,,0.0,,,4,0,4,Win,2,Full Time,,1.0,1.0,11800.0,1.0,1.0,0.0,0.0,0.0,0.0,0.0,0.0,0.0,0.0,0.0,0.0,0.0,0.0,0.0,0.0,0.0,0.0,26.0,26.0,6.435,9.5,6.435,9.5,0.0,0.0,train,tier3
132,1958,Quarter-final,3,1,1958-06-19,Idrottsparken,Northern Ireland,France,0,UEFA,UEFA,1,0,0,1,1599.82,1674.72,-74.90000000000009,0.3938,0.6,0.5,0.1,1.4,1.4,2.6,0.0,4.0,0.0,0.0,0.0,0.0,0.0,0.0,0.0,0.5,0,2.0,4.0,-2.0,31,4.0,6.0,6.0,0.0,2.0,0.5,1.5,0.0,0.0,,,,,,,,,,,,,0.0,,,0,4,-4,Loss,0,Full Time,,0.0,1.0,11800.0,1.0,1.0,0.0,0.0,0.0,0.0,0.0,0.0,0.0,0.0,0.0,0.0,0.0,0.0,0.0,0.0,0.0,0.0,26.0,26.0,6.435,9.5,6.435,9.5,0.0,0.0,train,tier3
133,1958,Semi-final,4,1,1958-06-24,Nya Ullevi,Sweden,Germany FR,1,UEFA,UEFA,1,1,0,0,1729.32,1500.0,229.32,0.7892,0.7,0.5,0.2,1.6,0.8,1.5,3.0,1.0,0.0,1.0,0.0,1.0,1.0,1.0,8.67,0.5,0,5.0,5.0,0.0,32,4.0,7.0,1.0,6.0,3.0,0.75,1.75,0.0,0.0,,,,,,,,,,,,,0.0,,,3,1,2,Win,2,Full Time,,1.0,1.0,49471.0,1.0,1.0,0.0,0.0,0.0,0.0,0.0,0.0,0.0,0.0,0.0,0.0,0.0,0.0,0.0,0.0,0.0,0.0,26.0,26.0,6.435,9.5,6.435,9.5,0.0,0.0,train,tier3
133,1958,Semi-final,4,1,1958-06-24,Nya Ullevi,Germany FR,Sweden,0,UEFA,UEFA,1,0,1,0,1500.0,1729.32,-229.32,0.2108,0.5,0.7,-0.2,1.5,1.5,1.6,1.0,3.0,1.0,0.0,1.0,0.0,1.0,1.0,25.0,0.5,0,5.0,5.0,0.0,32,4.0,8.0,5.0,3.0,2.0,0.5,2.0,0.0,0.0,,,,,,,,,,,,,0.0,,,1,3,-2,Loss,0,Full Time,,1.0,1.0,49471.0,1.0,1.0,0.0,0.0,0.0,0.0,0.0,0.0,0.0,0.0,0.0,0.0,0.0,0.0,0.0,0.0,0.0,0.0,26.0,26.0,6.435,9.5,6.435,9.5,0.0,0.0,train,tier3
134,1958,Semi-final,4,1,1958-06-24,Rasunda Stadium,Brazil,France,1,CONMEBOL,UEFA,0,0,0,1,1820.94,1698.35,122.59000000000016,0.6694,0.9,0.6,0.3,2.4,0.2,2.6,5.0,4.0,0.0,0.0,0.0,0.0,1.0,0.0,10.0,0.5,0,5.0,5.0,0.0,33,4.0,6.0,0.0,6.0,3.0,0.75,1.5,0.0,0.0,,,,,,,,,,,,,0.0,,,5,2,3,Win,2,Full Time,,2.0,1.0,27100.0,2.0,1.0,0.0,0.0,0.0,0.0,0.0,0.0,0.0,0.0,0.0,0.0,0.0,0.0,0.0,0.0,0.0,0.0,26.0,26.0,6.435,9.5,6.435,9.5,0.0,0.0,train,tier3
134,1958,Semi-final,4,1,1958-06-24,Rasunda Stadium,France,Brazil,0,UEFA,CONMEBOL,0,0,0,1,1698.35,1820.94,-122.59000000000016,0.3306,0.6,0.9,-0.3,2.6,1.8,2.4,4.0,5.0,0.0,0.0,0.0,0.0,0.0,1.0,3.25,0.5,0,5.0,5.0,0.0,33,4.0,15.0,7.0,8.0,3.0,0.75,3.75,0.0,0.0,,,,,,,,,,,,,0.0,,,2,5,-3,Loss,0,Full Time,,1.0,1.0,27100.0,1.0,2.0,0.0,0.0,0.0,0.0,0.0,0.0,0.0,0.0,0.0,0.0,0.0,0.0,0.0,0.0,0.0,0.0,26.0,26.0,6.435,9.5,6.435,9.5,0.0,0.0,train,tier3
135,1958,Third Place,4,1,1958-06-28,Nya Ullevi,France,Germany FR,1,UEFA,UEFA,1,0,0,1,2034.02,1500.0,534.02,0.9558,0.7,0.5,0.2,3.0,1.4,1.5,4.0,1.0,0.0,1.0,0.0,1.0,0.0,1.0,3.25,0.5,0,4.0,4.0,0.0,34,5.0,17.0,12.0,5.0,3.0,0.6,3.4,0.0,0.0,,,,,,,,,,,,,0.0,,,6,3,3,Win,2,Full Time,,3.0,1.0,32483.0,1.0,1.0,0.0,0.0,0.0,0.0,0.0,0.0,0.0,0.0,0.0,0.0,0.0,0.0,0.0,0.0,0.0,0.0,26.0,26.0,6.435,9.5,6.435,9.5,0.0,0.0,train,tier3
135,1958,Third Place,4,1,1958-06-28,Nya Ullevi,Germany FR,France,0,UEFA,UEFA,1,0,0,1,1500.0,2034.02,-534.02,0.0442,0.5,0.7,-0.2,1.5,1.5,3.0,1.0,4.0,1.0,0.0,1.0,0.0,1.0,0.0,25.0,0.5,0,4.0,4.0,0.0,34,5.0,9.0,8.0,1.0,2.0,0.4,1.8,0.0,0.0,,,,,,,,,,,,,0.0,,,3,6,-3,Loss,0,Full Time,,1.0,1.0,32483.0,1.0,1.0,0.0,0.0,0.0,0.0,0.0,0.0,0.0,0.0,0.0,0.0,0.0,0.0,0.0,0.0,0.0,0.0,26.0,26.0,6.435,9.5,6.435,9.5,0.0,0.0,train,tier3
136,1958,Final,5,1,1958-06-29,Rasunda Stadium,Brazil,Sweden,1,CONMEBOL,UEFA,0,0,1,1,1930.75,1729.32,201.4300000000001,0.7612,0.9,0.9,0.0,1.8,0.2,2.0,5.0,3.0,0.0,0.0,0.0,0.0,1.0,1.0,10.0,1.0,2,5.0,5.0,0.0,35,5.0,11.0,2.0,9.0,4.0,0.8,2.2,0.0,0.0,,,,,,,,,,,,,0.0,,,5,2,3,Win,2,Full Time,,2.0,1.0,49737.0,2.0,1.0,0.0,0.0,0.0,0.0,0.0,0.0,0.0,0.0,0.0,0.0,0.0,0.0,0.0,0.0,0.0,0.0,26.0,26.0,6.435,9.5,6.435,9.5,0.0,0.0,train,tier3
136,1958,Final,5,1,1958-06-29,Rasunda Stadium,Sweden,Brazil,0,UEFA,CONMEBOL,0,1,0,1,1729.32,1930.75,-201.4300000000001,0.2388,0.9,0.9,0.0,2.0,0.6,1.8,3.0,5.0,0.0,0.0,0.0,0.0,1.0,1.0,8.67,0.0,2,5.0,5.0,0.0,35,5.0,10.0,2.0,8.0,4.0,0.8,2.0,0.0,0.0,,,,,,,,,,,,,0.0,,,2,5,-3,Loss,0,Full Time,,1.0,1.0,49737.0,1.0,2.0,0.0,0.0,0.0,0.0,0.0,0.0,0.0,0.0,0.0,0.0,0.0,0.0,0.0,0.0,0.0,0.0,26.0,26.0,6.435,9.5,6.435,9.5,0.0,0.0,train,tier3
137,1962,Group Stage,1,0,1962-05-30,Carlos Dittborn,Uruguay,Colombia,1,CONMEBOL,CONMEBOL,1,0,0,1,1871.66,1923.91,-52.25,0.4254,0.2,0.6,-0.4,0.6,2.6,1.2,3.0,0.0,2.0,0.0,1.0,0.0,2.0,0.0,15.33,0.5,0,4.0,4.0,0.0,1,0.0,0.0,0.0,0.0,0.0,0.5,0.0,0.0,0.0,,,,,,,,,,,,,0.0,,,2,1,1,Win,2,Full Time,,0.0,1.0,7908.0,2.0,2.0,0.0,0.0,0.0,0.0,0.0,0.0,0.0,0.0,0.0,0.0,0.0,0.0,0.0,0.0,0.0,0.0,26.0,26.0,6.435,9.5,6.435,9.5,0.0,0.0,train,tier3
137,1962,Group Stage,1,0,1962-05-30,Carlos Dittborn,Colombia,Uruguay,0,CONMEBOL,CONMEBOL,1,0,0,1,1923.91,1871.66,52.25,0.5746,0.6,0.2,0.4,1.2,0.8,0.6,0.0,3.0,0.0,2.0,0.0,1.0,0.0,2.0,0.0,0.5,0,4.0,4.0,0.0,1,0.0,0.0,0.0,0.0,0.0,0.5,0.0,0.0,0.0,,,,,,,,,,,,,0.0,,,1,2,-1,Loss,0,Full Time,,1.0,1.0,7908.0,2.0,2.0,0.0,0.0,0.0,0.0,0.0,0.0,0.0,0.0,0.0,0.0,0.0,0.0,0.0,0.0,0.0,0.0,26.0,26.0,6.435,9.5,6.435,9.5,0.0,0.0,train,tier3
138,1962,Group Stage,1,0,1962-05-30,Estadio Sausalito,Brazil,Mexico,1,CONMEBOL,CONCACAF,0,0,0,1,1872.64,1653.26,219.3800000000001,0.7795,1.0,0.6,0.4,3.2,0.4,0.8,6.0,4.0,1.0,0.0,1.0,0.0,2.0,0.0,11.0,1.0,2,4.0,4.0,0.0,2,0.0,0.0,0.0,0.0,0.0,0.5,0.0,0.0,0.0,,,,,,,,,,,,,0.0,,,2,0,2,Win,2,Full Time,,0.0,1.0,10484.0,2.0,3.0,0.0,0.0,0.0,0.0,0.0,0.0,0.0,0.0,0.0,0.0,0.0,0.0,0.0,0.0,0.0,0.0,26.0,26.0,6.435,9.5,6.435,9.5,0.0,0.0,train,tier3
138,1962,Group Stage,1,0,1962-05-30,Estadio Sausalito,Mexico,Brazil,0,CONCACAF,CONMEBOL,0,0,0,1,1653.26,1872.64,-219.3800000000001,0.2205,0.6,1.0,-0.4,0.8,0.6,3.2,4.0,6.0,0.0,1.0,0.0,1.0,0.0,2.0,2.25,0.0,2,4.0,4.0,0.0,2,0.0,0.0,0.0,0.0,0.0,0.5,0.0,0.0,0.0,,,,,,,,,,,,,0.0,,,0,2,-2,Loss,0,Full Time,,0.0,1.0,10484.0,3.0,2.0,0.0,0.0,0.0,0.0,0.0,0.0,0.0,0.0,0.0,0.0,0.0,0.0,0.0,0.0,0.0,0.0,26.0,26.0,6.435,9.5,6.435,9.5,0.0,0.0,train,tier3
139,1962,Group Stage,1,0,1962-05-30,Estadio El Teniente-Codelco,Argentina,Bulgaria,1,CONMEBOL,UEFA,0,0,0,1,1785.46,1596.84,188.6200000000001,0.7476,0.5,0.8,-0.3,2.0,1.4,1.4,3.0,0.0,0.0,0.0,1.0,0.0,1.0,0.0,8.33,0.5,0,4.0,4.0,0.0,3,0.0,0.0,0.0,0.0,0.0,0.5,0.0,0.0,0.0,,,,,,,,,,,,,0.0,,,1,0,1,Win,2,Full Time,,1.0,1.0,7134.0,2.0,1.0,0.0,0.0,0.0,0.0,0.0,0.0,0.0,0.0,0.0,0.0,0.0,0.0,0.0,0.0,0.0,0.0,26.0,26.0,6.435,9.5,6.435,9.5,0.0,0.0,train,tier3
139,1962,Group Stage,1,0,1962-05-30,Estadio El Teniente-Codelco,Bulgaria,Argentina,0,UEFA,CONMEBOL,0,0,0,1,1596.84,1785.46,-188.6200000000001,0.2524,0.8,0.5,0.3,1.4,1.0,2.0,0.0,3.0,0.0,0.0,0.0,1.0,0.0,1.0,0.0,0.5,0,4.0,4.0,0.0,3,0.0,0.0,0.0,0.0,0.0,0.5,0.0,0.0,0.0,,,,,,,,,,,,,0.0,,,0,1,-1,Loss,0,Full Time,,0.0,1.0,7134.0,1.0,2.0,0.0,0.0,0.0,0.0,0.0,0.0,0.0,0.0,0.0,0.0,0.0,0.0,0.0,0.0,0.0,0.0,26.0,26.0,6.435,9.5,6.435,9.5,0.0,0.0,train,tier3
140,1962,Group Stage,1,0,1962-05-30,Nacional,Chile,Switzerland,1,CONMEBOL,UEFA,0,1,0,0,1558.27,1593.01,-34.74000000000001,0.4502,0.2,0.8,-0.6,1.6,1.6,2.2,2.0,4.0,0.0,0.0,0.0,0.0,0.0,0.0,5.0,0.5,0,4.0,4.0,0.0,4,0.0,0.0,0.0,0.0,0.0,0.5,0.0,0.0,0.0,,,,,,,,,,,,,0.0,,,3,1,2,Win,2,Full Time,,1.0,1.0,65006.0,2.0,1.0,0.0,0.0,0.0,0.0,0.0,0.0,0.0,0.0,0.0,0.0,0.0,0.0,0.0,0.0,0.0,0.0,26.0,26.0,6.435,9.5,6.435,9.5,0.0,0.0,train,tier3
140,1962,Group Stage,1,0,1962-05-30,Nacional,Switzerland,Chile,0,UEFA,CONMEBOL,0,0,1,0,1593.01,1558.27,34.74000000000001,0.5498,0.8,0.2,0.6,2.2,2.0,1.6,4.0,2.0,0.0,0.0,0.0,0.0,0.0,0.0,6.25,0.5,0,4.0,4.0,0.0,4,0.0,0.0,0.0,0.0,0.0,0.5,0.0,0.0,0.0,,,,,,,,,,,,,0.0,,,1,3,-2,Loss,0,Full Time,,1.0,1.0,65006.0,1.0,2.0,0.0,0.0,0.0,0.0,0.0,0.0,0.0,0.0,0.0,0.0,0.0,0.0,0.0,0.0,0.0,0.0,26.0,26.0,6.435,9.5,6.435,9.5,0.0,0.0,train,tier3
141,1962,Group Stage,1,0,1962-05-31,Carlos Dittborn,Soviet Union,Yugoslavia,1,UEFA,UEFA,1,0,0,1,1500.0,1791.56,-291.55999999999995,0.1573,0.5,1.0,-0.5,1.5,1.5,2.8,1.0,4.0,0.0,0.0,0.0,0.0,0.0,1.0,5.0,0.5,0,4.0,4.0,0.0,5,0.0,0.0,0.0,0.0,0.0,0.5,0.0,0.0,0.0,,,,,,,,,,,,,0.0,,,2,0,2,Win,2,Full Time,,0.0,1.0,9622.0,1.0,1.0,0.0,0.0,0.0,0.0,0.0,0.0,0.0,0.0,0.0,0.0,0.0,0.0,0.0,0.0,0.0,0.0,26.0,26.0,6.435,9.5,6.435,9.5,0.0,0.0,train,tier3
141,1962,Group Stage,1,0,1962-05-31,Carlos Dittborn,Yugoslavia,Soviet Union,0,UEFA,UEFA,1,0,0,1,1791.56,1500.0,291.55999999999995,0.8427,1.0,0.5,0.5,2.8,0.8,1.5,4.0,1.0,0.0,0.0,0.0,0.0,1.0,0.0,5.75,0.5,0,4.0,4.0,0.0,5,0.0,0.0,0.0,0.0,0.0,0.5,0.0,0.0,0.0,,,,,,,,,,,,,0.0,,,0,2,-2,Loss,0,Full Time,,0.0,1.0,9622.0,1.0,1.0,0.0,0.0,0.0,0.0,0.0,0.0,0.0,0.0,0.0,0.0,0.0,0.0,0.0,0.0,0.0,0.0,26.0,26.0,6.435,9.5,6.435,9.5,0.0,0.0,train,tier3
142,1962,Group Stage,1,0,1962-05-31,Estadio Sausalito,Czechoslovakia,Spain,1,UEFA,UEFA,1,0,0,1,1729.53,1732.05,-2.519999999999982,0.4964,0.6,0.9,-0.3,3.4,2.0,1.8,4.0,2.0,0.0,0.0,1.0,0.0,1.0,0.0,5.75,0.5,0,4.0,4.0,0.0,6,0.0,0.0,0.0,0.0,0.0,0.5,0.0,0.0,0.0,,,,,,,,,,,,,0.0,,,1,0,1,Win,2,Full Time,,0.0,1.0,12700.0,1.0,1.0,0.0,0.0,0.0,0.0,0.0,0.0,0.0,0.0,0.0,0.0,0.0,0.0,0.0,0.0,0.0,0.0,26.0,26.0,6.435,9.5,6.435,9.5,0.0,0.0,train,tier3
142,1962,Group Stage,1,0,1962-05-31,Estadio Sausalito,Spain,Czechoslovakia,0,UEFA,UEFA,1,0,0,1,1732.05,1729.53,2.519999999999982,0.5036,0.9,0.6,0.3,1.8,0.8,3.4,2.0,4.0,0.0,0.0,0.0,1.0,0.0,1.0,7.0,0.5,0,4.0,4.0,0.0,6,0.0,0.0,0.0,0.0,0.0,0.5,0.0,0.0,0.0,,,,,,,,,,,,,0.0,,,0,1,-1,Loss,0,Full Time,,0.0,1.0,12700.0,1.0,1.0,0.0,0.0,0.0,0.0,0.0,0.0,0.0,0.0,0.0,0.0,0.0,0.0,0.0,0.0,0.0,0.0,26.0,26.0,6.435,9.5,6.435,9.5,0.0,0.0,train,tier3
143,1962,Group Stage,1,0,1962-05-31,Estadio El Teniente-Codelco,Hungary,England,1,UEFA,UEFA,1,0,0,1,1745.68,1991.02,-245.33999999999992,0.1959,0.4,0.7,-0.3,1.2,2.0,1.8,4.0,3.0,0.0,0.0,2.0,0.0,2.0,0.0,13.5,0.5,0,4.0,4.0,0.0,7,0.0,0.0,0.0,0.0,0.0,0.5,0.0,0.0,0.0,,,,,,,,,,,,,0.0,,,2,1,1,Win,2,Full Time,,1.0,1.0,7938.0,1.0,1.0,0.0,0.0,0.0,0.0,0.0,0.0,0.0,0.0,0.0,0.0,0.0,0.0,0.0,0.0,0.0,0.0,26.0,26.0,6.435,9.5,6.435,9.5,0.0,0.0,train,tier3
143,1962,Group Stage,1,0,1962-05-31,Estadio El Teniente-Codelco,England,Hungary,0,UEFA,UEFA,1,0,0,1,1991.02,1745.68,245.33999999999992,0.8041,0.7,0.4,0.3,1.8,1.0,1.2,3.0,4.0,0.0,0.0,0.0,2.0,0.0,2.0,4.67,0.5,0,4.0,4.0,0.0,7,0.0,0.0,0.0,0.0,0.0,0.5,0.0,0.0,0.0,,,,,,,,,,,,,0.0,,,1,2,-1,Loss,0,Full Time,,0.0,1.0,7938.0,1.0,1.0,0.0,0.0,0.0,0.0,0.0,0.0,0.0,0.0,0.0,0.0,0.0,0.0,0.0,0.0,0.0,0.0,26.0,26.0,6.435,9.5,6.435,9.5,0.0,0.0,train,tier3
144,1962,Group Stage,1,0,1962-05-31,Nacional,Germany FR,Italy,1,UEFA,UEFA,1,0,0,1,1500.0,1853.8,-353.79999999999995,0.1154,0.5,0.8,-0.3,1.5,1.5,3.6,2.0,4.0,1.0,2.0,1.0,2.0,2.0,2.0,18.5,0.5,0,4.0,4.0,0.0,8,0.0,0.0,0.0,0.0,0.0,0.5,0.0,0.0,0.0,,,,,,,,,,,,,0.0,,,0,0,0,Draw,1,Full Time,,0.0,1.0,65440.0,1.0,1.0,0.0,0.0,0.0,0.0,0.0,0.0,0.0,0.0,0.0,0.0,0.0,0.0,0.0,0.0,0.0,0.0,26.0,26.0,6.435,9.5,6.435,9.5,0.0,0.0,train,tier3
144,1962,Group Stage,1,0,1962-05-31,Nacional,Italy,Germany FR,0,UEFA,UEFA,1,0,0,1,1853.8,1500.0,353.79999999999995,0.8846,0.8,0.5,0.3,3.6,1.4,1.5,4.0,2.0,2.0,1.0,2.0,1.0,2.0,2.0,8.25,0.5,0,4.0,4.0,0.0,8,0.0,0.0,0.0,0.0,0.0,0.5,0.0,0.0,0.0,,,,,,,,,,,,,0.0,,,0,0,0,Draw,1,Full Time,,0.0,1.0,65440.0,1.0,1.0,0.0,0.0,0.0,0.0,0.0,0.0,0.0,0.0,0.0,0.0,0.0,0.0,0.0,0.0,0.0,0.0,26.0,26.0,6.435,9.5,6.435,9.5,0.0,0.0,train,tier3
145,1962,Group Stage,1,0,1962-06-02,Carlos Dittborn,Yugoslavia,Uruguay,1,UEFA,CONMEBOL,0,0,0,1,1791.56,1871.66,-80.10000000000014,0.3867,1.0,0.3,0.7,3.0,0.8,1.0,4.0,3.0,0.0,2.0,0.0,1.0,1.0,2.0,5.75,0.0,1,2.0,3.0,-1.0,9,1.0,0.0,2.0,-2.0,0.0,0.0,0.0,0.0,0.0,,,,,,,,,,,,,0.0,,,3,1,2,Win,2,Full Time,,2.0,1.0,8829.0,1.0,2.0,0.0,0.0,0.0,0.0,0.0,0.0,0.0,0.0,0.0,0.0,0.0,0.0,0.0,0.0,0.0,0.0,26.0,26.0,6.435,9.5,6.435,9.5,0.0,0.0,train,tier3
145,1962,Group Stage,1,0,1962-06-02,Carlos Dittborn,Uruguay,Yugoslavia,0,CONMEBOL,UEFA,0,0,0,1,1871.66,1791.56,80.10000000000014,0.6133,0.3,1.0,-0.7,1.0,2.8,3.0,3.0,4.0,2.0,0.0,1.0,0.0,2.0,1.0,15.33,1.0,1,3.0,2.0,1.0,9,1.0,2.0,1.0,1.0,1.0,1.0,2.0,0.0,0.0,,,,,,,,,,,,,0.0,,,1,3,-2,Loss,0,Full Time,,1.0,1.0,8829.0,2.0,1.0,0.0,0.0,0.0,0.0,0.0,0.0,0.0,0.0,0.0,0.0,0.0,0.0,0.0,0.0,0.0,0.0,26.0,26.0,6.435,9.5,6.435,9.5,0.0,0.0,train,tier3
146,1962,Group Stage,1,0,1962-06-02,Estadio Sausalito,Brazil,Czechoslovakia,1,CONMEBOL,UEFA,0,0,0,1,1885.87,1759.75,126.11999999999988,0.6739,1.0,0.8,0.2,2.6,0.6,3.6,6.0,4.0,1.0,0.0,1.0,1.0,2.0,1.0,11.0,0.5,2,3.0,2.0,1.0,10,1.0,2.0,0.0,2.0,1.0,1.0,2.0,0.0,0.0,,,,,,,,,,,,,0.0,,,0,0,0,Draw,1,Full Time,,0.0,1.0,14903.0,2.0,1.0,0.0,0.0,0.0,0.0,0.0,0.0,0.0,0.0,0.0,0.0,0.0,0.0,0.0,0.0,0.0,0.0,26.0,26.0,6.435,9.5,6.435,9.5,0.0,0.0,train,tier3
146,1962,Group Stage,1,0,1962-06-02,Estadio Sausalito,Czechoslovakia,Brazil,0,UEFA,CONMEBOL,0,0,0,1,1759.75,1885.87,-126.11999999999988,0.3261,0.8,1.0,-0.2,3.6,1.6,2.6,4.0,6.0,0.0,1.0,1.0,1.0,1.0,2.0,5.75,0.5,2,2.0,3.0,-1.0,10,1.0,1.0,0.0,1.0,1.0,1.0,1.0,0.0,0.0,,,,,,,,,,,,,0.0,,,0,0,0,Draw,1,Full Time,,0.0,1.0,14903.0,1.0,2.0,0.0,0.0,0.0,0.0,0.0,0.0,0.0,0.0,0.0,0.0,0.0,0.0,0.0,0.0,0.0,0.0,26.0,26.0,6.435,9.5,6.435,9.5,0.0,0.0,train,tier3
147,1962,Group Stage,1,0,1962-06-02,Estadio El Teniente-Codelco,England,Argentina,1,UEFA,CONMEBOL,0,0,0,1,1991.02,2040.35,-49.32999999999993,0.4295,0.7,0.6,0.1,2.2,1.0,1.6,3.0,3.0,0.0,0.0,0.0,1.0,0.0,1.0,4.67,0.5,0,2.0,3.0,-1.0,11,1.0,1.0,2.0,-1.0,0.0,0.0,1.0,0.0,0.0,,,,,,,,,,,,,0.0,,,3,1,2,Win,2,Full Time,,2.0,1.0,9794.0,1.0,2.0,0.0,0.0,0.0,0.0,0.0,0.0,0.0,0.0,0.0,0.0,0.0,0.0,0.0,0.0,0.0,0.0,26.0,26.0,6.435,9.5,6.435,9.5,0.0,0.0,train,tier3
147,1962,Group Stage,1,0,1962-06-02,Estadio El Teniente-Codelco,Argentina,England,0,CONMEBOL,UEFA,0,0,0,1,2040.35,1991.02,49.32999999999993,0.5705,0.6,0.7,-0.1,1.6,0.8,2.2,3.0,3.0,0.0,0.0,1.0,0.0,1.0,0.0,8.33,0.5,0,3.0,2.0,1.0,11,1.0,1.0,0.0,1.0,1.0,1.0,1.0,0.0,0.0,,,,,,,,,,,,,0.0,,,1,3,-2,Loss,0,Full Time,,0.0,1.0,9794.0,2.0,1.0,0.0,0.0,0.0,0.0,0.0,0.0,0.0,0.0,0.0,0.0,0.0,0.0,0.0,0.0,0.0,0.0,26.0,26.0,6.435,9.5,6.435,9.5,0.0,0.0,train,tier3
148,1962,Group Stage,1,0,1962-06-02,Nacional,Chile,Italy,1,CONMEBOL,UEFA,0,1,0,0,1591.26,1673.97,-82.71000000000004,0.3832,0.3,1.0,-0.7,1.4,1.2,3.8,2.0,4.0,0.0,2.0,0.0,2.0,0.0,2.0,5.0,0.5,0,3.0,2.0,1.0,12,1.0,3.0,1.0,2.0,1.0,1.0,3.0,0.0,0.0,,,,,,,,,,,,,0.0,,,2,0,2,Win,2,Full Time,,0.0,1.0,66057.0,2.0,1.0,0.0,0.0,0.0,0.0,0.0,0.0,0.0,0.0,0.0,0.0,0.0,0.0,0.0,0.0,0.0,0.0,26.0,26.0,6.435,9.5,6.435,9.5,0.0,0.0,train,tier3
148,1962,Group Stage,1,0,1962-06-02,Nacional,Italy,Chile,0,UEFA,CONMEBOL,0,0,1,0,1673.97,1591.26,82.71000000000004,0.6168,1.0,0.3,0.7,3.8,1.0,1.4,4.0,2.0,2.0,0.0,2.0,0.0,2.0,0.0,8.25,0.5,0,2.0,3.0,-1.0,12,1.0,0.0,0.0,0.0,0.0,0.0,0.0,0.0,0.0,,,,,,,,,,,,,0.0,,,0,2,-2,Loss,0,Full Time,,0.0,1.0,66057.0,1.0,2.0,0.0,0.0,0.0,0.0,0.0,0.0,0.0,0.0,0.0,0.0,0.0,0.0,0.0,0.0,0.0,0.0,26.0,26.0,6.435,9.5,6.435,9.5,0.0,0.0,train,tier3
149,1962,Group Stage,1,0,1962-06-03,Carlos Dittborn,Soviet Union,Colombia,1,UEFA,CONMEBOL,0,0,0,1,1500.0,1923.91,-423.9100000000001,0.0802,0.5,0.4,0.1,1.5,1.5,0.8,1.0,0.0,0.0,0.0,0.0,0.0,0.0,0.0,5.0,0.5,0,3.0,4.0,-1.0,13,1.0,2.0,0.0,2.0,1.0,1.0,2.0,0.0,0.0,,,,,,,,,,,,,0.0,,,4,4,0,Draw,1,Full Time,,3.0,1.0,8040.0,1.0,2.0,0.0,0.0,0.0,0.0,0.0,0.0,0.0,0.0,0.0,0.0,0.0,0.0,0.0,0.0,0.0,0.0,26.0,26.0,6.435,9.5,6.435,9.5,0.0,0.0,train,tier3
149,1962,Group Stage,1,0,1962-06-03,Carlos Dittborn,Colombia,Soviet Union,0,CONMEBOL,UEFA,0,0,0,1,1923.91,1500.0,423.9100000000001,0.9198,0.4,0.5,-0.1,0.8,1.0,1.5,0.0,1.0,0.0,0.0,0.0,0.0,0.0,0.0,0.0,0.5,0,4.0,3.0,1.0,13,1.0,1.0,2.0,-1.0,0.0,0.0,1.0,0.0,0.0,,,,,,,,,,,,,0.0,,,4,4,0,Draw,1,Full Time,,1.0,1.0,8040.0,2.0,1.0,0.0,0.0,0.0,0.0,0.0,0.0,0.0,0.0,0.0,0.0,0.0,0.0,0.0,0.0,0.0,0.0,26.0,26.0,6.435,9.5,6.435,9.5,0.0,0.0,train,tier3
150,1962,Group Stage,1,0,1962-06-03,Estadio Sausalito,Spain,Mexico,1,UEFA,CONCACAF,0,0,0,1,2100.01,1887.54,212.47000000000023,0.7726,0.8,0.7,0.1,1.6,0.8,1.2,2.0,4.0,0.0,0.0,0.0,0.0,0.0,0.0,7.0,0.5,0,3.0,4.0,-1.0,14,1.0,0.0,1.0,-1.0,0.0,0.0,0.0,0.0,0.0,,,,,,,,,,,,,0.0,,,1,0,1,Win,2,Full Time,,0.0,1.0,11875.0,1.0,3.0,0.0,0.0,0.0,0.0,0.0,0.0,0.0,0.0,0.0,0.0,0.0,0.0,0.0,0.0,0.0,0.0,26.0,26.0,6.435,9.5,6.435,9.5,0.0,0.0,train,tier3
150,1962,Group Stage,1,0,1962-06-03,Estadio Sausalito,Mexico,Spain,0,CONCACAF,UEFA,0,0,0,1,1887.54,2100.01,-212.47000000000023,0.2274,0.7,0.8,-0.1,1.2,0.8,1.6,4.0,2.0,0.0,0.0,0.0,0.0,0.0,0.0,2.25,0.5,0,4.0,3.0,1.0,14,1.0,0.0,2.0,-2.0,0.0,0.0,0.0,0.0,0.0,,,,,,,,,,,,,0.0,,,0,1,-1,Loss,0,Full Time,,0.0,1.0,11875.0,3.0,1.0,0.0,0.0,0.0,0.0,0.0,0.0,0.0,0.0,0.0,0.0,0.0,0.0,0.0,0.0,0.0,0.0,26.0,26.0,6.435,9.5,6.435,9.5,0.0,0.0,train,tier3
151,1962,Group Stage,1,0,1962-06-03,Estadio El Teniente-Codelco,Hungary,Bulgaria,1,UEFA,UEFA,1,0,0,1,1745.68,1538.65,207.03,0.7671,0.5,0.6,-0.1,1.0,1.6,1.0,4.0,0.0,0.0,0.0,2.0,0.0,2.0,0.0,13.5,0.5,0,3.0,4.0,-1.0,15,1.0,2.0,1.0,1.0,1.0,1.0,2.0,0.0,0.0,,,,,,,,,,,,,0.0,,,6,1,5,Win,2,Full Time,,4.0,1.0,7442.0,1.0,1.0,0.0,0.0,0.0,0.0,0.0,0.0,0.0,0.0,0.0,0.0,0.0,0.0,0.0,0.0,0.0,0.0,26.0,26.0,6.435,9.5,6.435,9.5,0.0,0.0,train,tier3
151,1962,Group Stage,1,0,1962-06-03,Estadio El Teniente-Codelco,Bulgaria,Hungary,0,UEFA,UEFA,1,0,0,1,1538.65,1745.68,-207.03,0.2329,0.6,0.5,0.1,1.0,1.4,1.0,0.0,4.0,0.0,0.0,0.0,2.0,0.0,2.0,0.0,0.5,0,4.0,3.0,1.0,15,1.0,0.0,1.0,-1.0,0.0,0.0,0.0,0.0,0.0,,,,,,,,,,,,,0.0,,,1,6,-5,Loss,0,Full Time,,0.0,1.0,7442.0,1.0,1.0,0.0,0.0,0.0,0.0,0.0,0.0,0.0,0.0,0.0,0.0,0.0,0.0,0.0,0.0,0.0,0.0,26.0,26.0,6.435,9.5,6.435,9.5,0.0,0.0,train,tier3
152,1962,Group Stage,1,0,1962-06-03,Nacional,Germany FR,Switzerland,1,UEFA,UEFA,1,0,0,1,1500.0,1872.59,-372.5899999999999,0.1048,0.5,0.6,-0.1,1.5,1.5,1.6,2.0,4.0,1.0,0.0,1.0,0.0,2.0,0.0,18.5,0.5,0,3.0,4.0,-1.0,16,1.0,0.0,0.0,0.0,0.0,0.0,0.0,0.0,0.0,,,,,,,,,,,,,0.0,,,2,1,1,Win,2,Full Time,,1.0,1.0,64922.0,1.0,1.0,0.0,0.0,0.0,0.0,0.0,0.0,0.0,0.0,0.0,0.0,0.0,0.0,0.0,0.0,0.0,0.0,26.0,26.0,6.435,9.5,6.435,9.5,0.0,0.0,train,tier3
152,1962,Group Stage,1,0,1962-06-03,Nacional,Switzerland,Germany FR,0,UEFA,UEFA,1,0,0,1,1872.59,1500.0,372.5899999999999,0.8952,0.6,0.5,0.1,1.6,2.2,1.5,4.0,2.0,0.0,1.0,0.0,1.0,0.0,2.0,6.25,0.5,0,4.0,3.0,1.0,16,1.0,1.0,3.0,-2.0,0.0,0.0,1.0,0.0,0.0,,,,,,,,,,,,,0.0,,,1,2,-1,Loss,0,Full Time,,0.0,1.0,64922.0,1.0,1.0,0.0,0.0,0.0,0.0,0.0,0.0,0.0,0.0,0.0,0.0,0.0,0.0,0.0,0.0,0.0,0.0,26.0,26.0,6.435,9.5,6.435,9.5,0.0,0.0,train,tier3
153,1962,Group Stage,1,0,1962-06-06,Carlos Dittborn,Soviet Union,Uruguay,1,UEFA,CONMEBOL,0,0,0,1,1500.0,1871.66,-371.6600000000001,0.1053,0.5,0.5,0.0,1.5,1.5,1.4,1.0,3.0,0.0,2.0,0.0,1.0,0.0,2.0,5.0,0.5,0,3.0,4.0,-1.0,17,2.0,6.0,4.0,2.0,1.0,0.5,3.0,0.0,0.0,,,,,,,,,,,,,0.0,,,2,1,1,Win,2,Full Time,,1.0,1.0,9973.0,1.0,2.0,0.0,0.0,0.0,0.0,0.0,0.0,0.0,0.0,0.0,0.0,0.0,0.0,0.0,0.0,0.0,0.0,26.0,26.0,6.435,9.5,6.435,9.5,0.0,0.0,train,tier3
153,1962,Group Stage,1,0,1962-06-06,Carlos Dittborn,Uruguay,Soviet Union,0,CONMEBOL,UEFA,0,0,0,1,1871.66,1500.0,371.6600000000001,0.8947,0.5,0.5,0.0,1.4,2.4,1.5,3.0,1.0,2.0,0.0,1.0,0.0,2.0,0.0,15.33,0.5,0,4.0,3.0,1.0,17,2.0,3.0,4.0,-1.0,1.0,0.5,1.5,0.0,0.0,,,,,,,,,,,,,0.0,,,1,2,-1,Loss,0,Full Time,,0.0,1.0,9973.0,2.0,1.0,0.0,0.0,0.0,0.0,0.0,0.0,0.0,0.0,0.0,0.0,0.0,0.0,0.0,0.0,0.0,0.0,26.0,26.0,6.435,9.5,6.435,9.5,0.0,0.0,train,tier3
154,1962,Group Stage,1,0,1962-06-06,Estadio Sausalito,Brazil,Spain,1,CONMEBOL,UEFA,0,0,0,1,1875.43,1726.55,148.8800000000001,0.702,1.0,0.7,0.3,2.2,0.6,1.4,6.0,2.0,1.0,0.0,1.0,0.0,2.0,0.0,11.0,0.5,2,4.0,3.0,1.0,18,2.0,2.0,0.0,2.0,1.0,0.5,1.0,0.0,0.0,,,,,,,,,,,,,0.0,,,2,1,1,Win,2,Full Time,,0.0,1.0,18715.0,2.0,1.0,0.0,0.0,0.0,0.0,0.0,0.0,0.0,0.0,0.0,0.0,0.0,0.0,0.0,0.0,0.0,0.0,26.0,26.0,6.435,9.5,6.435,9.5,0.0,0.0,train,tier3
154,1962,Group Stage,1,0,1962-06-06,Estadio Sausalito,Spain,Brazil,0,UEFA,CONMEBOL,0,0,0,1,1726.55,1875.43,-148.8800000000001,0.298,0.7,1.0,-0.3,1.4,0.8,2.2,2.0,6.0,0.0,1.0,0.0,1.0,0.0,2.0,7.0,0.5,2,3.0,4.0,-1.0,18,2.0,1.0,1.0,0.0,1.0,0.5,0.5,0.0,0.0,,,,,,,,,,,,,0.0,,,1,2,-1,Loss,0,Full Time,,1.0,1.0,18715.0,1.0,2.0,0.0,0.0,0.0,0.0,0.0,0.0,0.0,0.0,0.0,0.0,0.0,0.0,0.0,0.0,0.0,0.0,26.0,26.0,6.435,9.5,6.435,9.5,0.0,0.0,train,tier3
155,1962,Group Stage,1,0,1962-06-06,Estadio El Teniente-Codelco,Hungary,Argentina,1,UEFA,CONMEBOL,0,0,0,1,1745.68,2040.35,-294.66999999999985,0.155,0.7,0.7,0.0,1.2,0.8,1.8,4.0,3.0,0.0,0.0,2.0,1.0,2.0,1.0,13.5,0.5,0,3.0,4.0,-1.0,19,2.0,8.0,2.0,6.0,2.0,1.0,4.0,0.0,0.0,,,,,,,,,,,,,0.0,,,0,0,0,Draw,1,Full Time,,0.0,1.0,7945.0,1.0,2.0,0.0,0.0,0.0,0.0,0.0,0.0,0.0,0.0,0.0,0.0,0.0,0.0,0.0,0.0,0.0,0.0,26.0,26.0,6.435,9.5,6.435,9.5,0.0,0.0,train,tier3
155,1962,Group Stage,1,0,1962-06-06,Estadio El Teniente-Codelco,Argentina,Hungary,0,CONMEBOL,UEFA,0,0,0,1,2040.35,1745.68,294.66999999999985,0.845,0.7,0.7,0.0,1.8,0.8,1.2,3.0,4.0,0.0,0.0,1.0,2.0,1.0,2.0,8.33,0.5,0,4.0,3.0,1.0,19,2.0,2.0,3.0,-1.0,1.0,0.5,1.0,0.0,0.0,,,,,,,,,,,,,0.0,,,0,0,0,Draw,1,Full Time,,0.0,1.0,7945.0,2.0,1.0,0.0,0.0,0.0,0.0,0.0,0.0,0.0,0.0,0.0,0.0,0.0,0.0,0.0,0.0,0.0,0.0,26.0,26.0,6.435,9.5,6.435,9.5,0.0,0.0,train,tier3
156,1962,Group Stage,1,0,1962-06-06,Nacional,Germany FR,Chile,1,UEFA,CONMEBOL,0,0,1,1,1500.0,1715.51,-215.51,0.2243,0.5,0.5,0.0,1.5,1.5,2.0,2.0,2.0,1.0,0.0,1.0,0.0,2.0,0.0,18.5,0.5,0,3.0,4.0,-1.0,20,2.0,2.0,1.0,1.0,1.0,0.5,1.0,0.0,0.0,,,,,,,,,,,,,0.0,,,2,0,2,Win,2,Full Time,,1.0,1.0,67224.0,1.0,2.0,0.0,0.0,0.0,0.0,0.0,0.0,0.0,0.0,0.0,0.0,0.0,0.0,0.0,0.0,0.0,0.0,26.0,26.0,6.435,9.5,6.435,9.5,0.0,0.0,train,tier3
156,1962,Group Stage,1,0,1962-06-06,Nacional,Chile,Germany FR,0,CONMEBOL,UEFA,0,1,0,1,1715.51,1500.0,215.51,0.7757,0.5,0.5,0.0,2.0,1.2,1.5,2.0,2.0,0.0,1.0,0.0,1.0,0.0,2.0,5.0,0.5,0,4.0,3.0,1.0,20,2.0,5.0,1.0,4.0,2.0,1.0,2.5,0.0,0.0,,,,,,,,,,,,,0.0,,,0,2,-2,Loss,0,Full Time,,0.0,1.0,67224.0,2.0,1.0,0.0,0.0,0.0,0.0,0.0,0.0,0.0,0.0,0.0,0.0,0.0,0.0,0.0,0.0,0.0,0.0,26.0,26.0,6.435,9.5,6.435,9.5,0.0,0.0,train,tier3
157,1962,Group Stage,1,0,1962-06-07,Carlos Dittborn,Yugoslavia,Colombia,1,UEFA,CONMEBOL,0,0,0,1,1791.56,1923.91,-132.35000000000014,0.3182,0.8,0.2,0.6,2.4,1.0,0.8,4.0,0.0,0.0,0.0,0.0,0.0,1.0,0.0,5.75,0.5,0,5.0,4.0,1.0,21,2.0,3.0,3.0,0.0,1.0,0.5,1.5,0.0,0.0,,,,,,,,,,,,,0.0,,,5,0,5,Win,2,Full Time,,2.0,1.0,7167.0,1.0,2.0,0.0,0.0,0.0,0.0,0.0,0.0,0.0,0.0,0.0,0.0,0.0,0.0,0.0,0.0,0.0,0.0,26.0,26.0,6.435,9.5,6.435,9.5,0.0,0.0,train,tier3
157,1962,Group Stage,1,0,1962-06-07,Carlos Dittborn,Colombia,Yugoslavia,0,CONMEBOL,UEFA,0,0,0,1,1923.91,1791.56,132.35000000000014,0.6818,0.2,0.8,-0.6,0.8,1.4,2.4,0.0,4.0,0.0,0.0,0.0,0.0,0.0,1.0,0.0,0.5,0,4.0,5.0,-1.0,21,2.0,5.0,6.0,-1.0,0.0,0.0,2.5,0.0,0.0,,,,,,,,,,,,,0.0,,,0,5,-5,Loss,0,Full Time,,0.0,1.0,7167.0,2.0,1.0,0.0,0.0,0.0,0.0,0.0,0.0,0.0,0.0,0.0,0.0,0.0,0.0,0.0,0.0,0.0,0.0,26.0,26.0,6.435,9.5,6.435,9.5,0.0,0.0,train,tier3
158,1962,Group Stage,1,0,1962-06-07,Estadio Sausalito,Mexico,Czechoslovakia,1,CONCACAF,UEFA,0,0,0,1,1887.54,1708.95,178.58999999999992,0.7365,0.7,0.8,-0.1,1.2,1.0,3.2,4.0,4.0,0.0,0.0,0.0,1.0,0.0,1.0,2.25,0.5,0,4.0,5.0,-1.0,22,2.0,0.0,3.0,-3.0,0.0,0.0,0.0,0.0,0.0,,,,,,,,,,,,,0.0,,,3,1,2,Win,2,Full Time,,2.0,1.0,10648.0,3.0,1.0,0.0,0.0,0.0,0.0,0.0,0.0,0.0,0.0,0.0,0.0,0.0,0.0,0.0,0.0,0.0,0.0,26.0,26.0,6.435,9.5,6.435,9.5,0.0,0.0,train,tier3
158,1962,Group Stage,1,0,1962-06-07,Estadio Sausalito,Czechoslovakia,Mexico,0,UEFA,CONCACAF,0,0,0,1,1708.95,1887.54,-178.58999999999992,0.2635,0.8,0.7,0.1,3.2,1.4,1.2,4.0,4.0,0.0,0.0,1.0,0.0,1.0,0.0,5.75,0.5,0,5.0,4.0,1.0,22,2.0,1.0,0.0,1.0,1.0,0.5,0.5,0.0,0.0,,,,,,,,,,,,,0.0,,,1,3,-2,Loss,0,Full Time,,1.0,1.0,10648.0,1.0,3.0,0.0,0.0,0.0,0.0,0.0,0.0,0.0,0.0,0.0,0.0,0.0,0.0,0.0,0.0,0.0,0.0,26.0,26.0,6.435,9.5,6.435,9.5,0.0,0.0,train,tier3
159,1962,Group Stage,1,0,1962-06-07,Estadio El Teniente-Codelco,England,Bulgaria,1,UEFA,UEFA,1,0,0,1,1991.02,1538.65,452.3699999999999,0.9311,0.6,0.4,0.2,2.2,1.2,0.4,3.0,0.0,0.0,0.0,0.0,0.0,0.0,0.0,4.67,0.5,0,5.0,4.0,1.0,23,2.0,4.0,3.0,1.0,1.0,0.5,2.0,0.0,0.0,,,,,,,,,,,,,0.0,,,0,0,0,Draw,1,Full Time,,0.0,1.0,5700.0,1.0,1.0,0.0,0.0,0.0,0.0,0.0,0.0,0.0,0.0,0.0,0.0,0.0,0.0,0.0,0.0,0.0,0.0,26.0,26.0,6.435,9.5,6.435,9.5,0.0,0.0,train,tier3
159,1962,Group Stage,1,0,1962-06-07,Estadio El Teniente-Codelco,Bulgaria,England,0,UEFA,UEFA,1,0,0,1,1538.65,1991.02,-452.3699999999999,0.0689,0.4,0.6,-0.2,0.4,1.4,2.2,0.0,3.0,0.0,0.0,0.0,0.0,0.0,0.0,0.0,0.5,0,4.0,5.0,-1.0,23,2.0,1.0,7.0,-6.0,0.0,0.0,0.5,0.0,0.0,,,,,,,,,,,,,0.0,,,0,0,0,Draw,1,Full Time,,0.0,1.0,5700.0,1.0,1.0,0.0,0.0,0.0,0.0,0.0,0.0,0.0,0.0,0.0,0.0,0.0,0.0,0.0,0.0,0.0,0.0,26.0,26.0,6.435,9.5,6.435,9.5,0.0,0.0,train,tier3
160,1962,Group Stage,1,0,1962-06-07,Nacional,Italy,Switzerland,1,UEFA,UEFA,1,0,0,1,1636.96,1541.44,95.51999999999998,0.6341,0.9,0.4,0.5,3.0,0.8,1.4,4.0,4.0,2.0,0.0,2.0,0.0,2.0,0.0,8.25,0.0,2,5.0,4.0,1.0,24,2.0,0.0,2.0,-2.0,0.0,0.0,0.0,0.0,0.0,,,,,,,,,,,,,0.0,,,3,0,3,Win,2,Full Time,,1.0,1.0,59828.0,1.0,1.0,0.0,0.0,0.0,0.0,0.0,0.0,0.0,0.0,0.0,0.0,0.0,0.0,0.0,0.0,0.0,0.0,26.0,26.0,6.435,9.5,6.435,9.5,0.0,0.0,train,tier3
160,1962,Group Stage,1,0,1962-06-07,Nacional,Switzerland,Italy,0,UEFA,UEFA,1,0,0,1,1541.44,1636.96,-95.51999999999998,0.3659,0.4,0.9,-0.5,1.4,2.6,3.0,4.0,4.0,0.0,2.0,0.0,2.0,0.0,2.0,6.25,1.0,2,4.0,5.0,-1.0,24,2.0,2.0,5.0,-3.0,0.0,0.0,1.0,0.0,0.0,,,,,,,,,,,,,0.0,,,0,3,-3,Loss,0,Full Time,,0.0,1.0,59828.0,1.0,1.0,0.0,0.0,0.0,0.0,0.0,0.0,0.0,0.0,0.0,0.0,0.0,0.0,0.0,0.0,0.0,0.0,26.0,26.0,6.435,9.5,6.435,9.5,0.0,0.0,train,tier3
161,1962,Quarter-final,3,1,1962-06-10,Carlos Dittborn,Chile,Soviet Union,1,CONMEBOL,UEFA,0,1,0,0,1715.51,1500.0,215.51,0.7757,0.7,0.5,0.2,2.0,0.6,1.5,2.0,1.0,0.0,0.0,0.0,0.0,0.0,0.0,5.0,0.5,0,4.0,4.0,0.0,25,3.0,5.0,3.0,2.0,2.0,0.667,1.667,0.0,0.0,,,,,,,,,,,,,0.0,,,2,1,1,Win,2,Full Time,,2.0,1.0,17268.0,2.0,1.0,0.0,0.0,0.0,0.0,0.0,0.0,0.0,0.0,0.0,0.0,0.0,0.0,0.0,0.0,0.0,0.0,26.0,26.0,6.435,9.5,6.435,9.5,0.0,0.0,train,tier3
161,1962,Quarter-final,3,1,1962-06-10,Carlos Dittborn,Soviet Union,Chile,0,UEFA,CONMEBOL,0,0,1,0,1500.0,1715.51,-215.51,0.2243,0.5,0.7,-0.2,1.5,1.5,2.0,1.0,2.0,0.0,0.0,0.0,0.0,0.0,0.0,5.0,0.5,0,4.0,4.0,0.0,25,3.0,8.0,5.0,3.0,2.0,0.667,2.667,0.0,0.0,,,,,,,,,,,,,0.0,,,1,2,-1,Loss,0,Full Time,,1.0,1.0,17268.0,1.0,2.0,0.0,0.0,0.0,0.0,0.0,0.0,0.0,0.0,0.0,0.0,0.0,0.0,0.0,0.0,0.0,0.0,26.0,26.0,6.435,9.5,6.435,9.5,0.0,0.0,train,tier3
162,1962,Quarter-final,3,1,1962-06-10,Estadio Sausalito,Brazil,England,1,CONMEBOL,UEFA,0,0,0,1,1893.31,1692.63,200.67999999999984,0.7605,0.9,0.6,0.3,1.8,0.4,2.2,6.0,3.0,1.0,0.0,1.0,0.0,2.0,0.0,11.0,0.0,1,4.0,3.0,1.0,26,3.0,4.0,1.0,3.0,2.0,0.667,1.333,0.0,0.0,,,,,,,,,,,,,0.0,,,3,1,2,Win,2,Full Time,,1.0,1.0,17736.0,2.0,1.0,0.0,0.0,0.0,0.0,0.0,0.0,0.0,0.0,0.0,0.0,0.0,0.0,0.0,0.0,0.0,0.0,26.0,26.0,6.435,9.5,6.435,9.5,0.0,0.0,train,tier3
162,1962,Quarter-final,3,1,1962-06-10,Estadio Sausalito,England,Brazil,0,UEFA,CONMEBOL,0,0,0,1,1692.63,1893.31,-200.67999999999984,0.2395,0.6,0.9,-0.3,2.2,1.2,1.8,3.0,6.0,0.0,1.0,0.0,1.0,0.0,2.0,4.67,1.0,1,3.0,4.0,-1.0,26,3.0,4.0,3.0,1.0,1.0,0.333,1.333,0.0,0.0,,,,,,,,,,,,,0.0,,,1,3,-2,Loss,0,Full Time,,1.0,1.0,17736.0,1.0,2.0,0.0,0.0,0.0,0.0,0.0,0.0,0.0,0.0,0.0,0.0,0.0,0.0,0.0,0.0,0.0,0.0,26.0,26.0,6.435,9.5,6.435,9.5,0.0,0.0,train,tier3
163,1962,Quarter-final,3,1,1962-06-10,Estadio El Teniente-Codelco,Czechoslovakia,Hungary,1,UEFA,UEFA,1,0,0,1,1727.64,1754.13,-26.49000000000001,0.462,0.7,0.8,-0.1,1.8,1.2,2.4,4.0,4.0,0.0,0.0,1.0,2.0,1.0,2.0,5.75,0.5,0,3.0,4.0,-1.0,27,3.0,2.0,3.0,-1.0,1.0,0.333,0.667,0.0,0.0,,,,,,,,,,,,,0.0,,,1,0,1,Win,2,Full Time,,1.0,1.0,11690.0,1.0,1.0,0.0,0.0,0.0,0.0,0.0,0.0,0.0,0.0,0.0,0.0,0.0,0.0,0.0,0.0,0.0,0.0,26.0,26.0,6.435,9.5,6.435,9.5,0.0,0.0,train,tier3
163,1962,Quarter-final,3,1,1962-06-10,Estadio El Teniente-Codelco,Hungary,Czechoslovakia,0,UEFA,UEFA,1,0,0,1,1754.13,1727.64,26.49000000000001,0.538,0.8,0.7,0.1,2.4,1.0,1.8,4.0,4.0,0.0,0.0,2.0,1.0,2.0,1.0,13.5,0.5,0,4.0,3.0,1.0,27,3.0,8.0,2.0,6.0,2.0,0.667,2.667,0.0,0.0,,,,,,,,,,,,,0.0,,,0,1,-1,Loss,0,Full Time,,0.0,1.0,11690.0,1.0,1.0,0.0,0.0,0.0,0.0,0.0,0.0,0.0,0.0,0.0,0.0,0.0,0.0,0.0,0.0,0.0,0.0,26.0,26.0,6.435,9.5,6.435,9.5,0.0,0.0,train,tier3
164,1962,Quarter-final,3,1,1962-06-10,Nacional,Yugoslavia,Germany FR,1,UEFA,UEFA,1,0,0,1,1791.56,1500.0,291.55999999999995,0.8427,0.8,0.5,0.3,2.6,1.0,1.5,4.0,2.0,0.0,1.0,0.0,1.0,1.0,2.0,5.75,0.5,0,3.0,4.0,-1.0,28,3.0,8.0,3.0,5.0,2.0,0.667,2.667,0.0,0.0,,,,,,,,,,,,,0.0,,,1,0,1,Win,2,Full Time,,0.0,1.0,63324.0,1.0,1.0,0.0,0.0,0.0,0.0,0.0,0.0,0.0,0.0,0.0,0.0,0.0,0.0,0.0,0.0,0.0,0.0,26.0,26.0,6.435,9.5,6.435,9.5,0.0,0.0,train,tier3
164,1962,Quarter-final,3,1,1962-06-10,Nacional,Germany FR,Yugoslavia,0,UEFA,UEFA,1,0,0,1,1500.0,1791.56,-291.55999999999995,0.1573,0.5,0.8,-0.3,1.5,1.5,2.6,2.0,4.0,1.0,0.0,1.0,0.0,2.0,1.0,18.5,0.5,0,4.0,3.0,1.0,28,3.0,4.0,1.0,3.0,2.0,0.667,1.333,0.0,0.0,,,,,,,,,,,,,0.0,,,0,1,-1,Loss,0,Full Time,,0.0,1.0,63324.0,1.0,1.0,0.0,0.0,0.0,0.0,0.0,0.0,0.0,0.0,0.0,0.0,0.0,0.0,0.0,0.0,0.0,0.0,26.0,26.0,6.435,9.5,6.435,9.5,0.0,0.0,train,tier3
165,1962,Semi-final,4,1,1962-06-13,Estadio Sausalito,Czechoslovakia,Yugoslavia,1,UEFA,UEFA,1,0,0,1,1759.92,1794.86,-34.93999999999983,0.4499,0.5,0.8,-0.3,1.2,1.4,2.6,4.0,4.0,0.0,0.0,1.0,0.0,1.0,1.0,5.75,0.5,0,3.0,3.0,0.0,29,4.0,3.0,3.0,0.0,2.0,0.5,0.75,0.0,0.0,,,,,,,,,,,,,0.0,,,3,1,2,Win,2,Full Time,,0.0,1.0,5890.0,1.0,1.0,0.0,0.0,0.0,0.0,0.0,0.0,0.0,0.0,0.0,0.0,0.0,0.0,0.0,0.0,0.0,0.0,26.0,26.0,6.435,9.5,6.435,9.5,0.0,0.0,train,tier3
165,1962,Semi-final,4,1,1962-06-13,Estadio Sausalito,Yugoslavia,Czechoslovakia,0,UEFA,UEFA,1,0,0,1,1794.86,1759.92,34.93999999999983,0.5501,0.8,0.5,0.3,2.6,0.8,1.2,4.0,4.0,0.0,0.0,0.0,1.0,1.0,1.0,5.75,0.5,0,3.0,3.0,0.0,29,4.0,9.0,3.0,6.0,3.0,0.75,2.25,0.0,0.0,,,,,,,,,,,,,0.0,,,1,3,-2,Loss,0,Full Time,,0.0,1.0,5890.0,1.0,1.0,0.0,0.0,0.0,0.0,0.0,0.0,0.0,0.0,0.0,0.0,0.0,0.0,0.0,0.0,0.0,0.0,26.0,26.0,6.435,9.5,6.435,9.5,0.0,0.0,train,tier3
166,1962,Semi-final,4,1,1962-06-13,Nacional,Brazil,Chile,1,CONMEBOL,CONMEBOL,1,0,1,1,1930.75,1715.51,215.24,0.7754,0.9,0.7,0.2,2.0,0.6,2.0,6.0,2.0,1.0,0.0,1.0,0.0,2.0,0.0,11.0,0.5,0,3.0,3.0,0.0,30,4.0,7.0,2.0,5.0,3.0,0.75,1.75,0.0,0.0,,,,,,,,,,,,,0.0,,,4,2,2,Win,2,Full Time,,2.0,1.0,76594.0,2.0,2.0,0.0,0.0,0.0,0.0,0.0,0.0,0.0,0.0,0.0,0.0,0.0,0.0,0.0,0.0,0.0,0.0,26.0,26.0,6.435,9.5,6.435,9.5,0.0,0.0,train,tier3
166,1962,Semi-final,4,1,1962-06-13,Nacional,Chile,Brazil,0,CONMEBOL,CONMEBOL,1,1,0,1,1715.51,1930.75,-215.24,0.2246,0.7,0.9,-0.2,2.0,0.8,2.0,2.0,6.0,0.0,1.0,0.0,1.0,0.0,2.0,5.0,0.5,0,3.0,3.0,0.0,30,4.0,7.0,4.0,3.0,3.0,0.75,1.75,0.0,0.0,,,,,,,,,,,,,0.0,,,2,4,-2,Loss,0,Full Time,,1.0,1.0,76594.0,2.0,2.0,0.0,0.0,0.0,0.0,0.0,0.0,0.0,0.0,0.0,0.0,0.0,0.0,0.0,0.0,0.0,0.0,26.0,26.0,6.435,9.5,6.435,9.5,0.0,0.0,train,tier3
167,1962,Third Place,4,1,1962-06-16,Nacional,Chile,Yugoslavia,1,CONMEBOL,UEFA,0,1,0,0,1641.64,1761.85,-120.2099999999998,0.3336,0.7,0.8,-0.1,1.4,0.8,2.4,2.0,4.0,0.0,0.0,0.0,0.0,0.0,1.0,5.0,0.5,0,3.0,3.0,0.0,31,5.0,9.0,8.0,1.0,3.0,0.6,1.8,0.0,0.0,,,,,,,,,,,,,0.0,,,1,0,1,Win,2,Full Time,,0.0,1.0,66697.0,2.0,1.0,0.0,0.0,0.0,0.0,0.0,0.0,0.0,0.0,0.0,0.0,0.0,0.0,0.0,0.0,0.0,0.0,26.0,26.0,6.435,9.5,6.435,9.5,0.0,0.0,train,tier3
167,1962,Third Place,4,1,1962-06-16,Nacional,Yugoslavia,Chile,0,UEFA,CONMEBOL,0,0,1,0,1761.85,1641.64,120.2099999999998,0.6664,0.8,0.7,0.1,2.4,0.8,1.4,4.0,2.0,0.0,0.0,0.0,0.0,1.0,0.0,5.75,0.5,0,3.0,3.0,0.0,31,5.0,10.0,6.0,4.0,3.0,0.6,2.0,0.0,0.0,,,,,,,,,,,,,0.0,,,0,1,-1,Loss,0,Full Time,,0.0,1.0,66697.0,1.0,2.0,0.0,0.0,0.0,0.0,0.0,0.0,0.0,0.0,0.0,0.0,0.0,0.0,0.0,0.0,0.0,0.0,26.0,26.0,6.435,9.5,6.435,9.5,0.0,0.0,train,tier3
168,1962,Final,5,1,1962-06-17,Nacional,Brazil,Czechoslovakia,1,CONMEBOL,UEFA,0,0,0,1,1918.93,1792.93,126.0,0.6738,0.9,0.7,0.2,2.0,0.6,1.2,6.0,4.0,1.0,0.0,1.0,1.0,2.0,1.0,11.0,0.333,3,4.0,4.0,0.0,32,5.0,11.0,4.0,7.0,4.0,0.8,2.2,0.0,0.0,,,,,,,,,,,,,0.0,,,3,1,2,Win,2,Full Time,,1.0,1.0,68679.0,2.0,1.0,0.0,0.0,0.0,0.0,0.0,0.0,0.0,0.0,0.0,0.0,0.0,0.0,0.0,0.0,0.0,0.0,26.0,26.0,6.435,9.5,6.435,9.5,0.0,0.0,train,tier3
168,1962,Final,5,1,1962-06-17,Nacional,Czechoslovakia,Brazil,0,UEFA,CONMEBOL,0,0,0,1,1792.93,1918.93,-126.0,0.3262,0.7,0.9,-0.2,1.2,0.8,2.0,4.0,6.0,0.0,1.0,1.0,1.0,1.0,2.0,5.75,0.667,3,4.0,4.0,0.0,32,5.0,6.0,4.0,2.0,3.0,0.6,1.2,0.0,0.0,,,,,,,,,,,,,0.0,,,1,3,-2,Loss,0,Full Time,,1.0,1.0,68679.0,1.0,2.0,0.0,0.0,0.0,0.0,0.0,0.0,0.0,0.0,0.0,0.0,0.0,0.0,0.0,0.0,0.0,0.0,26.0,26.0,6.435,9.5,6.435,9.5,0.0,0.0,train,tier3
169,1966,Group Stage,1,0,1966-07-11,Wembley Stadium,England,Uruguay,1,UEFA,CONMEBOL,0,1,0,0,1743.64,1665.26,78.38000000000011,0.6109,1.0,0.6,0.4,3.4,0.8,1.6,4.0,4.0,0.0,2.0,0.0,1.0,0.0,2.0,4.75,0.0,1,4.0,4.0,0.0,1,0.0,0.0,0.0,0.0,0.0,0.5,0.0,0.0,0.0,,,,,,,,,,,,,0.0,,,0,0,0,Draw,1,Full Time,,0.0,1.0,87148.0,1.0,2.0,0.0,0.0,0.0,0.0,0.0,0.0,0.0,0.0,0.0,0.0,0.0,0.0,0.0,0.0,0.0,0.0,26.0,26.0,6.435,9.5,6.435,9.5,0.0,0.0,train,tier3
169,1966,Group Stage,1,0,1966-07-11,Wembley Stadium,Uruguay,England,0,CONMEBOL,UEFA,0,0,1,0,1665.26,1743.64,-78.38000000000011,0.3891,0.6,1.0,-0.4,1.6,1.2,3.4,4.0,4.0,2.0,0.0,1.0,0.0,2.0,0.0,12.5,1.0,1,4.0,4.0,0.0,1,0.0,0.0,0.0,0.0,0.0,0.5,0.0,0.0,0.0,,,,,,,,,,,,,0.0,,,0,0,0,Draw,1,Full Time,,0.0,1.0,87148.0,2.0,1.0,0.0,0.0,0.0,0.0,0.0,0.0,0.0,0.0,0.0,0.0,0.0,0.0,0.0,0.0,0.0,0.0,26.0,26.0,6.435,9.5,6.435,9.5,0.0,0.0,train,tier3
170,1966,Group Stage,1,0,1966-07-12,Hillsborough,Germany FR,Switzerland,1,UEFA,UEFA,1,0,0,1,1500.0,1872.59,-372.5899999999999,0.1048,0.5,0.4,0.1,1.5,1.5,1.0,3.0,5.0,1.0,0.0,1.0,0.0,2.0,0.0,13.67,0.5,0,4.0,4.0,0.0,2,0.0,0.0,0.0,0.0,0.0,0.5,0.0,0.0,0.0,,,,,,,,,,,,,0.0,,,5,0,5,Win,2,Full Time,,3.0,1.0,36127.0,1.0,1.0,0.0,0.0,0.0,0.0,0.0,0.0,0.0,0.0,0.0,0.0,0.0,0.0,0.0,0.0,0.0,0.0,26.0,26.0,6.435,9.5,6.435,9.5,0.0,0.0,train,tier3
170,1966,Group Stage,1,0,1966-07-12,Hillsborough,Switzerland,Germany FR,0,UEFA,UEFA,1,0,0,1,1872.59,1500.0,372.5899999999999,0.8952,0.4,0.5,-0.1,1.0,1.4,1.5,5.0,3.0,0.0,1.0,0.0,1.0,0.0,2.0,5.4,0.5,0,4.0,4.0,0.0,2,0.0,0.0,0.0,0.0,0.0,0.5,0.0,0.0,0.0,,,,,,,,,,,,,0.0,,,0,5,-5,Loss,0,Full Time,,0.0,1.0,36127.0,1.0,1.0,0.0,0.0,0.0,0.0,0.0,0.0,0.0,0.0,0.0,0.0,0.0,0.0,0.0,0.0,0.0,0.0,26.0,26.0,6.435,9.5,6.435,9.5,0.0,0.0,train,tier3
171,1966,Group Stage,1,0,1966-07-12,Goodison Park,Brazil,Bulgaria,1,CONMEBOL,UEFA,0,0,0,1,1803.4,1652.24,151.16000000000008,0.7048,0.8,0.7,0.1,2.0,1.2,1.6,7.0,1.0,2.0,0.0,2.0,0.0,3.0,0.0,11.43,0.5,0,4.0,4.0,0.0,3,0.0,0.0,0.0,0.0,0.0,0.5,0.0,0.0,0.0,,,,,,,,,,,,,0.0,,,2,0,2,Win,2,Full Time,,1.0,1.0,47308.0,2.0,1.0,0.0,0.0,0.0,0.0,0.0,0.0,0.0,0.0,0.0,0.0,0.0,0.0,0.0,0.0,0.0,0.0,26.0,26.0,6.435,9.5,6.435,9.5,0.0,0.0,train,tier3
171,1966,Group Stage,1,0,1966-07-12,Goodison Park,Bulgaria,Brazil,0,UEFA,CONMEBOL,0,0,0,1,1652.24,1803.4,-151.16000000000008,0.2952,0.7,0.8,-0.1,1.6,1.8,2.0,1.0,7.0,0.0,2.0,0.0,2.0,0.0,3.0,1.0,0.5,0,4.0,4.0,0.0,3,0.0,0.0,0.0,0.0,0.0,0.5,0.0,0.0,0.0,,,,,,,,,,,,,0.0,,,0,2,-2,Loss,0,Full Time,,0.0,1.0,47308.0,1.0,2.0,0.0,0.0,0.0,0.0,0.0,0.0,0.0,0.0,0.0,0.0,0.0,0.0,0.0,0.0,0.0,0.0,26.0,26.0,6.435,9.5,6.435,9.5,0.0,0.0,train,tier3
172,1966,Group Stage,1,0,1966-07-12,Ayresome Park,Soviet Union,Korea DPR,1,UEFA,AFC,0,0,0,1,1500.0,1500.0,0.0,0.5,0.5,0.5,0.0,1.5,1.5,1.5,2.0,0.0,0.0,0.0,0.0,0.0,0.0,0.0,7.0,0.5,0,4.0,4.0,0.0,4,0.0,0.0,0.0,0.0,0.0,0.5,0.0,0.0,0.0,,,,,,,,,,,,,0.0,,,3,0,3,Win,2,Full Time,,2.0,1.0,23006.0,1.0,5.0,0.0,0.0,0.0,0.0,0.0,0.0,0.0,0.0,0.0,0.0,0.0,0.0,0.0,0.0,0.0,0.0,26.0,26.0,6.435,9.5,6.435,9.5,0.0,0.0,train,tier3
172,1966,Group Stage,1,0,1966-07-12,Ayresome Park,Korea DPR,Soviet Union,0,AFC,UEFA,0,0,0,1,1500.0,1500.0,0.0,0.5,0.5,0.5,0.0,1.5,1.5,1.5,0.0,2.0,0.0,0.0,0.0,0.0,0.0,0.0,0.0,0.5,0,4.0,4.0,0.0,4,0.0,0.0,0.0,0.0,0.0,0.5,0.0,0.0,0.0,,,,,,,,,,,,,0.0,,,0,3,-3,Loss,0,Full Time,,0.0,1.0,23006.0,5.0,1.0,0.0,0.0,0.0,0.0,0.0,0.0,0.0,0.0,0.0,0.0,0.0,0.0,0.0,0.0,0.0,0.0,26.0,26.0,6.435,9.5,6.435,9.5,0.0,0.0,train,tier3
173,1966,Group Stage,1,0,1966-07-13,Wembley Stadium,France,Mexico,1,UEFA,CONCACAF,0,0,0,1,1616.62,1743.38,-126.76000000000022,0.3253,0.7,0.7,0.0,1.2,0.8,2.2,5.0,5.0,0.0,0.0,0.0,0.0,1.0,0.0,7.2,1.0,2,4.0,4.0,0.0,5,0.0,0.0,0.0,0.0,0.0,0.5,0.0,0.0,0.0,,,,,,,,,,,,,0.0,,,1,1,0,Draw,1,Full Time,,0.0,1.0,69237.0,1.0,3.0,0.0,0.0,0.0,0.0,0.0,0.0,0.0,0.0,0.0,0.0,0.0,0.0,0.0,0.0,0.0,0.0,26.0,26.0,6.435,9.5,6.435,9.5,0.0,0.0,train,tier3
173,1966,Group Stage,1,0,1966-07-13,Wembley Stadium,Mexico,France,0,CONCACAF,UEFA,0,0,0,1,1743.38,1616.62,126.76000000000022,0.6747,0.7,0.7,0.0,2.2,1.0,1.2,5.0,5.0,0.0,0.0,0.0,0.0,0.0,1.0,2.4,0.0,2,4.0,4.0,0.0,5,0.0,0.0,0.0,0.0,0.0,0.5,0.0,0.0,0.0,,,,,,,,,,,,,0.0,,,1,1,0,Draw,1,Full Time,,0.0,1.0,69237.0,3.0,1.0,0.0,0.0,0.0,0.0,0.0,0.0,0.0,0.0,0.0,0.0,0.0,0.0,0.0,0.0,0.0,0.0,26.0,26.0,6.435,9.5,6.435,9.5,0.0,0.0,train,tier3
174,1966,Group Stage,1,0,1966-07-13,Old Trafford Stadium,Portugal,Hungary,1,UEFA,UEFA,1,0,0,1,1927.13,1745.68,181.45000000000005,0.7397,0.8,0.5,0.3,2.2,0.6,2.0,0.0,5.0,0.0,0.0,0.0,2.0,0.0,2.0,0.0,0.5,0,4.0,4.0,0.0,6,0.0,0.0,0.0,0.0,0.0,0.5,0.0,0.0,0.0,,,,,,,,,,,,,0.0,,,3,1,2,Win,2,Full Time,,1.0,1.0,29886.0,1.0,1.0,0.0,0.0,0.0,0.0,0.0,0.0,0.0,0.0,0.0,0.0,0.0,0.0,0.0,0.0,0.0,0.0,26.0,26.0,6.435,9.5,6.435,9.5,0.0,0.0,train,tier3
174,1966,Group Stage,1,0,1966-07-13,Old Trafford Stadium,Hungary,Portugal,0,UEFA,UEFA,1,0,0,1,1745.68,1927.13,-181.45000000000005,0.2603,0.5,0.8,-0.3,2.0,2.0,2.2,5.0,0.0,0.0,0.0,2.0,0.0,2.0,0.0,12.4,0.5,0,4.0,4.0,0.0,6,0.0,0.0,0.0,0.0,0.0,0.5,0.0,0.0,0.0,,,,,,,,,,,,,0.0,,,1,3,-2,Loss,0,Full Time,,0.0,1.0,29886.0,1.0,1.0,0.0,0.0,0.0,0.0,0.0,0.0,0.0,0.0,0.0,0.0,0.0,0.0,0.0,0.0,0.0,0.0,26.0,26.0,6.435,9.5,6.435,9.5,0.0,0.0,train,tier3
175,1966,Group Stage,1,0,1966-07-13,Villa Park,Argentina,Spain,1,CONMEBOL,UEFA,0,0,0,1,1766.85,1705.03,61.819999999999936,0.588,0.7,0.5,0.2,1.6,0.8,1.0,4.0,3.0,0.0,0.0,1.0,0.0,1.0,0.0,6.75,0.5,0,4.0,4.0,0.0,7,0.0,0.0,0.0,0.0,0.0,0.5,0.0,0.0,0.0,,,,,,,,,,,,,0.0,,,2,1,1,Win,2,Full Time,,0.0,1.0,42738.0,2.0,1.0,0.0,0.0,0.0,0.0,0.0,0.0,0.0,0.0,0.0,0.0,0.0,0.0,0.0,0.0,0.0,0.0,26.0,26.0,6.435,9.5,6.435,9.5,0.0,0.0,train,tier3
175,1966,Group Stage,1,0,1966-07-13,Villa Park,Spain,Argentina,0,UEFA,CONMEBOL,0,0,0,1,1705.03,1766.85,-61.819999999999936,0.412,0.5,0.7,-0.2,1.0,0.8,1.6,3.0,4.0,0.0,0.0,0.0,1.0,0.0,1.0,5.33,0.5,0,4.0,4.0,0.0,7,0.0,0.0,0.0,0.0,0.0,0.5,0.0,0.0,0.0,,,,,,,,,,,,,0.0,,,1,2,-1,Loss,0,Full Time,,0.0,1.0,42738.0,1.0,2.0,0.0,0.0,0.0,0.0,0.0,0.0,0.0,0.0,0.0,0.0,0.0,0.0,0.0,0.0,0.0,0.0,26.0,26.0,6.435,9.5,6.435,9.5,0.0,0.0,train,tier3
176,1966,Group Stage,1,0,1966-07-13,Roker Park Ground,Italy,Chile,1,UEFA,CONMEBOL,0,0,0,1,1853.8,1715.51,138.28999999999996,0.6891,0.9,0.3,0.6,2.6,0.2,0.6,5.0,3.0,2.0,0.0,2.0,0.0,2.0,1.0,7.2,0.0,1,4.0,4.0,0.0,8,0.0,0.0,0.0,0.0,0.0,0.5,0.0,0.0,0.0,,,,,,,,,,,,,0.0,,,2,0,2,Win,2,Full Time,,1.0,1.0,27199.0,1.0,2.0,0.0,0.0,0.0,0.0,0.0,0.0,0.0,0.0,0.0,0.0,0.0,0.0,0.0,0.0,0.0,0.0,26.0,26.0,6.435,9.5,6.435,9.5,0.0,0.0,train,tier3
176,1966,Group Stage,1,0,1966-07-13,Roker Park Ground,Chile,Italy,0,CONMEBOL,UEFA,0,0,0,1,1715.51,1853.8,-138.28999999999996,0.3109,0.3,0.9,-0.6,0.6,0.8,2.6,3.0,5.0,0.0,2.0,0.0,2.0,1.0,2.0,6.67,1.0,1,4.0,4.0,0.0,8,0.0,0.0,0.0,0.0,0.0,0.5,0.0,0.0,0.0,,,,,,,,,,,,,0.0,,,0,2,-2,Loss,0,Full Time,,0.0,1.0,27199.0,2.0,1.0,0.0,0.0,0.0,0.0,0.0,0.0,0.0,0.0,0.0,0.0,0.0,0.0,0.0,0.0,0.0,0.0,26.0,26.0,6.435,9.5,6.435,9.5,0.0,0.0,train,tier3
177,1966,Group Stage,1,0,1966-07-15,White City,Uruguay,France,1,CONMEBOL,UEFA,0,0,0,1,1871.66,2034.02,-162.3599999999999,0.282,0.5,0.6,-0.1,1.2,1.4,1.6,4.0,5.0,2.0,0.0,1.0,0.0,2.0,1.0,12.5,0.5,0,4.0,2.0,2.0,9,1.0,0.0,0.0,0.0,0.0,0.0,0.0,0.0,0.0,,,,,,,,,,,,,0.0,,,2,1,1,Win,2,Full Time,,2.0,1.0,45662.0,2.0,1.0,0.0,0.0,0.0,0.0,0.0,0.0,0.0,0.0,0.0,0.0,0.0,0.0,0.0,0.0,0.0,0.0,26.0,26.0,6.435,9.5,6.435,9.5,0.0,0.0,train,tier3
177,1966,Group Stage,1,0,1966-07-15,White City,France,Uruguay,0,UEFA,CONMEBOL,0,0,0,1,2034.02,1871.66,162.3599999999999,0.718,0.6,0.5,0.1,1.6,1.4,1.2,5.0,4.0,0.0,2.0,0.0,1.0,1.0,2.0,7.2,0.5,0,2.0,4.0,-2.0,9,1.0,1.0,1.0,0.0,0.0,0.0,1.0,0.0,0.0,,,,,,,,,,,,,0.0,,,1,2,-1,Loss,0,Full Time,,1.0,1.0,45662.0,1.0,2.0,0.0,0.0,0.0,0.0,0.0,0.0,0.0,0.0,0.0,0.0,0.0,0.0,0.0,0.0,0.0,0.0,26.0,26.0,6.435,9.5,6.435,9.5,0.0,0.0,train,tier3
178,1966,Group Stage,1,0,1966-07-15,Hillsborough,Spain,Switzerland,1,UEFA,UEFA,1,0,0,1,1680.31,1532.12,148.19000000000003,0.7012,0.6,0.5,0.1,1.2,0.8,1.2,3.0,5.0,0.0,0.0,0.0,0.0,0.0,0.0,5.33,0.5,0,2.0,3.0,-1.0,10,1.0,1.0,2.0,-1.0,0.0,0.0,1.0,0.0,0.0,,,,,,,,,,,,,0.0,,,2,1,1,Win,2,Full Time,,0.0,1.0,32028.0,1.0,1.0,0.0,0.0,0.0,0.0,0.0,0.0,0.0,0.0,0.0,0.0,0.0,0.0,0.0,0.0,0.0,0.0,26.0,26.0,6.435,9.5,6.435,9.5,0.0,0.0,train,tier3
178,1966,Group Stage,1,0,1966-07-15,Hillsborough,Switzerland,Spain,0,UEFA,UEFA,1,0,0,1,1532.12,1680.31,-148.19000000000003,0.2988,0.5,0.6,-0.1,1.2,1.4,1.2,5.0,3.0,0.0,0.0,0.0,0.0,0.0,0.0,5.4,0.5,0,3.0,2.0,1.0,10,1.0,0.0,5.0,-5.0,0.0,0.0,0.0,0.0,0.0,,,,,,,,,,,,,0.0,,,1,2,-1,Loss,0,Full Time,,1.0,1.0,32028.0,1.0,1.0,0.0,0.0,0.0,0.0,0.0,0.0,0.0,0.0,0.0,0.0,0.0,0.0,0.0,0.0,0.0,0.0,26.0,26.0,6.435,9.5,6.435,9.5,0.0,0.0,train,tier3
179,1966,Group Stage,1,0,1966-07-15,Goodison Park,Hungary,Brazil,1,UEFA,CONMEBOL,0,0,0,1,1745.68,1930.75,-185.07,0.2563,0.5,0.8,-0.3,2.0,2.2,2.2,5.0,7.0,0.0,2.0,2.0,2.0,2.0,3.0,12.4,1.0,1,2.0,3.0,-1.0,11,1.0,1.0,3.0,-2.0,0.0,0.0,1.0,0.0,0.0,,,,,,,,,,,,,0.0,,,3,1,2,Win,2,Full Time,,1.0,1.0,51387.0,1.0,2.0,0.0,0.0,0.0,0.0,0.0,0.0,0.0,0.0,0.0,0.0,0.0,0.0,0.0,0.0,0.0,0.0,26.0,26.0,6.435,9.5,6.435,9.5,0.0,0.0,train,tier3
179,1966,Group Stage,1,0,1966-07-15,Goodison Park,Brazil,Hungary,0,CONMEBOL,UEFA,0,0,0,1,1930.75,1745.68,185.07,0.7437,0.8,0.5,0.3,2.2,1.4,2.0,7.0,5.0,2.0,0.0,2.0,2.0,3.0,2.0,11.43,0.0,1,3.0,2.0,1.0,11,1.0,2.0,0.0,2.0,1.0,1.0,2.0,0.0,0.0,,,,,,,,,,,,,0.0,,,1,3,-2,Loss,0,Full Time,,1.0,1.0,51387.0,2.0,1.0,0.0,0.0,0.0,0.0,0.0,0.0,0.0,0.0,0.0,0.0,0.0,0.0,0.0,0.0,0.0,0.0,26.0,26.0,6.435,9.5,6.435,9.5,0.0,0.0,train,tier3
180,1966,Group Stage,1,0,1966-07-15,Ayresome Park,Korea DPR,Chile,1,AFC,CONMEBOL,0,0,0,1,1500.0,1715.51,-215.51,0.2243,0.5,0.3,0.2,1.5,1.5,1.0,0.0,3.0,0.0,0.0,0.0,0.0,0.0,1.0,0.0,0.5,0,3.0,2.0,1.0,12,1.0,0.0,3.0,-3.0,0.0,0.0,0.0,0.0,0.0,,,,,,,,,,,,,0.0,,,1,1,0,Draw,1,Full Time,,0.0,1.0,13792.0,5.0,2.0,0.0,0.0,0.0,0.0,0.0,0.0,0.0,0.0,0.0,0.0,0.0,0.0,0.0,0.0,0.0,0.0,26.0,26.0,6.435,9.5,6.435,9.5,0.0,0.0,train,tier3
180,1966,Group Stage,1,0,1966-07-15,Ayresome Park,Chile,Korea DPR,0,CONMEBOL,AFC,0,0,0,1,1715.51,1500.0,215.51,0.7757,0.3,0.5,-0.2,1.0,1.6,1.5,3.0,0.0,0.0,0.0,0.0,0.0,1.0,0.0,6.67,0.5,0,2.0,3.0,-1.0,12,1.0,0.0,2.0,-2.0,0.0,0.0,0.0,0.0,0.0,,,,,,,,,,,,,0.0,,,1,1,0,Draw,1,Full Time,,1.0,1.0,13792.0,2.0,5.0,0.0,0.0,0.0,0.0,0.0,0.0,0.0,0.0,0.0,0.0,0.0,0.0,0.0,0.0,0.0,0.0,26.0,26.0,6.435,9.5,6.435,9.5,0.0,0.0,train,tier3
181,1966,Group Stage,1,0,1966-07-16,Old Trafford Stadium,Portugal,Bulgaria,1,UEFA,UEFA,1,0,0,1,1927.13,1538.65,388.48,0.9035,1.0,0.7,0.3,2.4,0.2,1.8,0.0,1.0,0.0,0.0,0.0,0.0,0.0,0.0,0.0,0.5,0,3.0,4.0,-1.0,13,1.0,3.0,1.0,2.0,1.0,1.0,3.0,0.0,0.0,,,,,,,,,,,,,0.0,,,3,0,3,Win,2,Full Time,,2.0,1.0,25438.0,1.0,1.0,0.0,0.0,0.0,0.0,0.0,0.0,0.0,0.0,0.0,0.0,0.0,0.0,0.0,0.0,0.0,0.0,26.0,26.0,6.435,9.5,6.435,9.5,0.0,0.0,train,tier3
181,1966,Group Stage,1,0,1966-07-16,Old Trafford Stadium,Bulgaria,Portugal,0,UEFA,UEFA,1,0,0,1,1538.65,1927.13,-388.48,0.0965,0.7,1.0,-0.3,1.8,2.0,2.4,1.0,0.0,0.0,0.0,0.0,0.0,0.0,0.0,1.0,0.5,0,4.0,3.0,1.0,13,1.0,0.0,2.0,-2.0,0.0,0.0,0.0,0.0,0.0,,,,,,,,,,,,,0.0,,,0,3,-3,Loss,0,Full Time,,0.0,1.0,25438.0,1.0,1.0,0.0,0.0,0.0,0.0,0.0,0.0,0.0,0.0,0.0,0.0,0.0,0.0,0.0,0.0,0.0,0.0,26.0,26.0,6.435,9.5,6.435,9.5,0.0,0.0,train,tier3
182,1966,Group Stage,1,0,1966-07-16,Villa Park,Germany FR,Argentina,1,UEFA,CONMEBOL,0,0,0,1,1500.0,2040.35,-540.3499999999999,0.0427,0.5,0.6,-0.1,1.5,1.5,1.6,3.0,4.0,1.0,0.0,1.0,1.0,2.0,1.0,13.67,0.5,0,4.0,3.0,1.0,14,1.0,5.0,0.0,5.0,1.0,1.0,5.0,0.0,0.0,,,,,,,,,,,,,0.0,,,0,0,0,Draw,1,Full Time,,0.0,1.0,46587.0,1.0,2.0,0.0,0.0,0.0,0.0,0.0,0.0,0.0,0.0,0.0,0.0,0.0,0.0,0.0,0.0,0.0,0.0,26.0,26.0,6.435,9.5,6.435,9.5,0.0,0.0,train,tier3
182,1966,Group Stage,1,0,1966-07-16,Villa Park,Argentina,Germany FR,0,CONMEBOL,UEFA,0,0,0,1,2040.35,1500.0,540.3499999999999,0.9573,0.6,0.5,0.1,1.6,1.4,1.5,4.0,3.0,0.0,1.0,1.0,1.0,1.0,2.0,6.75,0.5,0,3.0,4.0,-1.0,14,1.0,2.0,1.0,1.0,1.0,1.0,2.0,0.0,0.0,,,,,,,,,,,,,0.0,,,0,0,0,Draw,1,Full Time,,0.0,1.0,46587.0,2.0,1.0,0.0,0.0,0.0,0.0,0.0,0.0,0.0,0.0,0.0,0.0,0.0,0.0,0.0,0.0,0.0,0.0,26.0,26.0,6.435,9.5,6.435,9.5,0.0,0.0,train,tier3
183,1966,Group Stage,1,0,1966-07-16,Roker Park Ground,Soviet Union,Italy,1,UEFA,UEFA,1,0,0,1,1500.0,1853.8,-353.79999999999995,0.1154,0.5,0.9,-0.4,1.5,1.5,3.0,2.0,5.0,0.0,2.0,0.0,2.0,0.0,2.0,7.0,0.5,0,4.0,3.0,1.0,15,1.0,3.0,0.0,3.0,1.0,1.0,3.0,0.0,0.0,,,,,,,,,,,,,0.0,,,1,0,1,Win,2,Full Time,,0.0,1.0,27793.0,1.0,1.0,0.0,0.0,0.0,0.0,0.0,0.0,0.0,0.0,0.0,0.0,0.0,0.0,0.0,0.0,0.0,0.0,26.0,26.0,6.435,9.5,6.435,9.5,0.0,0.0,train,tier3
183,1966,Group Stage,1,0,1966-07-16,Roker Park Ground,Italy,Soviet Union,0,UEFA,UEFA,1,0,0,1,1853.8,1500.0,353.79999999999995,0.8846,0.9,0.5,0.4,3.0,0.2,1.5,5.0,2.0,2.0,0.0,2.0,0.0,2.0,0.0,7.2,0.5,0,3.0,4.0,-1.0,15,1.0,2.0,0.0,2.0,1.0,1.0,2.0,0.0,0.0,,,,,,,,,,,,,0.0,,,0,1,-1,Loss,0,Full Time,,0.0,1.0,27793.0,1.0,1.0,0.0,0.0,0.0,0.0,0.0,0.0,0.0,0.0,0.0,0.0,0.0,0.0,0.0,0.0,0.0,0.0,26.0,26.0,6.435,9.5,6.435,9.5,0.0,0.0,train,tier3
184,1966,Group Stage,1,0,1966-07-16,Wembley Stadium,England,Mexico,1,UEFA,CONCACAF,0,1,0,0,1736.98,1732.9,4.079999999999927,0.5059,1.0,0.5,0.5,2.8,0.2,0.8,4.0,5.0,0.0,0.0,0.0,0.0,0.0,0.0,4.75,0.5,0,5.0,3.0,2.0,16,1.0,0.0,0.0,0.0,0.0,0.0,0.0,0.0,0.0,,,,,,,,,,,,,0.0,,,2,0,2,Win,2,Full Time,,1.0,1.0,92570.0,1.0,3.0,0.0,0.0,0.0,0.0,0.0,0.0,0.0,0.0,0.0,0.0,0.0,0.0,0.0,0.0,0.0,0.0,26.0,26.0,6.435,9.5,6.435,9.5,0.0,0.0,train,tier3
184,1966,Group Stage,1,0,1966-07-16,Wembley Stadium,Mexico,England,0,CONCACAF,UEFA,0,0,1,0,1732.9,1736.98,-4.079999999999927,0.4941,0.5,1.0,-0.5,0.8,2.0,2.8,5.0,4.0,0.0,0.0,0.0,0.0,0.0,0.0,2.4,0.5,0,3.0,5.0,-2.0,16,1.0,1.0,1.0,0.0,0.0,0.0,1.0,0.0,0.0,,,,,,,,,,,,,0.0,,,0,2,-2,Loss,0,Full Time,,0.0,1.0,92570.0,3.0,1.0,0.0,0.0,0.0,0.0,0.0,0.0,0.0,0.0,0.0,0.0,0.0,0.0,0.0,0.0,0.0,0.0,26.0,26.0,6.435,9.5,6.435,9.5,0.0,0.0,train,tier3
185,1966,Group Stage,1,0,1966-07-19,Wembley Stadium,Uruguay,Mexico,1,CONMEBOL,CONCACAF,0,0,0,1,1871.66,1887.54,-15.879999999999882,0.4772,0.4,0.4,0.0,0.6,1.2,0.8,4.0,5.0,2.0,0.0,1.0,0.0,2.0,0.0,12.5,0.5,0,4.0,3.0,1.0,17,2.0,2.0,1.0,1.0,1.0,0.5,1.0,0.0,0.0,,,,,,,,,,,,,0.0,,,0,0,0,Draw,1,Full Time,,0.0,1.0,61112.0,2.0,3.0,0.0,0.0,0.0,0.0,0.0,0.0,0.0,0.0,0.0,0.0,0.0,0.0,0.0,0.0,0.0,0.0,26.0,26.0,6.435,9.5,6.435,9.5,0.0,0.0,train,tier3
185,1966,Group Stage,1,0,1966-07-19,Wembley Stadium,Mexico,Uruguay,0,CONCACAF,CONMEBOL,0,0,0,1,1887.54,1871.66,15.879999999999882,0.5228,0.4,0.4,0.0,0.8,2.2,0.6,5.0,4.0,0.0,2.0,0.0,1.0,0.0,2.0,2.4,0.5,0,3.0,4.0,-1.0,17,2.0,1.0,3.0,-2.0,0.0,0.0,0.5,0.0,0.0,,,,,,,,,,,,,0.0,,,0,0,0,Draw,1,Full Time,,0.0,1.0,61112.0,3.0,2.0,0.0,0.0,0.0,0.0,0.0,0.0,0.0,0.0,0.0,0.0,0.0,0.0,0.0,0.0,0.0,0.0,26.0,26.0,6.435,9.5,6.435,9.5,0.0,0.0,train,tier3
186,1966,Group Stage,1,0,1966-07-19,Hillsborough,Argentina,Switzerland,1,CONMEBOL,UEFA,0,0,0,1,1788.64,1514.19,274.45000000000005,0.8292,0.6,0.4,0.2,1.2,1.4,1.2,4.0,5.0,0.0,0.0,1.0,0.0,1.0,0.0,6.75,0.5,0,3.0,4.0,-1.0,18,2.0,2.0,1.0,1.0,1.0,0.5,1.0,0.0,0.0,,,,,,,,,,,,,0.0,,,2,0,2,Win,2,Full Time,,0.0,1.0,32127.0,2.0,1.0,0.0,0.0,0.0,0.0,0.0,0.0,0.0,0.0,0.0,0.0,0.0,0.0,0.0,0.0,0.0,0.0,26.0,26.0,6.435,9.5,6.435,9.5,0.0,0.0,train,tier3
186,1966,Group Stage,1,0,1966-07-19,Hillsborough,Switzerland,Argentina,0,UEFA,CONMEBOL,0,0,0,1,1514.19,1788.64,-274.45000000000005,0.1708,0.4,0.6,-0.2,1.2,2.4,1.2,5.0,4.0,0.0,0.0,0.0,1.0,0.0,1.0,5.4,0.5,0,4.0,3.0,1.0,18,2.0,1.0,7.0,-6.0,0.0,0.0,0.5,0.0,0.0,,,,,,,,,,,,,0.0,,,0,2,-2,Loss,0,Full Time,,0.0,1.0,32127.0,1.0,2.0,0.0,0.0,0.0,0.0,0.0,0.0,0.0,0.0,0.0,0.0,0.0,0.0,0.0,0.0,0.0,0.0,26.0,26.0,6.435,9.5,6.435,9.5,0.0,0.0,train,tier3
187,1966,Group Stage,1,0,1966-07-19,Goodison Park,Portugal,Brazil,1,UEFA,CONMEBOL,0,0,0,1,1927.13,1930.75,-3.619999999999891,0.4948,1.0,0.8,0.2,2.2,0.4,2.0,0.0,7.0,0.0,2.0,0.0,2.0,0.0,3.0,0.0,0.5,0,3.0,4.0,-1.0,19,2.0,6.0,1.0,5.0,2.0,1.0,3.0,0.0,0.0,,,,,,,,,,,,,0.0,,,3,1,2,Win,2,Full Time,,2.0,1.0,58479.0,1.0,2.0,0.0,0.0,0.0,0.0,0.0,0.0,0.0,0.0,0.0,0.0,0.0,0.0,0.0,0.0,0.0,0.0,26.0,26.0,6.435,9.5,6.435,9.5,0.0,0.0,train,tier3
187,1966,Group Stage,1,0,1966-07-19,Goodison Park,Brazil,Portugal,0,CONMEBOL,UEFA,0,0,0,1,1930.75,1927.13,3.619999999999891,0.5052,0.8,1.0,-0.2,2.0,1.2,2.2,7.0,0.0,2.0,0.0,2.0,0.0,3.0,0.0,11.43,0.5,0,4.0,3.0,1.0,19,2.0,3.0,3.0,0.0,1.0,0.5,1.5,0.0,0.0,,,,,,,,,,,,,0.0,,,1,3,-2,Loss,0,Full Time,,0.0,1.0,58479.0,2.0,1.0,0.0,0.0,0.0,0.0,0.0,0.0,0.0,0.0,0.0,0.0,0.0,0.0,0.0,0.0,0.0,0.0,26.0,26.0,6.435,9.5,6.435,9.5,0.0,0.0,train,tier3
188,1966,Group Stage,1,0,1966-07-19,Ayresome Park,Korea DPR,Italy,1,AFC,UEFA,0,0,0,1,1500.0,1853.8,-353.79999999999995,0.1154,0.5,1.0,-0.5,1.5,1.5,3.4,0.0,5.0,0.0,2.0,0.0,2.0,0.0,2.0,0.0,0.5,0,4.0,3.0,1.0,20,2.0,1.0,4.0,-3.0,0.0,0.0,0.5,0.0,0.0,,,,,,,,,,,,,0.0,,,1,0,1,Win,2,Full Time,,1.0,1.0,17829.0,5.0,1.0,0.0,0.0,0.0,0.0,0.0,0.0,0.0,0.0,0.0,0.0,0.0,0.0,0.0,0.0,0.0,0.0,26.0,26.0,6.435,9.5,6.435,9.5,0.0,0.0,train,tier3
188,1966,Group Stage,1,0,1966-07-19,Ayresome Park,Italy,Korea DPR,0,UEFA,AFC,0,0,0,1,1853.8,1500.0,353.79999999999995,0.8846,1.0,0.5,0.5,3.4,0.2,1.5,5.0,0.0,2.0,0.0,2.0,0.0,2.0,0.0,7.2,0.5,0,3.0,4.0,-1.0,20,2.0,2.0,1.0,1.0,1.0,0.5,1.0,0.0,0.0,,,,,,,,,,,,,0.0,,,0,1,-1,Loss,0,Full Time,,0.0,1.0,17829.0,1.0,5.0,0.0,0.0,0.0,0.0,0.0,0.0,0.0,0.0,0.0,0.0,0.0,0.0,0.0,0.0,0.0,0.0,26.0,26.0,6.435,9.5,6.435,9.5,0.0,0.0,train,tier3
189,1966,Group Stage,1,0,1966-07-20,Wembley Stadium,England,France,1,UEFA,UEFA,1,1,0,0,1766.63,1600.95,165.68000000000006,0.7219,0.9,0.5,0.4,2.4,0.2,1.6,4.0,5.0,0.0,0.0,0.0,0.0,0.0,1.0,4.75,0.5,0,4.0,5.0,-1.0,21,2.0,2.0,0.0,2.0,1.0,0.5,1.0,0.0,0.0,,,,,,,,,,,,,0.0,,,2,0,2,Win,2,Full Time,,1.0,1.0,98270.0,1.0,1.0,0.0,0.0,0.0,0.0,0.0,0.0,0.0,0.0,0.0,0.0,0.0,0.0,0.0,0.0,0.0,0.0,26.0,26.0,6.435,9.5,6.435,9.5,0.0,0.0,train,tier3
189,1966,Group Stage,1,0,1966-07-20,Wembley Stadium,France,England,0,UEFA,UEFA,1,0,1,0,1600.95,1766.63,-165.68000000000006,0.2781,0.5,0.9,-0.4,1.6,1.6,2.4,5.0,4.0,0.0,0.0,0.0,0.0,1.0,0.0,7.2,0.5,0,5.0,4.0,1.0,21,2.0,2.0,3.0,-1.0,0.0,0.0,1.0,0.0,0.0,,,,,,,,,,,,,0.0,,,0,2,-2,Loss,0,Full Time,,0.0,1.0,98270.0,1.0,1.0,0.0,0.0,0.0,0.0,0.0,0.0,0.0,0.0,0.0,0.0,0.0,0.0,0.0,0.0,0.0,0.0,26.0,26.0,6.435,9.5,6.435,9.5,0.0,0.0,train,tier3
190,1966,Group Stage,1,0,1966-07-20,Old Trafford Stadium,Hungary,Bulgaria,1,UEFA,UEFA,1,0,0,1,1745.68,1538.65,207.03,0.7671,0.3,0.5,-0.2,1.6,2.4,1.4,5.0,1.0,0.0,0.0,2.0,0.0,2.0,0.0,12.4,1.0,1,5.0,4.0,1.0,22,2.0,4.0,4.0,0.0,1.0,0.5,2.0,0.0,0.0,,,,,,,,,,,,,0.0,,,3,1,2,Win,2,Full Time,,2.0,1.0,24129.0,1.0,1.0,0.0,0.0,0.0,0.0,0.0,0.0,0.0,0.0,0.0,0.0,0.0,0.0,0.0,0.0,0.0,0.0,26.0,26.0,6.435,9.5,6.435,9.5,0.0,0.0,train,tier3
190,1966,Group Stage,1,0,1966-07-20,Old Trafford Stadium,Bulgaria,Hungary,0,UEFA,UEFA,1,0,0,1,1538.65,1745.68,-207.03,0.2329,0.5,0.3,0.2,1.4,2.2,1.6,1.0,5.0,0.0,0.0,0.0,2.0,0.0,2.0,1.0,0.0,1,4.0,5.0,-1.0,22,2.0,0.0,5.0,-5.0,0.0,0.0,0.0,0.0,0.0,,,,,,,,,,,,,0.0,,,1,3,-2,Loss,0,Full Time,,1.0,1.0,24129.0,1.0,1.0,0.0,0.0,0.0,0.0,0.0,0.0,0.0,0.0,0.0,0.0,0.0,0.0,0.0,0.0,0.0,0.0,26.0,26.0,6.435,9.5,6.435,9.5,0.0,0.0,train,tier3
191,1966,Group Stage,1,0,1966-07-20,Villa Park,Germany FR,Spain,1,UEFA,UEFA,1,0,0,1,1500.0,2100.01,-600.0100000000002,0.0307,0.5,0.5,0.0,1.5,1.5,1.4,3.0,3.0,1.0,0.0,1.0,0.0,2.0,0.0,13.67,0.5,0,4.0,5.0,-1.0,23,2.0,5.0,0.0,5.0,1.0,0.5,2.5,0.0,0.0,,,,,,,,,,,,,0.0,,,2,1,1,Win,2,Full Time,,1.0,1.0,42187.0,1.0,1.0,0.0,0.0,0.0,0.0,0.0,0.0,0.0,0.0,0.0,0.0,0.0,0.0,0.0,0.0,0.0,0.0,26.0,26.0,6.435,9.5,6.435,9.5,0.0,0.0,train,tier3
191,1966,Group Stage,1,0,1966-07-20,Villa Park,Spain,Germany FR,0,UEFA,UEFA,1,0,0,1,2100.01,1500.0,600.0100000000002,0.9693,0.5,0.5,0.0,1.4,1.2,1.5,3.0,3.0,0.0,1.0,0.0,1.0,0.0,2.0,5.33,0.5,0,5.0,4.0,1.0,23,2.0,3.0,3.0,0.0,1.0,0.5,1.5,0.0,0.0,,,,,,,,,,,,,0.0,,,1,2,-1,Loss,0,Full Time,,1.0,1.0,42187.0,1.0,1.0,0.0,0.0,0.0,0.0,0.0,0.0,0.0,0.0,0.0,0.0,0.0,0.0,0.0,0.0,0.0,0.0,26.0,26.0,6.435,9.5,6.435,9.5,0.0,0.0,train,tier3
192,1966,Group Stage,1,0,1966-07-20,Roker Park Ground,Soviet Union,Chile,1,UEFA,CONMEBOL,0,0,0,1,1500.0,1715.51,-215.51,0.2243,0.5,0.2,0.3,1.5,1.5,0.8,2.0,3.0,0.0,0.0,0.0,0.0,0.0,1.0,7.0,0.5,0,4.0,5.0,-1.0,24,2.0,4.0,0.0,4.0,2.0,1.0,2.0,0.0,0.0,,,,,,,,,,,,,0.0,,,2,1,1,Win,2,Full Time,,1.0,1.0,16027.0,1.0,2.0,0.0,0.0,0.0,0.0,0.0,0.0,0.0,0.0,0.0,0.0,0.0,0.0,0.0,0.0,0.0,0.0,26.0,26.0,6.435,9.5,6.435,9.5,0.0,0.0,train,tier3
192,1966,Group Stage,1,0,1966-07-20,Roker Park Ground,Chile,Soviet Union,0,CONMEBOL,UEFA,0,0,0,1,1715.51,1500.0,215.51,0.7757,0.2,0.5,-0.3,0.8,1.8,1.5,3.0,2.0,0.0,0.0,0.0,0.0,1.0,0.0,6.67,0.5,0,5.0,4.0,1.0,24,2.0,1.0,3.0,-2.0,0.0,0.0,0.5,0.0,0.0,,,,,,,,,,,,,0.0,,,1,2,-1,Loss,0,Full Time,,1.0,1.0,16027.0,2.0,1.0,0.0,0.0,0.0,0.0,0.0,0.0,0.0,0.0,0.0,0.0,0.0,0.0,0.0,0.0,0.0,0.0,26.0,26.0,6.435,9.5,6.435,9.5,0.0,0.0,train,tier3
193,1966,Quarter-final,3,1,1966-07-23,Wembley Stadium,England,Argentina,1,UEFA,CONMEBOL,0,1,0,0,1783.32,1798.89,-15.570000000000164,0.4776,0.9,0.5,0.4,2.2,0.2,0.8,4.0,4.0,0.0,0.0,0.0,1.0,0.0,1.0,4.75,1.0,1,3.0,4.0,-1.0,25,3.0,4.0,0.0,4.0,2.0,0.667,1.333,0.0,0.0,,,,,,,,,,,,,0.0,,,1,0,1,Win,2,Full Time,,0.0,1.0,90584.0,1.0,2.0,0.0,0.0,0.0,0.0,0.0,0.0,0.0,0.0,0.0,0.0,0.0,0.0,0.0,0.0,0.0,0.0,26.0,26.0,6.435,9.5,6.435,9.5,0.0,0.0,train,tier3
193,1966,Quarter-final,3,1,1966-07-23,Wembley Stadium,Argentina,England,0,CONMEBOL,UEFA,0,0,1,0,1798.89,1783.32,15.570000000000164,0.5224,0.5,0.9,-0.4,0.8,1.2,2.2,4.0,4.0,0.0,0.0,1.0,0.0,1.0,0.0,6.75,0.0,1,4.0,3.0,1.0,25,3.0,4.0,1.0,3.0,2.0,0.667,1.333,0.0,0.0,,,,,,,,,,,,,0.0,,,0,1,-1,Loss,0,Full Time,,0.0,1.0,90584.0,2.0,1.0,0.0,0.0,0.0,0.0,0.0,0.0,0.0,0.0,0.0,0.0,0.0,0.0,0.0,0.0,0.0,0.0,26.0,26.0,6.435,9.5,6.435,9.5,0.0,0.0,train,tier3
194,1966,Quarter-final,3,1,1966-07-23,Hillsborough,Germany FR,Uruguay,1,UEFA,CONMEBOL,0,0,0,1,1500.0,1871.66,-371.6600000000001,0.1053,0.5,0.4,0.1,1.5,1.5,0.6,3.0,4.0,1.0,2.0,1.0,1.0,2.0,2.0,13.67,0.5,0,3.0,4.0,-1.0,26,3.0,7.0,1.0,6.0,2.0,0.667,2.333,0.0,0.0,,,,,,,,,,,,,0.0,,,4,0,4,Win,2,Full Time,,1.0,1.0,40007.0,1.0,2.0,0.0,0.0,0.0,0.0,0.0,0.0,0.0,0.0,0.0,0.0,0.0,0.0,0.0,0.0,0.0,0.0,26.0,26.0,6.435,9.5,6.435,9.5,0.0,0.0,train,tier3
194,1966,Quarter-final,3,1,1966-07-23,Hillsborough,Uruguay,Germany FR,0,CONMEBOL,UEFA,0,0,0,1,1871.66,1500.0,371.6600000000001,0.8947,0.4,0.5,-0.1,0.6,1.2,1.5,4.0,3.0,2.0,1.0,1.0,1.0,2.0,2.0,12.5,0.5,0,4.0,3.0,1.0,26,3.0,2.0,1.0,1.0,1.0,0.333,0.667,0.0,0.0,,,,,,,,,,,,,0.0,,,0,4,-4,Loss,0,Full Time,,0.0,1.0,40007.0,2.0,1.0,0.0,0.0,0.0,0.0,0.0,0.0,0.0,0.0,0.0,0.0,0.0,0.0,0.0,0.0,0.0,0.0,26.0,26.0,6.435,9.5,6.435,9.5,0.0,0.0,train,tier3
195,1966,Quarter-final,3,1,1966-07-23,Roker Park Ground,Soviet Union,Hungary,1,UEFA,UEFA,1,0,0,1,1500.0,1745.68,-245.6800000000001,0.1956,0.5,0.5,0.0,1.5,1.5,1.6,2.0,5.0,0.0,0.0,0.0,2.0,0.0,2.0,7.0,0.5,0,3.0,3.0,0.0,27,3.0,6.0,1.0,5.0,3.0,1.0,2.0,0.0,0.0,,,,,,,,,,,,,0.0,,,2,1,1,Win,2,Full Time,,1.0,1.0,26844.0,1.0,1.0,0.0,0.0,0.0,0.0,0.0,0.0,0.0,0.0,0.0,0.0,0.0,0.0,0.0,0.0,0.0,0.0,26.0,26.0,6.435,9.5,6.435,9.5,0.0,0.0,train,tier3
195,1966,Quarter-final,3,1,1966-07-23,Roker Park Ground,Hungary,Soviet Union,0,UEFA,UEFA,1,0,0,1,1745.68,1500.0,245.6800000000001,0.8044,0.5,0.5,0.0,1.6,1.6,1.5,5.0,2.0,0.0,0.0,2.0,0.0,2.0,0.0,12.4,0.5,0,3.0,3.0,0.0,27,3.0,7.0,5.0,2.0,2.0,0.667,2.333,0.0,0.0,,,,,,,,,,,,,0.0,,,1,2,-1,Loss,0,Full Time,,0.0,1.0,26844.0,1.0,1.0,0.0,0.0,0.0,0.0,0.0,0.0,0.0,0.0,0.0,0.0,0.0,0.0,0.0,0.0,0.0,0.0,26.0,26.0,6.435,9.5,6.435,9.5,0.0,0.0,train,tier3
196,1966,Quarter-final,3,1,1966-07-23,Goodison Park,Portugal,Korea DPR,1,UEFA,AFC,0,0,0,1,1927.13,1500.0,427.1300000000001,0.9212,1.0,0.5,0.5,2.6,0.4,1.5,0.0,0.0,0.0,0.0,0.0,0.0,0.0,0.0,0.0,0.5,0,4.0,4.0,0.0,28,3.0,9.0,2.0,7.0,3.0,1.0,3.0,0.0,0.0,,,,,,,,,,,,,0.0,,,5,3,2,Win,2,Full Time,,2.0,1.0,40248.0,1.0,5.0,0.0,0.0,0.0,0.0,0.0,0.0,0.0,0.0,0.0,0.0,0.0,0.0,0.0,0.0,0.0,0.0,26.0,26.0,6.435,9.5,6.435,9.5,0.0,0.0,train,tier3
196,1966,Quarter-final,3,1,1966-07-23,Goodison Park,Korea DPR,Portugal,0,AFC,UEFA,0,0,0,1,1500.0,1927.13,-427.1300000000001,0.0788,0.5,1.0,-0.5,1.5,1.5,2.6,0.0,0.0,0.0,0.0,0.0,0.0,0.0,0.0,0.0,0.5,0,4.0,4.0,0.0,28,3.0,2.0,4.0,-2.0,1.0,0.333,0.667,0.0,0.0,,,,,,,,,,,,,0.0,,,3,5,-2,Loss,0,Full Time,,3.0,1.0,40248.0,5.0,1.0,0.0,0.0,0.0,0.0,0.0,0.0,0.0,0.0,0.0,0.0,0.0,0.0,0.0,0.0,0.0,0.0,26.0,26.0,6.435,9.5,6.435,9.5,0.0,0.0,train,tier3
197,1966,Semi-final,4,1,1966-07-25,Goodison Park,Germany FR,Soviet Union,1,UEFA,UEFA,1,0,0,1,1500.0,1500.0,0.0,0.5,0.5,0.5,0.0,1.5,1.5,1.5,3.0,2.0,1.0,0.0,1.0,0.0,2.0,0.0,13.67,0.5,0,2.0,2.0,0.0,29,4.0,11.0,1.0,10.0,3.0,0.75,2.75,0.0,0.0,,,,,,,,,,,,,0.0,,,2,1,1,Win,2,Full Time,,1.0,1.0,38273.0,1.0,1.0,0.0,0.0,0.0,0.0,0.0,0.0,0.0,0.0,0.0,0.0,0.0,0.0,0.0,0.0,0.0,0.0,26.0,26.0,6.435,9.5,6.435,9.5,0.0,0.0,train,tier3
197,1966,Semi-final,4,1,1966-07-25,Goodison Park,Soviet Union,Germany FR,0,UEFA,UEFA,1,0,0,1,1500.0,1500.0,0.0,0.5,0.5,0.5,0.0,1.5,1.5,1.5,2.0,3.0,0.0,1.0,0.0,1.0,0.0,2.0,7.0,0.5,0,2.0,2.0,0.0,29,4.0,8.0,2.0,6.0,4.0,1.0,2.0,0.0,0.0,,,,,,,,,,,,,0.0,,,1,2,-1,Loss,0,Full Time,,0.0,1.0,38273.0,1.0,1.0,0.0,0.0,0.0,0.0,0.0,0.0,0.0,0.0,0.0,0.0,0.0,0.0,0.0,0.0,0.0,0.0,26.0,26.0,6.435,9.5,6.435,9.5,0.0,0.0,train,tier3
198,1966,Semi-final,4,1,1966-07-26,Wembley Stadium,England,Portugal,1,UEFA,UEFA,1,1,0,0,1814.66,1766.44,48.22000000000003,0.569,0.9,1.0,-0.1,1.4,0.0,2.6,4.0,0.0,0.0,0.0,0.0,0.0,0.0,0.0,4.75,0.5,0,3.0,3.0,0.0,30,4.0,5.0,0.0,5.0,3.0,0.75,1.25,0.0,0.0,,,,,,,,,,,,,0.0,,,2,1,1,Win,2,Full Time,,1.0,1.0,94493.0,1.0,1.0,0.0,0.0,0.0,0.0,0.0,0.0,0.0,0.0,0.0,0.0,0.0,0.0,0.0,0.0,0.0,0.0,26.0,26.0,6.435,9.5,6.435,9.5,0.0,0.0,train,tier3
198,1966,Semi-final,4,1,1966-07-26,Wembley Stadium,Portugal,England,0,UEFA,UEFA,1,0,1,0,1766.44,1814.66,-48.22000000000003,0.431,1.0,0.9,0.1,2.6,0.4,1.4,0.0,4.0,0.0,0.0,0.0,0.0,0.0,0.0,0.0,0.5,0,3.0,3.0,0.0,30,4.0,14.0,5.0,9.0,4.0,1.0,3.5,0.0,0.0,,,,,,,,,,,,,0.0,,,1,2,-1,Loss,0,Full Time,,0.0,1.0,94493.0,1.0,1.0,0.0,0.0,0.0,0.0,0.0,0.0,0.0,0.0,0.0,0.0,0.0,0.0,0.0,0.0,0.0,0.0,26.0,26.0,6.435,9.5,6.435,9.5,0.0,0.0,train,tier3
199,1966,Third Place,4,1,1966-07-28,Wembley Stadium,Portugal,Soviet Union,1,UEFA,UEFA,1,0,0,1,1927.13,1500.0,427.1300000000001,0.9212,1.0,0.5,0.5,3.0,1.0,1.5,0.0,2.0,0.0,0.0,0.0,0.0,0.0,0.0,0.0,0.5,0,2.0,3.0,-1.0,31,5.0,15.0,7.0,8.0,4.0,0.8,3.0,0.0,0.0,,,,,,,,,,,,,0.0,,,2,1,1,Win,2,Full Time,,1.0,1.0,87696.0,1.0,1.0,0.0,0.0,0.0,0.0,0.0,0.0,0.0,0.0,0.0,0.0,0.0,0.0,0.0,0.0,0.0,0.0,26.0,26.0,6.435,9.5,6.435,9.5,0.0,0.0,train,tier3
199,1966,Third Place,4,1,1966-07-28,Wembley Stadium,Soviet Union,Portugal,0,UEFA,UEFA,1,0,0,1,1500.0,1927.13,-427.1300000000001,0.0788,0.5,1.0,-0.5,1.5,1.5,3.0,2.0,0.0,0.0,0.0,0.0,0.0,0.0,0.0,7.0,0.5,0,3.0,2.0,1.0,31,5.0,9.0,4.0,5.0,4.0,0.8,1.8,0.0,0.0,,,,,,,,,,,,,0.0,,,1,2,-1,Loss,0,Full Time,,1.0,1.0,87696.0,1.0,1.0,0.0,0.0,0.0,0.0,0.0,0.0,0.0,0.0,0.0,0.0,0.0,0.0,0.0,0.0,0.0,0.0,26.0,26.0,6.435,9.5,6.435,9.5,0.0,0.0,train,tier3
200,1966,Final,5,1,1966-07-30,Wembley Stadium,England,Germany FR,1,UEFA,UEFA,1,1,0,0,1991.02,1500.0,491.02,0.9441,0.9,0.5,0.4,1.2,0.0,1.5,4.0,3.0,0.0,1.0,0.0,1.0,0.0,2.0,4.75,0.5,0,4.0,5.0,-1.0,32,5.0,7.0,1.0,6.0,4.0,0.8,1.4,0.0,0.0,,,,,,,,,,,,,0.0,,,4,2,2,Win,2,Extra Time,,0.0,1.0,96924.0,1.0,1.0,0.0,0.0,0.0,0.0,0.0,0.0,0.0,0.0,0.0,0.0,0.0,0.0,0.0,0.0,0.0,0.0,26.0,26.0,6.435,9.5,6.435,9.5,0.0,0.0,train,tier3
200,1966,Final,5,1,1966-07-30,Wembley Stadium,Germany FR,England,0,UEFA,UEFA,1,0,1,0,1500.0,1991.02,-491.02,0.0559,0.5,0.9,-0.4,1.5,1.5,1.2,3.0,4.0,1.0,0.0,1.0,0.0,2.0,0.0,13.67,0.5,0,5.0,4.0,1.0,32,5.0,13.0,2.0,11.0,4.0,0.8,2.6,0.0,0.0,,,,,,,,,,,,,0.0,,,2,4,-2,Loss,0,Extra Time,,0.0,1.0,96924.0,1.0,1.0,0.0,0.0,0.0,0.0,0.0,0.0,0.0,0.0,0.0,0.0,0.0,0.0,0.0,0.0,0.0,0.0,26.0,26.0,6.435,9.5,6.435,9.5,0.0,0.0,train,tier3
201,1970,Group Stage,1,0,1970-05-31,Estadio Azteca,Mexico,Soviet Union,1,CONCACAF,UEFA,0,1,0,0,1887.54,1500.0,387.54,0.903,0.5,0.5,0.0,1.4,1.2,1.5,6.0,3.0,0.0,0.0,0.0,0.0,0.0,1.0,2.17,0.5,0,4.0,4.0,0.0,1,0.0,0.0,0.0,0.0,0.0,0.5,0.0,0.0,0.0,,,,,,,,,,,,,0.0,,,0,0,0,Draw,1,Full Time,,0.0,1.0,107160.0,3.0,1.0,0.0,0.0,0.0,0.0,0.0,0.0,0.0,0.0,0.0,0.0,0.0,0.0,0.0,0.0,0.0,0.0,26.0,26.0,6.435,9.5,6.435,9.5,0.0,0.0,train,tier3
201,1970,Group Stage,1,0,1970-05-31,Estadio Azteca,Soviet Union,Mexico,0,UEFA,CONCACAF,0,0,1,0,1500.0,1887.54,-387.54,0.097,0.5,0.5,0.0,1.5,1.5,1.4,3.0,6.0,0.0,0.0,0.0,0.0,1.0,0.0,8.0,0.5,0,4.0,4.0,0.0,1,0.0,0.0,0.0,0.0,0.0,0.5,0.0,0.0,0.0,,,,,,,,,,,,,0.0,,,0,0,0,Draw,1,Full Time,,0.0,1.0,107160.0,1.0,3.0,0.0,0.0,0.0,0.0,0.0,0.0,0.0,0.0,0.0,0.0,0.0,0.0,0.0,0.0,0.0,0.0,26.0,26.0,6.435,9.5,6.435,9.5,0.0,0.0,train,tier3
202,1970,Group Stage,1,0,1970-06-02,Cuauhtemoc,Uruguay,Israel,1,CONMEBOL,UEFA,0,0,0,1,1871.66,1604.53,267.1300000000001,0.8231,0.7,0.7,0.0,1.2,0.4,1.6,5.0,0.0,2.0,0.0,1.0,0.0,2.0,0.0,10.4,0.5,0,4.0,4.0,0.0,2,0.0,0.0,0.0,0.0,0.0,0.5,0.0,0.0,0.0,,,,,,,,,,,,,0.0,,,2,0,2,Win,2,Full Time,,1.0,1.0,20654.0,2.0,1.0,0.0,0.0,0.0,0.0,0.0,0.0,0.0,0.0,0.0,0.0,0.0,0.0,0.0,0.0,0.0,0.0,26.0,26.0,6.435,9.5,6.435,9.5,0.0,0.0,train,tier3
202,1970,Group Stage,1,0,1970-06-02,Cuauhtemoc,Israel,Uruguay,0,UEFA,CONMEBOL,0,0,0,1,1604.53,1871.66,-267.1300000000001,0.1769,0.7,0.7,0.0,1.6,0.4,1.2,0.0,5.0,0.0,2.0,0.0,1.0,0.0,2.0,0.0,0.5,0,4.0,4.0,0.0,2,0.0,0.0,0.0,0.0,0.0,0.5,0.0,0.0,0.0,,,,,,,,,,,,,0.0,,,0,2,-2,Loss,0,Full Time,,0.0,1.0,20654.0,1.0,2.0,0.0,0.0,0.0,0.0,0.0,0.0,0.0,0.0,0.0,0.0,0.0,0.0,0.0,0.0,0.0,0.0,26.0,26.0,6.435,9.5,6.435,9.5,0.0,0.0,train,tier3
203,1970,Group Stage,1,0,1970-06-02,Nou Camp - Estadio Leï¿½n,Peru,Bulgaria,1,CONMEBOL,UEFA,0,0,0,1,1687.5,1538.65,148.8499999999999,0.702,0.3,0.4,-0.1,1.0,1.8,2.0,1.0,2.0,0.0,0.0,0.0,0.0,0.0,0.0,1.0,0.5,0,4.0,4.0,0.0,3,0.0,0.0,0.0,0.0,0.0,0.5,0.0,0.0,0.0,,,,,,,,,,,,,0.0,,,3,2,1,Win,2,Full Time,,0.0,1.0,13765.0,2.0,1.0,0.0,0.0,0.0,0.0,0.0,0.0,0.0,0.0,0.0,0.0,0.0,0.0,0.0,0.0,0.0,0.0,26.0,26.0,6.435,9.5,6.435,9.5,0.0,0.0,train,tier3
203,1970,Group Stage,1,0,1970-06-02,Nou Camp - Estadio Leï¿½n,Bulgaria,Peru,0,UEFA,CONMEBOL,0,0,0,1,1538.65,1687.5,-148.8499999999999,0.298,0.4,0.3,0.1,2.0,2.4,1.0,2.0,1.0,0.0,0.0,0.0,0.0,0.0,0.0,1.0,0.5,0,4.0,4.0,0.0,3,0.0,0.0,0.0,0.0,0.0,0.5,0.0,0.0,0.0,,,,,,,,,,,,,0.0,,,2,3,-1,Loss,0,Full Time,,1.0,1.0,13765.0,1.0,2.0,0.0,0.0,0.0,0.0,0.0,0.0,0.0,0.0,0.0,0.0,0.0,0.0,0.0,0.0,0.0,0.0,26.0,26.0,6.435,9.5,6.435,9.5,0.0,0.0,train,tier3
204,1970,Group Stage,1,0,1970-06-02,Jalisco,England,Romania,1,UEFA,UEFA,1,0,0,1,1836.72,1622.64,214.08,0.7742,0.8,0.5,0.3,2.2,0.6,0.8,5.0,3.0,1.0,0.0,1.0,0.0,1.0,0.0,6.0,0.5,0,4.0,4.0,0.0,4,0.0,0.0,0.0,0.0,0.0,0.5,0.0,0.0,0.0,,,,,,,,,,,,,0.0,,,1,0,1,Win,2,Full Time,,0.0,1.0,50560.0,1.0,1.0,0.0,0.0,0.0,0.0,0.0,0.0,0.0,0.0,0.0,0.0,0.0,0.0,0.0,0.0,0.0,0.0,26.0,26.0,6.435,9.5,6.435,9.5,0.0,0.0,train,tier3
204,1970,Group Stage,1,0,1970-06-02,Jalisco,Romania,England,0,UEFA,UEFA,1,0,0,1,1622.64,1836.72,-214.08,0.2258,0.5,0.8,-0.3,0.8,1.0,2.2,3.0,5.0,0.0,1.0,0.0,1.0,0.0,1.0,2.67,0.5,0,4.0,4.0,0.0,4,0.0,0.0,0.0,0.0,0.0,0.5,0.0,0.0,0.0,,,,,,,,,,,,,0.0,,,0,1,-1,Loss,0,Full Time,,0.0,1.0,50560.0,1.0,1.0,0.0,0.0,0.0,0.0,0.0,0.0,0.0,0.0,0.0,0.0,0.0,0.0,0.0,0.0,0.0,0.0,26.0,26.0,6.435,9.5,6.435,9.5,0.0,0.0,train,tier3
205,1970,Group Stage,1,0,1970-06-03,Luis Dosal,Italy,Sweden,1,UEFA,UEFA,1,0,0,1,1802.66,1670.73,131.93000000000006,0.6812,0.7,0.7,0.0,2.2,1.0,1.0,6.0,4.0,2.0,0.0,2.0,1.0,2.0,2.0,6.33,0.0,1,4.0,4.0,0.0,5,0.0,0.0,0.0,0.0,0.0,0.5,0.0,0.0,0.0,,,,,,,,,,,,,0.0,,,1,0,1,Win,2,Full Time,,1.0,1.0,13433.0,1.0,1.0,0.0,0.0,0.0,0.0,0.0,0.0,0.0,0.0,0.0,0.0,0.0,0.0,0.0,0.0,0.0,0.0,26.0,26.0,6.435,9.5,6.435,9.5,0.0,0.0,train,tier3
205,1970,Group Stage,1,0,1970-06-03,Luis Dosal,Sweden,Italy,0,UEFA,UEFA,1,0,0,1,1670.73,1802.66,-131.93000000000006,0.3188,0.7,0.7,0.0,1.0,0.6,2.2,4.0,6.0,0.0,2.0,1.0,2.0,2.0,2.0,9.5,1.0,1,4.0,4.0,0.0,5,0.0,0.0,0.0,0.0,0.0,0.5,0.0,0.0,0.0,,,,,,,,,,,,,0.0,,,0,1,-1,Loss,0,Full Time,,0.0,1.0,13433.0,1.0,1.0,0.0,0.0,0.0,0.0,0.0,0.0,0.0,0.0,0.0,0.0,0.0,0.0,0.0,0.0,0.0,0.0,26.0,26.0,6.435,9.5,6.435,9.5,0.0,0.0,train,tier3
206,1970,Group Stage,1,0,1970-06-03,Nou Camp - Estadio Leï¿½n,Germany FR,Morocco,1,UEFA,CAF,0,0,0,1,1500.0,1945.47,-445.47,0.0715,0.5,0.3,0.2,1.5,1.5,0.6,4.0,0.0,1.0,0.0,2.0,0.0,3.0,0.0,14.0,0.5,0,4.0,4.0,0.0,6,0.0,0.0,0.0,0.0,0.0,0.5,0.0,0.0,0.0,,,,,,,,,,,,,0.0,,,2,1,1,Win,2,Full Time,,0.0,1.0,12942.0,1.0,4.0,0.0,0.0,0.0,0.0,0.0,0.0,0.0,0.0,0.0,0.0,0.0,0.0,0.0,0.0,0.0,0.0,26.0,26.0,6.435,9.5,6.435,9.5,0.0,0.0,train,tier3
206,1970,Group Stage,1,0,1970-06-03,Nou Camp - Estadio Leï¿½n,Morocco,Germany FR,0,CAF,UEFA,0,0,0,1,1945.47,1500.0,445.47,0.9285,0.3,0.5,-0.2,0.6,0.8,1.5,0.0,4.0,0.0,1.0,0.0,2.0,0.0,3.0,0.0,0.5,0,4.0,4.0,0.0,6,0.0,0.0,0.0,0.0,0.0,0.5,0.0,0.0,0.0,,,,,,,,,,,,,0.0,,,1,2,-1,Loss,0,Full Time,,1.0,1.0,12942.0,4.0,1.0,0.0,0.0,0.0,0.0,0.0,0.0,0.0,0.0,0.0,0.0,0.0,0.0,0.0,0.0,0.0,0.0,26.0,26.0,6.435,9.5,6.435,9.5,0.0,0.0,train,tier3
207,1970,Group Stage,1,0,1970-06-03,Jalisco,Brazil,Czechoslovakia,1,CONMEBOL,UEFA,0,0,0,1,1836.78,1719.13,117.64999999999986,0.6631,0.7,0.8,-0.1,1.8,0.8,2.2,8.0,5.0,2.0,0.0,2.0,2.0,3.0,2.0,10.5,0.5,4,4.0,4.0,0.0,7,0.0,0.0,0.0,0.0,0.0,0.5,0.0,0.0,0.0,,,,,,,,,,,,,0.0,,,4,1,3,Win,2,Full Time,,1.0,1.0,52897.0,2.0,1.0,0.0,0.0,0.0,0.0,0.0,0.0,0.0,0.0,0.0,0.0,0.0,0.0,0.0,0.0,0.0,0.0,26.0,26.0,6.435,9.5,6.435,9.5,0.0,0.0,train,tier3
207,1970,Group Stage,1,0,1970-06-03,Jalisco,Czechoslovakia,Brazil,0,UEFA,CONMEBOL,0,0,0,1,1719.13,1836.78,-117.64999999999986,0.3369,0.8,0.7,0.1,2.2,0.8,1.8,5.0,8.0,0.0,2.0,2.0,2.0,2.0,3.0,6.0,0.5,4,4.0,4.0,0.0,7,0.0,0.0,0.0,0.0,0.0,0.5,0.0,0.0,0.0,,,,,,,,,,,,,0.0,,,1,4,-3,Loss,0,Full Time,,1.0,1.0,52897.0,1.0,2.0,0.0,0.0,0.0,0.0,0.0,0.0,0.0,0.0,0.0,0.0,0.0,0.0,0.0,0.0,0.0,0.0,26.0,26.0,6.435,9.5,6.435,9.5,0.0,0.0,train,tier3
208,1970,Group Stage,1,0,1970-06-03,Estadio Azteca,Belgium,El Salvador,1,UEFA,CONCACAF,0,0,0,1,1617.85,1601.81,16.039999999999964,0.5231,0.5,0.4,0.1,1.0,1.4,0.6,4.0,0.0,0.0,0.0,0.0,0.0,0.0,0.0,2.0,0.5,0,4.0,4.0,0.0,8,0.0,0.0,0.0,0.0,0.0,0.5,0.0,0.0,0.0,,,,,,,,,,,,,0.0,,,3,0,3,Win,2,Full Time,,1.0,1.0,92205.0,1.0,3.0,0.0,0.0,0.0,0.0,0.0,0.0,0.0,0.0,0.0,0.0,0.0,0.0,0.0,0.0,0.0,0.0,26.0,26.0,6.435,9.5,6.435,9.5,0.0,0.0,train,tier3
208,1970,Group Stage,1,0,1970-06-03,Estadio Azteca,El Salvador,Belgium,0,CONCACAF,UEFA,0,0,0,1,1601.81,1617.85,-16.039999999999964,0.4769,0.4,0.5,-0.1,0.6,1.6,1.0,0.0,4.0,0.0,0.0,0.0,0.0,0.0,0.0,0.0,0.5,0,4.0,4.0,0.0,8,0.0,0.0,0.0,0.0,0.0,0.5,0.0,0.0,0.0,,,,,,,,,,,,,0.0,,,0,3,-3,Loss,0,Full Time,,0.0,1.0,92205.0,3.0,1.0,0.0,0.0,0.0,0.0,0.0,0.0,0.0,0.0,0.0,0.0,0.0,0.0,0.0,0.0,0.0,0.0,26.0,26.0,6.435,9.5,6.435,9.5,0.0,0.0,train,tier3
209,1970,Group Stage,1,0,1970-06-06,Cuauhtemoc,Uruguay,Italy,1,CONMEBOL,UEFA,0,0,0,1,1871.66,1853.8,17.860000000000127,0.5257,0.8,0.8,0.0,1.6,0.6,2.2,5.0,6.0,2.0,2.0,1.0,2.0,2.0,2.0,10.4,0.5,0,4.0,3.0,1.0,9,1.0,2.0,0.0,2.0,1.0,1.0,2.0,0.0,0.0,,,,,,,,,,,,,0.0,,,0,0,0,Draw,1,Full Time,,0.0,1.0,29968.0,2.0,1.0,0.0,0.0,0.0,0.0,0.0,0.0,0.0,0.0,0.0,0.0,0.0,0.0,0.0,0.0,0.0,0.0,26.0,26.0,6.435,9.5,6.435,9.5,0.0,0.0,train,tier3
209,1970,Group Stage,1,0,1970-06-06,Cuauhtemoc,Italy,Uruguay,0,UEFA,CONMEBOL,0,0,0,1,1853.8,1871.66,-17.860000000000127,0.4743,0.8,0.8,0.0,2.2,0.8,1.6,6.0,5.0,2.0,2.0,2.0,1.0,2.0,2.0,6.33,0.5,0,3.0,4.0,-1.0,9,1.0,1.0,0.0,1.0,1.0,1.0,1.0,0.0,0.0,,,,,,,,,,,,,0.0,,,0,0,0,Draw,1,Full Time,,0.0,1.0,29968.0,1.0,2.0,0.0,0.0,0.0,0.0,0.0,0.0,0.0,0.0,0.0,0.0,0.0,0.0,0.0,0.0,0.0,0.0,26.0,26.0,6.435,9.5,6.435,9.5,0.0,0.0,train,tier3
210,1970,Group Stage,1,0,1970-06-06,Nou Camp - Estadio Leï¿½n,Peru,Morocco,1,CONMEBOL,CAF,0,0,0,1,1687.5,1945.47,-257.97,0.1847,0.5,0.4,0.1,1.6,1.6,1.2,1.0,0.0,0.0,0.0,0.0,0.0,0.0,0.0,1.0,0.5,0,4.0,3.0,1.0,10,1.0,3.0,2.0,1.0,1.0,1.0,3.0,0.0,0.0,,,,,,,,,,,,,0.0,,,3,0,3,Win,2,Full Time,,0.0,1.0,13537.0,2.0,4.0,0.0,0.0,0.0,0.0,0.0,0.0,0.0,0.0,0.0,0.0,0.0,0.0,0.0,0.0,0.0,0.0,26.0,26.0,6.435,9.5,6.435,9.5,0.0,0.0,train,tier3
210,1970,Group Stage,1,0,1970-06-06,Nou Camp - Estadio Leï¿½n,Morocco,Peru,0,CAF,CONMEBOL,0,0,0,1,1945.47,1687.5,257.97,0.8153,0.4,0.5,-0.1,1.2,0.8,1.6,0.0,1.0,0.0,0.0,0.0,0.0,0.0,0.0,0.0,0.5,0,3.0,4.0,-1.0,10,1.0,1.0,2.0,-1.0,0.0,0.0,1.0,0.0,0.0,,,,,,,,,,,,,0.0,,,0,3,-3,Loss,0,Full Time,,0.0,1.0,13537.0,4.0,2.0,0.0,0.0,0.0,0.0,0.0,0.0,0.0,0.0,0.0,0.0,0.0,0.0,0.0,0.0,0.0,0.0,26.0,26.0,6.435,9.5,6.435,9.5,0.0,0.0,train,tier3
211,1970,Group Stage,1,0,1970-06-06,Jalisco,Romania,Czechoslovakia,1,UEFA,UEFA,1,0,0,1,1630.28,1708.95,-78.67000000000007,0.3887,0.4,0.8,-0.4,0.6,1.0,1.8,3.0,5.0,0.0,0.0,0.0,2.0,0.0,2.0,2.67,0.0,1,4.0,3.0,1.0,11,1.0,0.0,1.0,-1.0,0.0,0.0,0.0,0.0,0.0,,,,,,,,,,,,,0.0,,,2,1,1,Win,2,Full Time,,0.0,1.0,56818.0,1.0,1.0,0.0,0.0,0.0,0.0,0.0,0.0,0.0,0.0,0.0,0.0,0.0,0.0,0.0,0.0,0.0,0.0,26.0,26.0,6.435,9.5,6.435,9.5,0.0,0.0,train,tier3
211,1970,Group Stage,1,0,1970-06-06,Jalisco,Czechoslovakia,Romania,0,UEFA,UEFA,1,0,0,1,1708.95,1630.28,78.67000000000007,0.6113,0.8,0.4,0.4,1.8,0.6,0.6,5.0,3.0,0.0,0.0,2.0,0.0,2.0,0.0,6.0,1.0,1,3.0,4.0,-1.0,11,1.0,1.0,4.0,-3.0,0.0,0.0,1.0,0.0,0.0,,,,,,,,,,,,,0.0,,,1,2,-1,Loss,0,Full Time,,1.0,1.0,56818.0,1.0,1.0,0.0,0.0,0.0,0.0,0.0,0.0,0.0,0.0,0.0,0.0,0.0,0.0,0.0,0.0,0.0,0.0,26.0,26.0,6.435,9.5,6.435,9.5,0.0,0.0,train,tier3
212,1970,Group Stage,1,0,1970-06-06,Estadio Azteca,Soviet Union,Belgium,1,UEFA,UEFA,1,0,0,1,1500.0,1861.09,-361.0899999999999,0.1112,0.5,0.4,0.1,1.5,1.5,1.0,3.0,4.0,0.0,0.0,0.0,0.0,1.0,0.0,8.0,0.5,0,6.0,3.0,3.0,12,1.0,0.0,0.0,0.0,0.0,0.0,0.0,0.0,0.0,,,,,,,,,,,,,0.0,,,4,1,3,Win,2,Full Time,,1.0,1.0,95261.0,1.0,1.0,0.0,0.0,0.0,0.0,0.0,0.0,0.0,0.0,0.0,0.0,0.0,0.0,0.0,0.0,0.0,0.0,26.0,26.0,6.435,9.5,6.435,9.5,0.0,0.0,train,tier3
212,1970,Group Stage,1,0,1970-06-06,Estadio Azteca,Belgium,Soviet Union,0,UEFA,UEFA,1,0,0,1,1861.09,1500.0,361.0899999999999,0.8888,0.4,0.5,-0.1,1.0,1.8,1.5,4.0,3.0,0.0,0.0,0.0,0.0,0.0,1.0,2.0,0.5,0,3.0,6.0,-3.0,12,1.0,3.0,0.0,3.0,1.0,1.0,3.0,0.0,0.0,,,,,,,,,,,,,0.0,,,1,4,-3,Loss,0,Full Time,,0.0,1.0,95261.0,1.0,1.0,0.0,0.0,0.0,0.0,0.0,0.0,0.0,0.0,0.0,0.0,0.0,0.0,0.0,0.0,0.0,0.0,26.0,26.0,6.435,9.5,6.435,9.5,0.0,0.0,train,tier3
213,1970,Group Stage,1,0,1970-06-07,Luis Dosal,Sweden,Israel,1,UEFA,UEFA,1,0,0,1,1729.32,1604.53,124.78999999999996,0.6722,0.7,0.7,0.0,1.0,0.8,1.8,4.0,0.0,0.0,0.0,1.0,0.0,2.0,0.0,9.5,0.5,0,4.0,5.0,-1.0,13,1.0,0.0,1.0,-1.0,0.0,0.0,0.0,0.0,0.0,,,,,,,,,,,,,0.0,,,1,1,0,Draw,1,Full Time,,0.0,1.0,9624.0,1.0,1.0,0.0,0.0,0.0,0.0,0.0,0.0,0.0,0.0,0.0,0.0,0.0,0.0,0.0,0.0,0.0,0.0,26.0,26.0,6.435,9.5,6.435,9.5,0.0,0.0,train,tier3
213,1970,Group Stage,1,0,1970-06-07,Luis Dosal,Israel,Sweden,0,UEFA,UEFA,1,0,0,1,1604.53,1729.32,-124.78999999999996,0.3278,0.7,0.7,0.0,1.8,0.6,1.0,0.0,4.0,0.0,0.0,0.0,1.0,0.0,2.0,0.0,0.5,0,5.0,4.0,1.0,13,1.0,0.0,2.0,-2.0,0.0,0.0,0.0,0.0,0.0,,,,,,,,,,,,,0.0,,,1,1,0,Draw,1,Full Time,,0.0,1.0,9624.0,1.0,1.0,0.0,0.0,0.0,0.0,0.0,0.0,0.0,0.0,0.0,0.0,0.0,0.0,0.0,0.0,0.0,0.0,26.0,26.0,6.435,9.5,6.435,9.5,0.0,0.0,train,tier3
214,1970,Group Stage,1,0,1970-06-07,Nou Camp - Estadio Leï¿½n,Germany FR,Bulgaria,1,UEFA,UEFA,1,0,0,1,1500.0,1538.65,-38.65000000000009,0.4446,0.5,0.5,0.0,1.5,1.5,2.0,4.0,2.0,1.0,0.0,2.0,0.0,3.0,0.0,14.0,0.5,0,4.0,5.0,-1.0,14,1.0,2.0,1.0,1.0,1.0,1.0,2.0,0.0,0.0,,,,,,,,,,,,,0.0,,,5,2,3,Win,2,Full Time,,2.0,1.0,12710.0,1.0,1.0,0.0,0.0,0.0,0.0,0.0,0.0,0.0,0.0,0.0,0.0,0.0,0.0,0.0,0.0,0.0,0.0,26.0,26.0,6.435,9.5,6.435,9.5,0.0,0.0,train,tier3
214,1970,Group Stage,1,0,1970-06-07,Nou Camp - Estadio Leï¿½n,Bulgaria,Germany FR,0,UEFA,UEFA,1,0,0,1,1538.65,1500.0,38.65000000000009,0.5554,0.5,0.5,0.0,2.0,2.0,1.5,2.0,4.0,0.0,1.0,0.0,2.0,0.0,3.0,1.0,0.5,0,5.0,4.0,1.0,14,1.0,2.0,3.0,-1.0,0.0,0.0,2.0,0.0,0.0,,,,,,,,,,,,,0.0,,,2,5,-3,Loss,0,Full Time,,1.0,1.0,12710.0,1.0,1.0,0.0,0.0,0.0,0.0,0.0,0.0,0.0,0.0,0.0,0.0,0.0,0.0,0.0,0.0,0.0,0.0,26.0,26.0,6.435,9.5,6.435,9.5,0.0,0.0,train,tier3
215,1970,Group Stage,1,0,1970-06-07,Jalisco,Brazil,England,1,CONMEBOL,UEFA,0,0,0,1,1856.99,1850.27,6.720000000000027,0.5097,0.9,0.8,0.1,2.0,0.4,2.0,8.0,5.0,2.0,1.0,2.0,1.0,3.0,1.0,10.5,0.5,2,4.0,5.0,-1.0,15,1.0,4.0,1.0,3.0,1.0,1.0,4.0,0.0,0.0,,,,,,,,,,,,,0.0,,,1,0,1,Win,2,Full Time,,0.0,1.0,66843.0,2.0,1.0,0.0,0.0,0.0,0.0,0.0,0.0,0.0,0.0,0.0,0.0,0.0,0.0,0.0,0.0,0.0,0.0,26.0,26.0,6.435,9.5,6.435,9.5,0.0,0.0,train,tier3
215,1970,Group Stage,1,0,1970-06-07,Jalisco,England,Brazil,0,UEFA,CONMEBOL,0,0,0,1,1850.27,1856.99,-6.720000000000027,0.4903,0.8,0.9,-0.1,2.0,0.4,2.0,5.0,8.0,1.0,2.0,1.0,2.0,1.0,3.0,6.0,0.5,2,5.0,4.0,1.0,15,1.0,1.0,0.0,1.0,1.0,1.0,1.0,0.0,0.0,,,,,,,,,,,,,0.0,,,0,1,-1,Loss,0,Full Time,,0.0,1.0,66843.0,1.0,2.0,0.0,0.0,0.0,0.0,0.0,0.0,0.0,0.0,0.0,0.0,0.0,0.0,0.0,0.0,0.0,0.0,26.0,26.0,6.435,9.5,6.435,9.5,0.0,0.0,train,tier3
216,1970,Group Stage,1,0,1970-06-07,Estadio Azteca,Mexico,El Salvador,1,CONCACAF,CONCACAF,1,1,0,0,1633.84,1573.19,60.64999999999986,0.5864,0.7,0.2,0.5,2.2,1.4,0.2,6.0,0.0,0.0,0.0,0.0,0.0,0.0,0.0,2.17,0.5,0,7.0,4.0,3.0,16,1.0,0.0,0.0,0.0,0.0,0.0,0.0,0.0,0.0,,,,,,,,,,,,,0.0,,,4,0,4,Win,2,Full Time,,1.0,1.0,103058.0,3.0,3.0,0.0,0.0,0.0,0.0,0.0,0.0,0.0,0.0,0.0,0.0,0.0,0.0,0.0,0.0,0.0,0.0,26.0,26.0,6.435,9.5,6.435,9.5,0.0,0.0,train,tier3
216,1970,Group Stage,1,0,1970-06-07,Estadio Azteca,El Salvador,Mexico,0,CONCACAF,CONCACAF,1,0,1,0,1573.19,1633.84,-60.64999999999986,0.4136,0.2,0.7,-0.5,0.2,2.0,2.2,0.0,6.0,0.0,0.0,0.0,0.0,0.0,0.0,0.0,0.5,0,4.0,7.0,-3.0,16,1.0,0.0,3.0,-3.0,0.0,0.0,0.0,0.0,0.0,,,,,,,,,,,,,0.0,,,0,4,-4,Loss,0,Full Time,,0.0,1.0,103058.0,3.0,3.0,0.0,0.0,0.0,0.0,0.0,0.0,0.0,0.0,0.0,0.0,0.0,0.0,0.0,0.0,0.0,0.0,26.0,26.0,6.435,9.5,6.435,9.5,0.0,0.0,train,tier3
217,1970,Group Stage,1,0,1970-06-10,Cuauhtemoc,Sweden,Uruguay,1,UEFA,CONMEBOL,0,0,0,1,1642.34,1747.9,-105.56000000000016,0.3526,0.5,0.8,-0.3,0.6,1.0,1.8,4.0,5.0,0.0,2.0,1.0,1.0,2.0,2.0,9.5,0.0,1,3.0,4.0,-1.0,17,2.0,1.0,2.0,-1.0,0.0,0.0,0.5,0.0,0.0,,,,,,,,,,,,,0.0,,,1,0,1,Win,2,Full Time,,0.0,1.0,18163.0,1.0,2.0,0.0,0.0,0.0,0.0,0.0,0.0,0.0,0.0,0.0,0.0,0.0,0.0,0.0,0.0,0.0,0.0,26.0,26.0,6.435,9.5,6.435,9.5,0.0,0.0,train,tier3
217,1970,Group Stage,1,0,1970-06-10,Cuauhtemoc,Uruguay,Sweden,0,CONMEBOL,UEFA,0,0,0,1,1747.9,1642.34,105.56000000000016,0.6474,0.8,0.5,0.3,1.8,0.6,0.6,5.0,4.0,2.0,0.0,1.0,1.0,2.0,2.0,10.4,1.0,1,4.0,3.0,1.0,17,2.0,2.0,0.0,2.0,1.0,0.5,1.0,0.0,0.0,,,,,,,,,,,,,0.0,,,0,1,-1,Loss,0,Full Time,,0.0,1.0,18163.0,2.0,1.0,0.0,0.0,0.0,0.0,0.0,0.0,0.0,0.0,0.0,0.0,0.0,0.0,0.0,0.0,0.0,0.0,26.0,26.0,6.435,9.5,6.435,9.5,0.0,0.0,train,tier3
218,1970,Group Stage,1,0,1970-06-10,Nou Camp - Estadio Leï¿½n,Germany FR,Peru,1,UEFA,CONMEBOL,0,0,0,1,1500.0,1687.5,-187.5,0.2536,0.5,0.5,0.0,1.5,1.5,2.0,4.0,1.0,1.0,0.0,2.0,0.0,3.0,0.0,14.0,0.5,0,3.0,4.0,-1.0,18,2.0,7.0,3.0,4.0,2.0,1.0,3.5,0.0,0.0,,,,,,,,,,,,,0.0,,,3,1,2,Win,2,Full Time,,3.0,1.0,17875.0,1.0,2.0,0.0,0.0,0.0,0.0,0.0,0.0,0.0,0.0,0.0,0.0,0.0,0.0,0.0,0.0,0.0,0.0,26.0,26.0,6.435,9.5,6.435,9.5,0.0,0.0,train,tier3
218,1970,Group Stage,1,0,1970-06-10,Nou Camp - Estadio Leï¿½n,Peru,Germany FR,0,CONMEBOL,UEFA,0,0,0,1,1687.5,1500.0,187.5,0.7464,0.5,0.5,0.0,2.0,2.0,1.5,1.0,4.0,0.0,1.0,0.0,2.0,0.0,3.0,1.0,0.5,0,4.0,3.0,1.0,18,2.0,6.0,2.0,4.0,2.0,1.0,3.0,0.0,0.0,,,,,,,,,,,,,0.0,,,1,3,-2,Loss,0,Full Time,,1.0,1.0,17875.0,2.0,1.0,0.0,0.0,0.0,0.0,0.0,0.0,0.0,0.0,0.0,0.0,0.0,0.0,0.0,0.0,0.0,0.0,26.0,26.0,6.435,9.5,6.435,9.5,0.0,0.0,train,tier3
219,1970,Group Stage,1,0,1970-06-10,Jalisco,Brazil,Romania,1,CONMEBOL,UEFA,0,0,0,1,1886.41,1646.68,239.73,0.799,0.9,0.3,0.6,2.4,0.4,0.4,8.0,3.0,2.0,0.0,2.0,0.0,3.0,0.0,10.5,0.5,0,3.0,4.0,-1.0,19,2.0,5.0,1.0,4.0,2.0,1.0,2.5,0.0,0.0,,,,,,,,,,,,,0.0,,,3,2,1,Win,2,Full Time,,2.0,1.0,50804.0,2.0,1.0,0.0,0.0,0.0,0.0,0.0,0.0,0.0,0.0,0.0,0.0,0.0,0.0,0.0,0.0,0.0,0.0,26.0,26.0,6.435,9.5,6.435,9.5,0.0,0.0,train,tier3
219,1970,Group Stage,1,0,1970-06-10,Jalisco,Romania,Brazil,0,UEFA,CONMEBOL,0,0,0,1,1646.68,1886.41,-239.73,0.201,0.3,0.9,-0.6,0.4,1.0,2.4,3.0,8.0,0.0,2.0,0.0,2.0,0.0,3.0,2.67,0.5,0,4.0,3.0,1.0,19,2.0,2.0,2.0,0.0,1.0,0.5,1.0,0.0,0.0,,,,,,,,,,,,,0.0,,,2,3,-1,Loss,0,Full Time,,1.0,1.0,50804.0,1.0,2.0,0.0,0.0,0.0,0.0,0.0,0.0,0.0,0.0,0.0,0.0,0.0,0.0,0.0,0.0,0.0,0.0,26.0,26.0,6.435,9.5,6.435,9.5,0.0,0.0,train,tier3
220,1970,Group Stage,1,0,1970-06-10,Estadio Azteca,Soviet Union,El Salvador,1,UEFA,CONCACAF,0,0,0,1,1500.0,1472.71,27.289999999999964,0.5392,0.5,0.2,0.3,1.5,1.5,0.2,3.0,0.0,0.0,0.0,0.0,0.0,1.0,0.0,8.0,0.5,0,4.0,3.0,1.0,20,2.0,4.0,1.0,3.0,1.0,0.5,2.0,0.0,0.0,,,,,,,,,,,,,0.0,,,2,0,2,Win,2,Full Time,,0.0,1.0,89979.0,1.0,3.0,0.0,0.0,0.0,0.0,0.0,0.0,0.0,0.0,0.0,0.0,0.0,0.0,0.0,0.0,0.0,0.0,26.0,26.0,6.435,9.5,6.435,9.5,0.0,0.0,train,tier3
220,1970,Group Stage,1,0,1970-06-10,Estadio Azteca,El Salvador,Soviet Union,0,CONCACAF,UEFA,0,0,0,1,1472.71,1500.0,-27.289999999999964,0.4608,0.2,0.5,-0.3,0.2,2.0,1.5,0.0,3.0,0.0,0.0,0.0,0.0,0.0,1.0,0.0,0.5,0,3.0,4.0,-1.0,20,2.0,0.0,7.0,-7.0,0.0,0.0,0.0,0.0,0.0,,,,,,,,,,,,,0.0,,,0,2,-2,Loss,0,Full Time,,0.0,1.0,89979.0,3.0,1.0,0.0,0.0,0.0,0.0,0.0,0.0,0.0,0.0,0.0,0.0,0.0,0.0,0.0,0.0,0.0,0.0,26.0,26.0,6.435,9.5,6.435,9.5,0.0,0.0,train,tier3
221,1970,Group Stage,1,0,1970-06-11,Luis Dosal,Italy,Israel,1,UEFA,UEFA,1,0,0,1,1853.8,1604.53,249.27,0.8077,0.9,0.5,0.4,2.4,0.8,1.4,6.0,0.0,2.0,0.0,2.0,0.0,2.0,0.0,6.33,0.5,0,5.0,4.0,1.0,21,2.0,1.0,0.0,1.0,1.0,0.5,0.5,0.0,0.0,,,,,,,,,,,,,0.0,,,0,0,0,Draw,1,Full Time,,0.0,1.0,9890.0,1.0,1.0,0.0,0.0,0.0,0.0,0.0,0.0,0.0,0.0,0.0,0.0,0.0,0.0,0.0,0.0,0.0,0.0,26.0,26.0,6.435,9.5,6.435,9.5,0.0,0.0,train,tier3
221,1970,Group Stage,1,0,1970-06-11,Luis Dosal,Israel,Italy,0,UEFA,UEFA,1,0,0,1,1604.53,1853.8,-249.27,0.1923,0.5,0.9,-0.4,1.4,1.0,2.4,0.0,6.0,0.0,2.0,0.0,2.0,0.0,2.0,0.0,0.5,0,4.0,5.0,-1.0,21,2.0,1.0,3.0,-2.0,0.0,0.0,0.5,0.0,0.0,,,,,,,,,,,,,0.0,,,0,0,0,Draw,1,Full Time,,0.0,1.0,9890.0,1.0,1.0,0.0,0.0,0.0,0.0,0.0,0.0,0.0,0.0,0.0,0.0,0.0,0.0,0.0,0.0,0.0,0.0,26.0,26.0,6.435,9.5,6.435,9.5,0.0,0.0,train,tier3
222,1970,Group Stage,1,0,1970-06-11,Nou Camp - Estadio Leï¿½n,Bulgaria,Morocco,1,UEFA,CAF,0,0,0,1,1595.07,1545.67,49.39999999999986,0.5706,0.3,0.2,0.1,1.8,2.4,0.8,2.0,0.0,0.0,0.0,0.0,0.0,0.0,0.0,1.0,0.5,0,4.0,5.0,-1.0,22,2.0,4.0,8.0,-4.0,0.0,0.0,2.0,0.0,0.0,,,,,,,,,,,,,0.0,,,1,1,0,Draw,1,Full Time,,1.0,1.0,12299.0,1.0,4.0,0.0,0.0,0.0,0.0,0.0,0.0,0.0,0.0,0.0,0.0,0.0,0.0,0.0,0.0,0.0,0.0,26.0,26.0,6.435,9.5,6.435,9.5,0.0,0.0,train,tier3
222,1970,Group Stage,1,0,1970-06-11,Nou Camp - Estadio Leï¿½n,Morocco,Bulgaria,0,CAF,UEFA,0,0,0,1,1545.67,1595.07,-49.39999999999986,0.4294,0.2,0.3,-0.1,0.8,1.2,1.8,0.0,2.0,0.0,0.0,0.0,0.0,0.0,0.0,0.0,0.5,0,5.0,4.0,1.0,22,2.0,1.0,5.0,-4.0,0.0,0.0,0.5,0.0,0.0,,,,,,,,,,,,,0.0,,,1,1,0,Draw,1,Full Time,,0.0,1.0,12299.0,4.0,1.0,0.0,0.0,0.0,0.0,0.0,0.0,0.0,0.0,0.0,0.0,0.0,0.0,0.0,0.0,0.0,0.0,26.0,26.0,6.435,9.5,6.435,9.5,0.0,0.0,train,tier3
223,1970,Group Stage,1,0,1970-06-11,Jalisco,England,Czechoslovakia,1,UEFA,UEFA,1,0,0,1,1991.02,1708.95,282.06999999999994,0.8353,0.9,0.6,0.3,2.0,0.2,1.6,5.0,5.0,1.0,0.0,1.0,2.0,1.0,2.0,6.0,0.5,0,4.0,5.0,-1.0,23,2.0,1.0,1.0,0.0,1.0,0.5,0.5,0.0,0.0,,,,,,,,,,,,,0.0,,,1,0,1,Win,2,Full Time,,0.0,1.0,49292.0,1.0,1.0,0.0,0.0,0.0,0.0,0.0,0.0,0.0,0.0,0.0,0.0,0.0,0.0,0.0,0.0,0.0,0.0,26.0,26.0,6.435,9.5,6.435,9.5,0.0,0.0,train,tier3
223,1970,Group Stage,1,0,1970-06-11,Jalisco,Czechoslovakia,England,0,UEFA,UEFA,1,0,0,1,1708.95,1991.02,-282.06999999999994,0.1647,0.6,0.9,-0.3,1.6,1.4,2.0,5.0,5.0,0.0,1.0,2.0,1.0,2.0,1.0,6.0,0.5,0,5.0,4.0,1.0,23,2.0,2.0,6.0,-4.0,0.0,0.0,1.0,0.0,0.0,,,,,,,,,,,,,0.0,,,0,1,-1,Loss,0,Full Time,,0.0,1.0,49292.0,1.0,1.0,0.0,0.0,0.0,0.0,0.0,0.0,0.0,0.0,0.0,0.0,0.0,0.0,0.0,0.0,0.0,0.0,26.0,26.0,6.435,9.5,6.435,9.5,0.0,0.0,train,tier3
224,1970,Group Stage,1,0,1970-06-11,Estadio Azteca,Mexico,Belgium,1,CONCACAF,UEFA,0,1,0,0,1658.66,1624.87,33.79000000000019,0.5485,0.6,0.4,0.2,2.0,1.4,1.2,6.0,4.0,0.0,0.0,0.0,0.0,0.0,0.0,2.17,0.5,0,4.0,5.0,-1.0,24,2.0,4.0,0.0,4.0,1.0,0.5,2.0,0.0,0.0,,,,,,,,,,,,,0.0,,,1,0,1,Win,2,Full Time,,1.0,1.0,108192.0,3.0,1.0,0.0,0.0,0.0,0.0,0.0,0.0,0.0,0.0,0.0,0.0,0.0,0.0,0.0,0.0,0.0,0.0,26.0,26.0,6.435,9.5,6.435,9.5,0.0,0.0,train,tier3
224,1970,Group Stage,1,0,1970-06-11,Estadio Azteca,Belgium,Mexico,0,UEFA,CONCACAF,0,0,1,0,1624.87,1658.66,-33.79000000000019,0.4515,0.4,0.6,-0.2,1.2,1.6,2.0,4.0,6.0,0.0,0.0,0.0,0.0,0.0,0.0,2.0,0.5,0,5.0,4.0,1.0,24,2.0,4.0,4.0,0.0,1.0,0.5,2.0,0.0,0.0,,,,,,,,,,,,,0.0,,,0,1,-1,Loss,0,Full Time,,0.0,1.0,108192.0,1.0,3.0,0.0,0.0,0.0,0.0,0.0,0.0,0.0,0.0,0.0,0.0,0.0,0.0,0.0,0.0,0.0,0.0,26.0,26.0,6.435,9.5,6.435,9.5,0.0,0.0,train,tier3
225,1970,Quarter-final,3,1,1970-06-14,Luis Dosal,Italy,Mexico,1,UEFA,CONCACAF,0,0,1,1,1853.8,1887.54,-33.74000000000001,0.4516,0.8,0.8,0.0,1.6,0.6,2.8,6.0,6.0,2.0,0.0,2.0,0.0,2.0,0.0,6.33,0.5,0,3.0,3.0,0.0,25,3.0,1.0,0.0,1.0,1.0,0.333,0.333,0.0,0.0,,,,,,,,,,,,,0.0,,,4,1,3,Win,2,Full Time,,1.0,1.0,26851.0,1.0,3.0,0.0,0.0,0.0,0.0,0.0,0.0,0.0,0.0,0.0,0.0,0.0,0.0,0.0,0.0,0.0,0.0,26.0,26.0,6.435,9.5,6.435,9.5,0.0,0.0,train,tier3
225,1970,Quarter-final,3,1,1970-06-14,Luis Dosal,Mexico,Italy,0,CONCACAF,UEFA,0,1,0,1,1887.54,1853.8,33.74000000000001,0.5484,0.8,0.8,0.0,2.8,1.2,1.6,6.0,6.0,0.0,2.0,0.0,2.0,0.0,2.0,2.17,0.5,0,3.0,3.0,0.0,25,3.0,5.0,0.0,5.0,2.0,0.667,1.667,0.0,0.0,,,,,,,,,,,,,0.0,,,1,4,-3,Loss,0,Full Time,,1.0,1.0,26851.0,3.0,1.0,0.0,0.0,0.0,0.0,0.0,0.0,0.0,0.0,0.0,0.0,0.0,0.0,0.0,0.0,0.0,0.0,26.0,26.0,6.435,9.5,6.435,9.5,0.0,0.0,train,tier3
226,1970,Quarter-final,3,1,1970-06-14,Nou Camp - Estadio Leï¿½n,Germany FR,England,1,UEFA,UEFA,1,0,0,1,1500.0,1991.02,-491.02,0.0559,0.5,0.7,-0.2,1.5,1.5,1.4,4.0,5.0,1.0,1.0,2.0,1.0,3.0,1.0,14.0,0.5,0,4.0,3.0,1.0,26,3.0,10.0,4.0,6.0,3.0,1.0,3.333,0.0,0.0,,,,,,,,,,,,,0.0,,,3,2,1,Win,2,Extra Time,,0.0,1.0,23357.0,1.0,1.0,0.0,0.0,0.0,0.0,0.0,0.0,0.0,0.0,0.0,0.0,0.0,0.0,0.0,0.0,0.0,0.0,26.0,26.0,6.435,9.5,6.435,9.5,0.0,0.0,train,tier3
226,1970,Quarter-final,3,1,1970-06-14,Nou Camp - Estadio Leï¿½n,England,Germany FR,0,UEFA,UEFA,1,0,0,1,1991.02,1500.0,491.02,0.9441,0.7,0.5,0.2,1.4,0.2,1.5,5.0,4.0,1.0,1.0,1.0,2.0,1.0,3.0,6.0,0.5,0,3.0,4.0,-1.0,26,3.0,2.0,1.0,1.0,2.0,0.667,0.667,0.0,0.0,,,,,,,,,,,,,0.0,,,2,3,-1,Loss,0,Extra Time,,0.0,1.0,23357.0,1.0,1.0,0.0,0.0,0.0,0.0,0.0,0.0,0.0,0.0,0.0,0.0,0.0,0.0,0.0,0.0,0.0,0.0,26.0,26.0,6.435,9.5,6.435,9.5,0.0,0.0,train,tier3
227,1970,Quarter-final,3,1,1970-06-14,Jalisco,Brazil,Peru,1,CONMEBOL,CONMEBOL,1,0,0,1,1898.47,1638.36,260.1100000000001,0.8172,0.9,0.7,0.2,1.6,0.4,2.4,8.0,1.0,2.0,0.0,2.0,0.0,3.0,0.0,10.5,0.5,0,4.0,4.0,0.0,27,3.0,8.0,3.0,5.0,3.0,1.0,2.667,0.0,0.0,,,,,,,,,,,,,0.0,,,4,2,2,Win,2,Full Time,,2.0,1.0,54233.0,2.0,2.0,0.0,0.0,0.0,0.0,0.0,0.0,0.0,0.0,0.0,0.0,0.0,0.0,0.0,0.0,0.0,0.0,26.0,26.0,6.435,9.5,6.435,9.5,0.0,0.0,train,tier3
227,1970,Quarter-final,3,1,1970-06-14,Jalisco,Peru,Brazil,0,CONMEBOL,CONMEBOL,1,0,0,1,1638.36,1898.47,-260.1100000000001,0.1828,0.7,0.9,-0.2,2.4,1.4,1.6,1.0,8.0,0.0,2.0,0.0,2.0,0.0,3.0,1.0,0.5,0,4.0,4.0,0.0,27,3.0,7.0,5.0,2.0,2.0,0.667,2.333,0.0,0.0,,,,,,,,,,,,,0.0,,,2,4,-2,Loss,0,Full Time,,1.0,1.0,54233.0,2.0,2.0,0.0,0.0,0.0,0.0,0.0,0.0,0.0,0.0,0.0,0.0,0.0,0.0,0.0,0.0,0.0,0.0,26.0,26.0,6.435,9.5,6.435,9.5,0.0,0.0,train,tier3
228,1970,Quarter-final,3,1,1970-06-14,Estadio Azteca,Uruguay,Soviet Union,1,CONMEBOL,UEFA,0,0,0,1,1871.66,1500.0,371.6600000000001,0.8947,0.7,0.5,0.2,1.4,0.6,1.5,5.0,3.0,2.0,0.0,1.0,0.0,2.0,1.0,10.4,0.5,0,4.0,4.0,0.0,28,3.0,2.0,1.0,1.0,1.0,0.333,0.667,0.0,0.0,,,,,,,,,,,,,0.0,,,1,0,1,Win,2,Extra Time,,0.0,1.0,26085.0,2.0,1.0,0.0,0.0,0.0,0.0,0.0,0.0,0.0,0.0,0.0,0.0,0.0,0.0,0.0,0.0,0.0,0.0,26.0,26.0,6.435,9.5,6.435,9.5,0.0,0.0,train,tier3
228,1970,Quarter-final,3,1,1970-06-14,Estadio Azteca,Soviet Union,Uruguay,0,UEFA,CONMEBOL,0,0,0,1,1500.0,1871.66,-371.6600000000001,0.1053,0.5,0.7,-0.2,1.5,1.5,1.4,3.0,5.0,0.0,2.0,0.0,1.0,1.0,2.0,8.0,0.5,0,4.0,4.0,0.0,28,3.0,6.0,1.0,5.0,2.0,0.667,2.0,0.0,0.0,,,,,,,,,,,,,0.0,,,0,1,-1,Loss,0,Extra Time,,0.0,1.0,26085.0,1.0,2.0,0.0,0.0,0.0,0.0,0.0,0.0,0.0,0.0,0.0,0.0,0.0,0.0,0.0,0.0,0.0,0.0,26.0,26.0,6.435,9.5,6.435,9.5,0.0,0.0,train,tier3
229,1970,Semi-final,4,1,1970-06-17,Jalisco,Brazil,Uruguay,1,CONMEBOL,CONMEBOL,1,0,0,1,1909.44,1745.21,164.23000000000002,0.7202,0.9,0.5,0.4,1.8,0.6,1.0,8.0,5.0,2.0,2.0,2.0,1.0,3.0,2.0,10.5,0.0,1,3.0,3.0,0.0,29,4.0,12.0,5.0,7.0,4.0,1.0,3.0,0.0,0.0,,,,,,,,,,,,,0.0,,,3,1,2,Win,2,Full Time,,1.0,1.0,51261.0,2.0,2.0,0.0,0.0,0.0,0.0,0.0,0.0,0.0,0.0,0.0,0.0,0.0,0.0,0.0,0.0,0.0,0.0,26.0,26.0,6.435,9.5,6.435,9.5,0.0,0.0,train,tier3
229,1970,Semi-final,4,1,1970-06-17,Jalisco,Uruguay,Brazil,0,CONMEBOL,CONMEBOL,1,0,0,1,1745.21,1909.44,-164.23000000000002,0.2798,0.5,0.9,-0.4,1.0,0.8,1.8,5.0,8.0,2.0,2.0,1.0,2.0,2.0,3.0,10.4,1.0,1,3.0,3.0,0.0,29,4.0,3.0,1.0,2.0,2.0,0.5,0.75,0.0,0.0,,,,,,,,,,,,,0.0,,,1,3,-2,Loss,0,Full Time,,1.0,1.0,51261.0,2.0,2.0,0.0,0.0,0.0,0.0,0.0,0.0,0.0,0.0,0.0,0.0,0.0,0.0,0.0,0.0,0.0,0.0,26.0,26.0,6.435,9.5,6.435,9.5,0.0,0.0,train,tier3
230,1970,Third Place,4,1,1970-06-20,Estadio Azteca,Germany FR,Uruguay,1,UEFA,CONMEBOL,0,0,0,1,1500.0,1871.66,-371.6600000000001,0.1053,0.5,0.7,-0.2,1.5,1.5,1.0,4.0,5.0,1.0,2.0,2.0,1.0,3.0,2.0,14.0,0.5,0,6.0,3.0,3.0,30,4.0,13.0,6.0,7.0,4.0,1.0,3.25,0.0,0.0,,,,,,,,,,,,,0.0,,,1,0,1,Win,2,Full Time,,1.0,1.0,104403.0,1.0,2.0,0.0,0.0,0.0,0.0,0.0,0.0,0.0,0.0,0.0,0.0,0.0,0.0,0.0,0.0,0.0,0.0,26.0,26.0,6.435,9.5,6.435,9.5,0.0,0.0,train,tier3
230,1970,Third Place,4,1,1970-06-20,Estadio Azteca,Uruguay,Germany FR,0,CONMEBOL,UEFA,0,0,0,1,1871.66,1500.0,371.6600000000001,0.8947,0.7,0.5,0.2,1.0,0.4,1.5,5.0,4.0,2.0,1.0,1.0,2.0,2.0,3.0,10.4,0.5,0,3.0,6.0,-3.0,30,5.0,4.0,4.0,0.0,2.0,0.4,0.8,0.0,0.0,,,,,,,,,,,,,0.0,,,0,1,-1,Loss,0,Full Time,,0.0,1.0,104403.0,2.0,1.0,0.0,0.0,0.0,0.0,0.0,0.0,0.0,0.0,0.0,0.0,0.0,0.0,0.0,0.0,0.0,0.0,26.0,26.0,6.435,9.5,6.435,9.5,0.0,0.0,train,tier3
231,1970,Final,5,1,1970-06-21,Estadio Azteca,Brazil,Italy,1,CONMEBOL,UEFA,0,0,0,1,1926.23,1850.9,75.32999999999993,0.6067,1.0,0.8,0.2,2.6,1.0,1.4,8.0,6.0,2.0,2.0,2.0,2.0,3.0,2.0,10.5,0.0,1,4.0,7.0,-3.0,31,5.0,15.0,6.0,9.0,5.0,1.0,3.0,0.0,0.0,,,,,,,,,,,,,0.0,,,4,1,3,Win,2,Full Time,,1.0,1.0,107412.0,2.0,1.0,0.0,0.0,0.0,0.0,0.0,0.0,0.0,0.0,0.0,0.0,0.0,0.0,0.0,0.0,0.0,0.0,26.0,26.0,6.435,9.5,6.435,9.5,0.0,0.0,train,tier3
231,1970,Final,5,1,1970-06-21,Estadio Azteca,Italy,Brazil,0,UEFA,CONMEBOL,0,0,0,1,1850.9,1926.23,-75.32999999999993,0.3933,0.8,1.0,-0.2,1.4,0.4,2.6,6.0,8.0,2.0,2.0,2.0,2.0,2.0,3.0,6.33,1.0,1,7.0,4.0,3.0,31,4.0,5.0,1.0,4.0,2.0,0.5,1.25,0.0,0.0,,,,,,,,,,,,,0.0,,,1,4,-3,Loss,0,Full Time,,1.0,1.0,107412.0,1.0,2.0,0.0,0.0,0.0,0.0,0.0,0.0,0.0,0.0,0.0,0.0,0.0,0.0,0.0,0.0,0.0,0.0,26.0,26.0,6.435,9.5,6.435,9.5,0.0,0.0,train,tier3
232,1970,Semi-final,4,1,1970-06-01,Estadio Azteca,Italy,Germany FR,1,UEFA,UEFA,1,0,0,1,1853.8,1500.0,353.79999999999995,0.8846,0.7,0.5,0.2,2.2,1.0,1.5,6.0,4.0,2.0,1.0,2.0,2.0,2.0,3.0,6.33,0.5,0,4.0,4.0,0.0,32,5.0,6.0,5.0,1.0,2.0,0.4,1.2,0.0,0.0,,,,,,,,,,,,,0.0,,,4,3,1,Win,2,Extra Time,,0.0,1.0,102444.0,1.0,1.0,0.0,0.0,0.0,0.0,0.0,0.0,0.0,0.0,0.0,0.0,0.0,0.0,0.0,0.0,0.0,0.0,26.0,26.0,6.435,9.5,6.435,9.5,0.0,0.0,train,tier3
232,1970,Semi-final,4,1,1970-06-01,Estadio Azteca,Germany FR,Italy,0,UEFA,UEFA,1,0,0,1,1500.0,1853.8,-353.79999999999995,0.1154,0.5,0.7,-0.2,1.5,1.5,2.2,4.0,6.0,1.0,2.0,2.0,2.0,3.0,2.0,14.0,0.5,0,4.0,4.0,0.0,32,5.0,14.0,6.0,8.0,5.0,1.0,2.8,0.0,0.0,,,,,,,,,,,,,0.0,,,3,4,-1,Loss,0,Extra Time,,0.0,1.0,102444.0,1.0,1.0,0.0,0.0,0.0,0.0,0.0,0.0,0.0,0.0,0.0,0.0,0.0,0.0,0.0,0.0,0.0,0.0,26.0,26.0,6.435,9.5,6.435,9.5,0.0,0.0,train,tier3
233,1974,Group Stage,1,0,1974-06-13,Waldstadion,Brazil,Yugoslavia,1,CONMEBOL,UEFA,0,0,0,1,1916.38,1737.98,178.4000000000001,0.7363,0.8,0.5,0.3,1.6,0.2,1.4,9.0,5.0,3.0,0.0,3.0,0.0,4.0,2.0,11.44,0.333,3,4.0,4.0,0.0,1,0.0,0.0,0.0,0.0,0.0,0.5,0.0,0.0,0.0,,,,,,,,,,,,,0.0,,,0,0,0,Draw,1,Full Time,,0.0,1.0,62000.0,2.0,1.0,0.0,0.0,0.0,0.0,0.0,0.0,0.0,0.0,0.0,0.0,0.0,0.0,0.0,0.0,0.0,0.0,26.0,26.0,6.435,9.5,6.435,9.5,0.0,0.0,train,tier3
233,1974,Group Stage,1,0,1974-06-13,Waldstadion,Yugoslavia,Brazil,0,UEFA,CONMEBOL,0,0,0,1,1737.98,1916.38,-178.4000000000001,0.2637,0.5,0.8,-0.3,1.4,1.2,1.6,5.0,9.0,0.0,3.0,0.0,3.0,2.0,4.0,6.6,0.667,3,4.0,4.0,0.0,1,0.0,0.0,0.0,0.0,0.0,0.5,0.0,0.0,0.0,,,,,,,,,,,,,0.0,,,0,0,0,Draw,1,Full Time,,0.0,1.0,62000.0,1.0,2.0,0.0,0.0,0.0,0.0,0.0,0.0,0.0,0.0,0.0,0.0,0.0,0.0,0.0,0.0,0.0,0.0,26.0,26.0,6.435,9.5,6.435,9.5,0.0,0.0,train,tier3
234,1974,Group Stage,1,0,1974-06-14,Olympiastadion,Germany FR,Chile,1,UEFA,CONMEBOL,0,1,0,0,1500.0,1715.51,-215.51,0.2243,0.5,0.8,-0.3,1.5,1.5,1.0,5.0,4.0,1.0,0.0,2.0,0.0,4.0,1.0,14.6,0.5,0,4.0,4.0,0.0,2,0.0,0.0,0.0,0.0,0.0,0.5,0.0,0.0,0.0,,,,,,,,,,,,,0.0,,,1,0,1,Win,2,Full Time,,1.0,1.0,81100.0,1.0,2.0,0.0,0.0,0.0,0.0,0.0,0.0,0.0,0.0,0.0,0.0,0.0,0.0,0.0,0.0,0.0,0.0,26.0,26.0,6.435,9.5,6.435,9.5,0.0,0.0,train,tier3
234,1974,Group Stage,1,0,1974-06-14,Olympiastadion,Chile,Germany FR,0,CONMEBOL,UEFA,0,0,1,0,1715.51,1500.0,215.51,0.7757,0.8,0.5,0.3,1.0,0.2,1.5,4.0,5.0,0.0,1.0,0.0,2.0,1.0,4.0,5.5,0.5,0,4.0,4.0,0.0,2,0.0,0.0,0.0,0.0,0.0,0.5,0.0,0.0,0.0,,,,,,,,,,,,,0.0,,,0,1,-1,Loss,0,Full Time,,0.0,1.0,81100.0,2.0,1.0,0.0,0.0,0.0,0.0,0.0,0.0,0.0,0.0,0.0,0.0,0.0,0.0,0.0,0.0,0.0,0.0,26.0,26.0,6.435,9.5,6.435,9.5,0.0,0.0,train,tier3
235,1974,Group Stage,1,0,1974-06-14,Volksparkstadion,German DR,Australia,1,UEFA,OFC,0,0,0,1,1754.88,1677.8,77.08000000000015,0.6091,1.0,0.6,0.4,2.0,0.2,1.0,0.0,0.0,0.0,0.0,0.0,0.0,0.0,0.0,0.0,0.5,0,4.0,4.0,0.0,3,0.0,0.0,0.0,0.0,0.0,0.5,0.0,0.0,0.0,,,,,,,,,,,,,0.0,,,2,0,2,Win,2,Full Time,,0.0,1.0,17000.0,1.0,6.0,0.0,0.0,0.0,0.0,0.0,0.0,0.0,0.0,0.0,0.0,0.0,0.0,0.0,0.0,0.0,0.0,26.0,26.0,6.435,9.5,6.435,9.5,0.0,0.0,train,tier3
235,1974,Group Stage,1,0,1974-06-14,Volksparkstadion,Australia,German DR,0,OFC,UEFA,0,0,0,1,1677.8,1754.88,-77.08000000000015,0.3909,0.6,1.0,-0.4,1.0,1.0,2.0,0.0,0.0,0.0,0.0,0.0,0.0,0.0,0.0,0.0,0.5,0,4.0,4.0,0.0,3,0.0,0.0,0.0,0.0,0.0,0.5,0.0,0.0,0.0,,,,,,,,,,,,,0.0,,,0,2,-2,Loss,0,Full Time,,0.0,1.0,17000.0,6.0,1.0,0.0,0.0,0.0,0.0,0.0,0.0,0.0,0.0,0.0,0.0,0.0,0.0,0.0,0.0,0.0,0.0,26.0,26.0,6.435,9.5,6.435,9.5,0.0,0.0,train,tier3
236,1974,Group Stage,1,0,1974-06-14,Westfalenstadion,Zaire,Scotland,1,CAF,UEFA,0,0,0,1,1500.0,1789.06,-289.05999999999995,0.1592,0.5,0.4,0.1,1.5,1.5,1.2,0.0,2.0,0.0,0.0,0.0,0.0,0.0,0.0,0.0,0.5,0,4.0,4.0,0.0,4,0.0,0.0,0.0,0.0,0.0,0.5,0.0,0.0,0.0,,,,,,,,,,,,,0.0,,,0,2,-2,Loss,0,Full Time,,0.0,1.0,27000.0,4.0,1.0,0.0,0.0,0.0,0.0,0.0,0.0,0.0,0.0,0.0,0.0,0.0,0.0,0.0,0.0,0.0,0.0,26.0,26.0,6.435,9.5,6.435,9.5,0.0,0.0,train,tier3
236,1974,Group Stage,1,0,1974-06-14,Westfalenstadion,Scotland,Zaire,0,UEFA,CAF,0,0,0,1,1789.06,1500.0,289.05999999999995,0.8408,0.4,0.5,-0.1,1.2,1.0,1.5,2.0,0.0,0.0,0.0,0.0,0.0,0.0,0.0,2.0,0.5,0,4.0,4.0,0.0,4,0.0,0.0,0.0,0.0,0.0,0.5,0.0,0.0,0.0,,,,,,,,,,,,,0.0,,,2,0,2,Win,2,Full Time,,2.0,1.0,27000.0,1.0,4.0,0.0,0.0,0.0,0.0,0.0,0.0,0.0,0.0,0.0,0.0,0.0,0.0,0.0,0.0,0.0,0.0,26.0,26.0,6.435,9.5,6.435,9.5,0.0,0.0,train,tier3
237,1974,Group Stage,1,0,1974-06-15,Niedersachsenstadion,Uruguay,Netherlands,1,CONMEBOL,UEFA,0,0,0,1,1619.5,1682.45,-62.950000000000045,0.4104,0.7,0.7,0.0,1.6,0.8,1.6,6.0,2.0,2.0,0.0,1.0,0.0,3.0,0.0,9.33,0.5,0,4.0,4.0,0.0,5,0.0,0.0,0.0,0.0,0.0,0.5,0.0,0.0,0.0,,,,,,,,,,,,,0.0,,,0,2,-2,Loss,0,Full Time,,0.0,1.0,55100.0,2.0,1.0,0.0,0.0,0.0,0.0,0.0,0.0,0.0,0.0,0.0,0.0,0.0,0.0,0.0,0.0,0.0,0.0,26.0,26.0,6.435,9.5,6.435,9.5,0.0,0.0,train,tier3
237,1974,Group Stage,1,0,1974-06-15,Niedersachsenstadion,Netherlands,Uruguay,0,UEFA,CONMEBOL,0,0,0,1,1682.45,1619.5,62.950000000000045,0.5896,0.7,0.7,0.0,1.6,0.8,1.6,2.0,6.0,0.0,2.0,0.0,1.0,0.0,3.0,1.0,0.5,0,4.0,4.0,0.0,5,0.0,0.0,0.0,0.0,0.0,0.5,0.0,0.0,0.0,,,,,,,,,,,,,0.0,,,2,0,2,Win,2,Full Time,,1.0,1.0,55100.0,1.0,2.0,0.0,0.0,0.0,0.0,0.0,0.0,0.0,0.0,0.0,0.0,0.0,0.0,0.0,0.0,0.0,0.0,26.0,26.0,6.435,9.5,6.435,9.5,0.0,0.0,train,tier3
238,1974,Group Stage,1,0,1974-06-15,Rheinstadion,Sweden,Bulgaria,1,UEFA,UEFA,1,0,0,1,1721.57,1672.79,48.77999999999997,0.5697,0.6,0.4,0.2,1.2,1.2,2.4,5.0,3.0,0.0,0.0,1.0,0.0,2.0,0.0,8.0,0.5,0,4.0,4.0,0.0,6,0.0,0.0,0.0,0.0,0.0,0.5,0.0,0.0,0.0,,,,,,,,,,,,,0.0,,,0,0,0,Draw,1,Full Time,,0.0,1.0,23800.0,1.0,1.0,0.0,0.0,0.0,0.0,0.0,0.0,0.0,0.0,0.0,0.0,0.0,0.0,0.0,0.0,0.0,0.0,26.0,26.0,6.435,9.5,6.435,9.5,0.0,0.0,train,tier3
238,1974,Group Stage,1,0,1974-06-15,Rheinstadion,Bulgaria,Sweden,0,UEFA,UEFA,1,0,0,1,1672.79,1721.57,-48.77999999999997,0.4303,0.4,0.6,-0.2,2.4,1.4,1.2,3.0,5.0,0.0,0.0,0.0,1.0,0.0,2.0,2.33,0.5,0,4.0,4.0,0.0,6,0.0,0.0,0.0,0.0,0.0,0.5,0.0,0.0,0.0,,,,,,,,,,,,,0.0,,,0,0,0,Draw,1,Full Time,,0.0,1.0,23800.0,1.0,1.0,0.0,0.0,0.0,0.0,0.0,0.0,0.0,0.0,0.0,0.0,0.0,0.0,0.0,0.0,0.0,0.0,26.0,26.0,6.435,9.5,6.435,9.5,0.0,0.0,train,tier3
239,1974,Group Stage,1,0,1974-06-15,Olympiastadion,Italy,Haiti,1,UEFA,CONCACAF,0,0,0,1,1798.06,1591.07,206.99,0.767,0.9,0.3,0.6,1.4,0.0,0.6,7.0,0.0,2.0,0.0,3.0,0.0,3.0,0.0,6.86,0.5,0,4.0,4.0,0.0,7,0.0,0.0,0.0,0.0,0.0,0.5,0.0,0.0,0.0,,,,,,,,,,,,,0.0,,,3,1,2,Win,2,Full Time,,0.0,1.0,53000.0,1.0,3.0,0.0,0.0,0.0,0.0,0.0,0.0,0.0,0.0,0.0,0.0,0.0,0.0,0.0,0.0,0.0,0.0,26.0,26.0,6.435,9.5,6.435,9.5,0.0,0.0,train,tier3
239,1974,Group Stage,1,0,1974-06-15,Olympiastadion,Haiti,Italy,0,CONCACAF,UEFA,0,0,0,1,1591.07,1798.06,-206.99,0.233,0.3,0.9,-0.6,0.6,1.8,1.4,0.0,7.0,0.0,2.0,0.0,3.0,0.0,3.0,0.0,0.5,0,4.0,4.0,0.0,7,0.0,0.0,0.0,0.0,0.0,0.5,0.0,0.0,0.0,,,,,,,,,,,,,0.0,,,1,3,-2,Loss,0,Full Time,,0.0,1.0,53000.0,3.0,1.0,0.0,0.0,0.0,0.0,0.0,0.0,0.0,0.0,0.0,0.0,0.0,0.0,0.0,0.0,0.0,0.0,26.0,26.0,6.435,9.5,6.435,9.5,0.0,0.0,train,tier3
240,1974,Group Stage,1,0,1974-06-15,Neckarstadion,Poland,Argentina,1,UEFA,CONMEBOL,0,0,0,1,1681.44,1739.42,-57.98000000000002,0.4173,0.4,0.9,-0.5,1.2,1.2,1.8,1.0,5.0,0.0,0.0,0.0,1.0,0.0,1.0,5.0,0.5,0,4.0,4.0,0.0,8,0.0,0.0,0.0,0.0,0.0,0.5,0.0,0.0,0.0,,,,,,,,,,,,,0.0,,,3,2,1,Win,2,Full Time,,2.0,1.0,32700.0,1.0,2.0,0.0,0.0,0.0,0.0,0.0,0.0,0.0,0.0,0.0,0.0,0.0,0.0,0.0,0.0,0.0,0.0,26.0,26.0,6.435,9.5,6.435,9.5,0.0,0.0,train,tier3
240,1974,Group Stage,1,0,1974-06-15,Neckarstadion,Argentina,Poland,0,CONMEBOL,UEFA,0,0,0,1,1739.42,1681.44,57.98000000000002,0.5827,0.9,0.4,0.5,1.8,0.8,1.2,5.0,1.0,0.0,0.0,1.0,0.0,1.0,0.0,6.2,0.5,0,4.0,4.0,0.0,8,0.0,0.0,0.0,0.0,0.0,0.5,0.0,0.0,0.0,,,,,,,,,,,,,0.0,,,2,3,-1,Loss,0,Full Time,,0.0,1.0,32700.0,2.0,1.0,0.0,0.0,0.0,0.0,0.0,0.0,0.0,0.0,0.0,0.0,0.0,0.0,0.0,0.0,0.0,0.0,26.0,26.0,6.435,9.5,6.435,9.5,0.0,0.0,train,tier3
241,1974,Group Stage,1,0,1974-06-18,Volksparkstadion,Australia,Germany FR,1,OFC,UEFA,0,0,1,1,1854.21,1500.0,354.21000000000004,0.8848,0.6,0.5,0.1,1.2,1.0,1.5,0.0,5.0,0.0,1.0,0.0,2.0,0.0,4.0,0.0,0.5,0,4.0,4.0,0.0,9,1.0,0.0,2.0,-2.0,0.0,0.0,0.0,0.0,0.0,,,,,,,,,,,,,0.0,,,0,3,-3,Loss,0,Full Time,,0.0,1.0,53300.0,6.0,1.0,0.0,0.0,0.0,0.0,0.0,0.0,0.0,0.0,0.0,0.0,0.0,0.0,0.0,0.0,0.0,0.0,26.0,26.0,6.435,9.5,6.435,9.5,0.0,0.0,train,tier3
241,1974,Group Stage,1,0,1974-06-18,Volksparkstadion,Germany FR,Australia,0,UEFA,OFC,0,1,0,1,1500.0,1854.21,-354.21000000000004,0.1152,0.5,0.6,-0.1,1.5,1.5,1.2,5.0,0.0,1.0,0.0,2.0,0.0,4.0,0.0,14.6,0.5,0,4.0,4.0,0.0,9,1.0,1.0,0.0,1.0,1.0,1.0,1.0,0.0,0.0,,,,,,,,,,,,,0.0,,,3,0,3,Win,2,Full Time,,2.0,1.0,53300.0,1.0,6.0,0.0,0.0,0.0,0.0,0.0,0.0,0.0,0.0,0.0,0.0,0.0,0.0,0.0,0.0,0.0,0.0,26.0,26.0,6.435,9.5,6.435,9.5,0.0,0.0,train,tier3
242,1974,Group Stage,1,0,1974-06-18,Waldstadion,Scotland,Brazil,1,UEFA,CONMEBOL,0,0,0,1,1656.45,1902.2,-245.75,0.1955,0.6,0.8,-0.2,1.4,0.8,1.6,2.0,9.0,0.0,3.0,0.0,3.0,0.0,4.0,2.0,0.5,0,4.0,5.0,-1.0,10,1.0,2.0,0.0,2.0,1.0,1.0,2.0,0.0,0.0,,,,,,,,,,,,,0.0,,,0,0,0,Draw,1,Full Time,,0.0,1.0,62000.0,1.0,2.0,0.0,0.0,0.0,0.0,0.0,0.0,0.0,0.0,0.0,0.0,0.0,0.0,0.0,0.0,0.0,0.0,26.0,26.0,6.435,9.5,6.435,9.5,0.0,0.0,train,tier3
242,1974,Group Stage,1,0,1974-06-18,Waldstadion,Brazil,Scotland,0,CONMEBOL,UEFA,0,0,0,1,1902.2,1656.45,245.75,0.8045,0.8,0.6,0.2,1.6,0.2,1.4,9.0,2.0,3.0,0.0,3.0,0.0,4.0,0.0,11.44,0.5,0,5.0,4.0,1.0,10,1.0,0.0,0.0,0.0,0.0,0.0,0.0,0.0,0.0,,,,,,,,,,,,,0.0,,,0,0,0,Draw,1,Full Time,,0.0,1.0,62000.0,2.0,1.0,0.0,0.0,0.0,0.0,0.0,0.0,0.0,0.0,0.0,0.0,0.0,0.0,0.0,0.0,0.0,0.0,26.0,26.0,6.435,9.5,6.435,9.5,0.0,0.0,train,tier3
243,1974,Group Stage,1,0,1974-06-18,Olympiastadion,Chile,German DR,1,CONMEBOL,UEFA,0,0,0,1,1664.05,1778.33,-114.27999999999996,0.3412,0.6,0.9,-0.3,0.8,0.4,1.4,4.0,0.0,0.0,0.0,0.0,0.0,1.0,0.0,5.5,0.5,0,4.0,4.0,0.0,11,1.0,0.0,1.0,-1.0,0.0,0.0,0.0,0.0,0.0,,,,,,,,,,,,,0.0,,,1,1,0,Draw,1,Full Time,,0.0,1.0,28300.0,2.0,1.0,0.0,0.0,0.0,0.0,0.0,0.0,0.0,0.0,0.0,0.0,0.0,0.0,0.0,0.0,0.0,0.0,26.0,26.0,6.435,9.5,6.435,9.5,0.0,0.0,train,tier3
243,1974,Group Stage,1,0,1974-06-18,Olympiastadion,German DR,Chile,0,UEFA,CONMEBOL,0,0,0,1,1778.33,1664.05,114.27999999999996,0.6588,0.9,0.6,0.3,1.4,0.4,0.8,0.0,4.0,0.0,0.0,0.0,0.0,0.0,1.0,0.0,0.5,0,4.0,4.0,0.0,11,1.0,2.0,0.0,2.0,1.0,1.0,2.0,0.0,0.0,,,,,,,,,,,,,0.0,,,1,1,0,Draw,1,Full Time,,0.0,1.0,28300.0,1.0,2.0,0.0,0.0,0.0,0.0,0.0,0.0,0.0,0.0,0.0,0.0,0.0,0.0,0.0,0.0,0.0,0.0,26.0,26.0,6.435,9.5,6.435,9.5,0.0,0.0,train,tier3
244,1974,Group Stage,1,0,1974-06-18,Parkstadion,Yugoslavia,Zaire,1,UEFA,CAF,0,0,0,1,1791.56,1500.0,291.55999999999995,0.8427,0.5,0.5,0.0,1.8,1.6,1.5,5.0,0.0,0.0,0.0,0.0,0.0,2.0,0.0,6.6,0.5,0,5.0,4.0,1.0,12,1.0,0.0,0.0,0.0,0.0,0.0,0.0,0.0,0.0,,,,,,,,,,,,,0.0,,,9,0,9,Win,2,Full Time,,6.0,1.0,31700.0,1.0,4.0,0.0,0.0,0.0,0.0,0.0,0.0,0.0,0.0,0.0,0.0,0.0,0.0,0.0,0.0,0.0,0.0,26.0,26.0,6.435,9.5,6.435,9.5,0.0,0.0,train,tier3
244,1974,Group Stage,1,0,1974-06-18,Parkstadion,Zaire,Yugoslavia,0,CAF,UEFA,0,0,0,1,1500.0,1791.56,-291.55999999999995,0.1573,0.5,0.5,0.0,1.5,1.5,1.8,0.0,5.0,0.0,0.0,0.0,0.0,0.0,2.0,0.0,0.5,0,4.0,5.0,-1.0,12,1.0,0.0,2.0,-2.0,0.0,0.0,0.0,0.0,0.0,,,,,,,,,,,,,0.0,,,0,9,-9,Loss,0,Full Time,,0.0,1.0,31700.0,4.0,1.0,0.0,0.0,0.0,0.0,0.0,0.0,0.0,0.0,0.0,0.0,0.0,0.0,0.0,0.0,0.0,0.0,26.0,26.0,6.435,9.5,6.435,9.5,0.0,0.0,train,tier3
245,1974,Group Stage,1,0,1974-06-19,Westfalenstadion,Netherlands,Sweden,1,UEFA,UEFA,1,0,0,1,1707.07,1717.39,-10.320000000000164,0.4852,0.6,0.7,-0.1,1.2,0.6,1.2,2.0,5.0,0.0,0.0,0.0,1.0,0.0,2.0,1.0,0.5,0,4.0,4.0,0.0,13,1.0,2.0,0.0,2.0,1.0,1.0,2.0,0.0,0.0,,,,,,,,,,,,,0.0,,,0,0,0,Draw,1,Full Time,,0.0,1.0,53700.0,1.0,1.0,0.0,0.0,0.0,0.0,0.0,0.0,0.0,0.0,0.0,0.0,0.0,0.0,0.0,0.0,0.0,0.0,26.0,26.0,6.435,9.5,6.435,9.5,0.0,0.0,train,tier3
245,1974,Group Stage,1,0,1974-06-19,Westfalenstadion,Sweden,Netherlands,0,UEFA,UEFA,1,0,0,1,1717.39,1707.07,10.320000000000164,0.5148,0.7,0.6,0.1,1.2,0.8,1.2,5.0,2.0,0.0,0.0,1.0,0.0,2.0,0.0,8.0,0.5,0,4.0,4.0,0.0,13,1.0,0.0,0.0,0.0,0.0,0.0,0.0,0.0,0.0,,,,,,,,,,,,,0.0,,,0,0,0,Draw,1,Full Time,,0.0,1.0,53700.0,1.0,1.0,0.0,0.0,0.0,0.0,0.0,0.0,0.0,0.0,0.0,0.0,0.0,0.0,0.0,0.0,0.0,0.0,26.0,26.0,6.435,9.5,6.435,9.5,0.0,0.0,train,tier3
246,1974,Group Stage,1,0,1974-06-19,Niedersachsenstadion,Bulgaria,Uruguay,1,UEFA,CONMEBOL,0,0,0,1,1676.97,1594.88,82.08999999999992,0.616,0.4,0.7,-0.3,2.2,1.0,1.8,3.0,6.0,0.0,2.0,0.0,1.0,0.0,3.0,2.33,0.5,0,4.0,4.0,0.0,14,1.0,0.0,0.0,0.0,0.0,0.0,0.0,0.0,0.0,,,,,,,,,,,,,0.0,,,1,1,0,Draw,1,Full Time,,0.0,1.0,13400.0,1.0,2.0,0.0,0.0,0.0,0.0,0.0,0.0,0.0,0.0,0.0,0.0,0.0,0.0,0.0,0.0,0.0,0.0,26.0,26.0,6.435,9.5,6.435,9.5,0.0,0.0,train,tier3
246,1974,Group Stage,1,0,1974-06-19,Niedersachsenstadion,Uruguay,Bulgaria,0,CONMEBOL,UEFA,0,0,0,1,1594.88,1676.97,-82.08999999999992,0.384,0.7,0.4,0.3,1.8,0.8,2.2,6.0,3.0,2.0,0.0,1.0,0.0,3.0,0.0,9.33,0.5,0,4.0,4.0,0.0,14,1.0,0.0,2.0,-2.0,0.0,0.0,0.0,0.0,0.0,,,,,,,,,,,,,0.0,,,1,1,0,Draw,1,Full Time,,0.0,1.0,13400.0,2.0,1.0,0.0,0.0,0.0,0.0,0.0,0.0,0.0,0.0,0.0,0.0,0.0,0.0,0.0,0.0,0.0,0.0,26.0,26.0,6.435,9.5,6.435,9.5,0.0,0.0,train,tier3
247,1974,Group Stage,1,0,1974-06-19,Olympiastadion,Haiti,Poland,1,CONCACAF,UEFA,0,0,0,1,1577.09,1716.4,-139.31000000000017,0.3096,0.3,0.5,-0.2,0.6,1.8,1.4,0.0,1.0,0.0,0.0,0.0,0.0,0.0,0.0,0.0,0.5,0,4.0,4.0,0.0,15,1.0,1.0,3.0,-2.0,0.0,0.0,1.0,0.0,0.0,,,,,,,,,,,,,0.0,,,0,7,-7,Loss,0,Full Time,,0.0,1.0,25300.0,3.0,1.0,0.0,0.0,0.0,0.0,0.0,0.0,0.0,0.0,0.0,0.0,0.0,0.0,0.0,0.0,0.0,0.0,26.0,26.0,6.435,9.5,6.435,9.5,0.0,0.0,train,tier3
247,1974,Group Stage,1,0,1974-06-19,Olympiastadion,Poland,Haiti,0,UEFA,CONCACAF,0,0,0,1,1716.4,1577.09,139.31000000000017,0.6904,0.5,0.3,0.2,1.4,1.0,0.6,1.0,0.0,0.0,0.0,0.0,0.0,0.0,0.0,5.0,0.5,0,4.0,4.0,0.0,15,1.0,3.0,2.0,1.0,1.0,1.0,3.0,0.0,0.0,,,,,,,,,,,,,0.0,,,7,0,7,Win,2,Full Time,,5.0,1.0,25300.0,1.0,3.0,0.0,0.0,0.0,0.0,0.0,0.0,0.0,0.0,0.0,0.0,0.0,0.0,0.0,0.0,0.0,0.0,26.0,26.0,6.435,9.5,6.435,9.5,0.0,0.0,train,tier3
248,1974,Group Stage,1,0,1974-06-19,Neckarstadion,Argentina,Italy,1,CONMEBOL,UEFA,0,0,0,1,1704.46,1812.04,-107.57999999999991,0.3499,0.7,0.8,-0.1,1.8,1.6,1.0,5.0,7.0,0.0,2.0,1.0,3.0,1.0,3.0,6.2,0.5,0,4.0,4.0,0.0,16,1.0,2.0,3.0,-1.0,0.0,0.0,2.0,0.0,0.0,,,,,,,,,,,,,0.0,,,1,1,0,Draw,1,Full Time,,1.0,1.0,70100.0,2.0,1.0,0.0,0.0,0.0,0.0,0.0,0.0,0.0,0.0,0.0,0.0,0.0,0.0,0.0,0.0,0.0,0.0,26.0,26.0,6.435,9.5,6.435,9.5,0.0,0.0,train,tier3
248,1974,Group Stage,1,0,1974-06-19,Neckarstadion,Italy,Argentina,0,UEFA,CONMEBOL,0,0,0,1,1812.04,1704.46,107.57999999999991,0.6501,0.8,0.7,0.1,1.0,0.0,1.8,7.0,5.0,2.0,0.0,3.0,1.0,3.0,1.0,6.86,0.5,0,4.0,4.0,0.0,16,1.0,3.0,1.0,2.0,1.0,1.0,3.0,0.0,0.0,,,,,,,,,,,,,0.0,,,1,1,0,Draw,1,Full Time,,1.0,1.0,70100.0,1.0,2.0,0.0,0.0,0.0,0.0,0.0,0.0,0.0,0.0,0.0,0.0,0.0,0.0,0.0,0.0,0.0,0.0,26.0,26.0,6.435,9.5,6.435,9.5,0.0,0.0,train,tier3
249,1974,Group Stage,1,0,1974-06-22,Waldstadion,Scotland,Yugoslavia,1,UEFA,UEFA,1,0,0,1,1674.72,1777.59,-102.86999999999988,0.3561,0.8,0.4,0.4,1.8,0.6,1.0,2.0,5.0,0.0,0.0,0.0,0.0,0.0,2.0,2.0,0.0,1,4.0,4.0,0.0,17,2.0,2.0,0.0,2.0,1.0,0.5,1.0,0.0,0.0,,,,,,,,,,,,,0.0,,,1,1,0,Draw,1,Full Time,,0.0,1.0,56000.0,1.0,1.0,0.0,0.0,0.0,0.0,0.0,0.0,0.0,0.0,0.0,0.0,0.0,0.0,0.0,0.0,0.0,0.0,26.0,26.0,6.435,9.5,6.435,9.5,0.0,0.0,train,tier3
249,1974,Group Stage,1,0,1974-06-22,Waldstadion,Yugoslavia,Scotland,0,UEFA,UEFA,1,0,0,1,1777.59,1674.72,102.86999999999988,0.6439,0.4,0.8,-0.4,1.0,1.2,1.8,5.0,2.0,0.0,0.0,0.0,0.0,2.0,0.0,6.6,1.0,1,4.0,4.0,0.0,17,2.0,9.0,0.0,9.0,1.0,0.5,4.5,0.0,0.0,,,,,,,,,,,,,0.0,,,1,1,0,Draw,1,Full Time,,0.0,1.0,56000.0,1.0,1.0,0.0,0.0,0.0,0.0,0.0,0.0,0.0,0.0,0.0,0.0,0.0,0.0,0.0,0.0,0.0,0.0,26.0,26.0,6.435,9.5,6.435,9.5,0.0,0.0,train,tier3
250,1974,Group Stage,1,0,1974-06-22,Olympiastadion,Australia,Chile,1,OFC,CONMEBOL,0,0,0,1,1642.45,1673.58,-31.12999999999988,0.4553,0.5,0.5,0.0,1.2,1.4,0.8,0.0,4.0,0.0,0.0,0.0,0.0,0.0,1.0,0.0,0.5,0,4.0,4.0,0.0,18,2.0,0.0,5.0,-5.0,0.0,0.0,0.0,0.0,0.0,,,,,,,,,,,,,0.0,,,0,0,0,Draw,1,Full Time,,0.0,1.0,17400.0,6.0,2.0,0.0,0.0,0.0,0.0,0.0,0.0,0.0,0.0,0.0,0.0,0.0,0.0,0.0,0.0,0.0,0.0,26.0,26.0,6.435,9.5,6.435,9.5,0.0,0.0,train,tier3
250,1974,Group Stage,1,0,1974-06-22,Olympiastadion,Chile,Australia,0,CONMEBOL,OFC,0,0,0,1,1673.58,1642.45,31.12999999999988,0.5447,0.5,0.5,0.0,0.8,0.6,1.2,4.0,0.0,0.0,0.0,0.0,0.0,1.0,0.0,5.5,0.5,0,4.0,4.0,0.0,18,2.0,1.0,2.0,-1.0,0.0,0.0,0.5,0.0,0.0,,,,,,,,,,,,,0.0,,,0,0,0,Draw,1,Full Time,,0.0,1.0,17400.0,2.0,6.0,0.0,0.0,0.0,0.0,0.0,0.0,0.0,0.0,0.0,0.0,0.0,0.0,0.0,0.0,0.0,0.0,26.0,26.0,6.435,9.5,6.435,9.5,0.0,0.0,train,tier3
251,1974,Group Stage,1,0,1974-06-22,Parkstadion,Zaire,Brazil,1,CAF,CONMEBOL,0,0,0,1,1500.0,1930.75,-430.75,0.0773,0.5,0.7,-0.2,1.5,1.5,0.8,0.0,9.0,0.0,3.0,0.0,3.0,0.0,4.0,0.0,0.5,0,4.0,4.0,0.0,19,2.0,0.0,11.0,-11.0,0.0,0.0,0.0,0.0,0.0,,,,,,,,,,,,,0.0,,,0,3,-3,Loss,0,Full Time,,0.0,1.0,36200.0,4.0,2.0,0.0,0.0,0.0,0.0,0.0,0.0,0.0,0.0,0.0,0.0,0.0,0.0,0.0,0.0,0.0,0.0,26.0,26.0,6.435,9.5,6.435,9.5,0.0,0.0,train,tier3
251,1974,Group Stage,1,0,1974-06-22,Parkstadion,Brazil,Zaire,0,CONMEBOL,CAF,0,0,0,1,1930.75,1500.0,430.75,0.9227,0.7,0.5,0.2,0.8,0.2,1.5,9.0,0.0,3.0,0.0,3.0,0.0,4.0,0.0,11.44,0.5,0,4.0,4.0,0.0,19,2.0,0.0,0.0,0.0,0.0,0.0,0.0,0.0,0.0,,,,,,,,,,,,,0.0,,,3,0,3,Win,2,Full Time,,1.0,1.0,36200.0,2.0,4.0,0.0,0.0,0.0,0.0,0.0,0.0,0.0,0.0,0.0,0.0,0.0,0.0,0.0,0.0,0.0,0.0,26.0,26.0,6.435,9.5,6.435,9.5,0.0,0.0,train,tier3
252,1974,Group Stage,1,0,1974-06-23,Westfalenstadion,Bulgaria,Netherlands,1,UEFA,UEFA,1,0,0,1,1670.01,1707.96,-37.950000000000045,0.4456,0.5,0.7,-0.2,2.2,0.8,1.4,3.0,2.0,0.0,0.0,0.0,0.0,0.0,0.0,2.33,0.5,0,4.0,4.0,0.0,20,2.0,1.0,1.0,0.0,0.0,0.0,0.5,0.0,0.0,,,,,,,,,,,,,0.0,,,1,4,-3,Loss,0,Full Time,,0.0,1.0,53300.0,1.0,1.0,0.0,0.0,0.0,0.0,0.0,0.0,0.0,0.0,0.0,0.0,0.0,0.0,0.0,0.0,0.0,0.0,26.0,26.0,6.435,9.5,6.435,9.5,0.0,0.0,train,tier3
252,1974,Group Stage,1,0,1974-06-23,Westfalenstadion,Netherlands,Bulgaria,0,UEFA,UEFA,1,0,0,1,1707.96,1670.01,37.950000000000045,0.5544,0.7,0.5,0.2,1.4,0.4,2.2,2.0,3.0,0.0,0.0,0.0,0.0,0.0,0.0,1.0,0.5,0,4.0,4.0,0.0,20,2.0,2.0,0.0,2.0,1.0,0.5,1.0,0.0,0.0,,,,,,,,,,,,,0.0,,,4,1,3,Win,2,Full Time,,2.0,1.0,53300.0,1.0,1.0,0.0,0.0,0.0,0.0,0.0,0.0,0.0,0.0,0.0,0.0,0.0,0.0,0.0,0.0,0.0,0.0,26.0,26.0,6.435,9.5,6.435,9.5,0.0,0.0,train,tier3
253,1974,Group Stage,1,0,1974-06-23,Olympiastadion,Argentina,Haiti,1,CONMEBOL,CONCACAF,0,0,0,1,1713.46,1558.51,154.95000000000005,0.7093,0.5,0.1,0.4,1.6,2.0,0.4,5.0,0.0,0.0,0.0,1.0,0.0,1.0,0.0,6.2,0.5,0,4.0,4.0,0.0,21,2.0,3.0,4.0,-1.0,0.0,0.0,1.5,0.0,0.0,,,,,,,,,,,,,0.0,,,4,1,3,Win,2,Full Time,,2.0,1.0,25900.0,2.0,3.0,0.0,0.0,0.0,0.0,0.0,0.0,0.0,0.0,0.0,0.0,0.0,0.0,0.0,0.0,0.0,0.0,26.0,26.0,6.435,9.5,6.435,9.5,0.0,0.0,train,tier3
253,1974,Group Stage,1,0,1974-06-23,Olympiastadion,Haiti,Argentina,0,CONCACAF,CONMEBOL,0,0,0,1,1558.51,1713.46,-154.95000000000005,0.2907,0.1,0.5,-0.4,0.4,2.2,1.6,0.0,5.0,0.0,0.0,0.0,1.0,0.0,1.0,0.0,0.5,0,4.0,4.0,0.0,21,2.0,1.0,10.0,-9.0,0.0,0.0,0.5,0.0,0.0,,,,,,,,,,,,,0.0,,,1,4,-3,Loss,0,Full Time,,0.0,1.0,25900.0,3.0,2.0,0.0,0.0,0.0,0.0,0.0,0.0,0.0,0.0,0.0,0.0,0.0,0.0,0.0,0.0,0.0,0.0,26.0,26.0,6.435,9.5,6.435,9.5,0.0,0.0,train,tier3
254,1974,Group Stage,1,0,1974-06-23,Rheinstadion,Sweden,Uruguay,1,UEFA,CONMEBOL,0,0,0,1,1716.5,1601.84,114.66000000000008,0.6593,0.6,0.6,0.0,0.8,0.6,1.8,5.0,6.0,0.0,2.0,1.0,1.0,2.0,3.0,8.0,0.5,2,4.0,4.0,0.0,22,2.0,0.0,0.0,0.0,0.0,0.0,0.0,0.0,0.0,,,,,,,,,,,,,0.0,,,3,0,3,Win,2,Full Time,,0.0,1.0,28300.0,1.0,2.0,0.0,0.0,0.0,0.0,0.0,0.0,0.0,0.0,0.0,0.0,0.0,0.0,0.0,0.0,0.0,0.0,26.0,26.0,6.435,9.5,6.435,9.5,0.0,0.0,train,tier3
254,1974,Group Stage,1,0,1974-06-23,Rheinstadion,Uruguay,Sweden,0,CONMEBOL,UEFA,0,0,0,1,1601.84,1716.5,-114.66000000000008,0.3407,0.6,0.6,0.0,1.8,1.2,0.8,6.0,5.0,2.0,0.0,1.0,1.0,3.0,2.0,9.33,0.5,2,4.0,4.0,0.0,22,2.0,1.0,3.0,-2.0,0.0,0.0,0.5,0.0,0.0,,,,,,,,,,,,,0.0,,,0,3,-3,Loss,0,Full Time,,0.0,1.0,28300.0,2.0,1.0,0.0,0.0,0.0,0.0,0.0,0.0,0.0,0.0,0.0,0.0,0.0,0.0,0.0,0.0,0.0,0.0,26.0,26.0,6.435,9.5,6.435,9.5,0.0,0.0,train,tier3
255,1974,Group Stage,1,0,1974-06-23,Neckarstadion,Poland,Italy,1,UEFA,UEFA,1,0,0,1,1734.98,1803.04,-68.05999999999995,0.4033,0.7,0.8,-0.1,2.0,1.2,1.2,1.0,7.0,0.0,2.0,0.0,3.0,0.0,3.0,5.0,0.5,0,4.0,4.0,0.0,23,2.0,10.0,2.0,8.0,2.0,1.0,5.0,0.0,0.0,,,,,,,,,,,,,0.0,,,2,1,1,Win,2,Full Time,,2.0,1.0,70100.0,1.0,1.0,0.0,0.0,0.0,0.0,0.0,0.0,0.0,0.0,0.0,0.0,0.0,0.0,0.0,0.0,0.0,0.0,26.0,26.0,6.435,9.5,6.435,9.5,0.0,0.0,train,tier3
255,1974,Group Stage,1,0,1974-06-23,Neckarstadion,Italy,Poland,0,UEFA,UEFA,1,0,0,1,1803.04,1734.98,68.05999999999995,0.5967,0.8,0.7,0.1,1.2,0.2,2.0,7.0,1.0,2.0,0.0,3.0,0.0,3.0,0.0,6.86,0.5,0,4.0,4.0,0.0,23,2.0,4.0,2.0,2.0,1.0,0.5,2.0,0.0,0.0,,,,,,,,,,,,,0.0,,,1,2,-1,Loss,0,Full Time,,0.0,1.0,70100.0,1.0,1.0,0.0,0.0,0.0,0.0,0.0,0.0,0.0,0.0,0.0,0.0,0.0,0.0,0.0,0.0,0.0,0.0,26.0,26.0,6.435,9.5,6.435,9.5,0.0,0.0,train,tier3
256,1974,Group Stage,1,0,1974-06-26,Rheinstadion,Yugoslavia,Germany FR,1,UEFA,UEFA,1,0,1,1,1791.56,1500.0,291.55999999999995,0.8427,0.4,0.5,-0.1,2.6,1.2,1.5,5.0,5.0,0.0,1.0,0.0,2.0,2.0,4.0,6.6,0.5,0,4.0,8.0,-4.0,24,3.0,10.0,1.0,9.0,1.0,0.333,3.333,0.0,0.0,,,,,,,,,,,,,0.0,,,0,2,-2,Loss,0,Full Time,,0.0,1.0,67385.0,1.0,1.0,0.0,0.0,0.0,0.0,0.0,0.0,0.0,0.0,0.0,0.0,0.0,0.0,0.0,0.0,0.0,0.0,26.0,26.0,6.435,9.5,6.435,9.5,0.0,0.0,train,tier3
256,1974,Group Stage,1,0,1974-06-26,Rheinstadion,Germany FR,Yugoslavia,0,UEFA,UEFA,1,1,0,1,1500.0,1791.56,-291.55999999999995,0.1573,0.5,0.4,0.1,1.5,1.5,2.6,5.0,5.0,1.0,0.0,2.0,0.0,4.0,2.0,14.6,0.5,0,8.0,4.0,4.0,24,2.0,4.0,0.0,4.0,2.0,1.0,2.0,0.0,0.0,,,,,,,,,,,,,0.0,,,2,0,2,Win,2,Full Time,,1.0,1.0,67385.0,1.0,1.0,0.0,0.0,0.0,0.0,0.0,0.0,0.0,0.0,0.0,0.0,0.0,0.0,0.0,0.0,0.0,0.0,26.0,26.0,6.435,9.5,6.435,9.5,0.0,0.0,train,tier3
257,1974,Group Stage,1,0,1974-06-26,Niedersachsenstadion,Brazil,German DR,1,CONMEBOL,UEFA,0,0,0,1,1897.69,1810.28,87.41000000000008,0.6232,0.7,0.8,-0.1,0.8,0.2,1.2,9.0,0.0,3.0,0.0,3.0,0.0,4.0,0.0,11.44,0.5,0,4.0,8.0,-4.0,25,3.0,3.0,0.0,3.0,1.0,0.333,1.0,0.0,0.0,,,,,,,,,,,,,0.0,,,1,0,1,Win,2,Full Time,,0.0,1.0,59863.0,2.0,1.0,0.0,0.0,0.0,0.0,0.0,0.0,0.0,0.0,0.0,0.0,0.0,0.0,0.0,0.0,0.0,0.0,26.0,26.0,6.435,9.5,6.435,9.5,0.0,0.0,train,tier3
257,1974,Group Stage,1,0,1974-06-26,Niedersachsenstadion,German DR,Brazil,0,UEFA,CONMEBOL,0,0,0,1,1810.28,1897.69,-87.41000000000008,0.3768,0.8,0.7,0.1,1.2,0.4,0.8,0.0,9.0,0.0,3.0,0.0,3.0,0.0,4.0,0.0,0.5,0,8.0,4.0,4.0,25,2.0,3.0,1.0,2.0,1.0,0.5,1.5,0.0,0.0,,,,,,,,,,,,,0.0,,,0,1,-1,Loss,0,Full Time,,0.0,1.0,59863.0,1.0,2.0,0.0,0.0,0.0,0.0,0.0,0.0,0.0,0.0,0.0,0.0,0.0,0.0,0.0,0.0,0.0,0.0,26.0,26.0,6.435,9.5,6.435,9.5,0.0,0.0,train,tier3
258,1974,Group Stage,1,0,1974-06-26,Parkstadion,Netherlands,Argentina,1,UEFA,CONMEBOL,0,0,0,1,1734.7,1730.9,3.7999999999999545,0.5055,0.7,0.4,0.3,1.4,0.4,1.4,2.0,5.0,0.0,0.0,0.0,1.0,0.0,1.0,1.0,0.5,0,3.0,3.0,0.0,26,3.0,6.0,1.0,5.0,2.0,0.667,2.0,0.0,0.0,,,,,,,,,,,,,0.0,,,4,0,4,Win,2,Full Time,,2.0,1.0,56548.0,1.0,2.0,0.0,0.0,0.0,0.0,0.0,0.0,0.0,0.0,0.0,0.0,0.0,0.0,0.0,0.0,0.0,0.0,26.0,26.0,6.435,9.5,6.435,9.5,0.0,0.0,train,tier3
258,1974,Group Stage,1,0,1974-06-26,Parkstadion,Argentina,Netherlands,0,CONMEBOL,UEFA,0,0,0,1,1730.9,1734.7,-3.7999999999999545,0.4945,0.4,0.7,-0.3,1.4,2.0,1.4,5.0,2.0,0.0,0.0,1.0,0.0,1.0,0.0,6.2,0.5,0,3.0,3.0,0.0,26,3.0,7.0,5.0,2.0,1.0,0.333,2.333,0.0,0.0,,,,,,,,,,,,,0.0,,,0,4,-4,Loss,0,Full Time,,0.0,1.0,56548.0,2.0,1.0,0.0,0.0,0.0,0.0,0.0,0.0,0.0,0.0,0.0,0.0,0.0,0.0,0.0,0.0,0.0,0.0,26.0,26.0,6.435,9.5,6.435,9.5,0.0,0.0,train,tier3
259,1974,Group Stage,1,0,1974-06-26,Neckarstadion,Sweden,Poland,1,UEFA,UEFA,1,0,0,1,1736.94,1770.78,-33.83999999999992,0.4515,0.5,0.9,-0.4,0.4,0.4,3.2,5.0,1.0,0.0,0.0,1.0,0.0,2.0,0.0,8.0,0.5,0,3.0,3.0,0.0,27,3.0,3.0,0.0,3.0,1.0,0.333,1.0,0.0,0.0,,,,,,,,,,,,,0.0,,,0,1,-1,Loss,0,Full Time,,0.0,1.0,44955.0,1.0,1.0,0.0,0.0,0.0,0.0,0.0,0.0,0.0,0.0,0.0,0.0,0.0,0.0,0.0,0.0,0.0,0.0,26.0,26.0,6.435,9.5,6.435,9.5,0.0,0.0,train,tier3
259,1974,Group Stage,1,0,1974-06-26,Neckarstadion,Poland,Sweden,0,UEFA,UEFA,1,0,0,1,1770.78,1736.94,33.83999999999992,0.5485,0.9,0.5,0.4,3.2,0.8,0.4,1.0,5.0,0.0,0.0,0.0,1.0,0.0,2.0,5.0,0.5,0,3.0,3.0,0.0,27,3.0,12.0,3.0,9.0,3.0,1.0,4.0,0.0,0.0,,,,,,,,,,,,,0.0,,,1,0,1,Win,2,Full Time,,1.0,1.0,44955.0,1.0,1.0,0.0,0.0,0.0,0.0,0.0,0.0,0.0,0.0,0.0,0.0,0.0,0.0,0.0,0.0,0.0,0.0,26.0,26.0,6.435,9.5,6.435,9.5,0.0,0.0,train,tier3
260,1974,Group Stage,1,0,1974-06-30,Niedersachsenstadion,Argentina,Brazil,1,CONMEBOL,CONMEBOL,1,0,0,1,1701.23,1920.3,-219.07,0.2208,0.4,0.8,-0.4,2.0,2.2,1.4,5.0,9.0,0.0,3.0,1.0,3.0,1.0,4.0,6.2,0.5,0,4.0,4.0,0.0,28,4.0,7.0,9.0,-2.0,1.0,0.25,1.75,0.0,0.0,,,,,,,,,,,,,0.0,,,1,2,-1,Loss,0,Full Time,,1.0,1.0,39400.0,2.0,2.0,0.0,0.0,0.0,0.0,0.0,0.0,0.0,0.0,0.0,0.0,0.0,0.0,0.0,0.0,0.0,0.0,26.0,26.0,6.435,9.5,6.435,9.5,0.0,0.0,train,tier3
260,1974,Group Stage,1,0,1974-06-30,Niedersachsenstadion,Brazil,Argentina,0,CONMEBOL,CONMEBOL,1,0,0,1,1920.3,1701.23,219.07,0.7792,0.8,0.4,0.4,1.4,0.2,2.0,9.0,5.0,3.0,0.0,3.0,1.0,4.0,1.0,11.44,0.5,0,4.0,4.0,0.0,28,4.0,4.0,0.0,4.0,2.0,0.5,1.0,0.0,0.0,,,,,,,,,,,,,0.0,,,2,1,1,Win,2,Full Time,,1.0,1.0,39400.0,2.0,2.0,0.0,0.0,0.0,0.0,0.0,0.0,0.0,0.0,0.0,0.0,0.0,0.0,0.0,0.0,0.0,0.0,26.0,26.0,6.435,9.5,6.435,9.5,0.0,0.0,train,tier3
261,1974,Group Stage,1,0,1974-06-30,Waldstadion,Poland,Yugoslavia,1,UEFA,UEFA,1,0,0,1,1797.87,1747.24,50.62999999999988,0.5724,0.9,0.5,0.4,3.0,0.8,2.8,1.0,5.0,0.0,0.0,0.0,0.0,0.0,2.0,5.0,0.5,0,4.0,4.0,0.0,29,4.0,13.0,3.0,10.0,4.0,1.0,3.25,0.0,0.0,,,,,,,,,,,,,0.0,,,2,1,1,Win,2,Full Time,,1.0,1.0,58000.0,1.0,1.0,0.0,0.0,0.0,0.0,0.0,0.0,0.0,0.0,0.0,0.0,0.0,0.0,0.0,0.0,0.0,0.0,26.0,26.0,6.435,9.5,6.435,9.5,0.0,0.0,train,tier3
261,1974,Group Stage,1,0,1974-06-30,Waldstadion,Yugoslavia,Poland,0,UEFA,UEFA,1,0,0,1,1747.24,1797.87,-50.62999999999988,0.4276,0.5,0.9,-0.4,2.8,1.2,3.0,5.0,1.0,0.0,0.0,0.0,0.0,2.0,0.0,6.6,0.5,0,4.0,4.0,0.0,29,4.0,10.0,3.0,7.0,1.0,0.25,2.5,0.0,0.0,,,,,,,,,,,,,0.0,,,1,2,-1,Loss,0,Full Time,,1.0,1.0,58000.0,1.0,1.0,0.0,0.0,0.0,0.0,0.0,0.0,0.0,0.0,0.0,0.0,0.0,0.0,0.0,0.0,0.0,0.0,26.0,26.0,6.435,9.5,6.435,9.5,0.0,0.0,train,tier3
262,1974,Group Stage,1,0,1974-06-30,Parkstadion,German DR,Netherlands,1,UEFA,UEFA,1,0,0,1,1787.67,1764.37,23.300000000000185,0.5335,0.8,0.8,0.0,1.2,0.4,2.0,0.0,2.0,0.0,0.0,0.0,0.0,0.0,0.0,0.0,0.5,0,4.0,4.0,0.0,30,3.0,3.0,2.0,1.0,1.0,0.333,1.0,0.0,0.0,,,,,,,,,,,,,0.0,,,0,2,-2,Loss,0,Full Time,,0.0,1.0,68348.0,1.0,1.0,0.0,0.0,0.0,0.0,0.0,0.0,0.0,0.0,0.0,0.0,0.0,0.0,0.0,0.0,0.0,0.0,26.0,26.0,6.435,9.5,6.435,9.5,0.0,0.0,train,tier3
262,1974,Group Stage,1,0,1974-06-30,Parkstadion,Netherlands,German DR,0,UEFA,UEFA,1,0,0,1,1764.37,1787.67,-23.300000000000185,0.4665,0.8,0.8,0.0,2.0,0.4,1.2,2.0,0.0,0.0,0.0,0.0,0.0,0.0,0.0,1.0,0.5,0,4.0,4.0,0.0,30,4.0,10.0,1.0,9.0,3.0,0.75,2.5,0.0,0.0,,,,,,,,,,,,,0.0,,,2,0,2,Win,2,Full Time,,1.0,1.0,68348.0,1.0,1.0,0.0,0.0,0.0,0.0,0.0,0.0,0.0,0.0,0.0,0.0,0.0,0.0,0.0,0.0,0.0,0.0,26.0,26.0,6.435,9.5,6.435,9.5,0.0,0.0,train,tier3
263,1974,Group Stage,1,0,1974-06-30,Rheinstadion,Germany FR,Sweden,1,UEFA,UEFA,1,1,0,0,1500.0,1729.32,-229.32,0.2108,0.5,0.7,-0.2,1.5,1.5,1.0,5.0,5.0,1.0,0.0,2.0,1.0,4.0,2.0,14.6,0.5,0,4.0,4.0,0.0,31,3.0,6.0,0.0,6.0,3.0,1.0,2.0,0.0,0.0,,,,,,,,,,,,,0.0,,,4,2,2,Win,2,Full Time,,0.0,1.0,67800.0,1.0,1.0,0.0,0.0,0.0,0.0,0.0,0.0,0.0,0.0,0.0,0.0,0.0,0.0,0.0,0.0,0.0,0.0,26.0,26.0,6.435,9.5,6.435,9.5,0.0,0.0,train,tier3
263,1974,Group Stage,1,0,1974-06-30,Rheinstadion,Sweden,Germany FR,0,UEFA,UEFA,1,0,1,0,1729.32,1500.0,229.32,0.7892,0.7,0.5,0.2,1.0,0.0,1.5,5.0,5.0,0.0,1.0,1.0,2.0,2.0,4.0,8.0,0.5,0,4.0,4.0,0.0,31,4.0,3.0,1.0,2.0,1.0,0.25,0.75,0.0,0.0,,,,,,,,,,,,,0.0,,,2,4,-2,Loss,0,Full Time,,1.0,1.0,67800.0,1.0,1.0,0.0,0.0,0.0,0.0,0.0,0.0,0.0,0.0,0.0,0.0,0.0,0.0,0.0,0.0,0.0,0.0,26.0,26.0,6.435,9.5,6.435,9.5,0.0,0.0,train,tier3
264,1974,Group Stage,1,0,1974-07-03,Waldstadion,Poland,Germany FR,1,UEFA,UEFA,1,0,1,1,1747.32,1500.0,247.32,0.8059,1.0,0.5,0.5,3.0,0.6,1.5,1.0,5.0,0.0,1.0,0.0,2.0,0.0,4.0,5.0,0.5,0,3.0,3.0,0.0,32,5.0,15.0,4.0,11.0,5.0,1.0,3.0,0.0,0.0,,,,,,,,,,,,,0.0,,,0,1,-1,Loss,0,Full Time,,0.0,1.0,62000.0,1.0,1.0,0.0,0.0,0.0,0.0,0.0,0.0,0.0,0.0,0.0,0.0,0.0,0.0,0.0,0.0,0.0,0.0,26.0,26.0,6.435,9.5,6.435,9.5,0.0,0.0,train,tier3
264,1974,Group Stage,1,0,1974-07-03,Waldstadion,Germany FR,Poland,0,UEFA,UEFA,1,1,0,1,1500.0,1747.32,-247.32,0.1941,0.5,1.0,-0.5,1.5,1.5,3.0,5.0,1.0,1.0,0.0,2.0,0.0,4.0,0.0,14.6,0.5,0,3.0,3.0,0.0,32,4.0,10.0,2.0,8.0,4.0,1.0,2.5,0.0,0.0,,,,,,,,,,,,,0.0,,,1,0,1,Win,2,Full Time,,0.0,1.0,62000.0,1.0,1.0,0.0,0.0,0.0,0.0,0.0,0.0,0.0,0.0,0.0,0.0,0.0,0.0,0.0,0.0,0.0,0.0,26.0,26.0,6.435,9.5,6.435,9.5,0.0,0.0,train,tier3
265,1974,Group Stage,1,0,1974-07-03,Westfalenstadion,Netherlands,Brazil,1,UEFA,CONMEBOL,0,0,0,1,1796.38,1933.55,-137.16999999999985,0.3123,0.8,0.8,0.0,2.0,0.2,1.2,2.0,9.0,0.0,3.0,0.0,3.0,0.0,4.0,1.0,0.5,0,3.0,3.0,0.0,33,5.0,12.0,1.0,11.0,4.0,0.8,2.4,0.0,0.0,,,,,,,,,,,,,0.0,,,2,0,2,Win,2,Full Time,,0.0,1.0,53700.0,1.0,2.0,0.0,0.0,0.0,0.0,0.0,0.0,0.0,0.0,0.0,0.0,0.0,0.0,0.0,0.0,0.0,0.0,26.0,26.0,6.435,9.5,6.435,9.5,0.0,0.0,train,tier3
265,1974,Group Stage,1,0,1974-07-03,Westfalenstadion,Brazil,Netherlands,0,CONMEBOL,UEFA,0,0,0,1,1933.55,1796.38,137.16999999999985,0.6877,0.8,0.8,0.0,1.2,0.0,2.0,9.0,2.0,3.0,0.0,3.0,0.0,4.0,0.0,11.44,0.5,0,3.0,3.0,0.0,33,5.0,6.0,1.0,5.0,3.0,0.6,1.2,0.0,0.0,,,,,,,,,,,,,0.0,,,0,2,-2,Loss,0,Full Time,,0.0,1.0,53700.0,2.0,1.0,0.0,0.0,0.0,0.0,0.0,0.0,0.0,0.0,0.0,0.0,0.0,0.0,0.0,0.0,0.0,0.0,26.0,26.0,6.435,9.5,6.435,9.5,0.0,0.0,train,tier3
266,1974,Group Stage,1,0,1974-07-03,Parkstadion,Argentina,German DR,1,CONMEBOL,UEFA,0,0,0,1,1687.98,1755.66,-67.68000000000006,0.4038,0.3,0.6,-0.3,1.6,2.6,1.0,5.0,0.0,0.0,0.0,1.0,0.0,1.0,0.0,6.2,0.5,0,3.0,3.0,0.0,34,5.0,8.0,11.0,-3.0,1.0,0.2,1.6,0.0,0.0,,,,,,,,,,,,,0.0,,,1,1,0,Draw,1,Full Time,,1.0,1.0,54254.0,2.0,1.0,0.0,0.0,0.0,0.0,0.0,0.0,0.0,0.0,0.0,0.0,0.0,0.0,0.0,0.0,0.0,0.0,26.0,26.0,6.435,9.5,6.435,9.5,0.0,0.0,train,tier3
266,1974,Group Stage,1,0,1974-07-03,Parkstadion,German DR,Argentina,0,UEFA,CONMEBOL,0,0,0,1,1755.66,1687.98,67.68000000000006,0.5962,0.6,0.3,0.3,1.0,0.6,1.6,0.0,5.0,0.0,0.0,0.0,1.0,0.0,1.0,0.0,0.5,0,3.0,3.0,0.0,34,4.0,3.0,4.0,-1.0,1.0,0.25,0.75,0.0,0.0,,,,,,,,,,,,,0.0,,,1,1,0,Draw,1,Full Time,,1.0,1.0,54254.0,1.0,2.0,0.0,0.0,0.0,0.0,0.0,0.0,0.0,0.0,0.0,0.0,0.0,0.0,0.0,0.0,0.0,0.0,26.0,26.0,6.435,9.5,6.435,9.5,0.0,0.0,train,tier3
267,1974,Group Stage,1,0,1974-07-03,Rheinstadion,Sweden,Yugoslavia,1,UEFA,UEFA,1,0,0,1,1694.09,1721.58,-27.49000000000001,0.4605,0.5,0.5,0.0,0.6,0.2,2.4,5.0,5.0,0.0,0.0,1.0,0.0,2.0,2.0,8.0,0.5,0,3.0,3.0,0.0,35,5.0,5.0,5.0,0.0,1.0,0.2,1.0,0.0,0.0,,,,,,,,,,,,,0.0,,,2,1,1,Win,2,Full Time,,1.0,1.0,41300.0,1.0,1.0,0.0,0.0,0.0,0.0,0.0,0.0,0.0,0.0,0.0,0.0,0.0,0.0,0.0,0.0,0.0,0.0,26.0,26.0,6.435,9.5,6.435,9.5,0.0,0.0,train,tier3
267,1974,Group Stage,1,0,1974-07-03,Rheinstadion,Yugoslavia,Sweden,0,UEFA,UEFA,1,0,0,1,1721.58,1694.09,27.49000000000001,0.5395,0.5,0.5,0.0,2.4,1.0,0.6,5.0,5.0,0.0,0.0,0.0,1.0,2.0,2.0,6.6,0.5,0,3.0,3.0,0.0,35,5.0,11.0,5.0,6.0,1.0,0.2,2.2,0.0,0.0,,,,,,,,,,,,,0.0,,,1,2,-1,Loss,0,Full Time,,1.0,1.0,41300.0,1.0,1.0,0.0,0.0,0.0,0.0,0.0,0.0,0.0,0.0,0.0,0.0,0.0,0.0,0.0,0.0,0.0,0.0,26.0,26.0,6.435,9.5,6.435,9.5,0.0,0.0,train,tier3
268,1974,Third Place,4,1,1974-07-06,Olympiastadion,Brazil,Poland,1,CONMEBOL,UEFA,0,0,0,1,1892.29,1800.43,91.8599999999999,0.6292,0.8,1.0,-0.2,1.2,0.2,3.0,9.0,1.0,3.0,0.0,3.0,0.0,4.0,0.0,11.44,1.0,1,3.0,3.0,0.0,36,6.0,6.0,3.0,3.0,3.0,0.5,1.0,0.0,0.0,,,,,,,,,,,,,0.0,,,0,1,-1,Loss,0,Full Time,,0.0,1.0,77100.0,2.0,1.0,0.0,0.0,0.0,0.0,0.0,0.0,0.0,0.0,0.0,0.0,0.0,0.0,0.0,0.0,0.0,0.0,26.0,26.0,6.435,9.5,6.435,9.5,0.0,0.0,train,tier3
268,1974,Third Place,4,1,1974-07-06,Olympiastadion,Poland,Brazil,0,UEFA,CONMEBOL,0,0,0,1,1800.43,1892.29,-91.8599999999999,0.3708,1.0,0.8,0.2,3.0,0.8,1.2,1.0,9.0,0.0,3.0,0.0,3.0,0.0,4.0,5.0,0.0,1,3.0,3.0,0.0,36,6.0,15.0,5.0,10.0,5.0,0.833,2.5,0.0,0.0,,,,,,,,,,,,,0.0,,,1,0,1,Win,2,Full Time,,0.0,1.0,77100.0,1.0,2.0,0.0,0.0,0.0,0.0,0.0,0.0,0.0,0.0,0.0,0.0,0.0,0.0,0.0,0.0,0.0,0.0,26.0,26.0,6.435,9.5,6.435,9.5,0.0,0.0,train,tier3
269,1974,Group Stage,1,0,1974-06-01,Volksparkstadion,German DR,Germany FR,1,UEFA,UEFA,1,0,1,1,1673.64,1500.0,173.6400000000001,0.731,1.0,0.5,0.5,2.0,0.2,1.5,0.0,5.0,0.0,1.0,0.0,2.0,0.0,4.0,0.0,0.5,0,4.0,4.0,0.0,37,5.0,4.0,5.0,-1.0,1.0,0.2,0.8,0.0,0.0,,,,,,,,,,,,,0.0,,,1,0,1,Win,2,Full Time,,0.0,1.0,60200.0,1.0,1.0,0.0,0.0,0.0,0.0,0.0,0.0,0.0,0.0,0.0,0.0,0.0,0.0,0.0,0.0,0.0,0.0,26.0,26.0,6.435,9.5,6.435,9.5,0.0,0.0,train,tier3
269,1974,Group Stage,1,0,1974-06-01,Volksparkstadion,Germany FR,German DR,0,UEFA,UEFA,1,1,0,1,1500.0,1673.64,-173.6400000000001,0.269,0.5,1.0,-0.5,1.5,1.5,2.0,5.0,0.0,1.0,0.0,2.0,0.0,4.0,0.0,14.6,0.5,0,4.0,4.0,0.0,37,5.0,11.0,2.0,9.0,5.0,1.0,2.2,0.0,0.0,,,,,,,,,,,,,0.0,,,0,1,-1,Loss,0,Full Time,,0.0,1.0,60200.0,1.0,1.0,0.0,0.0,0.0,0.0,0.0,0.0,0.0,0.0,0.0,0.0,0.0,0.0,0.0,0.0,0.0,0.0,26.0,26.0,6.435,9.5,6.435,9.5,0.0,0.0,train,tier3
270,1974,Final,5,1,1974-06-01,Olympiastadion,Netherlands,Germany FR,1,UEFA,UEFA,1,0,1,1,1938.39,1500.0,438.3900000000001,0.9258,0.7,0.5,0.2,2.4,0.8,1.5,2.0,5.0,0.0,1.0,0.0,2.0,0.0,4.0,1.0,0.5,0,4.0,4.0,0.0,38,6.0,14.0,1.0,13.0,5.0,0.833,2.333,0.0,0.0,,,,,,,,,,,,,0.0,,,1,2,-1,Loss,0,Full Time,,1.0,1.0,78200.0,1.0,1.0,0.0,0.0,0.0,0.0,0.0,0.0,0.0,0.0,0.0,0.0,0.0,0.0,0.0,0.0,0.0,0.0,26.0,26.0,6.435,9.5,6.435,9.5,0.0,0.0,train,tier3
270,1974,Final,5,1,1974-06-01,Olympiastadion,Germany FR,Netherlands,0,UEFA,UEFA,1,1,0,1,1500.0,1938.39,-438.3900000000001,0.0742,0.5,0.7,-0.2,1.5,1.5,2.4,5.0,2.0,1.0,0.0,2.0,0.0,4.0,0.0,14.6,0.5,0,4.0,4.0,0.0,38,6.0,11.0,3.0,8.0,5.0,0.833,1.833,0.0,0.0,,,,,,,,,,,,,0.0,,,2,1,1,Win,2,Full Time,,2.0,1.0,78200.0,1.0,1.0,0.0,0.0,0.0,0.0,0.0,0.0,0.0,0.0,0.0,0.0,0.0,0.0,0.0,0.0,0.0,0.0,26.0,26.0,6.435,9.5,6.435,9.5,0.0,0.0,train,tier3
271,1978,Group Stage,1,0,1978-06-01,El Monumental - Estadio Monumental Antonio Vespuci,Germany FR,Poland,1,UEFA,UEFA,1,0,0,1,1500.0,1747.32,-247.32,0.1941,0.5,0.9,-0.4,1.5,1.5,2.8,6.0,2.0,2.0,0.0,3.0,0.0,5.0,1.0,14.33,0.5,0,4.0,4.0,0.0,1,0.0,0.0,0.0,0.0,0.0,0.5,0.0,0.0,0.0,,,,,,,,,,,,,0.0,,,0,0,0,Draw,1,Full Time,,0.0,1.0,67579.0,1.0,1.0,0.0,0.0,0.0,0.0,0.0,0.0,0.0,0.0,0.0,0.0,0.0,0.0,0.0,0.0,0.0,0.0,26.0,26.0,6.435,9.5,6.435,9.5,0.0,0.0,train,tier3
271,1978,Group Stage,1,0,1978-06-01,El Monumental - Estadio Monumental Antonio Vespuci,Poland,Germany FR,0,UEFA,UEFA,1,0,0,1,1747.32,1500.0,247.32,0.8059,0.9,0.5,0.4,2.8,1.0,1.5,2.0,6.0,0.0,2.0,0.0,3.0,1.0,5.0,10.5,0.5,0,4.0,4.0,0.0,1,0.0,0.0,0.0,0.0,0.0,0.5,0.0,0.0,0.0,,,,,,,,,,,,,0.0,,,0,0,0,Draw,1,Full Time,,0.0,1.0,67579.0,1.0,1.0,0.0,0.0,0.0,0.0,0.0,0.0,0.0,0.0,0.0,0.0,0.0,0.0,0.0,0.0,0.0,0.0,26.0,26.0,6.435,9.5,6.435,9.5,0.0,0.0,train,tier3
272,1978,Group Stage,1,0,1978-06-02,Estadio Josï¿½ Marï¿½a Minella,Italy,France,1,UEFA,UEFA,1,0,0,1,1853.8,2034.02,-180.22000000000003,0.2616,0.5,0.9,-0.4,1.4,1.2,2.0,8.0,6.0,2.0,0.0,3.0,0.0,3.0,1.0,6.62,1.0,1,4.0,4.0,0.0,2,0.0,0.0,0.0,0.0,0.0,0.5,0.0,0.0,0.0,,,,,,,,,,,,,0.0,,,2,1,1,Win,2,Full Time,,1.0,1.0,42373.0,1.0,1.0,0.0,0.0,0.0,0.0,0.0,0.0,0.0,0.0,0.0,0.0,0.0,0.0,0.0,0.0,0.0,0.0,26.0,26.0,6.435,9.5,6.435,9.5,0.0,0.0,train,tier3
272,1978,Group Stage,1,0,1978-06-02,Estadio Josï¿½ Marï¿½a Minella,France,Italy,0,UEFA,UEFA,1,0,0,1,2034.02,1853.8,180.22000000000003,0.7384,0.9,0.5,0.4,2.0,0.8,1.4,6.0,8.0,0.0,2.0,0.0,3.0,1.0,3.0,6.33,0.0,1,4.0,4.0,0.0,2,0.0,0.0,0.0,0.0,0.0,0.5,0.0,0.0,0.0,,,,,,,,,,,,,0.0,,,1,2,-1,Loss,0,Full Time,,1.0,1.0,42373.0,1.0,1.0,0.0,0.0,0.0,0.0,0.0,0.0,0.0,0.0,0.0,0.0,0.0,0.0,0.0,0.0,0.0,0.0,26.0,26.0,6.435,9.5,6.435,9.5,0.0,0.0,train,tier3
273,1978,Group Stage,1,0,1978-06-02,Arroyito - Estadio Dr. Lisandro de la Torre,Tunisia,Mexico,1,CAF,CONCACAF,0,0,0,1,1691.38,1887.54,-196.15999999999983,0.2443,0.4,0.6,-0.2,0.8,1.4,2.0,0.0,7.0,0.0,0.0,0.0,0.0,0.0,0.0,0.0,0.5,0,4.0,4.0,0.0,3,0.0,0.0,0.0,0.0,0.0,0.5,0.0,0.0,0.0,,,,,,,,,,,,,0.0,,,3,1,2,Win,2,Full Time,,0.0,1.0,17396.0,4.0,3.0,0.0,0.0,0.0,0.0,0.0,0.0,0.0,0.0,0.0,0.0,0.0,0.0,0.0,0.0,0.0,0.0,26.0,26.0,6.435,9.5,6.435,9.5,0.0,0.0,train,tier3
273,1978,Group Stage,1,0,1978-06-02,Arroyito - Estadio Dr. Lisandro de la Torre,Mexico,Tunisia,0,CONCACAF,CAF,0,0,0,1,1887.54,1691.38,196.15999999999983,0.7557,0.6,0.4,0.2,2.0,1.2,0.8,7.0,0.0,0.0,0.0,0.0,0.0,0.0,0.0,2.71,0.5,0,4.0,4.0,0.0,3,0.0,0.0,0.0,0.0,0.0,0.5,0.0,0.0,0.0,,,,,,,,,,,,,0.0,,,1,3,-2,Loss,0,Full Time,,1.0,1.0,17396.0,3.0,4.0,0.0,0.0,0.0,0.0,0.0,0.0,0.0,0.0,0.0,0.0,0.0,0.0,0.0,0.0,0.0,0.0,26.0,26.0,6.435,9.5,6.435,9.5,0.0,0.0,train,tier3
274,1978,Group Stage,1,0,1978-06-02,El Monumental - Estadio Monumental Antonio Vespuci,Argentina,Hungary,1,CONMEBOL,UEFA,0,1,0,0,1771.29,1741.4,29.88999999999988,0.5429,0.8,0.9,-0.1,2.0,1.0,3.0,6.0,6.0,0.0,0.0,1.0,2.0,1.0,2.0,6.67,0.0,1,4.0,4.0,0.0,4,0.0,0.0,0.0,0.0,0.0,0.5,0.0,0.0,0.0,,,,,,,,,,,,,0.0,,,2,1,1,Win,2,Full Time,,1.0,1.0,71615.0,2.0,1.0,0.0,0.0,0.0,0.0,0.0,0.0,0.0,0.0,0.0,0.0,0.0,0.0,0.0,0.0,0.0,0.0,26.0,26.0,6.435,9.5,6.435,9.5,0.0,0.0,train,tier3
274,1978,Group Stage,1,0,1978-06-02,El Monumental - Estadio Monumental Antonio Vespuci,Hungary,Argentina,0,UEFA,CONMEBOL,0,0,1,0,1741.4,1771.29,-29.88999999999988,0.4571,0.9,0.8,0.1,3.0,0.8,2.0,6.0,6.0,0.0,0.0,2.0,1.0,2.0,1.0,11.67,1.0,1,4.0,4.0,0.0,4,0.0,0.0,0.0,0.0,0.0,0.5,0.0,0.0,0.0,,,,,,,,,,,,,0.0,,,1,2,-1,Loss,0,Full Time,,1.0,1.0,71615.0,1.0,2.0,0.0,0.0,0.0,0.0,0.0,0.0,0.0,0.0,0.0,0.0,0.0,0.0,0.0,0.0,0.0,0.0,26.0,26.0,6.435,9.5,6.435,9.5,0.0,0.0,train,tier3
275,1978,Group Stage,1,0,1978-06-03,Estadio Josï¿½ Marï¿½a Minella,Sweden,Brazil,1,UEFA,CONMEBOL,0,0,0,1,1729.32,1930.75,-201.4300000000001,0.2388,0.6,0.7,-0.1,1.2,1.2,2.6,6.0,10.0,0.0,3.0,1.0,3.0,2.0,5.0,7.83,0.0,3,4.0,4.0,0.0,5,0.0,0.0,0.0,0.0,0.0,0.5,0.0,0.0,0.0,,,,,,,,,,,,,0.0,,,1,1,0,Draw,1,Full Time,,1.0,1.0,32569.0,1.0,2.0,0.0,0.0,0.0,0.0,0.0,0.0,0.0,0.0,0.0,0.0,0.0,0.0,0.0,0.0,0.0,0.0,26.0,26.0,6.435,9.5,6.435,9.5,0.0,0.0,train,tier3
275,1978,Group Stage,1,0,1978-06-03,Estadio Josï¿½ Marï¿½a Minella,Brazil,Sweden,0,CONMEBOL,UEFA,0,0,0,1,1930.75,1729.32,201.4300000000001,0.7612,0.7,0.6,0.1,2.6,0.4,1.2,10.0,6.0,3.0,0.0,3.0,1.0,5.0,2.0,10.9,1.0,3,4.0,4.0,0.0,5,0.0,0.0,0.0,0.0,0.0,0.5,0.0,0.0,0.0,,,,,,,,,,,,,0.0,,,1,1,0,Draw,1,Full Time,,1.0,1.0,32569.0,2.0,1.0,0.0,0.0,0.0,0.0,0.0,0.0,0.0,0.0,0.0,0.0,0.0,0.0,0.0,0.0,0.0,0.0,26.0,26.0,6.435,9.5,6.435,9.5,0.0,0.0,train,tier3
276,1978,Group Stage,1,0,1978-06-03,Jose Amalfitani,Austria,Spain,1,UEFA,UEFA,1,0,0,1,1690.61,1779.61,-89.0,0.3746,0.6,1.0,-0.4,0.8,0.6,2.0,3.0,4.0,0.0,0.0,0.0,0.0,2.0,0.0,8.67,0.5,0,4.0,4.0,0.0,6,0.0,0.0,0.0,0.0,0.0,0.5,0.0,0.0,0.0,,,,,,,,,,,,,0.0,,,2,1,1,Win,2,Full Time,,1.0,1.0,40841.0,1.0,1.0,0.0,0.0,0.0,0.0,0.0,0.0,0.0,0.0,0.0,0.0,0.0,0.0,0.0,0.0,0.0,0.0,26.0,26.0,6.435,9.5,6.435,9.5,0.0,0.0,train,tier3
276,1978,Group Stage,1,0,1978-06-03,Jose Amalfitani,Spain,Austria,0,UEFA,UEFA,1,0,0,1,1779.61,1690.61,89.0,0.6254,1.0,0.6,0.4,2.0,0.2,0.8,4.0,3.0,0.0,0.0,0.0,0.0,0.0,2.0,5.0,0.5,0,4.0,4.0,0.0,6,0.0,0.0,0.0,0.0,0.0,0.5,0.0,0.0,0.0,,,,,,,,,,,,,0.0,,,1,2,-1,Loss,0,Full Time,,1.0,1.0,40841.0,1.0,1.0,0.0,0.0,0.0,0.0,0.0,0.0,0.0,0.0,0.0,0.0,0.0,0.0,0.0,0.0,0.0,0.0,26.0,26.0,6.435,9.5,6.435,9.5,0.0,0.0,train,tier3
277,1978,Group Stage,1,0,1978-06-03,Estadio Olï¿½mpico Chateau Carreras,Peru,Scotland,1,CONMEBOL,UEFA,0,0,0,1,1637.06,1759.13,-122.07000000000016,0.3312,0.5,0.8,-0.3,1.2,1.4,1.8,2.0,3.0,0.0,0.0,0.0,0.0,0.0,0.0,5.0,0.5,0,4.0,4.0,0.0,7,0.0,0.0,0.0,0.0,0.0,0.5,0.0,0.0,0.0,,,,,,,,,,,,,0.0,,,3,1,2,Win,2,Full Time,,1.0,1.0,37927.0,2.0,1.0,0.0,0.0,0.0,0.0,0.0,0.0,0.0,0.0,0.0,0.0,0.0,0.0,0.0,0.0,0.0,0.0,26.0,26.0,6.435,9.5,6.435,9.5,0.0,0.0,train,tier3
277,1978,Group Stage,1,0,1978-06-03,Estadio Olï¿½mpico Chateau Carreras,Scotland,Peru,0,UEFA,CONMEBOL,0,0,0,1,1759.13,1637.06,122.07000000000016,0.6688,0.8,0.5,0.3,1.8,0.8,1.2,3.0,2.0,0.0,0.0,0.0,0.0,0.0,0.0,2.33,0.5,0,4.0,4.0,0.0,7,0.0,0.0,0.0,0.0,0.0,0.5,0.0,0.0,0.0,,,,,,,,,,,,,0.0,,,1,3,-2,Loss,0,Full Time,,1.0,1.0,37927.0,1.0,2.0,0.0,0.0,0.0,0.0,0.0,0.0,0.0,0.0,0.0,0.0,0.0,0.0,0.0,0.0,0.0,0.0,26.0,26.0,6.435,9.5,6.435,9.5,0.0,0.0,train,tier3
278,1978,Group Stage,1,0,1978-06-03,San Martin,Netherlands,IR Iran,1,UEFA,AFC,0,0,0,1,1938.39,1500.0,438.3900000000001,0.9258,0.9,0.5,0.4,1.6,0.2,1.5,3.0,0.0,0.0,0.0,1.0,0.0,1.0,0.0,5.67,0.5,0,4.0,4.0,0.0,8,0.0,0.0,0.0,0.0,0.0,0.5,0.0,0.0,0.0,,,,,,,,,,,,,0.0,,,3,0,3,Win,2,Full Time,,1.0,1.0,33431.0,1.0,5.0,0.0,0.0,0.0,0.0,0.0,0.0,0.0,0.0,0.0,0.0,0.0,0.0,0.0,0.0,0.0,0.0,26.0,26.0,6.435,9.5,6.435,9.5,0.0,0.0,train,tier3
278,1978,Group Stage,1,0,1978-06-03,San Martin,IR Iran,Netherlands,0,AFC,UEFA,0,0,0,1,1500.0,1938.39,-438.3900000000001,0.0742,0.5,0.9,-0.4,1.5,1.5,1.6,0.0,3.0,0.0,0.0,0.0,1.0,0.0,1.0,0.0,0.5,0,4.0,4.0,0.0,8,0.0,0.0,0.0,0.0,0.0,0.5,0.0,0.0,0.0,,,,,,,,,,,,,0.0,,,0,3,-3,Loss,0,Full Time,,0.0,1.0,33431.0,5.0,1.0,0.0,0.0,0.0,0.0,0.0,0.0,0.0,0.0,0.0,0.0,0.0,0.0,0.0,0.0,0.0,0.0,26.0,26.0,6.435,9.5,6.435,9.5,0.0,0.0,train,tier3
279,1978,Group Stage,1,0,1978-06-06,Estadio Josï¿½ Marï¿½a Minella,Italy,Hungary,1,UEFA,UEFA,1,0,0,1,1853.8,1745.68,108.11999999999988,0.6508,0.6,0.7,-0.1,1.4,0.8,2.6,8.0,6.0,2.0,0.0,3.0,2.0,3.0,2.0,6.62,1.0,1,4.0,4.0,0.0,9,1.0,2.0,1.0,1.0,1.0,1.0,2.0,0.0,0.0,,,,,,,,,,,,,0.0,,,3,1,2,Win,2,Full Time,,2.0,1.0,26533.0,1.0,1.0,0.0,0.0,0.0,0.0,0.0,0.0,0.0,0.0,0.0,0.0,0.0,0.0,0.0,0.0,0.0,0.0,26.0,26.0,6.435,9.5,6.435,9.5,0.0,0.0,train,tier3
279,1978,Group Stage,1,0,1978-06-06,Estadio Josï¿½ Marï¿½a Minella,Hungary,Italy,0,UEFA,UEFA,1,0,0,1,1745.68,1853.8,-108.11999999999988,0.3492,0.7,0.6,0.1,2.6,1.6,1.4,6.0,8.0,0.0,2.0,2.0,3.0,2.0,3.0,11.67,0.0,1,4.0,4.0,0.0,9,1.0,1.0,2.0,-1.0,0.0,0.0,1.0,0.0,0.0,,,,,,,,,,,,,0.0,,,1,3,-2,Loss,0,Full Time,,0.0,1.0,26533.0,1.0,1.0,0.0,0.0,0.0,0.0,0.0,0.0,0.0,0.0,0.0,0.0,0.0,0.0,0.0,0.0,0.0,0.0,26.0,26.0,6.435,9.5,6.435,9.5,0.0,0.0,train,tier3
280,1978,Group Stage,1,0,1978-06-06,Arroyito - Estadio Dr. Lisandro de la Torre,Poland,Tunisia,1,UEFA,CAF,0,0,0,1,1767.54,1702.34,65.20000000000005,0.5927,1.0,0.3,0.7,2.8,0.8,0.6,2.0,0.0,0.0,0.0,0.0,0.0,1.0,0.0,10.5,0.5,0,5.0,4.0,1.0,10,1.0,0.0,0.0,0.0,0.0,0.0,0.0,0.0,0.0,,,,,,,,,,,,,0.0,,,1,0,1,Win,2,Full Time,,1.0,1.0,9624.0,1.0,4.0,0.0,0.0,0.0,0.0,0.0,0.0,0.0,0.0,0.0,0.0,0.0,0.0,0.0,0.0,0.0,0.0,26.0,26.0,6.435,9.5,6.435,9.5,0.0,0.0,train,tier3
280,1978,Group Stage,1,0,1978-06-06,Arroyito - Estadio Dr. Lisandro de la Torre,Tunisia,Poland,0,CAF,UEFA,0,0,0,1,1702.34,1767.54,-65.20000000000005,0.4073,0.3,1.0,-0.7,0.6,1.6,2.8,0.0,2.0,0.0,0.0,0.0,0.0,0.0,1.0,0.0,0.5,0,4.0,5.0,-1.0,10,1.0,3.0,1.0,2.0,1.0,1.0,3.0,0.0,0.0,,,,,,,,,,,,,0.0,,,0,1,-1,Loss,0,Full Time,,0.0,1.0,9624.0,4.0,1.0,0.0,0.0,0.0,0.0,0.0,0.0,0.0,0.0,0.0,0.0,0.0,0.0,0.0,0.0,0.0,0.0,26.0,26.0,6.435,9.5,6.435,9.5,0.0,0.0,train,tier3
281,1978,Group Stage,1,0,1978-06-06,Estadio Olï¿½mpico Chateau Carreras,Germany FR,Mexico,1,UEFA,CONCACAF,0,0,0,1,1500.0,1887.54,-387.54,0.097,0.5,0.6,-0.1,1.5,1.5,1.8,6.0,7.0,2.0,0.0,3.0,0.0,5.0,0.0,14.33,0.5,0,5.0,4.0,1.0,11,1.0,0.0,0.0,0.0,0.0,0.0,0.0,0.0,0.0,,,,,,,,,,,,,0.0,,,6,0,6,Win,2,Full Time,,4.0,1.0,35258.0,1.0,3.0,0.0,0.0,0.0,0.0,0.0,0.0,0.0,0.0,0.0,0.0,0.0,0.0,0.0,0.0,0.0,0.0,26.0,26.0,6.435,9.5,6.435,9.5,0.0,0.0,train,tier3
281,1978,Group Stage,1,0,1978-06-06,Estadio Olï¿½mpico Chateau Carreras,Mexico,Germany FR,0,CONCACAF,UEFA,0,0,0,1,1887.54,1500.0,387.54,0.903,0.6,0.5,0.1,1.8,1.0,1.5,7.0,6.0,0.0,2.0,0.0,3.0,0.0,5.0,2.71,0.5,0,4.0,5.0,-1.0,11,1.0,1.0,3.0,-2.0,0.0,0.0,1.0,0.0,0.0,,,,,,,,,,,,,0.0,,,0,6,-6,Loss,0,Full Time,,0.0,1.0,35258.0,3.0,1.0,0.0,0.0,0.0,0.0,0.0,0.0,0.0,0.0,0.0,0.0,0.0,0.0,0.0,0.0,0.0,0.0,26.0,26.0,6.435,9.5,6.435,9.5,0.0,0.0,train,tier3
282,1978,Group Stage,1,0,1978-06-06,El Monumental - Estadio Monumental Antonio Vespuci,Argentina,France,1,CONMEBOL,UEFA,0,1,0,0,1798.72,1680.81,117.91000000000008,0.6635,0.8,0.9,-0.1,2.2,0.8,1.8,6.0,6.0,0.0,0.0,1.0,0.0,1.0,1.0,6.67,1.0,1,4.0,4.0,0.0,12,1.0,2.0,1.0,1.0,1.0,1.0,2.0,0.0,0.0,,,,,,,,,,,,,0.0,,,2,1,1,Win,2,Full Time,,1.0,1.0,71666.0,2.0,1.0,0.0,0.0,0.0,0.0,0.0,0.0,0.0,0.0,0.0,0.0,0.0,0.0,0.0,0.0,0.0,0.0,26.0,26.0,6.435,9.5,6.435,9.5,0.0,0.0,train,tier3
282,1978,Group Stage,1,0,1978-06-06,El Monumental - Estadio Monumental Antonio Vespuci,France,Argentina,0,UEFA,CONMEBOL,0,0,1,0,1680.81,1798.72,-117.91000000000008,0.3365,0.9,0.8,0.1,1.8,0.6,2.2,6.0,6.0,0.0,0.0,0.0,1.0,1.0,1.0,6.33,0.0,1,4.0,4.0,0.0,12,1.0,1.0,2.0,-1.0,0.0,0.0,1.0,0.0,0.0,,,,,,,,,,,,,0.0,,,1,2,-1,Loss,0,Full Time,,0.0,1.0,71666.0,1.0,2.0,0.0,0.0,0.0,0.0,0.0,0.0,0.0,0.0,0.0,0.0,0.0,0.0,0.0,0.0,0.0,0.0,26.0,26.0,6.435,9.5,6.435,9.5,0.0,0.0,train,tier3
283,1978,Group Stage,1,0,1978-06-07,Estadio Josï¿½ Marï¿½a Minella,Brazil,Spain,1,CONMEBOL,UEFA,0,0,0,1,1868.73,1742.09,126.6400000000001,0.6746,0.7,0.9,-0.2,1.4,0.4,1.6,10.0,4.0,3.0,0.0,3.0,0.0,5.0,0.0,10.9,0.667,3,4.0,4.0,0.0,13,1.0,1.0,1.0,0.0,0.0,0.0,1.0,0.0,0.0,,,,,,,,,,,,,0.0,,,0,0,0,Draw,1,Full Time,,0.0,1.0,34771.0,2.0,1.0,0.0,0.0,0.0,0.0,0.0,0.0,0.0,0.0,0.0,0.0,0.0,0.0,0.0,0.0,0.0,0.0,26.0,26.0,6.435,9.5,6.435,9.5,0.0,0.0,train,tier3
283,1978,Group Stage,1,0,1978-06-07,Estadio Josï¿½ Marï¿½a Minella,Spain,Brazil,0,UEFA,CONMEBOL,0,0,0,1,1742.09,1868.73,-126.6400000000001,0.3254,0.9,0.7,0.2,1.6,0.2,1.4,4.0,10.0,0.0,3.0,0.0,3.0,0.0,5.0,5.0,0.3329999999999999,3,4.0,4.0,0.0,13,1.0,1.0,2.0,-1.0,0.0,0.0,1.0,0.0,0.0,,,,,,,,,,,,,0.0,,,0,0,0,Draw,1,Full Time,,0.0,1.0,34771.0,1.0,2.0,0.0,0.0,0.0,0.0,0.0,0.0,0.0,0.0,0.0,0.0,0.0,0.0,0.0,0.0,0.0,0.0,26.0,26.0,6.435,9.5,6.435,9.5,0.0,0.0,train,tier3
284,1978,Group Stage,1,0,1978-06-07,Jose Amalfitani,Austria,Sweden,1,UEFA,UEFA,1,0,0,1,1728.13,1633.24,94.8900000000001,0.6333,0.5,0.5,0.0,0.6,0.6,1.0,3.0,6.0,0.0,0.0,0.0,1.0,2.0,2.0,8.67,0.5,0,4.0,4.0,0.0,14,1.0,2.0,1.0,1.0,1.0,1.0,2.0,0.0,0.0,,,,,,,,,,,,,0.0,,,1,0,1,Win,2,Full Time,,1.0,1.0,41424.0,1.0,1.0,0.0,0.0,0.0,0.0,0.0,0.0,0.0,0.0,0.0,0.0,0.0,0.0,0.0,0.0,0.0,0.0,26.0,26.0,6.435,9.5,6.435,9.5,0.0,0.0,train,tier3
284,1978,Group Stage,1,0,1978-06-07,Jose Amalfitani,Sweden,Austria,0,UEFA,UEFA,1,0,0,1,1633.24,1728.13,-94.8900000000001,0.3667,0.5,0.5,0.0,1.0,1.2,0.6,6.0,3.0,0.0,0.0,1.0,0.0,2.0,2.0,7.83,0.5,0,4.0,4.0,0.0,14,1.0,1.0,1.0,0.0,0.0,0.0,1.0,0.0,0.0,,,,,,,,,,,,,0.0,,,0,1,-1,Loss,0,Full Time,,0.0,1.0,41424.0,1.0,1.0,0.0,0.0,0.0,0.0,0.0,0.0,0.0,0.0,0.0,0.0,0.0,0.0,0.0,0.0,0.0,0.0,26.0,26.0,6.435,9.5,6.435,9.5,0.0,0.0,train,tier3
285,1978,Group Stage,1,0,1978-06-07,Estadio Olï¿½mpico Chateau Carreras,Scotland,IR Iran,1,UEFA,AFC,0,0,0,1,1789.06,1500.0,289.05999999999995,0.8408,0.6,0.5,0.1,1.2,0.8,1.5,3.0,0.0,0.0,0.0,0.0,0.0,0.0,0.0,2.33,0.5,0,4.0,4.0,0.0,15,1.0,1.0,3.0,-2.0,0.0,0.0,1.0,0.0,0.0,,,,,,,,,,,,,0.0,,,1,1,0,Draw,1,Full Time,,1.0,1.0,7938.0,1.0,5.0,0.0,0.0,0.0,0.0,0.0,0.0,0.0,0.0,0.0,0.0,0.0,0.0,0.0,0.0,0.0,0.0,26.0,26.0,6.435,9.5,6.435,9.5,0.0,0.0,train,tier3
285,1978,Group Stage,1,0,1978-06-07,Estadio Olï¿½mpico Chateau Carreras,IR Iran,Scotland,0,AFC,UEFA,0,0,0,1,1500.0,1789.06,-289.05999999999995,0.1592,0.5,0.6,-0.1,1.5,1.5,1.2,0.0,3.0,0.0,0.0,0.0,0.0,0.0,0.0,0.0,0.5,0,4.0,4.0,0.0,15,1.0,0.0,3.0,-3.0,0.0,0.0,0.0,0.0,0.0,,,,,,,,,,,,,0.0,,,1,1,0,Draw,1,Full Time,,0.0,1.0,7938.0,5.0,1.0,0.0,0.0,0.0,0.0,0.0,0.0,0.0,0.0,0.0,0.0,0.0,0.0,0.0,0.0,0.0,0.0,26.0,26.0,6.435,9.5,6.435,9.5,0.0,0.0,train,tier3
286,1978,Group Stage,1,0,1978-06-07,San Martin,Netherlands,Peru,1,UEFA,CONMEBOL,0,0,0,1,1903.5,1677.19,226.31,0.7863,1.0,0.5,0.5,1.8,0.2,1.0,3.0,2.0,0.0,0.0,1.0,0.0,1.0,0.0,5.67,0.5,0,4.0,4.0,0.0,16,1.0,3.0,0.0,3.0,1.0,1.0,3.0,0.0,0.0,,,,,,,,,,,,,0.0,,,0,0,0,Draw,1,Full Time,,0.0,1.0,28125.0,1.0,2.0,0.0,0.0,0.0,0.0,0.0,0.0,0.0,0.0,0.0,0.0,0.0,0.0,0.0,0.0,0.0,0.0,26.0,26.0,6.435,9.5,6.435,9.5,0.0,0.0,train,tier3
286,1978,Group Stage,1,0,1978-06-07,San Martin,Peru,Netherlands,0,CONMEBOL,UEFA,0,0,0,1,1677.19,1903.5,-226.31,0.2137,0.5,1.0,-0.5,1.0,1.6,1.8,2.0,3.0,0.0,0.0,0.0,1.0,0.0,1.0,5.0,0.5,0,4.0,4.0,0.0,16,1.0,3.0,1.0,2.0,1.0,1.0,3.0,0.0,0.0,,,,,,,,,,,,,0.0,,,0,0,0,Draw,1,Full Time,,0.0,1.0,28125.0,2.0,1.0,0.0,0.0,0.0,0.0,0.0,0.0,0.0,0.0,0.0,0.0,0.0,0.0,0.0,0.0,0.0,0.0,26.0,26.0,6.435,9.5,6.435,9.5,0.0,0.0,train,tier3
287,1978,Group Stage,1,0,1978-06-10,Estadio Josï¿½ Marï¿½a Minella,France,Hungary,1,UEFA,UEFA,1,0,0,1,1660.62,1689.05,-28.430000000000064,0.4592,0.8,0.5,0.3,1.6,0.6,1.6,6.0,6.0,0.0,0.0,0.0,2.0,1.0,2.0,6.33,0.5,0,4.0,4.0,0.0,17,2.0,2.0,4.0,-2.0,0.0,0.0,1.0,0.0,0.0,,,,,,,,,,,,,0.0,,,3,1,2,Win,2,Full Time,,3.0,1.0,23127.0,1.0,1.0,0.0,0.0,0.0,0.0,0.0,0.0,0.0,0.0,0.0,0.0,0.0,0.0,0.0,0.0,0.0,0.0,26.0,26.0,6.435,9.5,6.435,9.5,0.0,0.0,train,tier3
287,1978,Group Stage,1,0,1978-06-10,Estadio Josï¿½ Marï¿½a Minella,Hungary,France,0,UEFA,UEFA,1,0,0,1,1689.05,1660.62,28.430000000000064,0.5408,0.5,0.8,-0.3,1.6,2.0,1.6,6.0,6.0,0.0,0.0,2.0,0.0,2.0,1.0,11.67,0.5,0,4.0,4.0,0.0,17,2.0,2.0,5.0,-3.0,0.0,0.0,1.0,0.0,0.0,,,,,,,,,,,,,0.0,,,1,3,-2,Loss,0,Full Time,,1.0,1.0,23127.0,1.0,1.0,0.0,0.0,0.0,0.0,0.0,0.0,0.0,0.0,0.0,0.0,0.0,0.0,0.0,0.0,0.0,0.0,26.0,26.0,6.435,9.5,6.435,9.5,0.0,0.0,train,tier3
288,1978,Group Stage,1,0,1978-06-10,Arroyito - Estadio Dr. Lisandro de la Torre,Poland,Mexico,1,UEFA,CONCACAF,0,0,0,1,1747.32,1887.54,-140.22000000000003,0.3085,0.9,0.4,0.5,2.4,0.6,1.4,2.0,7.0,0.0,0.0,0.0,0.0,1.0,0.0,10.5,0.5,0,4.0,4.0,0.0,18,2.0,1.0,0.0,1.0,1.0,0.5,0.5,0.0,0.0,,,,,,,,,,,,,0.0,,,3,1,2,Win,2,Full Time,,1.0,1.0,22651.0,1.0,3.0,0.0,0.0,0.0,0.0,0.0,0.0,0.0,0.0,0.0,0.0,0.0,0.0,0.0,0.0,0.0,0.0,26.0,26.0,6.435,9.5,6.435,9.5,0.0,0.0,train,tier3
288,1978,Group Stage,1,0,1978-06-10,Arroyito - Estadio Dr. Lisandro de la Torre,Mexico,Poland,0,CONCACAF,UEFA,0,0,0,1,1887.54,1747.32,140.22000000000003,0.6915,0.4,0.9,-0.5,1.4,1.4,2.4,7.0,2.0,0.0,0.0,0.0,0.0,0.0,1.0,2.71,0.5,0,4.0,4.0,0.0,18,2.0,1.0,9.0,-8.0,0.0,0.0,0.5,0.0,0.0,,,,,,,,,,,,,0.0,,,1,3,-2,Loss,0,Full Time,,0.0,1.0,22651.0,3.0,1.0,0.0,0.0,0.0,0.0,0.0,0.0,0.0,0.0,0.0,0.0,0.0,0.0,0.0,0.0,0.0,0.0,26.0,26.0,6.435,9.5,6.435,9.5,0.0,0.0,train,tier3
289,1978,Group Stage,1,0,1978-06-10,Estadio Olï¿½mpico Chateau Carreras,Germany FR,Tunisia,1,UEFA,CAF,0,0,0,1,1500.0,1691.38,-191.3800000000001,0.2494,0.5,0.3,0.2,1.5,1.5,0.6,6.0,0.0,2.0,0.0,3.0,0.0,5.0,0.0,14.33,0.5,0,4.0,4.0,0.0,19,2.0,6.0,0.0,6.0,1.0,0.5,3.0,0.0,0.0,,,,,,,,,,,,,0.0,,,0,0,0,Draw,1,Full Time,,0.0,1.0,30667.0,1.0,4.0,0.0,0.0,0.0,0.0,0.0,0.0,0.0,0.0,0.0,0.0,0.0,0.0,0.0,0.0,0.0,0.0,26.0,26.0,6.435,9.5,6.435,9.5,0.0,0.0,train,tier3
289,1978,Group Stage,1,0,1978-06-10,Estadio Olï¿½mpico Chateau Carreras,Tunisia,Germany FR,0,CAF,UEFA,0,0,0,1,1691.38,1500.0,191.3800000000001,0.7506,0.3,0.5,-0.2,0.6,1.6,1.5,0.0,6.0,0.0,2.0,0.0,3.0,0.0,5.0,0.0,0.5,0,4.0,4.0,0.0,19,2.0,3.0,2.0,1.0,1.0,0.5,1.5,0.0,0.0,,,,,,,,,,,,,0.0,,,0,0,0,Draw,1,Full Time,,0.0,1.0,30667.0,4.0,1.0,0.0,0.0,0.0,0.0,0.0,0.0,0.0,0.0,0.0,0.0,0.0,0.0,0.0,0.0,0.0,0.0,26.0,26.0,6.435,9.5,6.435,9.5,0.0,0.0,train,tier3
290,1978,Group Stage,1,0,1978-06-10,El Monumental - Estadio Monumental Antonio Vespuci,Italy,Argentina,1,UEFA,CONMEBOL,0,0,1,1,1853.8,2040.35,-186.54999999999995,0.2547,0.6,0.8,-0.2,1.2,1.0,2.0,8.0,6.0,2.0,0.0,3.0,1.0,3.0,1.0,6.62,0.0,1,4.0,4.0,0.0,20,2.0,5.0,2.0,3.0,2.0,1.0,2.5,0.0,0.0,,,,,,,,,,,,,0.0,,,1,0,1,Win,2,Full Time,,0.0,1.0,71712.0,1.0,2.0,0.0,0.0,0.0,0.0,0.0,0.0,0.0,0.0,0.0,0.0,0.0,0.0,0.0,0.0,0.0,0.0,26.0,26.0,6.435,9.5,6.435,9.5,0.0,0.0,train,tier3
290,1978,Group Stage,1,0,1978-06-10,El Monumental - Estadio Monumental Antonio Vespuci,Argentina,Italy,0,CONMEBOL,UEFA,0,1,0,1,2040.35,1853.8,186.54999999999995,0.7453,0.8,0.6,0.2,2.0,0.8,1.2,6.0,8.0,0.0,2.0,1.0,3.0,1.0,3.0,6.67,1.0,1,4.0,4.0,0.0,20,2.0,4.0,2.0,2.0,2.0,1.0,2.0,0.0,0.0,,,,,,,,,,,,,0.0,,,0,1,-1,Loss,0,Full Time,,0.0,1.0,71712.0,2.0,1.0,0.0,0.0,0.0,0.0,0.0,0.0,0.0,0.0,0.0,0.0,0.0,0.0,0.0,0.0,0.0,0.0,26.0,26.0,6.435,9.5,6.435,9.5,0.0,0.0,train,tier3
291,1978,Group Stage,1,0,1978-06-11,Estadio Josï¿½ Marï¿½a Minella,Brazil,Austria,1,CONMEBOL,UEFA,0,0,0,1,1930.75,1817.17,113.57999999999991,0.6579,0.8,0.5,0.3,1.6,0.4,0.8,10.0,3.0,3.0,0.0,3.0,0.0,5.0,2.0,10.9,1.0,1,4.0,4.0,0.0,21,2.0,1.0,1.0,0.0,0.0,0.0,0.5,0.0,0.0,,,,,,,,,,,,,0.0,,,1,0,1,Win,2,Full Time,,1.0,1.0,35221.0,2.0,1.0,0.0,0.0,0.0,0.0,0.0,0.0,0.0,0.0,0.0,0.0,0.0,0.0,0.0,0.0,0.0,0.0,26.0,26.0,6.435,9.5,6.435,9.5,0.0,0.0,train,tier3
291,1978,Group Stage,1,0,1978-06-11,Estadio Josï¿½ Marï¿½a Minella,Austria,Brazil,0,UEFA,CONMEBOL,0,0,0,1,1817.17,1930.75,-113.57999999999991,0.3421,0.5,0.8,-0.3,0.8,0.8,1.6,3.0,10.0,0.0,3.0,0.0,3.0,2.0,5.0,8.67,0.0,1,4.0,4.0,0.0,21,2.0,3.0,1.0,2.0,2.0,1.0,1.5,0.0,0.0,,,,,,,,,,,,,0.0,,,0,1,-1,Loss,0,Full Time,,0.0,1.0,35221.0,1.0,2.0,0.0,0.0,0.0,0.0,0.0,0.0,0.0,0.0,0.0,0.0,0.0,0.0,0.0,0.0,0.0,0.0,26.0,26.0,6.435,9.5,6.435,9.5,0.0,0.0,train,tier3
292,1978,Group Stage,1,0,1978-06-11,Jose Amalfitani,Spain,Sweden,1,UEFA,UEFA,1,0,0,1,1752.57,1611.24,141.32999999999993,0.6929,0.7,0.6,0.1,1.6,0.6,1.2,4.0,6.0,0.0,0.0,0.0,1.0,0.0,2.0,5.0,0.0,1,4.0,4.0,0.0,22,2.0,1.0,2.0,-1.0,0.0,0.0,0.5,0.0,0.0,,,,,,,,,,,,,0.0,,,1,0,1,Win,2,Full Time,,0.0,1.0,42132.0,1.0,1.0,0.0,0.0,0.0,0.0,0.0,0.0,0.0,0.0,0.0,0.0,0.0,0.0,0.0,0.0,0.0,0.0,26.0,26.0,6.435,9.5,6.435,9.5,0.0,0.0,train,tier3
292,1978,Group Stage,1,0,1978-06-11,Jose Amalfitani,Sweden,Spain,0,UEFA,UEFA,1,0,0,1,1611.24,1752.57,-141.32999999999993,0.3071,0.6,0.7,-0.1,1.2,0.8,1.6,6.0,4.0,0.0,0.0,1.0,0.0,2.0,0.0,7.83,1.0,1,4.0,4.0,0.0,22,2.0,1.0,2.0,-1.0,0.0,0.0,0.5,0.0,0.0,,,,,,,,,,,,,0.0,,,0,1,-1,Loss,0,Full Time,,0.0,1.0,42132.0,1.0,1.0,0.0,0.0,0.0,0.0,0.0,0.0,0.0,0.0,0.0,0.0,0.0,0.0,0.0,0.0,0.0,0.0,26.0,26.0,6.435,9.5,6.435,9.5,0.0,0.0,train,tier3
293,1978,Group Stage,1,0,1978-06-11,Estadio Olï¿½mpico Chateau Carreras,Peru,Iran,1,CONMEBOL,AFC,0,0,0,1,1687.5,1837.16,-149.66000000000008,0.297,0.7,0.3,0.4,1.4,1.2,1.0,2.0,0.0,0.0,0.0,0.0,0.0,0.0,0.0,5.0,0.5,0,4.0,4.0,0.0,23,2.0,3.0,1.0,2.0,1.0,0.5,1.5,0.0,0.0,,,,,,,,,,,,,0.0,,,4,1,3,Win,2,Full Time,,3.0,1.0,21262.0,2.0,5.0,0.0,0.0,0.0,0.0,0.0,0.0,0.0,0.0,0.0,0.0,0.0,0.0,0.0,0.0,0.0,0.0,26.0,26.0,6.435,9.5,6.435,9.5,0.0,0.0,train,tier3
293,1978,Group Stage,1,0,1978-06-11,Estadio Olï¿½mpico Chateau Carreras,Iran,Peru,0,AFC,CONMEBOL,0,0,0,1,1837.16,1687.5,149.66000000000008,0.703,0.3,0.7,-0.4,1.0,1.4,1.4,0.0,2.0,0.0,0.0,0.0,0.0,0.0,0.0,0.0,0.5,0,4.0,4.0,0.0,23,0.0,0.0,0.0,0.0,0.0,0.5,0.0,0.0,0.0,,,,,,,,,,,,,0.0,,,1,4,-3,Loss,0,Full Time,,1.0,1.0,21262.0,5.0,2.0,0.0,0.0,0.0,0.0,0.0,0.0,0.0,0.0,0.0,0.0,0.0,0.0,0.0,0.0,0.0,0.0,26.0,26.0,6.435,9.5,6.435,9.5,0.0,0.0,train,tier3
294,1978,Group Stage,1,0,1978-06-11,San Martin,Scotland,Netherlands,1,UEFA,UEFA,1,0,0,1,1789.06,1938.39,-149.33000000000015,0.2974,0.4,1.0,-0.6,1.0,1.4,2.2,3.0,3.0,0.0,0.0,0.0,1.0,0.0,1.0,2.33,0.5,0,4.0,4.0,0.0,24,2.0,2.0,4.0,-2.0,0.0,0.0,1.0,0.0,0.0,,,,,,,,,,,,,0.0,,,3,2,1,Win,2,Full Time,,1.0,1.0,35130.0,1.0,1.0,0.0,0.0,0.0,0.0,0.0,0.0,0.0,0.0,0.0,0.0,0.0,0.0,0.0,0.0,0.0,0.0,26.0,26.0,6.435,9.5,6.435,9.5,0.0,0.0,train,tier3
294,1978,Group Stage,1,0,1978-06-11,San Martin,Netherlands,Scotland,0,UEFA,UEFA,1,0,0,1,1938.39,1789.06,149.33000000000015,0.7026,1.0,0.4,0.6,2.2,0.2,1.0,3.0,3.0,0.0,0.0,1.0,0.0,1.0,0.0,5.67,0.5,0,4.0,4.0,0.0,24,2.0,3.0,0.0,3.0,1.0,0.5,1.5,0.0,0.0,,,,,,,,,,,,,0.0,,,2,3,-1,Loss,0,Full Time,,1.0,1.0,35130.0,1.0,1.0,0.0,0.0,0.0,0.0,0.0,0.0,0.0,0.0,0.0,0.0,0.0,0.0,0.0,0.0,0.0,0.0,26.0,26.0,6.435,9.5,6.435,9.5,0.0,0.0,train,tier3
295,1978,Group Stage,1,0,1978-06-14,El Monumental - Estadio Monumental Antonio Vespuci,Germany FR,Italy,1,UEFA,UEFA,1,0,0,1,1500.0,1853.8,-353.79999999999995,0.1154,0.5,0.6,-0.1,1.5,1.5,1.6,6.0,8.0,2.0,2.0,3.0,3.0,5.0,3.0,14.33,0.5,0,4.0,4.0,0.0,25,3.0,6.0,0.0,6.0,1.0,0.333,2.0,0.0,0.0,,,,,,,,,,,,,0.0,,,0,0,0,Draw,1,Full Time,,0.0,1.0,67547.0,1.0,1.0,0.0,0.0,0.0,0.0,0.0,0.0,0.0,0.0,0.0,0.0,0.0,0.0,0.0,0.0,0.0,0.0,26.0,26.0,6.435,9.5,6.435,9.5,0.0,0.0,train,tier3
295,1978,Group Stage,1,0,1978-06-14,El Monumental - Estadio Monumental Antonio Vespuci,Italy,Germany FR,0,UEFA,UEFA,1,0,0,1,1853.8,1500.0,353.79999999999995,0.8846,0.6,0.5,0.1,1.6,1.2,1.5,8.0,6.0,2.0,2.0,3.0,3.0,3.0,5.0,6.62,0.5,0,4.0,4.0,0.0,25,3.0,6.0,2.0,4.0,3.0,1.0,2.0,0.0,0.0,,,,,,,,,,,,,0.0,,,0,0,0,Draw,1,Full Time,,0.0,1.0,67547.0,1.0,1.0,0.0,0.0,0.0,0.0,0.0,0.0,0.0,0.0,0.0,0.0,0.0,0.0,0.0,0.0,0.0,0.0,26.0,26.0,6.435,9.5,6.435,9.5,0.0,0.0,train,tier3
296,1978,Group Stage,1,0,1978-06-14,Estadio Olï¿½mpico Chateau Carreras,Netherlands,Austria,1,UEFA,UEFA,1,0,0,1,1938.39,1817.17,121.22000000000004,0.6677,0.9,0.6,0.3,2.0,0.2,0.8,3.0,3.0,0.0,0.0,1.0,0.0,1.0,2.0,5.67,0.5,0,3.0,3.0,0.0,26,3.0,5.0,3.0,2.0,1.0,0.333,1.667,0.0,0.0,,,,,,,,,,,,,0.0,,,5,1,4,Win,2,Full Time,,3.0,1.0,25050.0,1.0,1.0,0.0,0.0,0.0,0.0,0.0,0.0,0.0,0.0,0.0,0.0,0.0,0.0,0.0,0.0,0.0,0.0,26.0,26.0,6.435,9.5,6.435,9.5,0.0,0.0,train,tier3
296,1978,Group Stage,1,0,1978-06-14,Estadio Olï¿½mpico Chateau Carreras,Austria,Netherlands,0,UEFA,UEFA,1,0,0,1,1817.17,1938.39,-121.22000000000004,0.3323,0.6,0.9,-0.3,0.8,0.6,2.0,3.0,3.0,0.0,0.0,0.0,1.0,2.0,1.0,8.67,0.5,0,3.0,3.0,0.0,26,3.0,3.0,2.0,1.0,2.0,0.667,1.0,0.0,0.0,,,,,,,,,,,,,0.0,,,1,5,-4,Loss,0,Full Time,,0.0,1.0,25050.0,1.0,1.0,0.0,0.0,0.0,0.0,0.0,0.0,0.0,0.0,0.0,0.0,0.0,0.0,0.0,0.0,0.0,0.0,26.0,26.0,6.435,9.5,6.435,9.5,0.0,0.0,train,tier3
297,1978,Group Stage,1,0,1978-06-14,San Martin,Brazil,Peru,1,CONMEBOL,CONMEBOL,1,0,0,1,1879.2,1731.52,147.68000000000006,0.7006,0.7,0.7,0.0,1.4,0.4,1.2,10.0,2.0,3.0,0.0,3.0,0.0,5.0,0.0,10.9,1.0,1,3.0,3.0,0.0,27,3.0,2.0,1.0,1.0,1.0,0.333,0.667,0.0,0.0,,,,,,,,,,,,,0.0,,,3,0,3,Win,2,Full Time,,2.0,1.0,31278.0,2.0,2.0,0.0,0.0,0.0,0.0,0.0,0.0,0.0,0.0,0.0,0.0,0.0,0.0,0.0,0.0,0.0,0.0,26.0,26.0,6.435,9.5,6.435,9.5,0.0,0.0,train,tier3
297,1978,Group Stage,1,0,1978-06-14,San Martin,Peru,Brazil,0,CONMEBOL,CONMEBOL,1,0,0,1,1731.52,1879.2,-147.68000000000006,0.2994,0.7,0.7,0.0,1.2,1.0,1.4,2.0,10.0,0.0,3.0,0.0,3.0,0.0,5.0,5.0,0.0,1,3.0,3.0,0.0,27,3.0,7.0,2.0,5.0,2.0,0.667,2.333,0.0,0.0,,,,,,,,,,,,,0.0,,,0,3,-3,Loss,0,Full Time,,0.0,1.0,31278.0,2.0,2.0,0.0,0.0,0.0,0.0,0.0,0.0,0.0,0.0,0.0,0.0,0.0,0.0,0.0,0.0,0.0,0.0,26.0,26.0,6.435,9.5,6.435,9.5,0.0,0.0,train,tier3
298,1978,Group Stage,1,0,1978-06-14,Arroyito - Estadio Dr. Lisandro de la Torre,Argentina,Poland,1,CONMEBOL,UEFA,0,1,0,0,1787.14,1810.04,-22.899999999999864,0.4671,0.8,0.9,-0.1,1.8,0.8,2.0,6.0,2.0,0.0,0.0,1.0,0.0,1.0,1.0,6.67,0.0,1,4.0,4.0,0.0,28,3.0,4.0,3.0,1.0,2.0,0.667,1.333,0.0,0.0,,,,,,,,,,,,,0.0,,,2,0,2,Win,2,Full Time,,1.0,1.0,37091.0,2.0,1.0,0.0,0.0,0.0,0.0,0.0,0.0,0.0,0.0,0.0,0.0,0.0,0.0,0.0,0.0,0.0,0.0,26.0,26.0,6.435,9.5,6.435,9.5,0.0,0.0,train,tier3
298,1978,Group Stage,1,0,1978-06-14,Arroyito - Estadio Dr. Lisandro de la Torre,Poland,Argentina,0,UEFA,CONMEBOL,0,0,1,0,1810.04,1787.14,22.899999999999864,0.5329,0.9,0.8,0.1,2.0,0.4,1.8,2.0,6.0,0.0,0.0,0.0,1.0,1.0,1.0,10.5,1.0,1,4.0,4.0,0.0,28,3.0,4.0,1.0,3.0,2.0,0.667,1.333,0.0,0.0,,,,,,,,,,,,,0.0,,,0,2,-2,Loss,0,Full Time,,0.0,1.0,37091.0,1.0,2.0,0.0,0.0,0.0,0.0,0.0,0.0,0.0,0.0,0.0,0.0,0.0,0.0,0.0,0.0,0.0,0.0,26.0,26.0,6.435,9.5,6.435,9.5,0.0,0.0,train,tier3
299,1978,Group Stage,1,0,1978-06-18,San Martin,Poland,Peru,1,UEFA,CONMEBOL,0,0,0,1,1747.32,1687.5,59.819999999999936,0.5852,0.9,0.7,0.2,1.6,0.2,1.8,2.0,2.0,0.0,0.0,0.0,0.0,1.0,0.0,10.5,0.5,0,4.0,4.0,0.0,29,4.0,4.0,3.0,1.0,2.0,0.5,1.0,0.0,0.0,,,,,,,,,,,,,0.0,,,1,0,1,Win,2,Full Time,,0.0,1.0,35288.0,1.0,2.0,0.0,0.0,0.0,0.0,0.0,0.0,0.0,0.0,0.0,0.0,0.0,0.0,0.0,0.0,0.0,0.0,26.0,26.0,6.435,9.5,6.435,9.5,0.0,0.0,train,tier3
299,1978,Group Stage,1,0,1978-06-18,San Martin,Peru,Poland,0,CONMEBOL,UEFA,0,0,0,1,1687.5,1747.32,-59.819999999999936,0.4148,0.7,0.9,-0.2,1.8,1.2,1.6,2.0,2.0,0.0,0.0,0.0,0.0,0.0,1.0,5.0,0.5,0,4.0,4.0,0.0,29,4.0,7.0,5.0,2.0,2.0,0.5,1.75,0.0,0.0,,,,,,,,,,,,,0.0,,,0,1,-1,Loss,0,Full Time,,0.0,1.0,35288.0,2.0,1.0,0.0,0.0,0.0,0.0,0.0,0.0,0.0,0.0,0.0,0.0,0.0,0.0,0.0,0.0,0.0,0.0,26.0,26.0,6.435,9.5,6.435,9.5,0.0,0.0,train,tier3
300,1978,Group Stage,1,0,1978-06-18,El Monumental - Estadio Monumental Antonio Vespuci,Italy,Austria,1,UEFA,UEFA,1,0,0,1,1853.8,1817.17,36.62999999999988,0.5525,0.8,0.6,0.2,1.6,0.8,0.8,8.0,3.0,2.0,0.0,3.0,0.0,3.0,2.0,6.62,1.0,1,4.0,4.0,0.0,30,4.0,6.0,2.0,4.0,3.0,0.75,1.5,0.0,0.0,,,,,,,,,,,,,0.0,,,1,0,1,Win,2,Full Time,,1.0,1.0,66695.0,1.0,1.0,0.0,0.0,0.0,0.0,0.0,0.0,0.0,0.0,0.0,0.0,0.0,0.0,0.0,0.0,0.0,0.0,26.0,26.0,6.435,9.5,6.435,9.5,0.0,0.0,train,tier3
300,1978,Group Stage,1,0,1978-06-18,El Monumental - Estadio Monumental Antonio Vespuci,Austria,Italy,0,UEFA,UEFA,1,0,0,1,1817.17,1853.8,-36.62999999999988,0.4475,0.6,0.8,-0.2,0.8,0.6,1.6,3.0,8.0,0.0,2.0,0.0,3.0,2.0,3.0,8.67,0.0,1,4.0,4.0,0.0,30,4.0,4.0,7.0,-3.0,2.0,0.5,1.0,0.0,0.0,,,,,,,,,,,,,0.0,,,0,1,-1,Loss,0,Full Time,,0.0,1.0,66695.0,1.0,1.0,0.0,0.0,0.0,0.0,0.0,0.0,0.0,0.0,0.0,0.0,0.0,0.0,0.0,0.0,0.0,0.0,26.0,26.0,6.435,9.5,6.435,9.5,0.0,0.0,train,tier3
301,1978,Group Stage,1,0,1978-06-18,Estadio Olï¿½mpico Chateau Carreras,Germany FR,Netherlands,1,UEFA,UEFA,1,0,0,1,1500.0,1938.39,-438.3900000000001,0.0742,0.5,0.7,-0.2,1.5,1.5,2.0,6.0,3.0,2.0,0.0,3.0,1.0,5.0,1.0,14.33,0.5,0,4.0,4.0,0.0,31,4.0,6.0,0.0,6.0,1.0,0.25,1.5,0.0,0.0,,,,,,,,,,,,,0.0,,,2,2,0,Draw,1,Full Time,,1.0,1.0,40750.0,1.0,1.0,0.0,0.0,0.0,0.0,0.0,0.0,0.0,0.0,0.0,0.0,0.0,0.0,0.0,0.0,0.0,0.0,26.0,26.0,6.435,9.5,6.435,9.5,0.0,0.0,train,tier3
301,1978,Group Stage,1,0,1978-06-18,Estadio Olï¿½mpico Chateau Carreras,Netherlands,Germany FR,0,UEFA,UEFA,1,0,0,1,1938.39,1500.0,438.3900000000001,0.9258,0.7,0.5,0.2,2.0,0.6,1.5,3.0,6.0,0.0,2.0,1.0,3.0,1.0,5.0,5.67,0.5,0,4.0,4.0,0.0,31,4.0,10.0,4.0,6.0,2.0,0.5,2.5,0.0,0.0,,,,,,,,,,,,,0.0,,,2,2,0,Draw,1,Full Time,,1.0,1.0,40750.0,1.0,1.0,0.0,0.0,0.0,0.0,0.0,0.0,0.0,0.0,0.0,0.0,0.0,0.0,0.0,0.0,0.0,0.0,26.0,26.0,6.435,9.5,6.435,9.5,0.0,0.0,train,tier3
302,1978,Group Stage,1,0,1978-06-18,Arroyito - Estadio Dr. Lisandro de la Torre,Argentina,Brazil,1,CONMEBOL,CONMEBOL,1,1,0,0,1819.11,1897.16,-78.05000000000018,0.3895,0.6,0.8,-0.2,1.4,1.0,1.4,6.0,10.0,0.0,3.0,1.0,3.0,1.0,5.0,6.67,0.0,1,4.0,4.0,0.0,32,4.0,6.0,3.0,3.0,3.0,0.75,1.5,0.0,0.0,,,,,,,,,,,,,0.0,,,0,0,0,Draw,1,Full Time,,0.0,1.0,37326.0,2.0,2.0,0.0,0.0,0.0,0.0,0.0,0.0,0.0,0.0,0.0,0.0,0.0,0.0,0.0,0.0,0.0,0.0,26.0,26.0,6.435,9.5,6.435,9.5,0.0,0.0,train,tier3
302,1978,Group Stage,1,0,1978-06-18,Arroyito - Estadio Dr. Lisandro de la Torre,Brazil,Argentina,0,CONMEBOL,CONMEBOL,1,0,1,0,1897.16,1819.11,78.05000000000018,0.6105,0.8,0.6,0.2,1.4,0.2,1.4,10.0,6.0,3.0,0.0,3.0,1.0,5.0,1.0,10.9,1.0,1,4.0,4.0,0.0,32,4.0,5.0,1.0,4.0,2.0,0.5,1.25,0.0,0.0,,,,,,,,,,,,,0.0,,,0,0,0,Draw,1,Full Time,,0.0,1.0,37326.0,2.0,2.0,0.0,0.0,0.0,0.0,0.0,0.0,0.0,0.0,0.0,0.0,0.0,0.0,0.0,0.0,0.0,0.0,26.0,26.0,6.435,9.5,6.435,9.5,0.0,0.0,train,tier3
303,1978,Group Stage,1,0,1978-06-21,El Monumental - Estadio Monumental Antonio Vespuci,Netherlands,Italy,1,UEFA,UEFA,1,0,0,1,1938.39,1853.8,84.59000000000015,0.6194,0.7,0.8,-0.1,2.2,0.8,1.2,3.0,8.0,0.0,2.0,1.0,3.0,1.0,3.0,5.67,0.5,0,3.0,3.0,0.0,33,5.0,12.0,6.0,6.0,2.0,0.4,2.4,0.0,0.0,,,,,,,,,,,,,0.0,,,2,1,1,Win,2,Full Time,,0.0,1.0,67433.0,1.0,1.0,0.0,0.0,0.0,0.0,0.0,0.0,0.0,0.0,0.0,0.0,0.0,0.0,0.0,0.0,0.0,0.0,26.0,26.0,6.435,9.5,6.435,9.5,0.0,0.0,train,tier3
303,1978,Group Stage,1,0,1978-06-21,El Monumental - Estadio Monumental Antonio Vespuci,Italy,Netherlands,0,UEFA,UEFA,1,0,0,1,1853.8,1938.39,-84.59000000000015,0.3806,0.8,0.7,0.1,1.2,0.4,2.2,8.0,3.0,2.0,0.0,3.0,1.0,3.0,1.0,6.62,0.5,0,3.0,3.0,0.0,33,5.0,7.0,2.0,5.0,4.0,0.8,1.4,0.0,0.0,,,,,,,,,,,,,0.0,,,1,2,-1,Loss,0,Full Time,,1.0,1.0,67433.0,1.0,1.0,0.0,0.0,0.0,0.0,0.0,0.0,0.0,0.0,0.0,0.0,0.0,0.0,0.0,0.0,0.0,0.0,26.0,26.0,6.435,9.5,6.435,9.5,0.0,0.0,train,tier3
304,1978,Group Stage,1,0,1978-06-21,Estadio Olï¿½mpico Chateau Carreras,Austria,Germany FR,1,UEFA,UEFA,1,0,0,1,1817.17,1500.0,317.1700000000001,0.8613,0.4,0.5,-0.1,0.8,1.6,1.5,3.0,6.0,0.0,2.0,0.0,3.0,2.0,5.0,8.67,0.5,0,3.0,3.0,0.0,34,5.0,4.0,8.0,-4.0,2.0,0.4,0.8,0.0,0.0,,,,,,,,,,,,,0.0,,,3,2,1,Win,2,Full Time,,0.0,1.0,38318.0,1.0,1.0,0.0,0.0,0.0,0.0,0.0,0.0,0.0,0.0,0.0,0.0,0.0,0.0,0.0,0.0,0.0,0.0,26.0,26.0,6.435,9.5,6.435,9.5,0.0,0.0,train,tier3
304,1978,Group Stage,1,0,1978-06-21,Estadio Olï¿½mpico Chateau Carreras,Germany FR,Austria,0,UEFA,UEFA,1,0,0,1,1500.0,1817.17,-317.1700000000001,0.1387,0.5,0.4,0.1,1.5,1.5,0.8,6.0,3.0,2.0,0.0,3.0,0.0,5.0,2.0,14.33,0.5,0,3.0,3.0,0.0,34,5.0,8.0,2.0,6.0,1.0,0.2,1.6,0.0,0.0,,,,,,,,,,,,,0.0,,,2,3,-1,Loss,0,Full Time,,1.0,1.0,38318.0,1.0,1.0,0.0,0.0,0.0,0.0,0.0,0.0,0.0,0.0,0.0,0.0,0.0,0.0,0.0,0.0,0.0,0.0,26.0,26.0,6.435,9.5,6.435,9.5,0.0,0.0,train,tier3
305,1978,Group Stage,1,0,1978-06-21,San Martin,Brazil,Poland,1,CONMEBOL,UEFA,0,0,0,1,1890.53,1802.56,87.97000000000003,0.624,0.8,0.7,0.1,1.4,0.2,1.0,10.0,2.0,3.0,0.0,3.0,0.0,5.0,1.0,10.9,0.5,2,3.0,3.0,0.0,35,5.0,5.0,1.0,4.0,2.0,0.4,1.0,0.0,0.0,,,,,,,,,,,,,0.0,,,3,1,2,Win,2,Full Time,,1.0,1.0,39586.0,2.0,1.0,0.0,0.0,0.0,0.0,0.0,0.0,0.0,0.0,0.0,0.0,0.0,0.0,0.0,0.0,0.0,0.0,26.0,26.0,6.435,9.5,6.435,9.5,0.0,0.0,train,tier3
305,1978,Group Stage,1,0,1978-06-21,San Martin,Poland,Brazil,0,UEFA,CONMEBOL,0,0,0,1,1802.56,1890.53,-87.97000000000003,0.376,0.7,0.8,-0.1,1.0,0.6,1.4,2.0,10.0,0.0,3.0,0.0,3.0,1.0,5.0,10.5,0.5,2,3.0,3.0,0.0,35,5.0,5.0,3.0,2.0,3.0,0.6,1.0,0.0,0.0,,,,,,,,,,,,,0.0,,,1,3,-2,Loss,0,Full Time,,1.0,1.0,39586.0,1.0,2.0,0.0,0.0,0.0,0.0,0.0,0.0,0.0,0.0,0.0,0.0,0.0,0.0,0.0,0.0,0.0,0.0,26.0,26.0,6.435,9.5,6.435,9.5,0.0,0.0,train,tier3
306,1978,Group Stage,1,0,1978-06-21,Arroyito - Estadio Dr. Lisandro de la Torre,Argentina,Peru,1,CONMEBOL,CONMEBOL,1,1,0,0,1825.74,1689.07,136.67000000000007,0.6871,0.8,0.5,0.3,1.8,0.6,1.4,6.0,2.0,0.0,0.0,1.0,0.0,1.0,0.0,6.67,0.5,0,3.0,3.0,0.0,36,5.0,6.0,3.0,3.0,3.0,0.6,1.2,0.0,0.0,,,,,,,,,,,,,0.0,,,6,0,6,Win,2,Full Time,,2.0,1.0,37315.0,2.0,2.0,0.0,0.0,0.0,0.0,0.0,0.0,0.0,0.0,0.0,0.0,0.0,0.0,0.0,0.0,0.0,0.0,26.0,26.0,6.435,9.5,6.435,9.5,0.0,0.0,train,tier3
306,1978,Group Stage,1,0,1978-06-21,Arroyito - Estadio Dr. Lisandro de la Torre,Peru,Argentina,0,CONMEBOL,CONMEBOL,1,0,1,0,1689.07,1825.74,-136.67000000000007,0.3129,0.5,0.8,-0.3,1.4,1.6,1.8,2.0,6.0,0.0,0.0,0.0,1.0,0.0,1.0,5.0,0.5,0,3.0,3.0,0.0,36,5.0,7.0,6.0,1.0,2.0,0.4,1.4,0.0,0.0,,,,,,,,,,,,,0.0,,,0,6,-6,Loss,0,Full Time,,0.0,1.0,37315.0,2.0,2.0,0.0,0.0,0.0,0.0,0.0,0.0,0.0,0.0,0.0,0.0,0.0,0.0,0.0,0.0,0.0,0.0,26.0,26.0,6.435,9.5,6.435,9.5,0.0,0.0,train,tier3
307,1978,Third Place,4,1,1978-06-24,El Monumental - Estadio Monumental Antonio Vespuci,Brazil,Italy,1,CONMEBOL,UEFA,0,0,0,1,1913.09,1824.28,88.80999999999995,0.6251,0.7,0.9,-0.2,1.0,0.2,1.4,10.0,8.0,3.0,2.0,3.0,3.0,5.0,3.0,10.9,0.5,2,3.0,3.0,0.0,37,6.0,8.0,2.0,6.0,3.0,0.5,1.333,0.0,0.0,,,,,,,,,,,,,0.0,,,2,1,1,Win,2,Full Time,,0.0,1.0,69659.0,2.0,1.0,0.0,0.0,0.0,0.0,0.0,0.0,0.0,0.0,0.0,0.0,0.0,0.0,0.0,0.0,0.0,0.0,26.0,26.0,6.435,9.5,6.435,9.5,0.0,0.0,train,tier3
307,1978,Third Place,4,1,1978-06-24,El Monumental - Estadio Monumental Antonio Vespuci,Italy,Brazil,0,UEFA,CONMEBOL,0,0,0,1,1824.28,1913.09,-88.80999999999995,0.3749,0.9,0.7,0.2,1.4,0.4,1.0,8.0,10.0,2.0,3.0,3.0,3.0,3.0,5.0,6.62,0.5,2,3.0,3.0,0.0,37,6.0,8.0,4.0,4.0,4.0,0.667,1.333,0.0,0.0,,,,,,,,,,,,,0.0,,,1,2,-1,Loss,0,Full Time,,1.0,1.0,69659.0,1.0,2.0,0.0,0.0,0.0,0.0,0.0,0.0,0.0,0.0,0.0,0.0,0.0,0.0,0.0,0.0,0.0,0.0,26.0,26.0,6.435,9.5,6.435,9.5,0.0,0.0,train,tier3
308,1978,Final,5,1,1978-06-25,El Monumental - Estadio Monumental Antonio Vespuci,Argentina,Netherlands,1,CONMEBOL,UEFA,0,1,0,0,1844.51,1893.24,-48.73000000000002,0.4303,0.7,0.6,0.1,1.2,0.6,2.4,6.0,3.0,0.0,0.0,1.0,1.0,1.0,1.0,6.67,0.0,1,4.0,4.0,0.0,38,6.0,12.0,3.0,9.0,4.0,0.667,2.0,0.0,0.0,,,,,,,,,,,,,0.0,,,3,1,2,Win,2,Extra Time,,0.0,1.0,71483.0,2.0,1.0,0.0,0.0,0.0,0.0,0.0,0.0,0.0,0.0,0.0,0.0,0.0,0.0,0.0,0.0,0.0,0.0,26.0,26.0,6.435,9.5,6.435,9.5,0.0,0.0,train,tier3
308,1978,Final,5,1,1978-06-25,El Monumental - Estadio Monumental Antonio Vespuci,Netherlands,Argentina,0,UEFA,CONMEBOL,0,0,1,0,1893.24,1844.51,48.73000000000002,0.5697,0.6,0.7,-0.1,2.4,1.2,1.2,3.0,6.0,0.0,0.0,1.0,1.0,1.0,1.0,5.67,1.0,1,4.0,4.0,0.0,38,6.0,14.0,7.0,7.0,3.0,0.5,2.333,0.0,0.0,,,,,,,,,,,,,0.0,,,1,3,-2,Loss,0,Extra Time,,0.0,1.0,71483.0,1.0,2.0,0.0,0.0,0.0,0.0,0.0,0.0,0.0,0.0,0.0,0.0,0.0,0.0,0.0,0.0,0.0,0.0,26.0,26.0,6.435,9.5,6.435,9.5,0.0,0.0,train,tier3
309,1982,Group Stage,1,0,1982-06-13,Camp Nou,Argentina,Belgium,1,CONMEBOL,UEFA,0,0,0,1,1828.73,1736.42,92.30999999999996,0.6298,0.6,0.6,0.0,1.0,0.8,1.6,7.0,5.0,1.0,0.0,2.0,0.0,2.0,0.0,7.86,0.5,0,4.0,4.0,0.0,1,0.0,0.0,0.0,0.0,0.0,0.5,0.0,0.0,0.0,,,,,,,,,,,,,0.0,,,0,1,-1,Loss,0,Full Time,,0.0,1.0,95000.0,2.0,1.0,0.0,0.0,0.0,0.0,0.0,0.0,0.0,0.0,0.0,0.0,0.0,0.0,0.0,0.0,0.0,0.0,26.0,26.0,6.435,9.5,6.435,9.5,0.0,0.0,train,tier3
309,1982,Group Stage,1,0,1982-06-13,Camp Nou,Belgium,Argentina,0,UEFA,CONMEBOL,0,0,0,1,1736.42,1828.73,-92.30999999999996,0.3702,0.6,0.6,0.0,1.6,1.4,1.0,5.0,7.0,0.0,1.0,0.0,2.0,0.0,2.0,2.4,0.5,0,4.0,4.0,0.0,1,0.0,0.0,0.0,0.0,0.0,0.5,0.0,0.0,0.0,,,,,,,,,,,,,0.0,,,1,0,1,Win,2,Full Time,,0.0,1.0,95000.0,1.0,2.0,0.0,0.0,0.0,0.0,0.0,0.0,0.0,0.0,0.0,0.0,0.0,0.0,0.0,0.0,0.0,0.0,26.0,26.0,6.435,9.5,6.435,9.5,0.0,0.0,train,tier3
310,1982,Group Stage,1,0,1982-06-14,Estadio Municipal de Balaï¿½dos,Italy,Poland,1,UEFA,UEFA,1,0,0,1,1739.73,1794.63,-54.90000000000009,0.4216,0.4,0.6,-0.2,0.6,1.0,2.2,9.0,3.0,2.0,0.0,3.0,0.0,4.0,1.0,6.89,0.0,1,4.0,4.0,0.0,2,0.0,0.0,0.0,0.0,0.0,0.5,0.0,0.0,0.0,,,,,,,,,,,,,0.0,,,0,0,0,Draw,1,Full Time,,0.0,1.0,33000.0,1.0,1.0,0.0,0.0,0.0,0.0,0.0,0.0,0.0,0.0,0.0,0.0,0.0,0.0,0.0,0.0,0.0,0.0,26.0,26.0,6.435,9.5,6.435,9.5,0.0,0.0,train,tier3
310,1982,Group Stage,1,0,1982-06-14,Estadio Municipal de Balaï¿½dos,Poland,Italy,0,UEFA,UEFA,1,0,0,1,1794.63,1739.73,54.90000000000009,0.5784,0.6,0.4,0.2,2.2,1.4,0.6,3.0,9.0,0.0,2.0,0.0,3.0,1.0,4.0,9.0,1.0,1,4.0,4.0,0.0,2,0.0,0.0,0.0,0.0,0.0,0.5,0.0,0.0,0.0,,,,,,,,,,,,,0.0,,,0,0,0,Draw,1,Full Time,,0.0,1.0,33000.0,1.0,1.0,0.0,0.0,0.0,0.0,0.0,0.0,0.0,0.0,0.0,0.0,0.0,0.0,0.0,0.0,0.0,0.0,26.0,26.0,6.435,9.5,6.435,9.5,0.0,0.0,train,tier3
311,1982,Group Stage,1,0,1982-06-14,Ramon Sanchez Pizjuan,Brazil,Soviet Union,1,CONMEBOL,UEFA,0,0,0,1,1930.75,1500.0,430.75,0.9227,0.8,0.5,0.3,1.8,0.8,1.5,11.0,4.0,3.0,0.0,3.0,0.0,6.0,1.0,10.82,0.5,0,4.0,4.0,0.0,3,0.0,0.0,0.0,0.0,0.0,0.5,0.0,0.0,0.0,,,,,,,,,,,,,0.0,,,2,1,1,Win,2,Full Time,,0.0,1.0,68000.0,2.0,1.0,0.0,0.0,0.0,0.0,0.0,0.0,0.0,0.0,0.0,0.0,0.0,0.0,0.0,0.0,0.0,0.0,26.0,26.0,6.435,9.5,6.435,9.5,0.0,0.0,train,tier3
311,1982,Group Stage,1,0,1982-06-14,Ramon Sanchez Pizjuan,Soviet Union,Brazil,0,UEFA,CONMEBOL,0,0,0,1,1500.0,1930.75,-430.75,0.0773,0.5,0.8,-0.3,1.5,1.5,1.8,4.0,11.0,0.0,3.0,0.0,3.0,1.0,6.0,7.5,0.5,0,4.0,4.0,0.0,3,0.0,0.0,0.0,0.0,0.0,0.5,0.0,0.0,0.0,,,,,,,,,,,,,0.0,,,1,2,-1,Loss,0,Full Time,,1.0,1.0,68000.0,1.0,2.0,0.0,0.0,0.0,0.0,0.0,0.0,0.0,0.0,0.0,0.0,0.0,0.0,0.0,0.0,0.0,0.0,26.0,26.0,6.435,9.5,6.435,9.5,0.0,0.0,train,tier3
312,1982,Group Stage,1,0,1982-06-15,Riazor,Peru,Cameroon,1,CONMEBOL,CAF,0,0,0,1,1656.4,1668.7,-12.299999999999956,0.4823,0.7,0.6,0.1,1.2,0.8,0.8,3.0,0.0,0.0,0.0,0.0,0.0,0.0,0.0,5.67,0.5,0,4.0,4.0,0.0,4,0.0,0.0,0.0,0.0,0.0,0.5,0.0,0.0,0.0,,,,,,,,,,,,,0.0,,,0,0,0,Draw,1,Full Time,,0.0,1.0,11000.0,2.0,4.0,0.0,0.0,0.0,0.0,0.0,0.0,0.0,0.0,0.0,0.0,0.0,0.0,0.0,0.0,0.0,0.0,26.0,26.0,6.435,9.5,6.435,9.5,0.0,0.0,train,tier3
312,1982,Group Stage,1,0,1982-06-15,Riazor,Cameroon,Peru,0,CAF,CONMEBOL,0,0,0,1,1668.7,1656.4,12.299999999999956,0.5177,0.6,0.7,-0.1,0.8,0.6,1.2,0.0,3.0,0.0,0.0,0.0,0.0,0.0,0.0,0.0,0.5,0,4.0,4.0,0.0,4,0.0,0.0,0.0,0.0,0.0,0.5,0.0,0.0,0.0,,,,,,,,,,,,,0.0,,,0,0,0,Draw,1,Full Time,,0.0,1.0,11000.0,4.0,2.0,0.0,0.0,0.0,0.0,0.0,0.0,0.0,0.0,0.0,0.0,0.0,0.0,0.0,0.0,0.0,0.0,26.0,26.0,6.435,9.5,6.435,9.5,0.0,0.0,train,tier3
313,1982,Group Stage,1,0,1982-06-15,Nuevo Estadio,Hungary,El Salvador,1,UEFA,CONCACAF,0,0,0,1,1654.69,1580.58,74.11000000000013,0.6051,0.6,0.8,-0.2,2.0,1.4,1.0,7.0,1.0,0.0,0.0,2.0,0.0,2.0,0.0,10.43,0.5,0,4.0,4.0,0.0,5,0.0,0.0,0.0,0.0,0.0,0.5,0.0,0.0,0.0,,,,,,,,,,,,,0.0,,,10,1,9,Win,2,Full Time,,3.0,1.0,23000.0,1.0,3.0,0.0,0.0,0.0,0.0,0.0,0.0,0.0,0.0,0.0,0.0,0.0,0.0,0.0,0.0,0.0,0.0,26.0,26.0,6.435,9.5,6.435,9.5,0.0,0.0,train,tier3
313,1982,Group Stage,1,0,1982-06-15,Nuevo Estadio,El Salvador,Hungary,0,CONCACAF,UEFA,0,0,0,1,1580.58,1654.69,-74.11000000000013,0.3949,0.8,0.6,0.2,1.0,0.4,2.0,1.0,7.0,0.0,0.0,0.0,2.0,0.0,2.0,0.0,0.5,0,4.0,4.0,0.0,5,0.0,0.0,0.0,0.0,0.0,0.5,0.0,0.0,0.0,,,,,,,,,,,,,0.0,,,1,10,-9,Loss,0,Full Time,,0.0,1.0,23000.0,3.0,1.0,0.0,0.0,0.0,0.0,0.0,0.0,0.0,0.0,0.0,0.0,0.0,0.0,0.0,0.0,0.0,0.0,26.0,26.0,6.435,9.5,6.435,9.5,0.0,0.0,train,tier3
314,1982,Group Stage,1,0,1982-06-15,La Rosaleda,Scotland,New Zealand,1,UEFA,OFC,0,0,0,1,1682.9,1681.2,1.7000000000000457,0.5024,0.5,0.6,-0.1,1.0,1.4,2.4,4.0,0.0,0.0,0.0,0.0,0.0,0.0,0.0,3.0,0.5,0,4.0,4.0,0.0,6,0.0,0.0,0.0,0.0,0.0,0.5,0.0,0.0,0.0,,,,,,,,,,,,,0.0,,,5,2,3,Win,2,Full Time,,3.0,1.0,36000.0,1.0,6.0,0.0,0.0,0.0,0.0,0.0,0.0,0.0,0.0,0.0,0.0,0.0,0.0,0.0,0.0,0.0,0.0,26.0,26.0,6.435,9.5,6.435,9.5,0.0,0.0,train,tier3
314,1982,Group Stage,1,0,1982-06-15,La Rosaleda,New Zealand,Scotland,0,OFC,UEFA,0,0,0,1,1681.2,1682.9,-1.7000000000000457,0.4976,0.6,0.5,0.1,2.4,1.4,1.0,0.0,4.0,0.0,0.0,0.0,0.0,0.0,0.0,0.0,0.5,0,4.0,4.0,0.0,6,0.0,0.0,0.0,0.0,0.0,0.5,0.0,0.0,0.0,,,,,,,,,,,,,0.0,,,2,5,-3,Loss,0,Full Time,,0.0,1.0,36000.0,6.0,1.0,0.0,0.0,0.0,0.0,0.0,0.0,0.0,0.0,0.0,0.0,0.0,0.0,0.0,0.0,0.0,0.0,26.0,26.0,6.435,9.5,6.435,9.5,0.0,0.0,train,tier3
315,1982,Group Stage,1,0,1982-06-16,El Molinon,Germany FR,Algeria,1,UEFA,CAF,0,0,0,1,1500.0,1808.9,-308.9000000000001,0.1445,0.5,0.4,0.1,1.5,1.5,1.0,7.0,0.0,2.0,0.0,3.0,0.0,5.0,0.0,13.71,0.5,0,4.0,4.0,0.0,7,0.0,0.0,0.0,0.0,0.0,0.5,0.0,0.0,0.0,,,,,,,,,,,,,0.0,,,1,2,-1,Loss,0,Full Time,,0.0,1.0,42000.0,1.0,4.0,0.0,0.0,0.0,0.0,0.0,0.0,0.0,0.0,0.0,0.0,0.0,0.0,0.0,0.0,0.0,0.0,26.0,26.0,6.435,9.5,6.435,9.5,0.0,0.0,train,tier3
315,1982,Group Stage,1,0,1982-06-16,El Molinon,Algeria,Germany FR,0,CAF,UEFA,0,0,0,1,1808.9,1500.0,308.9000000000001,0.8555,0.4,0.5,-0.1,1.0,1.4,1.5,0.0,7.0,0.0,2.0,0.0,3.0,0.0,5.0,0.0,0.5,0,4.0,4.0,0.0,7,0.0,0.0,0.0,0.0,0.0,0.5,0.0,0.0,0.0,,,,,,,,,,,,,0.0,,,2,1,1,Win,2,Full Time,,0.0,1.0,42000.0,4.0,1.0,0.0,0.0,0.0,0.0,0.0,0.0,0.0,0.0,0.0,0.0,0.0,0.0,0.0,0.0,0.0,0.0,26.0,26.0,6.435,9.5,6.435,9.5,0.0,0.0,train,tier3
316,1982,Group Stage,1,0,1982-06-16,San Mames,England,France,1,UEFA,UEFA,1,0,0,1,1736.05,1701.07,34.98000000000002,0.5502,0.9,0.8,0.1,1.8,0.2,2.4,6.0,7.0,1.0,0.0,1.0,0.0,1.0,1.0,5.67,1.0,1,4.0,4.0,0.0,8,0.0,0.0,0.0,0.0,0.0,0.5,0.0,0.0,0.0,,,,,,,,,,,,,0.0,,,3,1,2,Win,2,Full Time,,1.0,1.0,44172.0,1.0,1.0,0.0,0.0,0.0,0.0,0.0,0.0,0.0,0.0,0.0,0.0,0.0,0.0,0.0,0.0,0.0,0.0,26.0,26.0,6.435,9.5,6.435,9.5,0.0,0.0,train,tier3
316,1982,Group Stage,1,0,1982-06-16,San Mames,France,England,0,UEFA,UEFA,1,0,0,1,1701.07,1736.05,-34.98000000000002,0.4498,0.8,0.9,-0.1,2.4,0.2,1.8,7.0,6.0,0.0,1.0,0.0,1.0,1.0,1.0,6.14,0.0,1,4.0,4.0,0.0,8,0.0,0.0,0.0,0.0,0.0,0.5,0.0,0.0,0.0,,,,,,,,,,,,,0.0,,,1,3,-2,Loss,0,Full Time,,1.0,1.0,44172.0,1.0,1.0,0.0,0.0,0.0,0.0,0.0,0.0,0.0,0.0,0.0,0.0,0.0,0.0,0.0,0.0,0.0,0.0,26.0,26.0,6.435,9.5,6.435,9.5,0.0,0.0,train,tier3
317,1982,Group Stage,1,0,1982-06-16,Luis Casanova,Spain,Honduras,1,UEFA,CONCACAF,0,1,0,0,1708.21,1601.7,106.51,0.6487,0.9,0.5,0.4,2.4,0.6,0.6,5.0,0.0,0.0,0.0,0.0,0.0,0.0,0.0,4.4,0.5,0,4.0,4.0,0.0,9,0.0,0.0,0.0,0.0,0.0,0.5,0.0,0.0,0.0,,,,,,,,,,,,,0.0,,,1,1,0,Draw,1,Full Time,,0.0,1.0,49562.0,1.0,3.0,0.0,0.0,0.0,0.0,0.0,0.0,0.0,0.0,0.0,0.0,0.0,0.0,0.0,0.0,0.0,0.0,26.0,26.0,6.435,9.5,6.435,9.5,0.0,0.0,train,tier3
317,1982,Group Stage,1,0,1982-06-16,Luis Casanova,Honduras,Spain,0,CONCACAF,UEFA,0,0,1,0,1601.7,1708.21,-106.51,0.3513,0.5,0.9,-0.4,0.6,0.6,2.4,0.0,5.0,0.0,0.0,0.0,0.0,0.0,0.0,0.0,0.5,0,4.0,4.0,0.0,9,0.0,0.0,0.0,0.0,0.0,0.5,0.0,0.0,0.0,,,,,,,,,,,,,0.0,,,1,1,0,Draw,1,Full Time,,1.0,1.0,49562.0,3.0,1.0,0.0,0.0,0.0,0.0,0.0,0.0,0.0,0.0,0.0,0.0,0.0,0.0,0.0,0.0,0.0,0.0,26.0,26.0,6.435,9.5,6.435,9.5,0.0,0.0,train,tier3
318,1982,Group Stage,1,0,1982-06-17,Carlos Tartiere,Chile,Austria,1,CONMEBOL,UEFA,0,0,0,1,1663.5,1760.09,-96.58999999999992,0.3645,0.6,0.6,0.0,0.8,0.6,1.2,5.0,4.0,0.0,0.0,0.0,0.0,1.0,2.0,4.6,0.5,0,4.0,4.0,0.0,10,0.0,0.0,0.0,0.0,0.0,0.5,0.0,0.0,0.0,,,,,,,,,,,,,0.0,,,0,1,-1,Loss,0,Full Time,,0.0,1.0,22500.0,2.0,1.0,0.0,0.0,0.0,0.0,0.0,0.0,0.0,0.0,0.0,0.0,0.0,0.0,0.0,0.0,0.0,0.0,26.0,26.0,6.435,9.5,6.435,9.5,0.0,0.0,train,tier3
318,1982,Group Stage,1,0,1982-06-17,Carlos Tartiere,Austria,Chile,0,UEFA,CONMEBOL,0,0,0,1,1760.09,1663.5,96.58999999999992,0.6355,0.6,0.6,0.0,1.2,1.2,0.8,4.0,5.0,0.0,0.0,0.0,0.0,2.0,1.0,8.25,0.5,0,4.0,4.0,0.0,10,0.0,0.0,0.0,0.0,0.0,0.5,0.0,0.0,0.0,,,,,,,,,,,,,0.0,,,1,0,1,Win,2,Full Time,,1.0,1.0,22500.0,1.0,2.0,0.0,0.0,0.0,0.0,0.0,0.0,0.0,0.0,0.0,0.0,0.0,0.0,0.0,0.0,0.0,0.0,26.0,26.0,6.435,9.5,6.435,9.5,0.0,0.0,train,tier3
319,1982,Group Stage,1,0,1982-06-17,Jose Zorrilla,Czechoslovakia,Kuwait,1,UEFA,AFC,0,0,0,1,1689.64,1744.23,-54.58999999999992,0.4221,0.5,0.9,-0.4,1.0,1.0,1.4,6.0,0.0,0.0,0.0,2.0,0.0,2.0,0.0,5.33,0.5,0,4.0,4.0,0.0,11,0.0,0.0,0.0,0.0,0.0,0.5,0.0,0.0,0.0,,,,,,,,,,,,,0.0,,,1,1,0,Draw,1,Full Time,,1.0,1.0,25000.0,1.0,5.0,0.0,0.0,0.0,0.0,0.0,0.0,0.0,0.0,0.0,0.0,0.0,0.0,0.0,0.0,0.0,0.0,26.0,26.0,6.435,9.5,6.435,9.5,0.0,0.0,train,tier3
319,1982,Group Stage,1,0,1982-06-17,Jose Zorrilla,Kuwait,Czechoslovakia,0,AFC,UEFA,0,0,0,1,1744.23,1689.64,54.58999999999992,0.5779,0.9,0.5,0.4,1.4,0.0,1.0,0.0,6.0,0.0,0.0,0.0,2.0,0.0,2.0,0.0,0.5,0,4.0,4.0,0.0,11,0.0,0.0,0.0,0.0,0.0,0.5,0.0,0.0,0.0,,,,,,,,,,,,,0.0,,,1,1,0,Draw,1,Full Time,,0.0,1.0,25000.0,5.0,1.0,0.0,0.0,0.0,0.0,0.0,0.0,0.0,0.0,0.0,0.0,0.0,0.0,0.0,0.0,0.0,0.0,26.0,26.0,6.435,9.5,6.435,9.5,0.0,0.0,train,tier3
320,1982,Group Stage,1,0,1982-06-17,La Romareda,Yugoslavia,Northern Ireland,1,UEFA,UEFA,1,0,0,1,1769.75,1611.23,158.51999999999998,0.7135,0.9,0.4,0.5,3.0,0.8,0.4,6.0,1.0,0.0,0.0,0.0,0.0,2.0,0.0,7.5,0.5,0,4.0,4.0,0.0,12,0.0,0.0,0.0,0.0,0.0,0.5,0.0,0.0,0.0,,,,,,,,,,,,,0.0,,,0,0,0,Draw,1,Full Time,,0.0,1.0,25000.0,1.0,1.0,0.0,0.0,0.0,0.0,0.0,0.0,0.0,0.0,0.0,0.0,0.0,0.0,0.0,0.0,0.0,0.0,26.0,26.0,6.435,9.5,6.435,9.5,0.0,0.0,train,tier3
320,1982,Group Stage,1,0,1982-06-17,La Romareda,Northern Ireland,Yugoslavia,0,UEFA,UEFA,1,0,0,1,1611.23,1769.75,-158.51999999999998,0.2865,0.4,0.9,-0.5,0.4,1.8,3.0,1.0,6.0,0.0,0.0,0.0,0.0,0.0,2.0,6.0,0.5,0,4.0,4.0,0.0,12,0.0,0.0,0.0,0.0,0.0,0.5,0.0,0.0,0.0,,,,,,,,,,,,,0.0,,,0,0,0,Draw,1,Full Time,,0.0,1.0,25000.0,1.0,1.0,0.0,0.0,0.0,0.0,0.0,0.0,0.0,0.0,0.0,0.0,0.0,0.0,0.0,0.0,0.0,0.0,26.0,26.0,6.435,9.5,6.435,9.5,0.0,0.0,train,tier3
321,1982,Group Stage,1,0,1982-06-18,Estadio Municipal de Balaï¿½dos,Italy,Peru,1,UEFA,CONMEBOL,0,0,0,1,1744.43,1657.46,86.97000000000003,0.6226,0.4,0.9,-0.5,0.6,1.0,1.4,9.0,3.0,2.0,0.0,3.0,0.0,4.0,0.0,6.89,0.5,0,4.0,3.0,1.0,13,1.0,0.0,0.0,0.0,0.0,0.0,0.0,0.0,0.0,,,,,,,,,,,,,0.0,,,1,1,0,Draw,1,Full Time,,1.0,1.0,25000.0,1.0,2.0,0.0,0.0,0.0,0.0,0.0,0.0,0.0,0.0,0.0,0.0,0.0,0.0,0.0,0.0,0.0,0.0,26.0,26.0,6.435,9.5,6.435,9.5,0.0,0.0,train,tier3
321,1982,Group Stage,1,0,1982-06-18,Estadio Municipal de Balaï¿½dos,Peru,Italy,0,CONMEBOL,UEFA,0,0,0,1,1657.46,1744.43,-86.97000000000003,0.3774,0.9,0.4,0.5,1.4,0.4,0.6,3.0,9.0,0.0,2.0,0.0,3.0,0.0,4.0,5.67,0.5,0,3.0,4.0,-1.0,13,1.0,0.0,0.0,0.0,0.0,0.0,0.0,0.0,0.0,,,,,,,,,,,,,0.0,,,1,1,0,Draw,1,Full Time,,0.0,1.0,25000.0,2.0,1.0,0.0,0.0,0.0,0.0,0.0,0.0,0.0,0.0,0.0,0.0,0.0,0.0,0.0,0.0,0.0,0.0,26.0,26.0,6.435,9.5,6.435,9.5,0.0,0.0,train,tier3
322,1982,Group Stage,1,0,1982-06-18,Jose Rico Perez,Argentina,Hungary,1,CONMEBOL,UEFA,0,0,0,1,1790.94,1678.39,112.54999999999995,0.6565,0.7,0.4,0.3,1.0,0.6,1.4,7.0,7.0,1.0,0.0,2.0,2.0,2.0,2.0,7.86,0.5,2,5.0,3.0,2.0,14,1.0,0.0,1.0,-1.0,0.0,0.0,0.0,0.0,0.0,,,,,,,,,,,,,0.0,,,4,1,3,Win,2,Full Time,,2.0,1.0,32093.0,2.0,1.0,0.0,0.0,0.0,0.0,0.0,0.0,0.0,0.0,0.0,0.0,0.0,0.0,0.0,0.0,0.0,0.0,26.0,26.0,6.435,9.5,6.435,9.5,0.0,0.0,train,tier3
322,1982,Group Stage,1,0,1982-06-18,Jose Rico Perez,Hungary,Argentina,0,UEFA,CONMEBOL,0,0,0,1,1678.39,1790.94,-112.54999999999995,0.3435,0.4,0.7,-0.3,1.4,1.6,1.0,7.0,7.0,0.0,1.0,2.0,2.0,2.0,2.0,10.43,0.5,2,3.0,5.0,-2.0,14,1.0,10.0,1.0,9.0,1.0,1.0,10.0,0.0,0.0,,,,,,,,,,,,,0.0,,,1,4,-3,Loss,0,Full Time,,0.0,1.0,32093.0,1.0,2.0,0.0,0.0,0.0,0.0,0.0,0.0,0.0,0.0,0.0,0.0,0.0,0.0,0.0,0.0,0.0,0.0,26.0,26.0,6.435,9.5,6.435,9.5,0.0,0.0,train,tier3
323,1982,Group Stage,1,0,1982-06-18,Benito Villamarin,Brazil,Scotland,1,CONMEBOL,UEFA,0,0,0,1,1921.41,1712.75,208.66000000000008,0.7687,0.8,0.5,0.3,2.6,0.6,0.8,11.0,4.0,3.0,0.0,3.0,0.0,6.0,0.0,10.82,0.0,1,4.0,3.0,1.0,15,1.0,2.0,1.0,1.0,1.0,1.0,2.0,0.0,0.0,,,,,,,,,,,,,0.0,,,4,1,3,Win,2,Full Time,,1.0,1.0,47379.0,2.0,1.0,0.0,0.0,0.0,0.0,0.0,0.0,0.0,0.0,0.0,0.0,0.0,0.0,0.0,0.0,0.0,0.0,26.0,26.0,6.435,9.5,6.435,9.5,0.0,0.0,train,tier3
323,1982,Group Stage,1,0,1982-06-18,Benito Villamarin,Scotland,Brazil,0,UEFA,CONMEBOL,0,0,0,1,1712.75,1921.41,-208.66000000000008,0.2313,0.5,0.8,-0.3,0.8,1.2,2.6,4.0,11.0,0.0,3.0,0.0,3.0,0.0,6.0,3.0,1.0,1,3.0,4.0,-1.0,15,1.0,5.0,2.0,3.0,1.0,1.0,5.0,0.0,0.0,,,,,,,,,,,,,0.0,,,1,4,-3,Loss,0,Full Time,,1.0,1.0,47379.0,1.0,2.0,0.0,0.0,0.0,0.0,0.0,0.0,0.0,0.0,0.0,0.0,0.0,0.0,0.0,0.0,0.0,0.0,26.0,26.0,6.435,9.5,6.435,9.5,0.0,0.0,train,tier3
324,1982,Group Stage,1,0,1982-06-19,Riazor,Poland,Cameroon,1,UEFA,CAF,0,0,0,1,1789.93,1667.64,122.28999999999996,0.6691,0.6,0.6,0.0,2.6,1.6,0.6,3.0,0.0,0.0,0.0,0.0,0.0,1.0,0.0,9.0,0.5,0,5.0,4.0,1.0,16,1.0,0.0,0.0,0.0,0.0,0.0,0.0,0.0,0.0,,,,,,,,,,,,,0.0,,,0,0,0,Draw,1,Full Time,,0.0,1.0,19000.0,1.0,4.0,0.0,0.0,0.0,0.0,0.0,0.0,0.0,0.0,0.0,0.0,0.0,0.0,0.0,0.0,0.0,0.0,26.0,26.0,6.435,9.5,6.435,9.5,0.0,0.0,train,tier3
324,1982,Group Stage,1,0,1982-06-19,Riazor,Cameroon,Poland,0,CAF,UEFA,0,0,0,1,1667.64,1789.93,-122.28999999999996,0.3309,0.6,0.6,0.0,0.6,0.4,2.6,0.0,3.0,0.0,0.0,0.0,0.0,0.0,1.0,0.0,0.5,0,4.0,5.0,-1.0,16,1.0,0.0,0.0,0.0,0.0,0.0,0.0,0.0,0.0,,,,,,,,,,,,,0.0,,,0,0,0,Draw,1,Full Time,,0.0,1.0,19000.0,4.0,1.0,0.0,0.0,0.0,0.0,0.0,0.0,0.0,0.0,0.0,0.0,0.0,0.0,0.0,0.0,0.0,0.0,26.0,26.0,6.435,9.5,6.435,9.5,0.0,0.0,train,tier3
325,1982,Group Stage,1,0,1982-06-19,Nuevo Estadio,Belgium,El Salvador,1,UEFA,CONCACAF,0,0,0,1,1774.21,1556.88,217.33,0.7775,0.4,0.7,-0.3,1.2,1.6,1.0,5.0,1.0,0.0,0.0,0.0,0.0,0.0,0.0,2.4,1.0,1,6.0,4.0,2.0,17,1.0,1.0,0.0,1.0,1.0,1.0,1.0,0.0,0.0,,,,,,,,,,,,,0.0,,,1,0,1,Win,2,Full Time,,1.0,1.0,15000.0,1.0,3.0,0.0,0.0,0.0,0.0,0.0,0.0,0.0,0.0,0.0,0.0,0.0,0.0,0.0,0.0,0.0,0.0,26.0,26.0,6.435,9.5,6.435,9.5,0.0,0.0,train,tier3
325,1982,Group Stage,1,0,1982-06-19,Nuevo Estadio,El Salvador,Belgium,0,CONCACAF,UEFA,0,0,0,1,1556.88,1774.21,-217.33,0.2225,0.7,0.4,0.3,1.0,0.6,1.2,1.0,5.0,0.0,0.0,0.0,0.0,0.0,0.0,0.0,0.0,1,4.0,6.0,-2.0,17,1.0,1.0,10.0,-9.0,0.0,0.0,1.0,0.0,0.0,,,,,,,,,,,,,0.0,,,0,1,-1,Loss,0,Full Time,,0.0,1.0,15000.0,3.0,1.0,0.0,0.0,0.0,0.0,0.0,0.0,0.0,0.0,0.0,0.0,0.0,0.0,0.0,0.0,0.0,0.0,26.0,26.0,6.435,9.5,6.435,9.5,0.0,0.0,train,tier3
326,1982,Group Stage,1,0,1982-06-19,La Rosaleda,Soviet Union,New Zealand,1,UEFA,OFC,0,0,0,1,1500.0,1708.68,-208.6800000000001,0.2313,0.5,0.5,0.0,1.5,1.5,2.2,4.0,0.0,0.0,0.0,0.0,0.0,1.0,0.0,7.5,0.5,0,5.0,4.0,1.0,18,1.0,1.0,2.0,-1.0,0.0,0.0,1.0,0.0,0.0,,,,,,,,,,,,,0.0,,,3,0,3,Win,2,Full Time,,1.0,1.0,19000.0,1.0,6.0,0.0,0.0,0.0,0.0,0.0,0.0,0.0,0.0,0.0,0.0,0.0,0.0,0.0,0.0,0.0,0.0,26.0,26.0,6.435,9.5,6.435,9.5,0.0,0.0,train,tier3
326,1982,Group Stage,1,0,1982-06-19,La Rosaleda,New Zealand,Soviet Union,0,OFC,UEFA,0,0,0,1,1708.68,1500.0,208.6800000000001,0.7687,0.5,0.5,0.0,2.2,1.4,1.5,0.0,4.0,0.0,0.0,0.0,0.0,0.0,1.0,0.0,0.5,0,4.0,5.0,-1.0,18,1.0,2.0,5.0,-3.0,0.0,0.0,2.0,0.0,0.0,,,,,,,,,,,,,0.0,,,0,3,-3,Loss,0,Full Time,,0.0,1.0,19000.0,6.0,1.0,0.0,0.0,0.0,0.0,0.0,0.0,0.0,0.0,0.0,0.0,0.0,0.0,0.0,0.0,0.0,0.0,26.0,26.0,6.435,9.5,6.435,9.5,0.0,0.0,train,tier3
327,1982,Group Stage,1,0,1982-06-20,El Molinon,Germany FR,Chile,1,UEFA,CONMEBOL,0,0,0,1,1500.0,1715.51,-215.51,0.2243,0.5,0.7,-0.2,1.5,1.5,1.0,7.0,5.0,2.0,0.0,3.0,0.0,5.0,1.0,13.71,0.5,0,4.0,3.0,1.0,19,1.0,1.0,2.0,-1.0,0.0,0.0,1.0,0.0,0.0,,,,,,,,,,,,,0.0,,,4,1,3,Win,2,Full Time,,1.0,1.0,42000.0,1.0,2.0,0.0,0.0,0.0,0.0,0.0,0.0,0.0,0.0,0.0,0.0,0.0,0.0,0.0,0.0,0.0,0.0,26.0,26.0,6.435,9.5,6.435,9.5,0.0,0.0,train,tier3
327,1982,Group Stage,1,0,1982-06-20,El Molinon,Chile,Germany FR,0,CONMEBOL,UEFA,0,0,0,1,1715.51,1500.0,215.51,0.7757,0.7,0.5,0.2,1.0,0.6,1.5,5.0,7.0,0.0,2.0,0.0,3.0,1.0,5.0,4.6,0.5,0,3.0,4.0,-1.0,19,1.0,0.0,1.0,-1.0,0.0,0.0,0.0,0.0,0.0,,,,,,,,,,,,,0.0,,,1,4,-3,Loss,0,Full Time,,0.0,1.0,42000.0,2.0,1.0,0.0,0.0,0.0,0.0,0.0,0.0,0.0,0.0,0.0,0.0,0.0,0.0,0.0,0.0,0.0,0.0,26.0,26.0,6.435,9.5,6.435,9.5,0.0,0.0,train,tier3
328,1982,Group Stage,1,0,1982-06-20,San Mames,England,Czechoslovakia,1,UEFA,UEFA,1,0,0,1,1763.04,1694.32,68.72000000000003,0.5976,0.9,0.4,0.5,1.8,0.4,1.0,6.0,6.0,1.0,0.0,1.0,2.0,1.0,2.0,5.67,1.0,1,4.0,3.0,1.0,20,1.0,3.0,1.0,2.0,1.0,1.0,3.0,0.0,0.0,,,,,,,,,,,,,0.0,,,2,0,2,Win,2,Full Time,,0.0,1.0,41123.0,1.0,1.0,0.0,0.0,0.0,0.0,0.0,0.0,0.0,0.0,0.0,0.0,0.0,0.0,0.0,0.0,0.0,0.0,26.0,26.0,6.435,9.5,6.435,9.5,0.0,0.0,train,tier3
328,1982,Group Stage,1,0,1982-06-20,San Mames,Czechoslovakia,England,0,UEFA,UEFA,1,0,0,1,1694.32,1763.04,-68.72000000000003,0.4024,0.4,0.9,-0.5,1.0,1.2,1.8,6.0,6.0,0.0,1.0,2.0,1.0,2.0,1.0,5.33,0.0,1,3.0,4.0,-1.0,20,1.0,1.0,1.0,0.0,0.0,0.0,1.0,0.0,0.0,,,,,,,,,,,,,0.0,,,0,2,-2,Loss,0,Full Time,,0.0,1.0,41123.0,1.0,1.0,0.0,0.0,0.0,0.0,0.0,0.0,0.0,0.0,0.0,0.0,0.0,0.0,0.0,0.0,0.0,0.0,26.0,26.0,6.435,9.5,6.435,9.5,0.0,0.0,train,tier3
329,1982,Group Stage,1,0,1982-06-20,Luis Casanova,Spain,Yugoslavia,1,UEFA,UEFA,1,1,0,0,1699.29,1756.94,-57.65000000000009,0.4178,0.9,0.9,0.0,2.2,0.6,3.0,5.0,6.0,0.0,0.0,0.0,0.0,0.0,2.0,4.4,0.5,0,4.0,3.0,1.0,21,1.0,1.0,1.0,0.0,0.0,0.0,1.0,0.0,0.0,,,,,,,,,,,,,0.0,,,2,1,1,Win,2,Full Time,,1.0,1.0,48000.0,1.0,1.0,0.0,0.0,0.0,0.0,0.0,0.0,0.0,0.0,0.0,0.0,0.0,0.0,0.0,0.0,0.0,0.0,26.0,26.0,6.435,9.5,6.435,9.5,0.0,0.0,train,tier3
329,1982,Group Stage,1,0,1982-06-20,Luis Casanova,Yugoslavia,Spain,0,UEFA,UEFA,1,0,1,0,1756.94,1699.29,57.65000000000009,0.5822,0.9,0.9,0.0,3.0,0.8,2.2,6.0,5.0,0.0,0.0,0.0,0.0,2.0,0.0,7.5,0.5,0,3.0,4.0,-1.0,21,1.0,0.0,0.0,0.0,0.0,0.0,0.0,0.0,0.0,,,,,,,,,,,,,0.0,,,1,2,-1,Loss,0,Full Time,,1.0,1.0,48000.0,1.0,1.0,0.0,0.0,0.0,0.0,0.0,0.0,0.0,0.0,0.0,0.0,0.0,0.0,0.0,0.0,0.0,0.0,26.0,26.0,6.435,9.5,6.435,9.5,0.0,0.0,train,tier3
330,1982,Group Stage,1,0,1982-06-21,Carlos Tartiere,Algeria,Austria,1,CAF,UEFA,0,0,0,1,1704.46,1781.96,-77.5,0.3903,0.4,0.7,-0.3,1.0,1.2,1.4,0.0,4.0,0.0,0.0,0.0,0.0,0.0,2.0,0.0,0.5,0,5.0,4.0,1.0,22,1.0,2.0,1.0,1.0,1.0,1.0,2.0,0.0,0.0,,,,,,,,,,,,,0.0,,,0,2,-2,Loss,0,Full Time,,0.0,1.0,22000.0,4.0,1.0,0.0,0.0,0.0,0.0,0.0,0.0,0.0,0.0,0.0,0.0,0.0,0.0,0.0,0.0,0.0,0.0,26.0,26.0,6.435,9.5,6.435,9.5,0.0,0.0,train,tier3
330,1982,Group Stage,1,0,1982-06-21,Carlos Tartiere,Austria,Algeria,0,UEFA,CAF,0,0,0,1,1781.96,1704.46,77.5,0.6097,0.7,0.4,0.3,1.4,1.2,1.0,4.0,0.0,0.0,0.0,0.0,0.0,2.0,0.0,8.25,0.5,0,4.0,5.0,-1.0,22,1.0,1.0,0.0,1.0,1.0,1.0,1.0,0.0,0.0,,,,,,,,,,,,,0.0,,,2,0,2,Win,2,Full Time,,0.0,1.0,22000.0,1.0,4.0,0.0,0.0,0.0,0.0,0.0,0.0,0.0,0.0,0.0,0.0,0.0,0.0,0.0,0.0,0.0,0.0,26.0,26.0,6.435,9.5,6.435,9.5,0.0,0.0,train,tier3
331,1982,Group Stage,1,0,1982-06-21,Jose Zorrilla,France,Kuwait,1,UEFA,AFC,0,0,0,1,1674.08,1739.55,-65.47000000000003,0.4069,0.6,0.8,-0.2,2.0,0.4,1.6,7.0,0.0,0.0,0.0,0.0,0.0,1.0,0.0,6.14,0.5,0,5.0,4.0,1.0,23,1.0,1.0,3.0,-2.0,0.0,0.0,1.0,0.0,0.0,,,,,,,,,,,,,0.0,,,4,1,3,Win,2,Full Time,,2.0,1.0,30043.0,1.0,5.0,0.0,0.0,0.0,0.0,0.0,0.0,0.0,0.0,0.0,0.0,0.0,0.0,0.0,0.0,0.0,0.0,26.0,26.0,6.435,9.5,6.435,9.5,0.0,0.0,train,tier3
331,1982,Group Stage,1,0,1982-06-21,Jose Zorrilla,Kuwait,France,0,AFC,UEFA,0,0,0,1,1739.55,1674.08,65.47000000000003,0.5931,0.8,0.6,0.2,1.6,0.4,2.0,0.0,7.0,0.0,0.0,0.0,0.0,0.0,1.0,0.0,0.5,0,4.0,5.0,-1.0,23,1.0,1.0,1.0,0.0,0.0,0.0,1.0,0.0,0.0,,,,,,,,,,,,,0.0,,,1,4,-3,Loss,0,Full Time,,0.0,1.0,30043.0,5.0,1.0,0.0,0.0,0.0,0.0,0.0,0.0,0.0,0.0,0.0,0.0,0.0,0.0,0.0,0.0,0.0,0.0,26.0,26.0,6.435,9.5,6.435,9.5,0.0,0.0,train,tier3
332,1982,Group Stage,1,0,1982-06-21,La Romareda,Honduras,Northern Ireland,1,CONCACAF,UEFA,0,0,0,1,1610.62,1624.04,-13.420000000000073,0.4807,0.5,0.3,0.2,0.8,0.8,0.4,0.0,1.0,0.0,0.0,0.0,0.0,0.0,0.0,0.0,0.5,0,5.0,4.0,1.0,24,1.0,1.0,1.0,0.0,0.0,0.0,1.0,0.0,0.0,,,,,,,,,,,,,0.0,,,1,1,0,Draw,1,Full Time,,0.0,1.0,15000.0,3.0,1.0,0.0,0.0,0.0,0.0,0.0,0.0,0.0,0.0,0.0,0.0,0.0,0.0,0.0,0.0,0.0,0.0,26.0,26.0,6.435,9.5,6.435,9.5,0.0,0.0,train,tier3
332,1982,Group Stage,1,0,1982-06-21,La Romareda,Northern Ireland,Honduras,0,UEFA,CONCACAF,0,0,0,1,1624.04,1610.62,13.420000000000073,0.5193,0.3,0.5,-0.2,0.4,2.4,0.8,1.0,0.0,0.0,0.0,0.0,0.0,0.0,0.0,6.0,0.5,0,4.0,5.0,-1.0,24,1.0,0.0,0.0,0.0,0.0,0.0,0.0,0.0,0.0,,,,,,,,,,,,,0.0,,,1,1,0,Draw,1,Full Time,,1.0,1.0,15000.0,1.0,3.0,0.0,0.0,0.0,0.0,0.0,0.0,0.0,0.0,0.0,0.0,0.0,0.0,0.0,0.0,0.0,0.0,26.0,26.0,6.435,9.5,6.435,9.5,0.0,0.0,train,tier3
333,1982,Group Stage,1,0,1982-06-22,Riazor,Poland,Peru,1,UEFA,CONMEBOL,0,0,0,1,1779.79,1664.82,114.97000000000004,0.6597,0.7,0.8,-0.1,2.6,1.2,1.2,3.0,3.0,0.0,0.0,0.0,0.0,1.0,0.0,9.0,1.0,1,3.0,4.0,-1.0,25,2.0,0.0,0.0,0.0,0.0,0.0,0.0,0.0,0.0,,,,,,,,,,,,,0.0,,,5,1,4,Win,2,Full Time,,0.0,1.0,25000.0,1.0,2.0,0.0,0.0,0.0,0.0,0.0,0.0,0.0,0.0,0.0,0.0,0.0,0.0,0.0,0.0,0.0,0.0,26.0,26.0,6.435,9.5,6.435,9.5,0.0,0.0,train,tier3
333,1982,Group Stage,1,0,1982-06-22,Riazor,Peru,Poland,0,CONMEBOL,UEFA,0,0,0,1,1664.82,1779.79,-114.97000000000004,0.3403,0.8,0.7,0.1,1.2,0.4,2.6,3.0,3.0,0.0,0.0,0.0,0.0,0.0,1.0,5.67,0.0,1,4.0,3.0,1.0,25,2.0,1.0,1.0,0.0,0.0,0.0,0.5,0.0,0.0,,,,,,,,,,,,,0.0,,,1,5,-4,Loss,0,Full Time,,0.0,1.0,25000.0,2.0,1.0,0.0,0.0,0.0,0.0,0.0,0.0,0.0,0.0,0.0,0.0,0.0,0.0,0.0,0.0,0.0,0.0,26.0,26.0,6.435,9.5,6.435,9.5,0.0,0.0,train,tier3
334,1982,Group Stage,1,0,1982-06-22,Nuevo Estadio,Belgium,Hungary,1,UEFA,UEFA,1,0,0,1,1787.56,1657.78,129.77999999999997,0.6785,0.6,0.6,0.0,1.4,1.0,3.4,5.0,7.0,0.0,0.0,0.0,2.0,0.0,2.0,2.4,0.5,0,3.0,4.0,-1.0,26,2.0,2.0,0.0,2.0,2.0,1.0,1.0,0.0,0.0,,,,,,,,,,,,,0.0,,,1,1,0,Draw,1,Full Time,,0.0,1.0,37000.0,1.0,1.0,0.0,0.0,0.0,0.0,0.0,0.0,0.0,0.0,0.0,0.0,0.0,0.0,0.0,0.0,0.0,0.0,26.0,26.0,6.435,9.5,6.435,9.5,0.0,0.0,train,tier3
334,1982,Group Stage,1,0,1982-06-22,Nuevo Estadio,Hungary,Belgium,0,UEFA,UEFA,1,0,0,1,1657.78,1787.56,-129.77999999999997,0.3215,0.6,0.6,0.0,3.4,1.6,1.4,7.0,5.0,0.0,0.0,2.0,0.0,2.0,0.0,10.43,0.5,0,4.0,3.0,1.0,26,2.0,11.0,5.0,6.0,1.0,0.5,5.5,0.0,0.0,,,,,,,,,,,,,0.0,,,1,1,0,Draw,1,Full Time,,1.0,1.0,37000.0,1.0,1.0,0.0,0.0,0.0,0.0,0.0,0.0,0.0,0.0,0.0,0.0,0.0,0.0,0.0,0.0,0.0,0.0,26.0,26.0,6.435,9.5,6.435,9.5,0.0,0.0,train,tier3
335,1982,Group Stage,1,0,1982-06-22,La Rosaleda,Soviet Union,Scotland,1,UEFA,UEFA,1,0,0,1,1500.0,1789.06,-289.05999999999995,0.1592,0.5,0.7,-0.2,1.5,1.5,1.8,4.0,4.0,0.0,0.0,0.0,0.0,1.0,0.0,7.5,0.5,0,3.0,4.0,-1.0,27,2.0,4.0,2.0,2.0,1.0,0.5,2.0,0.0,0.0,,,,,,,,,,,,,0.0,,,2,2,0,Draw,1,Full Time,,0.0,1.0,45000.0,1.0,1.0,0.0,0.0,0.0,0.0,0.0,0.0,0.0,0.0,0.0,0.0,0.0,0.0,0.0,0.0,0.0,0.0,26.0,26.0,6.435,9.5,6.435,9.5,0.0,0.0,train,tier3
335,1982,Group Stage,1,0,1982-06-22,La Rosaleda,Scotland,Soviet Union,0,UEFA,UEFA,1,0,0,1,1789.06,1500.0,289.05999999999995,0.8408,0.7,0.5,0.2,1.8,1.0,1.5,4.0,4.0,0.0,0.0,0.0,0.0,0.0,1.0,3.0,0.5,0,4.0,3.0,1.0,27,2.0,6.0,6.0,0.0,1.0,0.5,3.0,0.0,0.0,,,,,,,,,,,,,0.0,,,2,2,0,Draw,1,Full Time,,1.0,1.0,45000.0,1.0,1.0,0.0,0.0,0.0,0.0,0.0,0.0,0.0,0.0,0.0,0.0,0.0,0.0,0.0,0.0,0.0,0.0,26.0,26.0,6.435,9.5,6.435,9.5,0.0,0.0,train,tier3
336,1982,Group Stage,1,0,1982-06-23,Estadio Municipal de Balaï¿½dos,Italy,Cameroon,1,UEFA,CAF,0,0,0,1,1737.07,1677.78,59.28999999999997,0.5845,0.4,0.6,-0.2,0.4,0.8,0.6,9.0,0.0,2.0,0.0,3.0,0.0,4.0,0.0,6.89,0.5,0,5.0,4.0,1.0,28,2.0,1.0,1.0,0.0,0.0,0.0,0.5,0.0,0.0,,,,,,,,,,,,,0.0,,,1,1,0,Draw,1,Full Time,,0.0,1.0,20000.0,1.0,4.0,0.0,0.0,0.0,0.0,0.0,0.0,0.0,0.0,0.0,0.0,0.0,0.0,0.0,0.0,0.0,0.0,26.0,26.0,6.435,9.5,6.435,9.5,0.0,0.0,train,tier3
336,1982,Group Stage,1,0,1982-06-23,Estadio Municipal de Balaï¿½dos,Cameroon,Italy,0,CAF,UEFA,0,0,0,1,1677.78,1737.07,-59.28999999999997,0.4155,0.6,0.4,0.2,0.6,0.4,0.4,0.0,9.0,0.0,2.0,0.0,3.0,0.0,4.0,0.0,0.5,0,4.0,5.0,-1.0,28,2.0,0.0,0.0,0.0,0.0,0.0,0.0,0.0,0.0,,,,,,,,,,,,,0.0,,,1,1,0,Draw,1,Full Time,,0.0,1.0,20000.0,4.0,1.0,0.0,0.0,0.0,0.0,0.0,0.0,0.0,0.0,0.0,0.0,0.0,0.0,0.0,0.0,0.0,0.0,26.0,26.0,6.435,9.5,6.435,9.5,0.0,0.0,train,tier3
337,1982,Group Stage,1,0,1982-06-23,Jose Rico Perez,Argentina,El Salvador,1,CONMEBOL,CONCACAF,0,0,0,1,1811.55,1543.53,268.02,0.8239,0.6,0.6,0.0,1.0,0.8,1.2,7.0,1.0,1.0,0.0,2.0,0.0,2.0,0.0,7.86,0.5,0,5.0,4.0,1.0,29,2.0,4.0,2.0,2.0,1.0,0.5,2.0,0.0,0.0,,,,,,,,,,,,,0.0,,,2,0,2,Win,2,Full Time,,1.0,1.0,32500.0,2.0,3.0,0.0,0.0,0.0,0.0,0.0,0.0,0.0,0.0,0.0,0.0,0.0,0.0,0.0,0.0,0.0,0.0,26.0,26.0,6.435,9.5,6.435,9.5,0.0,0.0,train,tier3
337,1982,Group Stage,1,0,1982-06-23,Jose Rico Perez,El Salvador,Argentina,0,CONCACAF,CONMEBOL,0,0,0,1,1543.53,1811.55,-268.02,0.1761,0.6,0.6,0.0,1.2,2.6,1.0,1.0,7.0,0.0,1.0,0.0,2.0,0.0,2.0,0.0,0.5,0,4.0,5.0,-1.0,29,2.0,1.0,11.0,-10.0,0.0,0.0,0.5,0.0,0.0,,,,,,,,,,,,,0.0,,,0,2,-2,Loss,0,Full Time,,0.0,1.0,32500.0,3.0,2.0,0.0,0.0,0.0,0.0,0.0,0.0,0.0,0.0,0.0,0.0,0.0,0.0,0.0,0.0,0.0,0.0,26.0,26.0,6.435,9.5,6.435,9.5,0.0,0.0,train,tier3
338,1982,Group Stage,1,0,1982-06-23,Benito Villamarin,Brazil,New Zealand,1,CONMEBOL,OFC,0,0,0,1,1935.29,1631.28,304.01,0.852,0.9,0.4,0.5,2.8,0.6,2.2,11.0,0.0,3.0,0.0,3.0,0.0,6.0,0.0,10.82,0.5,0,5.0,4.0,1.0,30,2.0,6.0,2.0,4.0,2.0,1.0,3.0,0.0,0.0,,,,,,,,,,,,,0.0,,,4,0,4,Win,2,Full Time,,2.0,1.0,43000.0,2.0,6.0,0.0,0.0,0.0,0.0,0.0,0.0,0.0,0.0,0.0,0.0,0.0,0.0,0.0,0.0,0.0,0.0,26.0,26.0,6.435,9.5,6.435,9.5,0.0,0.0,train,tier3
338,1982,Group Stage,1,0,1982-06-23,Benito Villamarin,New Zealand,Brazil,0,OFC,CONMEBOL,0,0,0,1,1631.28,1935.29,-304.01,0.148,0.4,0.9,-0.5,2.2,2.0,2.8,0.0,11.0,0.0,3.0,0.0,3.0,0.0,6.0,0.0,0.5,0,4.0,5.0,-1.0,30,2.0,2.0,8.0,-6.0,0.0,0.0,1.0,0.0,0.0,,,,,,,,,,,,,0.0,,,0,4,-4,Loss,0,Full Time,,0.0,1.0,43000.0,6.0,2.0,0.0,0.0,0.0,0.0,0.0,0.0,0.0,0.0,0.0,0.0,0.0,0.0,0.0,0.0,0.0,0.0,26.0,26.0,6.435,9.5,6.435,9.5,0.0,0.0,train,tier3
339,1982,Group Stage,1,0,1982-06-24,Carlos Tartiere,Algeria,Chile,1,CAF,CONMEBOL,0,0,0,1,1681.04,1629.28,51.75999999999999,0.5739,0.5,0.5,0.0,1.4,1.4,0.6,0.0,5.0,0.0,0.0,0.0,0.0,0.0,1.0,0.0,0.5,0,3.0,4.0,-1.0,31,2.0,2.0,3.0,-1.0,1.0,0.5,1.0,0.0,0.0,,,,,,,,,,,,,0.0,,,3,2,1,Win,2,Full Time,,3.0,1.0,16000.0,4.0,2.0,0.0,0.0,0.0,0.0,0.0,0.0,0.0,0.0,0.0,0.0,0.0,0.0,0.0,0.0,0.0,0.0,26.0,26.0,6.435,9.5,6.435,9.5,0.0,0.0,train,tier3
339,1982,Group Stage,1,0,1982-06-24,Carlos Tartiere,Chile,Algeria,0,CONMEBOL,CAF,0,0,0,1,1629.28,1681.04,-51.75999999999999,0.4261,0.5,0.5,0.0,0.6,0.6,1.4,5.0,0.0,0.0,0.0,0.0,0.0,1.0,0.0,4.6,0.5,0,4.0,3.0,1.0,31,2.0,1.0,5.0,-4.0,0.0,0.0,0.5,0.0,0.0,,,,,,,,,,,,,0.0,,,2,3,-1,Loss,0,Full Time,,0.0,1.0,16000.0,2.0,4.0,0.0,0.0,0.0,0.0,0.0,0.0,0.0,0.0,0.0,0.0,0.0,0.0,0.0,0.0,0.0,0.0,26.0,26.0,6.435,9.5,6.435,9.5,0.0,0.0,train,tier3
340,1982,Group Stage,1,0,1982-06-24,Jose Zorrilla,France,Czechoslovakia,1,UEFA,UEFA,1,0,0,1,1709.67,1670.18,39.49000000000001,0.5566,0.4,0.4,0.0,1.4,1.0,1.0,7.0,6.0,0.0,0.0,0.0,2.0,1.0,2.0,6.14,0.5,0,3.0,4.0,-1.0,32,2.0,5.0,4.0,1.0,1.0,0.5,2.5,0.0,0.0,,,,,,,,,,,,,0.0,,,1,1,0,Draw,1,Full Time,,0.0,1.0,28000.0,1.0,1.0,0.0,0.0,0.0,0.0,0.0,0.0,0.0,0.0,0.0,0.0,0.0,0.0,0.0,0.0,0.0,0.0,26.0,26.0,6.435,9.5,6.435,9.5,0.0,0.0,train,tier3
340,1982,Group Stage,1,0,1982-06-24,Jose Zorrilla,Czechoslovakia,France,0,UEFA,UEFA,1,0,0,1,1670.18,1709.67,-39.49000000000001,0.4434,0.4,0.4,0.0,1.0,1.2,1.4,6.0,7.0,0.0,0.0,2.0,0.0,2.0,1.0,5.33,0.5,0,4.0,3.0,1.0,32,2.0,1.0,3.0,-2.0,0.0,0.0,0.5,0.0,0.0,,,,,,,,,,,,,0.0,,,1,1,0,Draw,1,Full Time,,0.0,1.0,28000.0,1.0,1.0,0.0,0.0,0.0,0.0,0.0,0.0,0.0,0.0,0.0,0.0,0.0,0.0,0.0,0.0,0.0,0.0,26.0,26.0,6.435,9.5,6.435,9.5,0.0,0.0,train,tier3
341,1982,Group Stage,1,0,1982-06-24,La Romareda,Honduras,Yugoslavia,1,CONCACAF,UEFA,0,0,0,1,1611.78,1722.01,-110.23000000000002,0.3465,0.5,0.8,-0.3,1.0,1.0,2.0,0.0,6.0,0.0,0.0,0.0,0.0,0.0,2.0,0.0,0.5,0,3.0,4.0,-1.0,33,2.0,2.0,2.0,0.0,0.0,0.0,1.0,0.0,0.0,,,,,,,,,,,,,0.0,,,0,1,-1,Loss,0,Full Time,,0.0,1.0,25000.0,3.0,1.0,0.0,0.0,0.0,0.0,0.0,0.0,0.0,0.0,0.0,0.0,0.0,0.0,0.0,0.0,0.0,0.0,26.0,26.0,6.435,9.5,6.435,9.5,0.0,0.0,train,tier3
341,1982,Group Stage,1,0,1982-06-24,La Romareda,Yugoslavia,Honduras,0,UEFA,CONCACAF,0,0,0,1,1722.01,1611.78,110.23000000000002,0.6535,0.8,0.5,0.3,2.0,0.6,1.0,6.0,0.0,0.0,0.0,0.0,0.0,2.0,0.0,7.5,0.5,0,4.0,3.0,1.0,33,2.0,1.0,2.0,-1.0,0.0,0.0,0.5,0.0,0.0,,,,,,,,,,,,,0.0,,,1,0,1,Win,2,Full Time,,0.0,1.0,25000.0,1.0,3.0,0.0,0.0,0.0,0.0,0.0,0.0,0.0,0.0,0.0,0.0,0.0,0.0,0.0,0.0,0.0,0.0,26.0,26.0,6.435,9.5,6.435,9.5,0.0,0.0,train,tier3
342,1982,Group Stage,1,0,1982-06-25,El Molinon,Germany FR,Austria,1,UEFA,UEFA,1,0,0,1,1500.0,1817.17,-317.1700000000001,0.1387,0.5,0.9,-0.4,1.5,1.5,1.4,7.0,4.0,2.0,0.0,3.0,0.0,5.0,2.0,13.71,0.5,0,5.0,4.0,1.0,34,2.0,5.0,3.0,2.0,1.0,0.5,2.5,0.0,0.0,,,,,,,,,,,,,0.0,,,1,0,1,Win,2,Full Time,,1.0,1.0,41000.0,1.0,1.0,0.0,0.0,0.0,0.0,0.0,0.0,0.0,0.0,0.0,0.0,0.0,0.0,0.0,0.0,0.0,0.0,26.0,26.0,6.435,9.5,6.435,9.5,0.0,0.0,train,tier3
342,1982,Group Stage,1,0,1982-06-25,El Molinon,Austria,Germany FR,0,UEFA,UEFA,1,0,0,1,1817.17,1500.0,317.1700000000001,0.8613,0.9,0.5,0.4,1.4,0.6,1.5,4.0,7.0,0.0,2.0,0.0,3.0,2.0,5.0,8.25,0.5,0,4.0,5.0,-1.0,34,2.0,3.0,0.0,3.0,2.0,1.0,1.5,0.0,0.0,,,,,,,,,,,,,0.0,,,0,1,-1,Loss,0,Full Time,,0.0,1.0,41000.0,1.0,1.0,0.0,0.0,0.0,0.0,0.0,0.0,0.0,0.0,0.0,0.0,0.0,0.0,0.0,0.0,0.0,0.0,26.0,26.0,6.435,9.5,6.435,9.5,0.0,0.0,train,tier3
343,1982,Group Stage,1,0,1982-06-25,San Mames,England,Kuwait,1,UEFA,AFC,0,0,0,1,1787.18,1703.96,83.22000000000003,0.6175,0.9,0.7,0.2,2.2,0.6,1.4,6.0,0.0,1.0,0.0,1.0,0.0,1.0,0.0,5.67,0.5,0,5.0,4.0,1.0,35,2.0,5.0,1.0,4.0,2.0,1.0,2.5,0.0,0.0,,,,,,,,,,,,,0.0,,,1,0,1,Win,2,Full Time,,1.0,1.0,39700.0,1.0,5.0,0.0,0.0,0.0,0.0,0.0,0.0,0.0,0.0,0.0,0.0,0.0,0.0,0.0,0.0,0.0,0.0,26.0,26.0,6.435,9.5,6.435,9.5,0.0,0.0,train,tier3
343,1982,Group Stage,1,0,1982-06-25,San Mames,Kuwait,England,0,AFC,UEFA,0,0,0,1,1703.96,1787.18,-83.22000000000003,0.3825,0.7,0.9,-0.2,1.4,0.6,2.2,0.0,6.0,0.0,1.0,0.0,1.0,0.0,1.0,0.0,0.5,0,4.0,5.0,-1.0,35,2.0,2.0,5.0,-3.0,0.0,0.0,1.0,0.0,0.0,,,,,,,,,,,,,0.0,,,0,1,-1,Loss,0,Full Time,,0.0,1.0,39700.0,5.0,1.0,0.0,0.0,0.0,0.0,0.0,0.0,0.0,0.0,0.0,0.0,0.0,0.0,0.0,0.0,0.0,0.0,26.0,26.0,6.435,9.5,6.435,9.5,0.0,0.0,train,tier3
344,1982,Group Stage,1,0,1982-06-25,Luis Casanova,Northern Ireland,Spain,1,UEFA,UEFA,1,0,1,1,1600.45,2100.01,-499.5600000000002,0.0534,0.2,0.8,-0.6,0.2,2.4,1.8,1.0,5.0,0.0,0.0,0.0,0.0,0.0,0.0,6.0,0.5,0,4.0,5.0,-1.0,36,2.0,1.0,1.0,0.0,0.0,0.0,0.5,0.0,0.0,,,,,,,,,,,,,0.0,,,1,0,1,Win,2,Full Time,,0.0,1.0,49562.0,1.0,1.0,0.0,0.0,0.0,0.0,0.0,0.0,0.0,0.0,0.0,0.0,0.0,0.0,0.0,0.0,0.0,0.0,26.0,26.0,6.435,9.5,6.435,9.5,0.0,0.0,train,tier3
344,1982,Group Stage,1,0,1982-06-25,Luis Casanova,Spain,Northern Ireland,0,UEFA,UEFA,1,1,0,1,2100.01,1600.45,499.5600000000002,0.9466,0.8,0.2,0.6,1.8,0.4,0.2,5.0,1.0,0.0,0.0,0.0,0.0,0.0,0.0,4.4,0.5,0,5.0,4.0,1.0,36,2.0,3.0,2.0,1.0,1.0,0.5,1.5,0.0,0.0,,,,,,,,,,,,,0.0,,,0,1,-1,Loss,0,Full Time,,0.0,1.0,49562.0,1.0,1.0,0.0,0.0,0.0,0.0,0.0,0.0,0.0,0.0,0.0,0.0,0.0,0.0,0.0,0.0,0.0,0.0,26.0,26.0,6.435,9.5,6.435,9.5,0.0,0.0,train,tier3
345,1982,Group Stage,1,0,1982-06-28,Vicente Calderon,Austria,France,1,UEFA,UEFA,1,0,0,1,1782.43,1706.27,76.16000000000008,0.6079,1.0,0.4,0.6,1.8,0.6,1.8,4.0,7.0,0.0,0.0,0.0,0.0,2.0,1.0,8.25,1.0,1,3.0,4.0,-1.0,37,3.0,3.0,1.0,2.0,2.0,0.667,1.0,0.0,0.0,,,,,,,,,,,,,0.0,,,0,1,-1,Loss,0,Full Time,,0.0,1.0,37000.0,1.0,1.0,0.0,0.0,0.0,0.0,0.0,0.0,0.0,0.0,0.0,0.0,0.0,0.0,0.0,0.0,0.0,0.0,26.0,26.0,6.435,9.5,6.435,9.5,0.0,0.0,train,tier3
345,1982,Group Stage,1,0,1982-06-28,Vicente Calderon,France,Austria,0,UEFA,UEFA,1,0,0,1,1706.27,1782.43,-76.16000000000008,0.3921,0.4,1.0,-0.6,1.8,1.2,1.8,7.0,4.0,0.0,0.0,0.0,0.0,1.0,2.0,6.14,0.0,1,4.0,3.0,1.0,37,3.0,6.0,5.0,1.0,1.0,0.333,2.0,0.0,0.0,,,,,,,,,,,,,0.0,,,1,0,1,Win,2,Full Time,,1.0,1.0,37000.0,1.0,1.0,0.0,0.0,0.0,0.0,0.0,0.0,0.0,0.0,0.0,0.0,0.0,0.0,0.0,0.0,0.0,0.0,26.0,26.0,6.435,9.5,6.435,9.5,0.0,0.0,train,tier3
346,1982,Group Stage,1,0,1982-06-28,Camp Nou,Poland,Belgium,1,UEFA,UEFA,1,0,0,1,1800.21,1776.85,23.360000000000127,0.5336,0.6,0.8,-0.2,2.0,0.8,1.6,3.0,5.0,0.0,0.0,0.0,0.0,1.0,0.0,9.0,0.5,0,6.0,6.0,0.0,38,3.0,5.0,1.0,4.0,1.0,0.333,1.667,0.0,0.0,,,,,,,,,,,,,0.0,,,3,0,3,Win,2,Full Time,,2.0,1.0,65000.0,1.0,1.0,0.0,0.0,0.0,0.0,0.0,0.0,0.0,0.0,0.0,0.0,0.0,0.0,0.0,0.0,0.0,0.0,26.0,26.0,6.435,9.5,6.435,9.5,0.0,0.0,train,tier3
346,1982,Group Stage,1,0,1982-06-28,Camp Nou,Belgium,Poland,0,UEFA,UEFA,1,0,0,1,1776.85,1800.21,-23.360000000000127,0.4664,0.8,0.6,0.2,1.6,0.6,2.0,5.0,3.0,0.0,0.0,0.0,0.0,0.0,1.0,2.4,0.5,0,6.0,6.0,0.0,38,3.0,3.0,1.0,2.0,2.0,0.667,1.0,0.0,0.0,,,,,,,,,,,,,0.0,,,0,3,-3,Loss,0,Full Time,,0.0,1.0,65000.0,1.0,1.0,0.0,0.0,0.0,0.0,0.0,0.0,0.0,0.0,0.0,0.0,0.0,0.0,0.0,0.0,0.0,0.0,26.0,26.0,6.435,9.5,6.435,9.5,0.0,0.0,train,tier3
347,1982,Group Stage,1,0,1982-06-29,Sarria,Italy,Argentina,1,UEFA,CONMEBOL,0,0,0,1,1732.0,1822.12,-90.11999999999988,0.3731,0.3,0.7,-0.4,0.4,1.0,1.6,9.0,7.0,2.0,1.0,3.0,2.0,4.0,2.0,6.89,0.5,2,6.0,6.0,0.0,39,3.0,2.0,2.0,0.0,0.0,0.0,0.667,0.0,0.0,,,,,,,,,,,,,0.0,,,2,1,1,Win,2,Full Time,,0.0,1.0,43000.0,1.0,2.0,0.0,0.0,0.0,0.0,0.0,0.0,0.0,0.0,0.0,0.0,0.0,0.0,0.0,0.0,0.0,0.0,26.0,26.0,6.435,9.5,6.435,9.5,0.0,0.0,train,tier3
347,1982,Group Stage,1,0,1982-06-29,Sarria,Argentina,Italy,0,CONMEBOL,UEFA,0,0,0,1,1822.12,1732.0,90.11999999999988,0.6269,0.7,0.3,0.4,1.6,0.8,0.4,7.0,9.0,1.0,2.0,2.0,3.0,2.0,4.0,7.86,0.5,2,6.0,6.0,0.0,39,3.0,6.0,2.0,4.0,2.0,0.667,2.0,0.0,0.0,,,,,,,,,,,,,0.0,,,1,2,-1,Loss,0,Full Time,,0.0,1.0,43000.0,2.0,1.0,0.0,0.0,0.0,0.0,0.0,0.0,0.0,0.0,0.0,0.0,0.0,0.0,0.0,0.0,0.0,0.0,26.0,26.0,6.435,9.5,6.435,9.5,0.0,0.0,train,tier3
348,1982,Group Stage,1,0,1982-06-29,Santiago Bernabeu,Germany FR,England,1,UEFA,UEFA,1,0,0,1,1500.0,1991.02,-491.02,0.0559,0.5,0.9,-0.4,1.5,1.5,2.2,7.0,6.0,2.0,1.0,3.0,1.0,5.0,1.0,13.71,0.5,0,4.0,4.0,0.0,40,3.0,6.0,3.0,3.0,2.0,0.667,2.0,0.0,0.0,,,,,,,,,,,,,0.0,,,0,0,0,Draw,1,Full Time,,0.0,1.0,75000.0,1.0,1.0,0.0,0.0,0.0,0.0,0.0,0.0,0.0,0.0,0.0,0.0,0.0,0.0,0.0,0.0,0.0,0.0,26.0,26.0,6.435,9.5,6.435,9.5,0.0,0.0,train,tier3
348,1982,Group Stage,1,0,1982-06-29,Santiago Bernabeu,England,Germany FR,0,UEFA,UEFA,1,0,0,1,1991.02,1500.0,491.02,0.9441,0.9,0.5,0.4,2.2,0.6,1.5,6.0,7.0,1.0,2.0,1.0,3.0,1.0,5.0,5.67,0.5,0,4.0,4.0,0.0,40,3.0,6.0,1.0,5.0,3.0,1.0,2.0,0.0,0.0,,,,,,,,,,,,,0.0,,,0,0,0,Draw,1,Full Time,,0.0,1.0,75000.0,1.0,1.0,0.0,0.0,0.0,0.0,0.0,0.0,0.0,0.0,0.0,0.0,0.0,0.0,0.0,0.0,0.0,0.0,26.0,26.0,6.435,9.5,6.435,9.5,0.0,0.0,train,tier3
349,1982,Group Stage,1,0,1982-07-01,Vicente Calderon,Austria,Northern Ireland,1,UEFA,UEFA,1,0,0,1,1745.96,1662.18,83.77999999999997,0.6183,0.8,0.3,0.5,1.2,0.4,0.4,4.0,1.0,0.0,0.0,0.0,0.0,2.0,0.0,8.25,0.5,0,3.0,6.0,-3.0,41,4.0,3.0,2.0,1.0,2.0,0.5,0.75,0.0,0.0,,,,,,,,,,,,,0.0,,,2,2,0,Draw,1,Full Time,,0.0,1.0,20000.0,1.0,1.0,0.0,0.0,0.0,0.0,0.0,0.0,0.0,0.0,0.0,0.0,0.0,0.0,0.0,0.0,0.0,0.0,26.0,26.0,6.435,9.5,6.435,9.5,0.0,0.0,train,tier3
349,1982,Group Stage,1,0,1982-07-01,Vicente Calderon,Northern Ireland,Austria,0,UEFA,UEFA,1,0,0,1,1662.18,1745.96,-83.77999999999997,0.3817,0.3,0.8,-0.5,0.4,1.8,1.2,1.0,4.0,0.0,0.0,0.0,0.0,0.0,2.0,6.0,0.5,0,6.0,3.0,3.0,41,3.0,2.0,1.0,1.0,1.0,0.333,0.667,0.0,0.0,,,,,,,,,,,,,0.0,,,2,2,0,Draw,1,Full Time,,1.0,1.0,20000.0,1.0,1.0,0.0,0.0,0.0,0.0,0.0,0.0,0.0,0.0,0.0,0.0,0.0,0.0,0.0,0.0,0.0,0.0,26.0,26.0,6.435,9.5,6.435,9.5,0.0,0.0,train,tier3
350,1982,Group Stage,1,0,1982-07-01,Camp Nou,Belgium,Soviet Union,1,UEFA,UEFA,1,0,0,1,1861.09,1500.0,361.0899999999999,0.8888,0.7,0.5,0.2,1.0,0.6,1.5,5.0,4.0,0.0,0.0,0.0,0.0,0.0,1.0,2.4,0.5,0,3.0,9.0,-6.0,42,4.0,3.0,4.0,-1.0,2.0,0.5,0.75,0.0,0.0,,,,,,,,,,,,,0.0,,,0,1,-1,Loss,0,Full Time,,0.0,1.0,45000.0,1.0,1.0,0.0,0.0,0.0,0.0,0.0,0.0,0.0,0.0,0.0,0.0,0.0,0.0,0.0,0.0,0.0,0.0,26.0,26.0,6.435,9.5,6.435,9.5,0.0,0.0,train,tier3
350,1982,Group Stage,1,0,1982-07-01,Camp Nou,Soviet Union,Belgium,0,UEFA,UEFA,1,0,0,1,1500.0,1861.09,-361.0899999999999,0.1112,0.5,0.7,-0.2,1.5,1.5,1.0,4.0,5.0,0.0,0.0,0.0,0.0,1.0,0.0,7.5,0.5,0,9.0,3.0,6.0,42,3.0,6.0,4.0,2.0,1.0,0.333,2.0,0.0,0.0,,,,,,,,,,,,,0.0,,,1,0,1,Win,2,Full Time,,0.0,1.0,45000.0,1.0,1.0,0.0,0.0,0.0,0.0,0.0,0.0,0.0,0.0,0.0,0.0,0.0,0.0,0.0,0.0,0.0,0.0,26.0,26.0,6.435,9.5,6.435,9.5,0.0,0.0,train,tier3
351,1982,Group Stage,1,0,1982-07-02,Sarria,Argentina,Brazil,1,CONMEBOL,CONMEBOL,1,0,0,1,1784.51,1944.17,-159.66000000000008,0.2851,0.8,0.9,-0.1,1.8,0.6,3.4,7.0,11.0,1.0,3.0,2.0,3.0,2.0,6.0,7.86,0.0,2,3.0,9.0,-6.0,43,4.0,7.0,4.0,3.0,2.0,0.5,1.75,0.0,0.0,,,,,,,,,,,,,0.0,,,1,3,-2,Loss,0,Full Time,,0.0,1.0,44000.0,2.0,2.0,0.0,0.0,0.0,0.0,0.0,0.0,0.0,0.0,0.0,0.0,0.0,0.0,0.0,0.0,0.0,0.0,26.0,26.0,6.435,9.5,6.435,9.5,0.0,0.0,train,tier3
351,1982,Group Stage,1,0,1982-07-02,Sarria,Brazil,Argentina,0,CONMEBOL,CONMEBOL,1,0,0,1,1944.17,1784.51,159.66000000000008,0.7149,0.9,0.8,0.1,3.4,0.8,1.8,11.0,7.0,3.0,1.0,3.0,2.0,6.0,2.0,10.82,1.0,2,9.0,3.0,6.0,43,3.0,10.0,2.0,8.0,3.0,1.0,3.333,0.0,0.0,,,,,,,,,,,,,0.0,,,3,1,2,Win,2,Full Time,,1.0,1.0,44000.0,2.0,2.0,0.0,0.0,0.0,0.0,0.0,0.0,0.0,0.0,0.0,0.0,0.0,0.0,0.0,0.0,0.0,0.0,26.0,26.0,6.435,9.5,6.435,9.5,0.0,0.0,train,tier3
352,1982,Group Stage,1,0,1982-07-02,Santiago Bernabeu,Germany FR,Spain,1,UEFA,UEFA,1,0,1,1,1500.0,2100.01,-600.0100000000002,0.0307,0.5,0.8,-0.3,1.5,1.5,1.8,7.0,5.0,2.0,0.0,3.0,0.0,5.0,0.0,13.71,0.5,0,3.0,7.0,-4.0,44,4.0,6.0,3.0,3.0,2.0,0.5,1.5,0.0,0.0,,,,,,,,,,,,,0.0,,,2,1,1,Win,2,Full Time,,0.0,1.0,90089.0,1.0,1.0,0.0,0.0,0.0,0.0,0.0,0.0,0.0,0.0,0.0,0.0,0.0,0.0,0.0,0.0,0.0,0.0,26.0,26.0,6.435,9.5,6.435,9.5,0.0,0.0,train,tier3
352,1982,Group Stage,1,0,1982-07-02,Santiago Bernabeu,Spain,Germany FR,0,UEFA,UEFA,1,1,0,1,2100.01,1500.0,600.0100000000002,0.9693,0.8,0.5,0.3,1.8,0.6,1.5,5.0,7.0,0.0,2.0,0.0,3.0,0.0,5.0,4.4,0.5,0,7.0,3.0,4.0,44,3.0,3.0,3.0,0.0,1.0,0.333,1.0,0.0,0.0,,,,,,,,,,,,,0.0,,,1,2,-1,Loss,0,Full Time,,0.0,1.0,90089.0,1.0,1.0,0.0,0.0,0.0,0.0,0.0,0.0,0.0,0.0,0.0,0.0,0.0,0.0,0.0,0.0,0.0,0.0,26.0,26.0,6.435,9.5,6.435,9.5,0.0,0.0,train,tier3
353,1982,Group Stage,1,0,1982-07-04,Vicente Calderon,France,Northern Ireland,1,UEFA,UEFA,1,0,0,1,1742.74,1669.28,73.46000000000004,0.6042,0.3,0.5,-0.2,1.2,1.4,0.6,7.0,1.0,0.0,0.0,0.0,0.0,1.0,0.0,6.14,1.0,1,6.0,3.0,3.0,45,4.0,7.0,5.0,2.0,2.0,0.5,1.75,0.0,0.0,,,,,,,,,,,,,0.0,,,4,1,3,Win,2,Full Time,,1.0,1.0,37000.0,1.0,1.0,0.0,0.0,0.0,0.0,0.0,0.0,0.0,0.0,0.0,0.0,0.0,0.0,0.0,0.0,0.0,0.0,26.0,26.0,6.435,9.5,6.435,9.5,0.0,0.0,train,tier3
353,1982,Group Stage,1,0,1982-07-04,Vicente Calderon,Northern Ireland,France,0,UEFA,UEFA,1,0,0,1,1669.28,1742.74,-73.46000000000004,0.3958,0.5,0.3,0.2,0.6,1.0,1.2,1.0,7.0,0.0,0.0,0.0,0.0,0.0,1.0,6.0,0.0,1,3.0,6.0,-3.0,45,4.0,4.0,3.0,1.0,1.0,0.25,1.0,0.0,0.0,,,,,,,,,,,,,0.0,,,1,4,-3,Loss,0,Full Time,,0.0,1.0,37000.0,1.0,1.0,0.0,0.0,0.0,0.0,0.0,0.0,0.0,0.0,0.0,0.0,0.0,0.0,0.0,0.0,0.0,0.0,26.0,26.0,6.435,9.5,6.435,9.5,0.0,0.0,train,tier3
354,1982,Group Stage,1,0,1982-07-04,Camp Nou,Poland,Soviet Union,1,UEFA,UEFA,1,0,0,1,1747.32,1500.0,247.32,0.8059,0.6,0.5,0.1,2.6,0.8,1.5,3.0,4.0,0.0,0.0,0.0,0.0,1.0,1.0,9.0,0.5,0,6.0,3.0,3.0,46,4.0,8.0,1.0,7.0,2.0,0.5,2.0,0.0,0.0,,,,,,,,,,,,,0.0,,,0,0,0,Draw,1,Full Time,,0.0,1.0,65000.0,1.0,1.0,0.0,0.0,0.0,0.0,0.0,0.0,0.0,0.0,0.0,0.0,0.0,0.0,0.0,0.0,0.0,0.0,26.0,26.0,6.435,9.5,6.435,9.5,0.0,0.0,train,tier3
354,1982,Group Stage,1,0,1982-07-04,Camp Nou,Soviet Union,Poland,0,UEFA,UEFA,1,0,0,1,1500.0,1747.32,-247.32,0.1941,0.5,0.6,-0.1,1.5,1.5,2.6,4.0,3.0,0.0,0.0,0.0,0.0,1.0,1.0,7.5,0.5,0,3.0,6.0,-3.0,46,4.0,7.0,4.0,3.0,2.0,0.5,1.75,0.0,0.0,,,,,,,,,,,,,0.0,,,0,0,0,Draw,1,Full Time,,0.0,1.0,65000.0,1.0,1.0,0.0,0.0,0.0,0.0,0.0,0.0,0.0,0.0,0.0,0.0,0.0,0.0,0.0,0.0,0.0,0.0,26.0,26.0,6.435,9.5,6.435,9.5,0.0,0.0,train,tier3
355,1982,Group Stage,1,0,1982-07-05,Sarria,Italy,Brazil,1,UEFA,CONMEBOL,0,0,0,1,1769.61,1961.28,-191.67000000000007,0.2491,0.4,0.9,-0.5,0.6,0.8,3.6,9.0,11.0,2.0,3.0,3.0,3.0,4.0,6.0,6.89,0.333,3,6.0,3.0,3.0,47,4.0,4.0,3.0,1.0,1.0,0.25,1.0,0.0,0.0,,,,,,,,,,,,,0.0,,,3,2,1,Win,2,Full Time,,2.0,1.0,44000.0,1.0,2.0,0.0,0.0,0.0,0.0,0.0,0.0,0.0,0.0,0.0,0.0,0.0,0.0,0.0,0.0,0.0,0.0,26.0,26.0,6.435,9.5,6.435,9.5,0.0,0.0,train,tier3
355,1982,Group Stage,1,0,1982-07-05,Sarria,Brazil,Italy,0,CONMEBOL,UEFA,0,0,0,1,1961.28,1769.61,191.67000000000007,0.7509,0.9,0.4,0.5,3.6,0.6,0.6,11.0,9.0,3.0,2.0,3.0,3.0,6.0,4.0,10.82,0.667,3,3.0,6.0,-3.0,47,4.0,13.0,3.0,10.0,4.0,1.0,3.25,0.0,0.0,,,,,,,,,,,,,0.0,,,2,3,-1,Loss,0,Full Time,,1.0,1.0,44000.0,2.0,1.0,0.0,0.0,0.0,0.0,0.0,0.0,0.0,0.0,0.0,0.0,0.0,0.0,0.0,0.0,0.0,0.0,26.0,26.0,6.435,9.5,6.435,9.5,0.0,0.0,train,tier3
356,1982,Group Stage,1,0,1982-07-05,Santiago Bernabeu,Spain,England,1,UEFA,UEFA,1,1,0,0,1681.01,1818.65,-137.6400000000001,0.3117,0.6,0.9,-0.3,1.2,0.8,2.2,5.0,6.0,0.0,1.0,0.0,1.0,0.0,1.0,4.4,1.0,1,3.0,6.0,-3.0,48,4.0,4.0,5.0,-1.0,1.0,0.25,1.0,0.0,0.0,,,,,,,,,,,,,0.0,,,0,0,0,Draw,1,Full Time,,0.0,1.0,75000.0,1.0,1.0,0.0,0.0,0.0,0.0,0.0,0.0,0.0,0.0,0.0,0.0,0.0,0.0,0.0,0.0,0.0,0.0,26.0,26.0,6.435,9.5,6.435,9.5,0.0,0.0,train,tier3
356,1982,Group Stage,1,0,1982-07-05,Santiago Bernabeu,England,Spain,0,UEFA,UEFA,1,0,1,0,1818.65,1681.01,137.6400000000001,0.6883,0.9,0.6,0.3,2.2,0.6,1.2,6.0,5.0,1.0,0.0,1.0,0.0,1.0,0.0,5.67,0.0,1,6.0,3.0,3.0,48,4.0,6.0,1.0,5.0,3.0,0.75,1.5,0.0,0.0,,,,,,,,,,,,,0.0,,,0,0,0,Draw,1,Full Time,,0.0,1.0,75000.0,1.0,1.0,0.0,0.0,0.0,0.0,0.0,0.0,0.0,0.0,0.0,0.0,0.0,0.0,0.0,0.0,0.0,0.0,26.0,26.0,6.435,9.5,6.435,9.5,0.0,0.0,train,tier3
357,1982,Semi-final,4,1,1982-07-08,Camp Nou,Poland,Italy,1,UEFA,UEFA,1,0,0,1,1826.64,1814.66,11.980000000000018,0.5172,0.6,0.6,0.0,2.0,0.8,1.0,3.0,9.0,0.0,2.0,0.0,3.0,1.0,4.0,9.0,0.5,2,4.0,3.0,1.0,49,5.0,8.0,1.0,7.0,2.0,0.4,1.6,0.0,0.0,,,,,,,,,,,,,0.0,,,0,2,-2,Loss,0,Full Time,,0.0,1.0,50000.0,1.0,1.0,0.0,0.0,0.0,0.0,0.0,0.0,0.0,0.0,0.0,0.0,0.0,0.0,0.0,0.0,0.0,0.0,26.0,26.0,6.435,9.5,6.435,9.5,0.0,0.0,train,tier3
357,1982,Semi-final,4,1,1982-07-08,Camp Nou,Italy,Poland,0,UEFA,UEFA,1,0,0,1,1814.66,1826.64,-11.980000000000018,0.4828,0.6,0.6,0.0,1.0,0.8,2.0,9.0,3.0,2.0,0.0,3.0,0.0,4.0,1.0,6.89,0.5,2,3.0,4.0,-1.0,49,5.0,7.0,5.0,2.0,2.0,0.4,1.4,0.0,0.0,,,,,,,,,,,,,0.0,,,2,0,2,Win,2,Full Time,,1.0,1.0,50000.0,1.0,1.0,0.0,0.0,0.0,0.0,0.0,0.0,0.0,0.0,0.0,0.0,0.0,0.0,0.0,0.0,0.0,0.0,26.0,26.0,6.435,9.5,6.435,9.5,0.0,0.0,train,tier3
358,1982,Semi-final,4,1,1982-07-08,Ramon Sanchez Pizjuan,Germany FR,France,1,UEFA,UEFA,1,0,0,1,1500.0,2034.02,-534.02,0.0442,0.5,0.5,0.0,1.5,1.5,1.4,7.0,7.0,2.0,0.0,3.0,0.0,5.0,1.0,13.71,0.5,0,6.0,4.0,2.0,50,5.0,8.0,4.0,4.0,3.0,0.6,1.6,0.0,0.0,,,,,,,,,,,,,0.0,,,3,3,0,Draw,1,Penalties,,0.0,1.0,70000.0,1.0,1.0,0.0,0.0,0.0,0.0,0.0,0.0,0.0,0.0,0.0,0.0,0.0,0.0,0.0,0.0,0.0,0.0,26.0,26.0,6.435,9.5,6.435,9.5,0.0,0.0,train,tier3
358,1982,Semi-final,4,1,1982-07-08,Ramon Sanchez Pizjuan,France,Germany FR,0,UEFA,UEFA,1,0,0,1,2034.02,1500.0,534.02,0.9558,0.5,0.5,0.0,1.4,1.2,1.5,7.0,7.0,0.0,2.0,0.0,3.0,1.0,5.0,6.14,0.5,0,4.0,6.0,-2.0,50,5.0,11.0,6.0,5.0,3.0,0.6,2.2,0.0,0.0,,,,,,,,,,,,,0.0,,,3,3,0,Draw,1,Penalties,,0.0,1.0,70000.0,1.0,1.0,0.0,0.0,0.0,0.0,0.0,0.0,0.0,0.0,0.0,0.0,0.0,0.0,0.0,0.0,0.0,0.0,26.0,26.0,6.435,9.5,6.435,9.5,0.0,0.0,train,tier3
359,1982,Third Place,4,1,1982-07-10,Jose Rico Perez,Poland,France,1,UEFA,UEFA,1,0,0,1,1795.61,1778.73,16.87999999999988,0.5243,0.7,0.7,0.0,1.6,0.2,2.2,3.0,7.0,0.0,0.0,0.0,0.0,1.0,1.0,9.0,0.5,0,2.0,2.0,0.0,51,6.0,8.0,3.0,5.0,2.0,0.333,1.333,0.0,0.0,,,,,,,,,,,,,0.0,,,3,2,1,Win,2,Full Time,,2.0,1.0,28000.0,1.0,1.0,0.0,0.0,0.0,0.0,0.0,0.0,0.0,0.0,0.0,0.0,0.0,0.0,0.0,0.0,0.0,0.0,26.0,26.0,6.435,9.5,6.435,9.5,0.0,0.0,train,tier3
359,1982,Third Place,4,1,1982-07-10,Jose Rico Perez,France,Poland,0,UEFA,UEFA,1,0,0,1,1778.73,1795.61,-16.87999999999988,0.4757,0.7,0.7,0.0,2.2,1.2,1.6,7.0,3.0,0.0,0.0,0.0,0.0,1.0,1.0,6.14,0.5,0,2.0,2.0,0.0,51,6.0,14.0,9.0,5.0,3.0,0.5,2.333,0.0,0.0,,,,,,,,,,,,,0.0,,,2,3,-1,Loss,0,Full Time,,1.0,1.0,28000.0,1.0,1.0,0.0,0.0,0.0,0.0,0.0,0.0,0.0,0.0,0.0,0.0,0.0,0.0,0.0,0.0,0.0,0.0,26.0,26.0,6.435,9.5,6.435,9.5,0.0,0.0,train,tier3
360,1982,Final,5,1,1982-07-11,Santiago Bernabeu,Italy,Germany FR,1,UEFA,UEFA,1,0,0,1,1853.8,1500.0,353.79999999999995,0.8846,0.7,0.5,0.2,1.4,1.0,1.5,9.0,7.0,2.0,2.0,3.0,3.0,4.0,5.0,6.89,0.5,0,3.0,3.0,0.0,52,6.0,9.0,5.0,4.0,3.0,0.5,1.5,0.0,0.0,,,,,,,,,,,,,0.0,,,3,1,2,Win,2,Full Time,,0.0,1.0,90000.0,1.0,1.0,0.0,0.0,0.0,0.0,0.0,0.0,0.0,0.0,0.0,0.0,0.0,0.0,0.0,0.0,0.0,0.0,26.0,26.0,6.435,9.5,6.435,9.5,0.0,0.0,train,tier3
360,1982,Final,5,1,1982-07-11,Santiago Bernabeu,Germany FR,Italy,0,UEFA,UEFA,1,0,0,1,1500.0,1853.8,-353.79999999999995,0.1154,0.5,0.7,-0.2,1.5,1.5,1.4,7.0,9.0,2.0,2.0,3.0,3.0,5.0,4.0,13.71,0.5,0,3.0,3.0,0.0,52,6.0,11.0,7.0,4.0,3.0,0.5,1.833,0.0,0.0,,,,,,,,,,,,,0.0,,,1,3,-2,Loss,0,Full Time,,0.0,1.0,90000.0,1.0,1.0,0.0,0.0,0.0,0.0,0.0,0.0,0.0,0.0,0.0,0.0,0.0,0.0,0.0,0.0,0.0,0.0,26.0,26.0,6.435,9.5,6.435,9.5,0.0,0.0,train,tier3
361,1986,Group Stage,1,0,1986-05-31,Estadio Azteca,Bulgaria,Italy,1,UEFA,UEFA,1,0,0,1,1675.27,1711.09,-35.819999999999936,0.4486,0.3,0.4,-0.1,0.8,1.2,1.2,4.0,10.0,0.0,3.0,0.0,4.0,0.0,5.0,2.25,0.5,0,4.0,4.0,0.0,1,0.0,0.0,0.0,0.0,0.0,0.5,0.0,0.0,0.0,,,,,,,,,,,,,0.0,,,1,1,0,Draw,1,Full Time,,0.0,1.0,96000.0,1.0,1.0,0.0,0.0,0.0,0.0,0.0,0.0,0.0,0.0,0.0,0.0,0.0,0.0,0.0,0.0,0.0,0.0,26.0,26.0,6.435,9.5,6.435,9.5,0.0,0.0,train,tier3
361,1986,Group Stage,1,0,1986-05-31,Estadio Azteca,Italy,Bulgaria,0,UEFA,UEFA,1,0,0,1,1711.09,1675.27,35.819999999999936,0.5514,0.4,0.3,0.1,1.2,1.4,0.8,10.0,4.0,3.0,0.0,4.0,0.0,5.0,0.0,7.4,0.5,0,4.0,4.0,0.0,1,0.0,0.0,0.0,0.0,0.0,0.5,0.0,0.0,0.0,,,,,,,,,,,,,0.0,,,1,1,0,Draw,1,Full Time,,1.0,1.0,96000.0,1.0,1.0,0.0,0.0,0.0,0.0,0.0,0.0,0.0,0.0,0.0,0.0,0.0,0.0,0.0,0.0,0.0,0.0,26.0,26.0,6.435,9.5,6.435,9.5,0.0,0.0,train,tier3
362,1986,Group Stage,1,0,1986-06-01,Nou Camp - Estadio Leï¿½n,Canada,France,1,CONCACAF,UEFA,0,0,0,1,1583.97,1829.84,-245.8699999999999,0.1954,0.3,0.7,-0.4,0.6,1.8,2.0,0.0,8.0,0.0,0.0,0.0,0.0,0.0,2.0,0.0,0.5,0,4.0,4.0,0.0,2,0.0,0.0,0.0,0.0,0.0,0.5,0.0,0.0,0.0,,,,,,,,,,,,,0.0,,,0,1,-1,Loss,0,Full Time,,0.0,1.0,65500.0,3.0,1.0,0.0,0.0,0.0,0.0,0.0,0.0,0.0,0.0,0.0,0.0,0.0,0.0,0.0,0.0,0.0,0.0,26.0,26.0,6.435,9.5,6.435,9.5,0.0,0.0,train,tier3
362,1986,Group Stage,1,0,1986-06-01,Nou Camp - Estadio Leï¿½n,France,Canada,0,UEFA,CONCACAF,0,0,0,1,1829.84,1583.97,245.8699999999999,0.8046,0.7,0.3,0.4,2.0,0.4,0.6,8.0,0.0,0.0,0.0,0.0,0.0,2.0,0.0,7.38,0.5,0,4.0,4.0,0.0,2,0.0,0.0,0.0,0.0,0.0,0.5,0.0,0.0,0.0,,,,,,,,,,,,,0.0,,,1,0,1,Win,2,Full Time,,0.0,1.0,65500.0,1.0,3.0,0.0,0.0,0.0,0.0,0.0,0.0,0.0,0.0,0.0,0.0,0.0,0.0,0.0,0.0,0.0,0.0,26.0,26.0,6.435,9.5,6.435,9.5,0.0,0.0,train,tier3
363,1986,Group Stage,1,0,1986-06-01,Jalisco,Spain,Brazil,1,UEFA,CONMEBOL,0,0,0,1,1756.97,1755.61,1.360000000000127,0.502,0.9,0.8,0.1,1.8,0.2,2.8,6.0,12.0,0.0,3.0,0.0,3.0,0.0,6.0,4.33,0.25,4,4.0,4.0,0.0,3,0.0,0.0,0.0,0.0,0.0,0.5,0.0,0.0,0.0,,,,,,,,,,,,,0.0,,,0,1,-1,Loss,0,Full Time,,0.0,1.0,35748.0,1.0,2.0,0.0,0.0,0.0,0.0,0.0,0.0,0.0,0.0,0.0,0.0,0.0,0.0,0.0,0.0,0.0,0.0,26.0,26.0,6.435,9.5,6.435,9.5,0.0,0.0,train,tier3
363,1986,Group Stage,1,0,1986-06-01,Jalisco,Brazil,Spain,0,CONMEBOL,UEFA,0,0,0,1,1755.61,1756.97,-1.360000000000127,0.498,0.8,0.9,-0.1,2.8,1.0,1.8,12.0,6.0,3.0,0.0,3.0,0.0,6.0,0.0,11.17,0.75,4,4.0,4.0,0.0,3,0.0,0.0,0.0,0.0,0.0,0.5,0.0,0.0,0.0,,,,,,,,,,,,,0.0,,,1,0,1,Win,2,Full Time,,0.0,1.0,35748.0,2.0,1.0,0.0,0.0,0.0,0.0,0.0,0.0,0.0,0.0,0.0,0.0,0.0,0.0,0.0,0.0,0.0,0.0,26.0,26.0,6.435,9.5,6.435,9.5,0.0,0.0,train,tier3
364,1986,Group Stage,1,0,1986-06-02,Estadio Irapuato,Soviet Union,Hungary,1,UEFA,UEFA,1,0,0,1,1500.0,1745.68,-245.6800000000001,0.1956,0.5,0.8,-0.3,1.5,1.5,2.0,5.0,8.0,0.0,0.0,0.0,2.0,1.0,2.0,7.4,0.5,0,4.0,4.0,0.0,4,0.0,0.0,0.0,0.0,0.0,0.5,0.0,0.0,0.0,,,,,,,,,,,,,0.0,,,6,0,6,Win,2,Full Time,,3.0,1.0,16500.0,1.0,1.0,0.0,0.0,0.0,0.0,0.0,0.0,0.0,0.0,0.0,0.0,0.0,0.0,0.0,0.0,0.0,0.0,26.0,26.0,6.435,9.5,6.435,9.5,0.0,0.0,train,tier3
364,1986,Group Stage,1,0,1986-06-02,Estadio Irapuato,Hungary,Soviet Union,0,UEFA,UEFA,1,0,0,1,1745.68,1500.0,245.6800000000001,0.8044,0.8,0.5,0.3,2.0,0.6,1.5,8.0,5.0,0.0,0.0,2.0,0.0,2.0,1.0,10.62,0.5,0,4.0,4.0,0.0,4,0.0,0.0,0.0,0.0,0.0,0.5,0.0,0.0,0.0,,,,,,,,,,,,,0.0,,,0,6,-6,Loss,0,Full Time,,0.0,1.0,16500.0,1.0,1.0,0.0,0.0,0.0,0.0,0.0,0.0,0.0,0.0,0.0,0.0,0.0,0.0,0.0,0.0,0.0,0.0,26.0,26.0,6.435,9.5,6.435,9.5,0.0,0.0,train,tier3
365,1986,Group Stage,1,0,1986-06-02,Estadio Olï¿½mpico Universitario,Argentina,Korea Republic,1,CONMEBOL,AFC,0,0,0,1,2040.35,1500.0,540.3499999999999,0.9573,0.3,0.5,-0.2,0.8,1.4,1.5,8.0,1.0,1.0,0.0,2.0,0.0,2.0,0.0,7.88,0.5,0,4.0,4.0,0.0,5,0.0,0.0,0.0,0.0,0.0,0.5,0.0,0.0,0.0,,,,,,,,,,,,,0.0,,,3,1,2,Win,2,Full Time,,2.0,1.0,60000.0,2.0,5.0,0.0,0.0,0.0,0.0,0.0,0.0,0.0,0.0,0.0,0.0,0.0,0.0,0.0,0.0,0.0,0.0,26.0,26.0,6.435,9.5,6.435,9.5,0.0,0.0,train,tier3
365,1986,Group Stage,1,0,1986-06-02,Estadio Olï¿½mpico Universitario,Korea Republic,Argentina,0,AFC,CONMEBOL,0,0,0,1,1500.0,2040.35,-540.3499999999999,0.0427,0.5,0.3,0.2,1.5,1.5,0.8,1.0,8.0,0.0,1.0,0.0,2.0,0.0,2.0,0.0,0.5,0,4.0,4.0,0.0,5,0.0,0.0,0.0,0.0,0.0,0.5,0.0,0.0,0.0,,,,,,,,,,,,,0.0,,,1,3,-2,Loss,0,Full Time,,0.0,1.0,60000.0,5.0,2.0,0.0,0.0,0.0,0.0,0.0,0.0,0.0,0.0,0.0,0.0,0.0,0.0,0.0,0.0,0.0,0.0,26.0,26.0,6.435,9.5,6.435,9.5,0.0,0.0,train,tier3
366,1986,Group Stage,1,0,1986-06-02,Estadio Universitario,Morocco,Poland,1,CAF,UEFA,0,0,0,1,1636.85,1644.81,-7.960000000000036,0.4885,0.4,0.4,0.0,0.8,1.0,0.8,1.0,4.0,0.0,0.0,0.0,0.0,0.0,2.0,2.0,0.5,0,4.0,4.0,0.0,6,0.0,0.0,0.0,0.0,0.0,0.5,0.0,0.0,0.0,,,,,,,,,,,,,0.0,,,0,0,0,Draw,1,Full Time,,0.0,1.0,19900.0,4.0,1.0,0.0,0.0,0.0,0.0,0.0,0.0,0.0,0.0,0.0,0.0,0.0,0.0,0.0,0.0,0.0,0.0,26.0,26.0,6.435,9.5,6.435,9.5,0.0,0.0,train,tier3
366,1986,Group Stage,1,0,1986-06-02,Estadio Universitario,Poland,Morocco,0,UEFA,CAF,0,0,0,1,1644.81,1636.85,7.960000000000036,0.5115,0.4,0.4,0.0,0.8,1.4,0.8,4.0,1.0,0.0,0.0,0.0,0.0,2.0,0.0,9.5,0.5,0,4.0,4.0,0.0,6,0.0,0.0,0.0,0.0,0.0,0.5,0.0,0.0,0.0,,,,,,,,,,,,,0.0,,,0,0,0,Draw,1,Full Time,,0.0,1.0,19900.0,1.0,4.0,0.0,0.0,0.0,0.0,0.0,0.0,0.0,0.0,0.0,0.0,0.0,0.0,0.0,0.0,0.0,0.0,26.0,26.0,6.435,9.5,6.435,9.5,0.0,0.0,train,tier3
367,1986,Group Stage,1,0,1986-06-03,Tres de Marzo,Algeria,Northern Ireland,1,CAF,UEFA,0,0,0,1,1667.21,1702.17,-34.96000000000004,0.4499,0.4,0.6,-0.2,1.2,1.2,0.4,1.0,2.0,0.0,0.0,0.0,0.0,0.0,0.0,5.0,0.5,0,4.0,4.0,0.0,7,0.0,0.0,0.0,0.0,0.0,0.5,0.0,0.0,0.0,,,,,,,,,,,,,0.0,,,1,1,0,Draw,1,Full Time,,0.0,1.0,22000.0,4.0,1.0,0.0,0.0,0.0,0.0,0.0,0.0,0.0,0.0,0.0,0.0,0.0,0.0,0.0,0.0,0.0,0.0,26.0,26.0,6.435,9.5,6.435,9.5,0.0,0.0,train,tier3
367,1986,Group Stage,1,0,1986-06-03,Tres de Marzo,Northern Ireland,Algeria,0,UEFA,CAF,0,0,0,1,1702.17,1667.21,34.96000000000004,0.5501,0.6,0.4,0.2,0.4,0.2,1.2,2.0,1.0,0.0,0.0,0.0,0.0,0.0,0.0,5.5,0.5,0,4.0,4.0,0.0,7,0.0,0.0,0.0,0.0,0.0,0.5,0.0,0.0,0.0,,,,,,,,,,,,,0.0,,,1,1,0,Draw,1,Full Time,,1.0,1.0,22000.0,1.0,4.0,0.0,0.0,0.0,0.0,0.0,0.0,0.0,0.0,0.0,0.0,0.0,0.0,0.0,0.0,0.0,0.0,26.0,26.0,6.435,9.5,6.435,9.5,0.0,0.0,train,tier3
368,1986,Group Stage,1,0,1986-06-03,Estadio Azteca,Belgium,Mexico,1,UEFA,CONCACAF,0,0,1,1,1861.09,1887.54,-26.450000000000045,0.462,0.5,0.7,-0.2,0.8,1.0,1.4,6.0,8.0,0.0,0.0,0.0,0.0,0.0,0.0,2.5,0.0,1,4.0,4.0,0.0,8,0.0,0.0,0.0,0.0,0.0,0.5,0.0,0.0,0.0,,,,,,,,,,,,,0.0,,,1,2,-1,Loss,0,Full Time,,1.0,1.0,110000.0,1.0,3.0,0.0,0.0,0.0,0.0,0.0,0.0,0.0,0.0,0.0,0.0,0.0,0.0,0.0,0.0,0.0,0.0,26.0,26.0,6.435,9.5,6.435,9.5,0.0,0.0,train,tier3
368,1986,Group Stage,1,0,1986-06-03,Estadio Azteca,Mexico,Belgium,0,CONCACAF,UEFA,0,1,0,1,1887.54,1861.09,26.450000000000045,0.538,0.7,0.5,0.2,1.4,0.6,0.8,8.0,6.0,0.0,0.0,0.0,0.0,0.0,0.0,2.62,1.0,1,4.0,4.0,0.0,8,0.0,0.0,0.0,0.0,0.0,0.5,0.0,0.0,0.0,,,,,,,,,,,,,0.0,,,2,1,1,Win,2,Full Time,,2.0,1.0,110000.0,3.0,1.0,0.0,0.0,0.0,0.0,0.0,0.0,0.0,0.0,0.0,0.0,0.0,0.0,0.0,0.0,0.0,0.0,26.0,26.0,6.435,9.5,6.435,9.5,0.0,0.0,train,tier3
369,1986,Group Stage,1,0,1986-06-03,Tecnologico,Portugal,England,1,UEFA,UEFA,1,0,0,1,1682.52,1783.22,-100.70000000000005,0.359,0.7,1.0,-0.3,1.4,0.8,2.4,1.0,7.0,0.0,1.0,0.0,1.0,1.0,1.0,17.0,0.0,1,4.0,4.0,0.0,9,0.0,0.0,0.0,0.0,0.0,0.5,0.0,0.0,0.0,,,,,,,,,,,,,0.0,,,1,0,1,Win,2,Full Time,,0.0,1.0,23000.0,1.0,1.0,0.0,0.0,0.0,0.0,0.0,0.0,0.0,0.0,0.0,0.0,0.0,0.0,0.0,0.0,0.0,0.0,26.0,26.0,6.435,9.5,6.435,9.5,0.0,0.0,train,tier3
369,1986,Group Stage,1,0,1986-06-03,Tecnologico,England,Portugal,0,UEFA,UEFA,1,0,0,1,1783.22,1682.52,100.70000000000005,0.641,1.0,0.7,0.3,2.4,0.4,1.4,7.0,1.0,1.0,0.0,1.0,0.0,1.0,1.0,5.71,1.0,1,4.0,4.0,0.0,9,0.0,0.0,0.0,0.0,0.0,0.5,0.0,0.0,0.0,,,,,,,,,,,,,0.0,,,0,1,-1,Loss,0,Full Time,,0.0,1.0,23000.0,1.0,1.0,0.0,0.0,0.0,0.0,0.0,0.0,0.0,0.0,0.0,0.0,0.0,0.0,0.0,0.0,0.0,0.0,26.0,26.0,6.435,9.5,6.435,9.5,0.0,0.0,train,tier3
370,1986,Group Stage,1,0,1986-06-04,Bombonera - Estadio Nemesio Diez,Paraguay,Iraq,1,CONMEBOL,AFC,0,0,0,1,1667.19,1658.52,8.670000000000073,0.5125,0.9,0.3,0.6,2.4,1.0,1.0,3.0,0.0,0.0,0.0,0.0,0.0,0.0,0.0,4.0,0.5,0,4.0,4.0,0.0,10,0.0,0.0,0.0,0.0,0.0,0.5,0.0,0.0,0.0,,,,,,,,,,,,,0.0,,,1,0,1,Win,2,Full Time,,1.0,1.0,24000.0,2.0,5.0,0.0,0.0,0.0,0.0,0.0,0.0,0.0,0.0,0.0,0.0,0.0,0.0,0.0,0.0,0.0,0.0,26.0,26.0,6.435,9.5,6.435,9.5,0.0,0.0,train,tier3
370,1986,Group Stage,1,0,1986-06-04,Bombonera - Estadio Nemesio Diez,Iraq,Paraguay,0,AFC,CONMEBOL,0,0,0,1,1658.52,1667.19,-8.670000000000073,0.4875,0.3,0.9,-0.6,1.0,1.4,2.4,0.0,3.0,0.0,0.0,0.0,0.0,0.0,0.0,0.0,0.5,0,4.0,4.0,0.0,10,0.0,0.0,0.0,0.0,0.0,0.5,0.0,0.0,0.0,,,,,,,,,,,,,0.0,,,0,1,-1,Loss,0,Full Time,,0.0,1.0,24000.0,5.0,2.0,0.0,0.0,0.0,0.0,0.0,0.0,0.0,0.0,0.0,0.0,0.0,0.0,0.0,0.0,0.0,0.0,26.0,26.0,6.435,9.5,6.435,9.5,0.0,0.0,train,tier3
371,1986,Group Stage,1,0,1986-06-04,Neza,Scotland,Denmark,1,UEFA,UEFA,1,0,0,1,1713.32,1722.4,-9.080000000000156,0.4869,0.7,0.4,0.3,1.4,0.4,1.2,5.0,0.0,0.0,0.0,0.0,0.0,0.0,0.0,4.0,0.5,0,4.0,4.0,0.0,11,0.0,0.0,0.0,0.0,0.0,0.5,0.0,0.0,0.0,,,,,,,,,,,,,0.0,,,0,1,-1,Loss,0,Full Time,,0.0,1.0,18000.0,1.0,1.0,0.0,0.0,0.0,0.0,0.0,0.0,0.0,0.0,0.0,0.0,0.0,0.0,0.0,0.0,0.0,0.0,26.0,26.0,6.435,9.5,6.435,9.5,0.0,0.0,train,tier3
371,1986,Group Stage,1,0,1986-06-04,Neza,Denmark,Scotland,0,UEFA,UEFA,1,0,0,1,1722.4,1713.32,9.080000000000156,0.5131,0.4,0.7,-0.3,1.2,1.4,1.4,0.0,5.0,0.0,0.0,0.0,0.0,0.0,0.0,0.0,0.5,0,4.0,4.0,0.0,11,0.0,0.0,0.0,0.0,0.0,0.5,0.0,0.0,0.0,,,,,,,,,,,,,0.0,,,1,0,1,Win,2,Full Time,,0.0,1.0,18000.0,1.0,1.0,0.0,0.0,0.0,0.0,0.0,0.0,0.0,0.0,0.0,0.0,0.0,0.0,0.0,0.0,0.0,0.0,26.0,26.0,6.435,9.5,6.435,9.5,0.0,0.0,train,tier3
372,1986,Group Stage,1,0,1986-06-04,Estadio Corregidora,Uruguay,Germany FR,1,CONMEBOL,UEFA,0,0,0,1,1871.66,1500.0,371.6600000000001,0.8947,0.4,0.5,-0.1,1.0,1.2,1.5,7.0,8.0,2.0,2.0,1.0,4.0,3.0,6.0,8.14,0.5,0,4.0,4.0,0.0,12,0.0,0.0,0.0,0.0,0.0,0.5,0.0,0.0,0.0,,,,,,,,,,,,,0.0,,,1,1,0,Draw,1,Full Time,,1.0,1.0,30500.0,2.0,1.0,0.0,0.0,0.0,0.0,0.0,0.0,0.0,0.0,0.0,0.0,0.0,0.0,0.0,0.0,0.0,0.0,26.0,26.0,6.435,9.5,6.435,9.5,0.0,0.0,train,tier3
372,1986,Group Stage,1,0,1986-06-04,Estadio Corregidora,Germany FR,Uruguay,0,UEFA,CONMEBOL,0,0,0,1,1500.0,1871.66,-371.6600000000001,0.1053,0.5,0.4,0.1,1.5,1.5,1.0,8.0,7.0,2.0,2.0,4.0,1.0,6.0,3.0,13.5,0.5,0,4.0,4.0,0.0,12,0.0,0.0,0.0,0.0,0.0,0.5,0.0,0.0,0.0,,,,,,,,,,,,,0.0,,,1,1,0,Draw,1,Full Time,,0.0,1.0,30500.0,1.0,2.0,0.0,0.0,0.0,0.0,0.0,0.0,0.0,0.0,0.0,0.0,0.0,0.0,0.0,0.0,0.0,0.0,26.0,26.0,6.435,9.5,6.435,9.5,0.0,0.0,train,tier3
373,1986,Group Stage,1,0,1986-06-05,Cuauhtemoc,Italy,Argentina,1,UEFA,CONMEBOL,0,0,0,1,1708.01,1719.28,-11.269999999999982,0.4838,0.4,0.3,0.1,1.2,1.2,0.8,10.0,8.0,3.0,1.0,4.0,2.0,5.0,2.0,7.4,0.667,3,5.0,3.0,2.0,13,1.0,1.0,1.0,0.0,0.0,0.0,1.0,0.0,0.0,,,,,,,,,,,,,0.0,,,1,1,0,Draw,1,Full Time,,1.0,1.0,32000.0,1.0,2.0,0.0,0.0,0.0,0.0,0.0,0.0,0.0,0.0,0.0,0.0,0.0,0.0,0.0,0.0,0.0,0.0,26.0,26.0,6.435,9.5,6.435,9.5,0.0,0.0,train,tier3
373,1986,Group Stage,1,0,1986-06-05,Cuauhtemoc,Argentina,Italy,0,CONMEBOL,UEFA,0,0,0,1,1719.28,1708.01,11.269999999999982,0.5162,0.3,0.4,-0.1,0.8,1.4,1.2,8.0,10.0,1.0,3.0,2.0,4.0,2.0,5.0,7.88,0.3329999999999999,3,3.0,5.0,-2.0,13,1.0,3.0,1.0,2.0,1.0,1.0,3.0,0.0,0.0,,,,,,,,,,,,,0.0,,,1,1,0,Draw,1,Full Time,,1.0,1.0,32000.0,2.0,1.0,0.0,0.0,0.0,0.0,0.0,0.0,0.0,0.0,0.0,0.0,0.0,0.0,0.0,0.0,0.0,0.0,26.0,26.0,6.435,9.5,6.435,9.5,0.0,0.0,train,tier3
374,1986,Group Stage,1,0,1986-06-05,Nou Camp - Estadio Leï¿½n,France,Soviet Union,1,UEFA,UEFA,1,0,0,1,2034.02,1500.0,534.02,0.9558,0.7,0.5,0.2,2.0,0.4,1.5,8.0,5.0,0.0,0.0,0.0,0.0,2.0,1.0,7.38,0.5,0,4.0,3.0,1.0,14,1.0,1.0,0.0,1.0,1.0,1.0,1.0,0.0,0.0,,,,,,,,,,,,,0.0,,,1,1,0,Draw,1,Full Time,,0.0,1.0,36540.0,1.0,1.0,0.0,0.0,0.0,0.0,0.0,0.0,0.0,0.0,0.0,0.0,0.0,0.0,0.0,0.0,0.0,0.0,26.0,26.0,6.435,9.5,6.435,9.5,0.0,0.0,train,tier3
374,1986,Group Stage,1,0,1986-06-05,Nou Camp - Estadio Leï¿½n,Soviet Union,France,0,UEFA,UEFA,1,0,0,1,1500.0,2034.02,-534.02,0.0442,0.5,0.7,-0.2,1.5,1.5,2.0,5.0,8.0,0.0,0.0,0.0,0.0,1.0,2.0,7.4,0.5,0,3.0,4.0,-1.0,14,1.0,6.0,0.0,6.0,1.0,1.0,6.0,0.0,0.0,,,,,,,,,,,,,0.0,,,1,1,0,Draw,1,Full Time,,0.0,1.0,36540.0,1.0,1.0,0.0,0.0,0.0,0.0,0.0,0.0,0.0,0.0,0.0,0.0,0.0,0.0,0.0,0.0,0.0,0.0,26.0,26.0,6.435,9.5,6.435,9.5,0.0,0.0,train,tier3
375,1986,Group Stage,1,0,1986-06-05,Estadio Olï¿½mpico Universitario,Korea Republic,Bulgaria,1,AFC,UEFA,0,0,0,1,1500.0,1538.65,-38.65000000000009,0.4446,0.5,0.5,0.0,1.5,1.5,1.4,1.0,4.0,0.0,0.0,0.0,0.0,0.0,0.0,0.0,0.5,0,3.0,5.0,-2.0,15,1.0,1.0,3.0,-2.0,0.0,0.0,1.0,0.0,0.0,,,,,,,,,,,,,0.0,,,1,1,0,Draw,1,Full Time,,0.0,1.0,45000.0,5.0,1.0,0.0,0.0,0.0,0.0,0.0,0.0,0.0,0.0,0.0,0.0,0.0,0.0,0.0,0.0,0.0,0.0,26.0,26.0,6.435,9.5,6.435,9.5,0.0,0.0,train,tier3
375,1986,Group Stage,1,0,1986-06-05,Estadio Olï¿½mpico Universitario,Bulgaria,Korea Republic,0,UEFA,AFC,0,0,0,1,1538.65,1500.0,38.65000000000009,0.5554,0.5,0.5,0.0,1.4,0.8,1.5,4.0,1.0,0.0,0.0,0.0,0.0,0.0,0.0,2.25,0.5,0,5.0,3.0,2.0,15,1.0,1.0,1.0,0.0,0.0,0.0,1.0,0.0,0.0,,,,,,,,,,,,,0.0,,,1,1,0,Draw,1,Full Time,,1.0,1.0,45000.0,1.0,5.0,0.0,0.0,0.0,0.0,0.0,0.0,0.0,0.0,0.0,0.0,0.0,0.0,0.0,0.0,0.0,0.0,26.0,26.0,6.435,9.5,6.435,9.5,0.0,0.0,train,tier3
376,1986,Group Stage,1,0,1986-06-06,Estadio Irapuato,Hungary,Canada,1,UEFA,CONCACAF,0,0,0,1,1713.44,1572.25,141.19000000000003,0.6927,0.8,0.2,0.6,2.0,0.6,0.6,8.0,0.0,0.0,0.0,2.0,0.0,2.0,0.0,10.62,0.5,0,4.0,5.0,-1.0,16,1.0,0.0,6.0,-6.0,0.0,0.0,0.0,0.0,0.0,,,,,,,,,,,,,0.0,,,2,0,2,Win,2,Full Time,,1.0,1.0,13800.0,1.0,3.0,0.0,0.0,0.0,0.0,0.0,0.0,0.0,0.0,0.0,0.0,0.0,0.0,0.0,0.0,0.0,0.0,26.0,26.0,6.435,9.5,6.435,9.5,0.0,0.0,train,tier3
376,1986,Group Stage,1,0,1986-06-06,Estadio Irapuato,Canada,Hungary,0,CONCACAF,UEFA,0,0,0,1,1572.25,1713.44,-141.19000000000003,0.3073,0.2,0.8,-0.6,0.6,2.0,2.0,0.0,8.0,0.0,0.0,0.0,2.0,0.0,2.0,0.0,0.5,0,5.0,4.0,1.0,16,1.0,0.0,1.0,-1.0,0.0,0.0,0.0,0.0,0.0,,,,,,,,,,,,,0.0,,,0,2,-2,Loss,0,Full Time,,0.0,1.0,13800.0,3.0,1.0,0.0,0.0,0.0,0.0,0.0,0.0,0.0,0.0,0.0,0.0,0.0,0.0,0.0,0.0,0.0,0.0,26.0,26.0,6.435,9.5,6.435,9.5,0.0,0.0,train,tier3
377,1986,Group Stage,1,0,1986-06-06,Jalisco,Brazil,Algeria,1,CONMEBOL,CAF,0,0,0,1,1785.73,1670.22,115.51,0.6604,0.9,0.2,0.7,3.0,0.6,0.6,12.0,1.0,3.0,0.0,3.0,0.0,6.0,0.0,11.17,0.5,0,5.0,3.0,2.0,17,1.0,1.0,0.0,1.0,1.0,1.0,1.0,0.0,0.0,,,,,,,,,,,,,0.0,,,1,0,1,Win,2,Full Time,,0.0,1.0,48000.0,2.0,4.0,0.0,0.0,0.0,0.0,0.0,0.0,0.0,0.0,0.0,0.0,0.0,0.0,0.0,0.0,0.0,0.0,26.0,26.0,6.435,9.5,6.435,9.5,0.0,0.0,train,tier3
377,1986,Group Stage,1,0,1986-06-06,Jalisco,Algeria,Brazil,0,CAF,CONMEBOL,0,0,0,1,1670.22,1785.73,-115.51,0.3396,0.2,0.9,-0.7,0.6,1.4,3.0,1.0,12.0,0.0,3.0,0.0,3.0,0.0,6.0,5.0,0.5,0,3.0,5.0,-2.0,17,1.0,1.0,1.0,0.0,0.0,0.0,1.0,0.0,0.0,,,,,,,,,,,,,0.0,,,0,1,-1,Loss,0,Full Time,,0.0,1.0,48000.0,4.0,2.0,0.0,0.0,0.0,0.0,0.0,0.0,0.0,0.0,0.0,0.0,0.0,0.0,0.0,0.0,0.0,0.0,26.0,26.0,6.435,9.5,6.435,9.5,0.0,0.0,train,tier3
378,1986,Group Stage,1,0,1986-06-06,Tecnologico,England,Morocco,1,UEFA,CAF,0,0,0,1,1744.76,1637.54,107.22000000000004,0.6496,1.0,0.3,0.7,1.8,0.4,1.0,7.0,1.0,1.0,0.0,1.0,0.0,1.0,0.0,5.71,0.5,0,3.0,4.0,-1.0,18,1.0,0.0,1.0,-1.0,0.0,0.0,0.0,0.0,0.0,,,,,,,,,,,,,0.0,,,0,0,0,Draw,1,Full Time,,0.0,1.0,20200.0,1.0,4.0,0.0,0.0,0.0,0.0,0.0,0.0,0.0,0.0,0.0,0.0,0.0,0.0,0.0,0.0,0.0,0.0,26.0,26.0,6.435,9.5,6.435,9.5,0.0,0.0,train,tier3
378,1986,Group Stage,1,0,1986-06-06,Tecnologico,Morocco,England,0,CAF,UEFA,0,0,0,1,1637.54,1744.76,-107.22000000000004,0.3504,0.3,1.0,-0.7,1.0,1.4,1.8,1.0,7.0,0.0,1.0,0.0,1.0,0.0,1.0,2.0,0.5,0,4.0,3.0,1.0,18,1.0,0.0,0.0,0.0,0.0,0.0,0.0,0.0,0.0,,,,,,,,,,,,,0.0,,,0,0,0,Draw,1,Full Time,,0.0,1.0,20200.0,4.0,1.0,0.0,0.0,0.0,0.0,0.0,0.0,0.0,0.0,0.0,0.0,0.0,0.0,0.0,0.0,0.0,0.0,26.0,26.0,6.435,9.5,6.435,9.5,0.0,0.0,train,tier3
379,1986,Group Stage,1,0,1986-06-07,Tres de Marzo,Northern Ireland,Spain,1,UEFA,UEFA,1,0,0,1,1699.16,1726.85,-27.689999999999827,0.4602,0.7,0.9,-0.2,0.8,0.4,2.0,2.0,6.0,0.0,0.0,0.0,0.0,0.0,0.0,5.5,1.0,1,4.0,6.0,-2.0,19,1.0,1.0,1.0,0.0,0.0,0.0,1.0,0.0,0.0,,,,,,,,,,,,,0.0,,,1,2,-1,Loss,0,Full Time,,0.0,1.0,28000.0,1.0,1.0,0.0,0.0,0.0,0.0,0.0,0.0,0.0,0.0,0.0,0.0,0.0,0.0,0.0,0.0,0.0,0.0,26.0,26.0,6.435,9.5,6.435,9.5,0.0,0.0,train,tier3
379,1986,Group Stage,1,0,1986-06-07,Tres de Marzo,Spain,Northern Ireland,0,UEFA,UEFA,1,0,0,1,1726.85,1699.16,27.689999999999827,0.5398,0.9,0.7,0.2,2.0,0.0,0.8,6.0,2.0,0.0,0.0,0.0,0.0,0.0,0.0,4.33,0.0,1,6.0,4.0,2.0,19,1.0,0.0,1.0,-1.0,0.0,0.0,0.0,0.0,0.0,,,,,,,,,,,,,0.0,,,2,1,1,Win,2,Full Time,,2.0,1.0,28000.0,1.0,1.0,0.0,0.0,0.0,0.0,0.0,0.0,0.0,0.0,0.0,0.0,0.0,0.0,0.0,0.0,0.0,0.0,26.0,26.0,6.435,9.5,6.435,9.5,0.0,0.0,train,tier3
380,1986,Group Stage,1,0,1986-06-07,Estadio Azteca,Mexico,Paraguay,1,CONCACAF,CONMEBOL,0,1,0,0,1765.92,1696.44,69.48000000000002,0.5987,0.7,0.8,-0.1,1.2,0.8,1.8,8.0,3.0,0.0,0.0,0.0,0.0,0.0,0.0,2.62,0.5,0,4.0,3.0,1.0,20,1.0,2.0,1.0,1.0,1.0,1.0,2.0,0.0,0.0,,,,,,,,,,,,,0.0,,,1,1,0,Draw,1,Full Time,,1.0,1.0,114600.0,3.0,2.0,0.0,0.0,0.0,0.0,0.0,0.0,0.0,0.0,0.0,0.0,0.0,0.0,0.0,0.0,0.0,0.0,26.0,26.0,6.435,9.5,6.435,9.5,0.0,0.0,train,tier3
380,1986,Group Stage,1,0,1986-06-07,Estadio Azteca,Paraguay,Mexico,0,CONMEBOL,CONCACAF,0,0,1,0,1696.44,1765.92,-69.48000000000002,0.4013,0.8,0.7,0.1,1.8,0.8,1.2,3.0,8.0,0.0,0.0,0.0,0.0,0.0,0.0,4.0,0.5,0,3.0,4.0,-1.0,20,1.0,1.0,0.0,1.0,1.0,1.0,1.0,0.0,0.0,,,,,,,,,,,,,0.0,,,1,1,0,Draw,1,Full Time,,0.0,1.0,114600.0,2.0,3.0,0.0,0.0,0.0,0.0,0.0,0.0,0.0,0.0,0.0,0.0,0.0,0.0,0.0,0.0,0.0,0.0,26.0,26.0,6.435,9.5,6.435,9.5,0.0,0.0,train,tier3
381,1986,Group Stage,1,0,1986-06-07,Estadio Universitario,Poland,Portugal,1,UEFA,UEFA,1,0,0,1,1644.12,1720.98,-76.86000000000013,0.3912,0.2,0.7,-0.5,0.6,1.6,1.6,4.0,1.0,0.0,0.0,0.0,0.0,2.0,1.0,9.5,0.5,0,5.0,4.0,1.0,21,1.0,0.0,0.0,0.0,0.0,0.0,0.0,0.0,0.0,,,,,,,,,,,,,0.0,,,1,0,1,Win,2,Full Time,,0.0,1.0,19915.0,1.0,1.0,0.0,0.0,0.0,0.0,0.0,0.0,0.0,0.0,0.0,0.0,0.0,0.0,0.0,0.0,0.0,0.0,26.0,26.0,6.435,9.5,6.435,9.5,0.0,0.0,train,tier3
381,1986,Group Stage,1,0,1986-06-07,Estadio Universitario,Portugal,Poland,0,UEFA,UEFA,1,0,0,1,1720.98,1644.12,76.86000000000013,0.6088,0.7,0.2,0.5,1.6,1.2,0.6,1.0,4.0,0.0,0.0,0.0,0.0,1.0,2.0,17.0,0.5,0,4.0,5.0,-1.0,21,1.0,1.0,0.0,1.0,1.0,1.0,1.0,0.0,0.0,,,,,,,,,,,,,0.0,,,0,1,-1,Loss,0,Full Time,,0.0,1.0,19915.0,1.0,1.0,0.0,0.0,0.0,0.0,0.0,0.0,0.0,0.0,0.0,0.0,0.0,0.0,0.0,0.0,0.0,0.0,26.0,26.0,6.435,9.5,6.435,9.5,0.0,0.0,train,tier3
382,1986,Group Stage,1,0,1986-06-08,Bombonera - Estadio Nemesio Diez,Iraq,Belgium,1,AFC,UEFA,0,0,0,1,1629.27,1660.17,-30.90000000000009,0.4556,0.4,0.4,0.0,1.6,1.8,1.0,0.0,6.0,0.0,0.0,0.0,0.0,0.0,0.0,0.0,0.5,0,4.0,5.0,-1.0,22,1.0,0.0,1.0,-1.0,0.0,0.0,0.0,0.0,0.0,,,,,,,,,,,,,0.0,,,1,2,-1,Loss,0,Full Time,,0.0,1.0,20000.0,5.0,1.0,0.0,0.0,0.0,0.0,0.0,0.0,0.0,0.0,0.0,0.0,0.0,0.0,0.0,0.0,0.0,0.0,26.0,26.0,6.435,9.5,6.435,9.5,0.0,0.0,train,tier3
382,1986,Group Stage,1,0,1986-06-08,Bombonera - Estadio Nemesio Diez,Belgium,Iraq,0,UEFA,AFC,0,0,0,1,1660.17,1629.27,30.90000000000009,0.5444,0.4,0.4,0.0,1.0,1.6,1.6,6.0,0.0,0.0,0.0,0.0,0.0,0.0,0.0,2.5,0.5,0,5.0,4.0,1.0,22,1.0,1.0,2.0,-1.0,0.0,0.0,1.0,0.0,0.0,,,,,,,,,,,,,0.0,,,2,1,1,Win,2,Full Time,,2.0,1.0,20000.0,1.0,5.0,0.0,0.0,0.0,0.0,0.0,0.0,0.0,0.0,0.0,0.0,0.0,0.0,0.0,0.0,0.0,0.0,26.0,26.0,6.435,9.5,6.435,9.5,0.0,0.0,train,tier3
383,1986,Group Stage,1,0,1986-06-08,Neza,Denmark,Uruguay,1,UEFA,CONMEBOL,0,0,0,1,1751.62,1723.83,27.789999999999964,0.5399,0.4,0.5,-0.1,0.6,1.2,1.2,0.0,7.0,0.0,2.0,0.0,1.0,0.0,3.0,0.0,0.5,0,4.0,4.0,0.0,23,1.0,1.0,0.0,1.0,1.0,1.0,1.0,0.0,0.0,,,,,,,,,,,,,0.0,,,6,1,5,Win,2,Full Time,,2.0,1.0,26500.0,1.0,2.0,0.0,0.0,0.0,0.0,0.0,0.0,0.0,0.0,0.0,0.0,0.0,0.0,0.0,0.0,0.0,0.0,26.0,26.0,6.435,9.5,6.435,9.5,0.0,0.0,train,tier3
383,1986,Group Stage,1,0,1986-06-08,Neza,Uruguay,Denmark,0,CONMEBOL,UEFA,0,0,0,1,1723.83,1751.62,-27.789999999999964,0.4601,0.5,0.4,0.1,1.2,1.0,0.6,7.0,0.0,2.0,0.0,1.0,0.0,3.0,0.0,8.14,0.5,0,4.0,4.0,0.0,23,1.0,1.0,1.0,0.0,0.0,0.0,1.0,0.0,0.0,,,,,,,,,,,,,0.0,,,1,6,-5,Loss,0,Full Time,,1.0,1.0,26500.0,2.0,1.0,0.0,0.0,0.0,0.0,0.0,0.0,0.0,0.0,0.0,0.0,0.0,0.0,0.0,0.0,0.0,0.0,26.0,26.0,6.435,9.5,6.435,9.5,0.0,0.0,train,tier3
384,1986,Group Stage,1,0,1986-06-08,Estadio Corregidora,Germany FR,Scotland,1,UEFA,UEFA,1,0,0,1,1500.0,1789.06,-289.05999999999995,0.1592,0.5,0.6,-0.1,1.5,1.5,1.0,8.0,5.0,2.0,0.0,4.0,0.0,6.0,0.0,13.5,0.5,0,4.0,4.0,0.0,24,1.0,1.0,1.0,0.0,0.0,0.0,1.0,0.0,0.0,,,,,,,,,,,,,0.0,,,2,1,1,Win,2,Full Time,,1.0,1.0,30000.0,1.0,1.0,0.0,0.0,0.0,0.0,0.0,0.0,0.0,0.0,0.0,0.0,0.0,0.0,0.0,0.0,0.0,0.0,26.0,26.0,6.435,9.5,6.435,9.5,0.0,0.0,train,tier3
384,1986,Group Stage,1,0,1986-06-08,Estadio Corregidora,Scotland,Germany FR,0,UEFA,UEFA,1,0,0,1,1789.06,1500.0,289.05999999999995,0.8408,0.6,0.5,0.1,1.0,0.4,1.5,5.0,8.0,0.0,2.0,0.0,4.0,0.0,6.0,4.0,0.5,0,4.0,4.0,0.0,24,1.0,0.0,1.0,-1.0,0.0,0.0,0.0,0.0,0.0,,,,,,,,,,,,,0.0,,,1,2,-1,Loss,0,Full Time,,1.0,1.0,30000.0,1.0,1.0,0.0,0.0,0.0,0.0,0.0,0.0,0.0,0.0,0.0,0.0,0.0,0.0,0.0,0.0,0.0,0.0,26.0,26.0,6.435,9.5,6.435,9.5,0.0,0.0,train,tier3
385,1986,Group Stage,1,0,1986-06-09,Nou Camp - Estadio Leï¿½n,Hungary,France,1,UEFA,UEFA,1,0,0,1,1731.88,1838.32,-106.43999999999984,0.3514,0.6,0.9,-0.3,1.8,1.8,2.2,8.0,8.0,0.0,0.0,2.0,0.0,2.0,2.0,10.62,0.0,1,3.0,4.0,-1.0,25,2.0,2.0,6.0,-4.0,1.0,0.5,1.0,0.0,0.0,,,,,,,,,,,,,0.0,,,0,3,-3,Loss,0,Full Time,,0.0,1.0,31420.0,1.0,1.0,0.0,0.0,0.0,0.0,0.0,0.0,0.0,0.0,0.0,0.0,0.0,0.0,0.0,0.0,0.0,0.0,26.0,26.0,6.435,9.5,6.435,9.5,0.0,0.0,train,tier3
385,1986,Group Stage,1,0,1986-06-09,Nou Camp - Estadio Leï¿½n,France,Hungary,0,UEFA,UEFA,1,0,0,1,1838.32,1731.88,106.43999999999984,0.6486,0.9,0.6,0.3,2.2,0.0,1.8,8.0,8.0,0.0,0.0,0.0,2.0,2.0,2.0,7.38,1.0,1,4.0,3.0,1.0,25,2.0,2.0,1.0,1.0,1.0,0.5,1.0,0.0,0.0,,,,,,,,,,,,,0.0,,,3,0,3,Win,2,Full Time,,1.0,1.0,31420.0,1.0,1.0,0.0,0.0,0.0,0.0,0.0,0.0,0.0,0.0,0.0,0.0,0.0,0.0,0.0,0.0,0.0,0.0,26.0,26.0,6.435,9.5,6.435,9.5,0.0,0.0,train,tier3
386,1986,Group Stage,1,0,1986-06-09,Estadio Irapuato,Soviet Union,Canada,1,UEFA,CONCACAF,0,0,0,1,1500.0,1835.73,-335.73,0.1265,0.5,0.2,0.3,1.5,1.5,0.4,5.0,0.0,0.0,0.0,0.0,0.0,1.0,0.0,7.4,0.5,0,4.0,3.0,1.0,26,2.0,7.0,1.0,6.0,1.0,0.5,3.5,0.0,0.0,,,,,,,,,,,,,0.0,,,2,0,2,Win,2,Full Time,,0.0,1.0,14200.0,1.0,3.0,0.0,0.0,0.0,0.0,0.0,0.0,0.0,0.0,0.0,0.0,0.0,0.0,0.0,0.0,0.0,0.0,26.0,26.0,6.435,9.5,6.435,9.5,0.0,0.0,train,tier3
386,1986,Group Stage,1,0,1986-06-09,Estadio Irapuato,Canada,Soviet Union,0,CONCACAF,UEFA,0,0,0,1,1835.73,1500.0,335.73,0.8735,0.2,0.5,-0.3,0.4,1.6,1.5,0.0,5.0,0.0,0.0,0.0,0.0,0.0,1.0,0.0,0.5,0,3.0,4.0,-1.0,26,2.0,0.0,3.0,-3.0,0.0,0.0,0.0,0.0,0.0,,,,,,,,,,,,,0.0,,,0,2,-2,Loss,0,Full Time,,0.0,1.0,14200.0,3.0,1.0,0.0,0.0,0.0,0.0,0.0,0.0,0.0,0.0,0.0,0.0,0.0,0.0,0.0,0.0,0.0,0.0,26.0,26.0,6.435,9.5,6.435,9.5,0.0,0.0,train,tier3
387,1986,Group Stage,1,0,1986-06-10,Cuauhtemoc,Korea Republic,Italy,1,AFC,UEFA,0,0,0,1,1500.0,1853.8,-353.79999999999995,0.1154,0.5,0.5,0.0,1.5,1.5,1.2,1.0,10.0,0.0,3.0,0.0,4.0,0.0,5.0,0.0,0.5,0,5.0,5.0,0.0,27,2.0,2.0,4.0,-2.0,0.0,0.0,1.0,0.0,0.0,,,,,,,,,,,,,0.0,,,2,3,-1,Loss,0,Full Time,,0.0,1.0,20000.0,5.0,1.0,0.0,0.0,0.0,0.0,0.0,0.0,0.0,0.0,0.0,0.0,0.0,0.0,0.0,0.0,0.0,0.0,26.0,26.0,6.435,9.5,6.435,9.5,0.0,0.0,train,tier3
387,1986,Group Stage,1,0,1986-06-10,Cuauhtemoc,Italy,Korea Republic,0,UEFA,AFC,0,0,0,1,1853.8,1500.0,353.79999999999995,0.8846,0.5,0.5,0.0,1.2,1.0,1.5,10.0,1.0,3.0,0.0,4.0,0.0,5.0,0.0,7.4,0.5,0,5.0,5.0,0.0,27,2.0,2.0,2.0,0.0,0.0,0.0,1.0,0.0,0.0,,,,,,,,,,,,,0.0,,,3,2,1,Win,2,Full Time,,1.0,1.0,20000.0,1.0,5.0,0.0,0.0,0.0,0.0,0.0,0.0,0.0,0.0,0.0,0.0,0.0,0.0,0.0,0.0,0.0,0.0,26.0,26.0,6.435,9.5,6.435,9.5,0.0,0.0,train,tier3
388,1986,Group Stage,1,0,1986-06-10,Estadio Olï¿½mpico Universitario,Argentina,Bulgaria,1,CONMEBOL,UEFA,0,0,0,1,1718.31,1676.9,41.409999999999854,0.5593,0.4,0.6,-0.2,1.0,1.2,1.4,8.0,4.0,1.0,0.0,2.0,0.0,2.0,0.0,7.88,1.0,1,5.0,5.0,0.0,28,2.0,4.0,2.0,2.0,1.0,0.5,2.0,0.0,0.0,,,,,,,,,,,,,0.0,,,2,0,2,Win,2,Full Time,,1.0,1.0,65000.0,2.0,1.0,0.0,0.0,0.0,0.0,0.0,0.0,0.0,0.0,0.0,0.0,0.0,0.0,0.0,0.0,0.0,0.0,26.0,26.0,6.435,9.5,6.435,9.5,0.0,0.0,train,tier3
388,1986,Group Stage,1,0,1986-06-10,Estadio Olï¿½mpico Universitario,Bulgaria,Argentina,0,UEFA,CONMEBOL,0,0,0,1,1676.9,1718.31,-41.409999999999854,0.4407,0.6,0.4,0.2,1.4,0.6,1.0,4.0,8.0,0.0,1.0,0.0,2.0,0.0,2.0,2.25,0.0,1,5.0,5.0,0.0,28,2.0,2.0,2.0,0.0,0.0,0.0,1.0,0.0,0.0,,,,,,,,,,,,,0.0,,,0,2,-2,Loss,0,Full Time,,0.0,1.0,65000.0,1.0,2.0,0.0,0.0,0.0,0.0,0.0,0.0,0.0,0.0,0.0,0.0,0.0,0.0,0.0,0.0,0.0,0.0,26.0,26.0,6.435,9.5,6.435,9.5,0.0,0.0,train,tier3
389,1986,Group Stage,1,0,1986-06-11,Bombonera - Estadio Nemesio Diez,Paraguay,Belgium,1,CONMEBOL,UEFA,0,0,0,1,1702.36,1687.51,14.849999999999907,0.5214,0.8,0.2,0.6,1.4,0.4,1.0,3.0,6.0,0.0,0.0,0.0,0.0,0.0,0.0,4.0,1.0,1,4.0,3.0,1.0,29,2.0,2.0,1.0,1.0,1.0,0.5,1.0,0.0,0.0,,,,,,,,,,,,,0.0,,,2,2,0,Draw,1,Full Time,,0.0,1.0,16000.0,2.0,1.0,0.0,0.0,0.0,0.0,0.0,0.0,0.0,0.0,0.0,0.0,0.0,0.0,0.0,0.0,0.0,0.0,26.0,26.0,6.435,9.5,6.435,9.5,0.0,0.0,train,tier3
389,1986,Group Stage,1,0,1986-06-11,Bombonera - Estadio Nemesio Diez,Belgium,Paraguay,0,UEFA,CONMEBOL,0,0,0,1,1687.51,1702.36,-14.849999999999907,0.4786,0.2,0.8,-0.6,1.0,2.0,1.4,6.0,3.0,0.0,0.0,0.0,0.0,0.0,0.0,2.5,0.0,1,3.0,4.0,-1.0,29,2.0,3.0,3.0,0.0,1.0,0.5,1.5,0.0,0.0,,,,,,,,,,,,,0.0,,,2,2,0,Draw,1,Full Time,,1.0,1.0,16000.0,1.0,2.0,0.0,0.0,0.0,0.0,0.0,0.0,0.0,0.0,0.0,0.0,0.0,0.0,0.0,0.0,0.0,0.0,26.0,26.0,6.435,9.5,6.435,9.5,0.0,0.0,train,tier3
390,1986,Group Stage,1,0,1986-06-11,Estadio Azteca,Iraq,Mexico,1,AFC,CONCACAF,0,0,1,1,1752.87,1887.54,-134.67000000000007,0.3154,0.3,0.7,-0.4,1.2,1.6,1.4,0.0,8.0,0.0,0.0,0.0,0.0,0.0,0.0,0.0,0.5,0,3.0,4.0,-1.0,30,2.0,1.0,3.0,-2.0,0.0,0.0,0.5,0.0,0.0,,,,,,,,,,,,,0.0,,,0,1,-1,Loss,0,Full Time,,0.0,1.0,103763.0,5.0,3.0,0.0,0.0,0.0,0.0,0.0,0.0,0.0,0.0,0.0,0.0,0.0,0.0,0.0,0.0,0.0,0.0,26.0,26.0,6.435,9.5,6.435,9.5,0.0,0.0,train,tier3
390,1986,Group Stage,1,0,1986-06-11,Estadio Azteca,Mexico,Iraq,0,CONCACAF,AFC,0,1,0,1,1887.54,1752.87,134.67000000000007,0.6846,0.7,0.3,0.4,1.4,1.0,1.2,8.0,0.0,0.0,0.0,0.0,0.0,0.0,0.0,2.62,0.5,0,4.0,3.0,1.0,30,2.0,3.0,2.0,1.0,1.0,0.5,1.5,0.0,0.0,,,,,,,,,,,,,0.0,,,1,0,1,Win,2,Full Time,,0.0,1.0,103763.0,3.0,5.0,0.0,0.0,0.0,0.0,0.0,0.0,0.0,0.0,0.0,0.0,0.0,0.0,0.0,0.0,0.0,0.0,26.0,26.0,6.435,9.5,6.435,9.5,0.0,0.0,train,tier3
391,1986,Group Stage,1,0,1986-06-11,Tres de Marzo,Portugal,Morocco,1,UEFA,CAF,0,0,0,1,1684.45,1646.51,37.940000000000055,0.5544,0.7,0.3,0.4,1.2,0.8,0.8,1.0,1.0,0.0,0.0,0.0,0.0,1.0,0.0,17.0,0.5,0,4.0,5.0,-1.0,31,2.0,1.0,1.0,0.0,1.0,0.5,0.5,0.0,0.0,,,,,,,,,,,,,0.0,,,1,3,-2,Loss,0,Full Time,,0.0,1.0,28000.0,1.0,4.0,0.0,0.0,0.0,0.0,0.0,0.0,0.0,0.0,0.0,0.0,0.0,0.0,0.0,0.0,0.0,0.0,26.0,26.0,6.435,9.5,6.435,9.5,0.0,0.0,train,tier3
391,1986,Group Stage,1,0,1986-06-11,Tres de Marzo,Morocco,Portugal,0,CAF,UEFA,0,0,0,1,1646.51,1684.45,-37.940000000000055,0.4456,0.3,0.7,-0.4,0.8,1.2,1.2,1.0,1.0,0.0,0.0,0.0,0.0,0.0,1.0,2.0,0.5,0,5.0,4.0,1.0,31,2.0,0.0,0.0,0.0,0.0,0.0,0.0,0.0,0.0,,,,,,,,,,,,,0.0,,,3,1,2,Win,2,Full Time,,2.0,1.0,28000.0,4.0,1.0,0.0,0.0,0.0,0.0,0.0,0.0,0.0,0.0,0.0,0.0,0.0,0.0,0.0,0.0,0.0,0.0,26.0,26.0,6.435,9.5,6.435,9.5,0.0,0.0,train,tier3
392,1986,Group Stage,1,0,1986-06-11,Tecnologico,England,Poland,1,UEFA,UEFA,1,0,0,1,1735.79,1680.65,55.13999999999987,0.5787,0.8,0.3,0.5,1.4,0.4,0.6,7.0,4.0,1.0,0.0,1.0,0.0,1.0,2.0,5.71,0.5,0,5.0,4.0,1.0,32,2.0,0.0,1.0,-1.0,0.0,0.0,0.0,0.0,0.0,,,,,,,,,,,,,0.0,,,3,0,3,Win,2,Full Time,,3.0,1.0,22700.0,1.0,1.0,0.0,0.0,0.0,0.0,0.0,0.0,0.0,0.0,0.0,0.0,0.0,0.0,0.0,0.0,0.0,0.0,26.0,26.0,6.435,9.5,6.435,9.5,0.0,0.0,train,tier3
392,1986,Group Stage,1,0,1986-06-11,Tecnologico,Poland,England,0,UEFA,UEFA,1,0,0,1,1680.65,1735.79,-55.13999999999987,0.4213,0.3,0.8,-0.5,0.6,1.4,1.4,4.0,7.0,0.0,1.0,0.0,1.0,2.0,1.0,9.5,0.5,0,4.0,5.0,-1.0,32,2.0,1.0,0.0,1.0,1.0,0.5,0.5,0.0,0.0,,,,,,,,,,,,,0.0,,,0,3,-3,Loss,0,Full Time,,0.0,1.0,22700.0,1.0,1.0,0.0,0.0,0.0,0.0,0.0,0.0,0.0,0.0,0.0,0.0,0.0,0.0,0.0,0.0,0.0,0.0,26.0,26.0,6.435,9.5,6.435,9.5,0.0,0.0,train,tier3
393,1986,Group Stage,1,0,1986-06-12,Jalisco,Northern Ireland,Brazil,1,UEFA,CONMEBOL,0,0,0,1,1671.55,1806.11,-134.55999999999997,0.3155,0.6,0.9,-0.3,0.8,0.6,2.4,2.0,12.0,0.0,3.0,0.0,3.0,0.0,6.0,5.5,0.5,0,5.0,6.0,-1.0,33,2.0,2.0,3.0,-1.0,0.0,0.0,1.0,0.0,0.0,,,,,,,,,,,,,0.0,,,0,3,-3,Loss,0,Full Time,,0.0,1.0,51000.0,1.0,2.0,0.0,0.0,0.0,0.0,0.0,0.0,0.0,0.0,0.0,0.0,0.0,0.0,0.0,0.0,0.0,0.0,26.0,26.0,6.435,9.5,6.435,9.5,0.0,0.0,train,tier3
393,1986,Group Stage,1,0,1986-06-12,Jalisco,Brazil,Northern Ireland,0,CONMEBOL,UEFA,0,0,0,1,1806.11,1671.55,134.55999999999997,0.6845,0.9,0.6,0.3,2.4,0.6,0.8,12.0,2.0,3.0,0.0,3.0,0.0,6.0,0.0,11.17,0.5,0,6.0,5.0,1.0,33,2.0,2.0,0.0,2.0,2.0,1.0,1.0,0.0,0.0,,,,,,,,,,,,,0.0,,,3,0,3,Win,2,Full Time,,2.0,1.0,51000.0,2.0,1.0,0.0,0.0,0.0,0.0,0.0,0.0,0.0,0.0,0.0,0.0,0.0,0.0,0.0,0.0,0.0,0.0,26.0,26.0,6.435,9.5,6.435,9.5,0.0,0.0,train,tier3
394,1986,Group Stage,1,0,1986-06-12,Tecnologico,Algeria,Spain,1,CAF,UEFA,0,0,0,1,1649.84,1754.46,-104.62000000000012,0.3538,0.2,0.8,-0.6,0.8,1.6,2.0,1.0,6.0,0.0,0.0,0.0,0.0,0.0,0.0,5.0,0.5,0,6.0,5.0,1.0,34,2.0,1.0,2.0,-1.0,0.0,0.0,0.5,0.0,0.0,,,,,,,,,,,,,0.0,,,0,3,-3,Loss,0,Full Time,,0.0,1.0,23980.0,4.0,1.0,0.0,0.0,0.0,0.0,0.0,0.0,0.0,0.0,0.0,0.0,0.0,0.0,0.0,0.0,0.0,0.0,26.0,26.0,6.435,9.5,6.435,9.5,0.0,0.0,train,tier3
394,1986,Group Stage,1,0,1986-06-12,Tecnologico,Spain,Algeria,0,UEFA,CAF,0,0,0,1,1754.46,1649.84,104.62000000000012,0.6462,0.8,0.2,0.6,2.0,0.2,0.8,6.0,1.0,0.0,0.0,0.0,0.0,0.0,0.0,4.33,0.5,0,5.0,6.0,-1.0,34,2.0,2.0,2.0,0.0,1.0,0.5,1.0,0.0,0.0,,,,,,,,,,,,,0.0,,,3,0,3,Win,2,Full Time,,1.0,1.0,23980.0,1.0,4.0,0.0,0.0,0.0,0.0,0.0,0.0,0.0,0.0,0.0,0.0,0.0,0.0,0.0,0.0,0.0,0.0,26.0,26.0,6.435,9.5,6.435,9.5,0.0,0.0,train,tier3
395,1986,Group Stage,1,0,1986-06-13,Neza,Scotland,Uruguay,1,UEFA,CONMEBOL,0,0,0,1,1661.5,1696.22,-34.72000000000003,0.4502,0.5,0.4,0.1,1.0,0.6,0.8,5.0,7.0,0.0,2.0,0.0,1.0,0.0,3.0,4.0,0.0,1,5.0,5.0,0.0,35,2.0,1.0,3.0,-2.0,0.0,0.0,0.5,0.0,0.0,,,,,,,,,,,,,0.0,,,0,0,0,Draw,1,Full Time,,0.0,1.0,20000.0,1.0,2.0,0.0,0.0,0.0,0.0,0.0,0.0,0.0,0.0,0.0,0.0,0.0,0.0,0.0,0.0,0.0,0.0,26.0,26.0,6.435,9.5,6.435,9.5,0.0,0.0,train,tier3
395,1986,Group Stage,1,0,1986-06-13,Neza,Uruguay,Scotland,0,CONMEBOL,UEFA,0,0,0,1,1696.22,1661.5,34.72000000000003,0.5498,0.4,0.5,-0.1,0.8,1.0,1.0,7.0,5.0,2.0,0.0,1.0,0.0,3.0,0.0,8.14,1.0,1,5.0,5.0,0.0,35,2.0,2.0,7.0,-5.0,0.0,0.0,1.0,0.0,0.0,,,,,,,,,,,,,0.0,,,0,0,0,Draw,1,Full Time,,0.0,1.0,20000.0,2.0,1.0,0.0,0.0,0.0,0.0,0.0,0.0,0.0,0.0,0.0,0.0,0.0,0.0,0.0,0.0,0.0,0.0,26.0,26.0,6.435,9.5,6.435,9.5,0.0,0.0,train,tier3
396,1986,Group Stage,1,0,1986-06-13,Estadio Corregidora,Denmark,Germany FR,1,UEFA,UEFA,1,0,0,1,1826.93,1500.0,326.93000000000006,0.8678,0.5,0.5,0.0,0.6,1.0,1.5,0.0,8.0,0.0,2.0,0.0,4.0,0.0,6.0,0.0,0.5,0,5.0,5.0,0.0,36,2.0,7.0,1.0,6.0,2.0,1.0,3.5,0.0,0.0,,,,,,,,,,,,,0.0,,,2,0,2,Win,2,Full Time,,1.0,1.0,36000.0,1.0,1.0,0.0,0.0,0.0,0.0,0.0,0.0,0.0,0.0,0.0,0.0,0.0,0.0,0.0,0.0,0.0,0.0,26.0,26.0,6.435,9.5,6.435,9.5,0.0,0.0,train,tier3
396,1986,Group Stage,1,0,1986-06-13,Estadio Corregidora,Germany FR,Denmark,0,UEFA,UEFA,1,0,0,1,1500.0,1826.93,-326.93000000000006,0.1322,0.5,0.5,0.0,1.5,1.5,0.6,8.0,0.0,2.0,0.0,4.0,0.0,6.0,0.0,13.5,0.5,0,5.0,5.0,0.0,36,2.0,3.0,2.0,1.0,1.0,0.5,1.5,0.0,0.0,,,,,,,,,,,,,0.0,,,0,2,-2,Loss,0,Full Time,,0.0,1.0,36000.0,1.0,1.0,0.0,0.0,0.0,0.0,0.0,0.0,0.0,0.0,0.0,0.0,0.0,0.0,0.0,0.0,0.0,0.0,26.0,26.0,6.435,9.5,6.435,9.5,0.0,0.0,train,tier3
397,1986,Round of 16,2,1,1986-06-15,Nou Camp - Estadio Leï¿½n,Soviet Union,Belgium,1,UEFA,UEFA,1,0,0,1,1500.0,1861.09,-361.0899999999999,0.1112,0.5,0.4,0.1,1.5,1.5,1.2,5.0,6.0,0.0,0.0,0.0,0.0,1.0,0.0,7.4,0.5,0,6.0,4.0,2.0,37,3.0,9.0,1.0,8.0,2.0,0.667,3.0,0.0,0.0,,,,,,,,,,,,,0.0,,,3,4,-1,Loss,0,Extra Time,,0.0,1.0,32277.0,1.0,1.0,0.0,0.0,0.0,0.0,0.0,0.0,0.0,0.0,0.0,0.0,0.0,0.0,0.0,0.0,0.0,0.0,26.0,26.0,6.435,9.5,6.435,9.5,0.0,0.0,train,tier3
397,1986,Round of 16,2,1,1986-06-15,Nou Camp - Estadio Leï¿½n,Belgium,Soviet Union,0,UEFA,UEFA,1,0,0,1,1861.09,1500.0,361.0899999999999,0.8888,0.4,0.5,-0.1,1.2,1.8,1.5,6.0,5.0,0.0,0.0,0.0,0.0,0.0,1.0,2.5,0.5,0,4.0,6.0,-2.0,37,3.0,5.0,5.0,0.0,1.0,0.333,1.667,0.0,0.0,,,,,,,,,,,,,0.0,,,4,3,1,Win,2,Extra Time,,0.0,1.0,32277.0,1.0,1.0,0.0,0.0,0.0,0.0,0.0,0.0,0.0,0.0,0.0,0.0,0.0,0.0,0.0,0.0,0.0,0.0,26.0,26.0,6.435,9.5,6.435,9.5,0.0,0.0,train,tier3
398,1986,Round of 16,2,1,1986-06-15,Estadio Azteca,Mexico,Bulgaria,1,CONCACAF,UEFA,0,1,0,0,1777.22,1650.46,126.76,0.6747,0.7,0.6,0.1,1.4,1.0,1.6,8.0,4.0,0.0,0.0,0.0,0.0,0.0,0.0,2.62,0.5,0,4.0,5.0,-1.0,38,3.0,4.0,2.0,2.0,2.0,0.667,1.333,0.0,0.0,,,,,,,,,,,,,0.0,,,2,0,2,Win,2,Full Time,,1.0,1.0,114580.0,3.0,1.0,0.0,0.0,0.0,0.0,0.0,0.0,0.0,0.0,0.0,0.0,0.0,0.0,0.0,0.0,0.0,0.0,26.0,26.0,6.435,9.5,6.435,9.5,0.0,0.0,train,tier3
398,1986,Round of 16,2,1,1986-06-15,Estadio Azteca,Bulgaria,Mexico,0,UEFA,CONCACAF,0,0,1,0,1650.46,1777.22,-126.76,0.3253,0.6,0.7,-0.1,1.6,0.8,1.4,4.0,8.0,0.0,0.0,0.0,0.0,0.0,0.0,2.25,0.5,0,5.0,4.0,1.0,38,3.0,2.0,4.0,-2.0,0.0,0.0,0.667,0.0,0.0,,,,,,,,,,,,,0.0,,,0,2,-2,Loss,0,Full Time,,0.0,1.0,114580.0,1.0,3.0,0.0,0.0,0.0,0.0,0.0,0.0,0.0,0.0,0.0,0.0,0.0,0.0,0.0,0.0,0.0,0.0,26.0,26.0,6.435,9.5,6.435,9.5,0.0,0.0,train,tier3
399,1986,Round of 16,2,1,1986-06-16,Cuauhtemoc,Argentina,Uruguay,1,CONMEBOL,CONMEBOL,1,0,0,1,1744.75,1693.23,51.51999999999998,0.5736,0.4,0.3,0.1,1.0,1.2,0.6,8.0,7.0,1.0,2.0,2.0,1.0,2.0,3.0,7.88,0.0,1,6.0,3.0,3.0,39,3.0,6.0,2.0,4.0,2.0,0.667,2.0,0.0,0.0,,,,,,,,,,,,,0.0,,,1,0,1,Win,2,Full Time,,1.0,1.0,26000.0,2.0,2.0,0.0,0.0,0.0,0.0,0.0,0.0,0.0,0.0,0.0,0.0,0.0,0.0,0.0,0.0,0.0,0.0,26.0,26.0,6.435,9.5,6.435,9.5,0.0,0.0,train,tier3
399,1986,Round of 16,2,1,1986-06-16,Cuauhtemoc,Uruguay,Argentina,0,CONMEBOL,CONMEBOL,1,0,0,1,1693.23,1744.75,-51.51999999999998,0.4264,0.3,0.4,-0.1,0.6,1.8,1.0,7.0,8.0,2.0,1.0,1.0,2.0,3.0,2.0,8.14,1.0,1,3.0,6.0,-3.0,39,3.0,2.0,7.0,-5.0,0.0,0.0,0.667,0.0,0.0,,,,,,,,,,,,,0.0,,,0,1,-1,Loss,0,Full Time,,0.0,1.0,26000.0,2.0,2.0,0.0,0.0,0.0,0.0,0.0,0.0,0.0,0.0,0.0,0.0,0.0,0.0,0.0,0.0,0.0,0.0,26.0,26.0,6.435,9.5,6.435,9.5,0.0,0.0,train,tier3
400,1986,Round of 16,2,1,1986-06-16,Jalisco,Brazil,Poland,1,CONMEBOL,UEFA,0,0,0,1,1825.04,1655.37,169.67000000000007,0.7265,0.9,0.4,0.5,2.0,0.6,0.6,12.0,4.0,3.0,0.0,3.0,0.0,6.0,2.0,11.17,0.667,3,4.0,5.0,-1.0,40,3.0,5.0,0.0,5.0,3.0,1.0,1.667,0.0,0.0,,,,,,,,,,,,,0.0,,,4,0,4,Win,2,Full Time,,1.0,1.0,45000.0,2.0,1.0,0.0,0.0,0.0,0.0,0.0,0.0,0.0,0.0,0.0,0.0,0.0,0.0,0.0,0.0,0.0,0.0,26.0,26.0,6.435,9.5,6.435,9.5,0.0,0.0,train,tier3
400,1986,Round of 16,2,1,1986-06-16,Jalisco,Poland,Brazil,0,UEFA,CONMEBOL,0,0,0,1,1655.37,1825.04,-169.67000000000007,0.2735,0.4,0.9,-0.5,0.6,1.2,2.0,4.0,12.0,0.0,3.0,0.0,3.0,2.0,6.0,9.5,0.3329999999999999,3,5.0,4.0,1.0,40,3.0,1.0,3.0,-2.0,1.0,0.333,0.333,0.0,0.0,,,,,,,,,,,,,0.0,,,0,4,-4,Loss,0,Full Time,,0.0,1.0,45000.0,1.0,2.0,0.0,0.0,0.0,0.0,0.0,0.0,0.0,0.0,0.0,0.0,0.0,0.0,0.0,0.0,0.0,0.0,26.0,26.0,6.435,9.5,6.435,9.5,0.0,0.0,train,tier3
401,1986,Round of 16,2,1,1986-06-17,Estadio Olï¿½mpico Universitario,Italy,France,1,UEFA,UEFA,1,0,0,1,1735.04,1859.41,-124.37000000000012,0.3283,0.6,0.8,-0.2,1.4,1.0,1.2,10.0,8.0,3.0,0.0,4.0,0.0,5.0,2.0,7.4,1.0,2,7.0,8.0,-1.0,41,3.0,5.0,4.0,1.0,1.0,0.333,1.667,0.0,0.0,,,,,,,,,,,,,0.0,,,0,2,-2,Loss,0,Full Time,,0.0,1.0,70000.0,1.0,1.0,0.0,0.0,0.0,0.0,0.0,0.0,0.0,0.0,0.0,0.0,0.0,0.0,0.0,0.0,0.0,0.0,26.0,26.0,6.435,9.5,6.435,9.5,0.0,0.0,train,tier3
401,1986,Round of 16,2,1,1986-06-17,Estadio Olï¿½mpico Universitario,France,Italy,0,UEFA,UEFA,1,0,0,1,1859.41,1735.04,124.37000000000012,0.6717,0.8,0.6,0.2,1.2,0.2,1.4,8.0,10.0,0.0,3.0,0.0,4.0,2.0,5.0,7.38,0.0,2,8.0,7.0,1.0,41,3.0,5.0,1.0,4.0,2.0,0.667,1.667,0.0,0.0,,,,,,,,,,,,,0.0,,,2,0,2,Win,2,Full Time,,1.0,1.0,70000.0,1.0,1.0,0.0,0.0,0.0,0.0,0.0,0.0,0.0,0.0,0.0,0.0,0.0,0.0,0.0,0.0,0.0,0.0,26.0,26.0,6.435,9.5,6.435,9.5,0.0,0.0,train,tier3
402,1986,Round of 16,2,1,1986-06-17,Estadio Universitario,Morocco,Germany FR,1,CAF,UEFA,0,0,0,1,1945.47,1500.0,445.47,0.9285,0.2,0.5,-0.3,0.6,1.2,1.5,1.0,8.0,0.0,2.0,0.0,4.0,0.0,6.0,2.0,0.5,0,6.0,4.0,2.0,42,3.0,3.0,1.0,2.0,1.0,0.333,1.0,0.0,0.0,,,,,,,,,,,,,0.0,,,0,1,-1,Loss,0,Full Time,,0.0,1.0,19800.0,4.0,1.0,0.0,0.0,0.0,0.0,0.0,0.0,0.0,0.0,0.0,0.0,0.0,0.0,0.0,0.0,0.0,0.0,26.0,26.0,6.435,9.5,6.435,9.5,0.0,0.0,train,tier3
402,1986,Round of 16,2,1,1986-06-17,Estadio Universitario,Germany FR,Morocco,0,UEFA,CAF,0,0,0,1,1500.0,1945.47,-445.47,0.0715,0.5,0.2,0.3,1.5,1.5,0.6,8.0,1.0,2.0,0.0,4.0,0.0,6.0,0.0,13.5,0.5,0,4.0,6.0,-2.0,42,3.0,3.0,4.0,-1.0,1.0,0.333,1.0,0.0,0.0,,,,,,,,,,,,,0.0,,,1,0,1,Win,2,Full Time,,0.0,1.0,19800.0,1.0,4.0,0.0,0.0,0.0,0.0,0.0,0.0,0.0,0.0,0.0,0.0,0.0,0.0,0.0,0.0,0.0,0.0,26.0,26.0,6.435,9.5,6.435,9.5,0.0,0.0,train,tier3
403,1986,Round of 16,2,1,1986-06-18,Estadio Azteca,England,Paraguay,1,UEFA,CONMEBOL,0,0,0,1,1761.07,1701.08,59.99000000000001,0.5855,0.7,0.8,-0.1,1.2,0.4,1.4,7.0,3.0,1.0,0.0,1.0,0.0,1.0,0.0,5.71,0.5,0,7.0,7.0,0.0,43,3.0,3.0,1.0,2.0,1.0,0.333,1.0,0.0,0.0,,,,,,,,,,,,,0.0,,,3,0,3,Win,2,Full Time,,1.0,1.0,98728.0,1.0,2.0,0.0,0.0,0.0,0.0,0.0,0.0,0.0,0.0,0.0,0.0,0.0,0.0,0.0,0.0,0.0,0.0,26.0,26.0,6.435,9.5,6.435,9.5,0.0,0.0,train,tier3
403,1986,Round of 16,2,1,1986-06-18,Estadio Azteca,Paraguay,England,0,CONMEBOL,UEFA,0,0,0,1,1701.08,1761.07,-59.99000000000001,0.4145,0.8,0.7,0.1,1.4,0.4,1.2,3.0,7.0,0.0,1.0,0.0,1.0,0.0,1.0,4.0,0.5,0,7.0,7.0,0.0,43,3.0,4.0,3.0,1.0,1.0,0.333,1.333,0.0,0.0,,,,,,,,,,,,,0.0,,,0,3,-3,Loss,0,Full Time,,0.0,1.0,98728.0,2.0,1.0,0.0,0.0,0.0,0.0,0.0,0.0,0.0,0.0,0.0,0.0,0.0,0.0,0.0,0.0,0.0,0.0,26.0,26.0,6.435,9.5,6.435,9.5,0.0,0.0,train,tier3
404,1986,Round of 16,2,1,1986-06-18,Estadio Corregidora,Denmark,Spain,1,UEFA,UEFA,1,0,0,1,1810.52,1775.69,34.82999999999993,0.55,0.6,0.8,-0.2,1.6,1.0,2.0,0.0,6.0,0.0,0.0,0.0,0.0,0.0,0.0,0.0,0.5,0,5.0,6.0,-1.0,44,3.0,9.0,1.0,8.0,3.0,1.0,3.0,0.0,0.0,,,,,,,,,,,,,0.0,,,1,5,-4,Loss,0,Full Time,,1.0,1.0,38500.0,1.0,1.0,0.0,0.0,0.0,0.0,0.0,0.0,0.0,0.0,0.0,0.0,0.0,0.0,0.0,0.0,0.0,0.0,26.0,26.0,6.435,9.5,6.435,9.5,0.0,0.0,train,tier3
404,1986,Round of 16,2,1,1986-06-18,Estadio Corregidora,Spain,Denmark,0,UEFA,UEFA,1,0,0,1,1775.69,1810.52,-34.82999999999993,0.45,0.8,0.6,0.2,2.0,0.4,1.6,6.0,0.0,0.0,0.0,0.0,0.0,0.0,0.0,4.33,0.5,0,6.0,5.0,1.0,44,3.0,5.0,2.0,3.0,2.0,0.667,1.667,0.0,0.0,,,,,,,,,,,,,0.0,,,5,1,4,Win,2,Full Time,,1.0,1.0,38500.0,1.0,1.0,0.0,0.0,0.0,0.0,0.0,0.0,0.0,0.0,0.0,0.0,0.0,0.0,0.0,0.0,0.0,0.0,26.0,26.0,6.435,9.5,6.435,9.5,0.0,0.0,train,tier3
405,1986,Quarter-final,3,1,1986-06-21,Jalisco,Brazil,France,1,CONMEBOL,UEFA,0,0,0,1,1841.45,1879.11,-37.659999999999854,0.446,0.9,0.8,0.1,2.0,0.6,1.4,12.0,8.0,3.0,0.0,3.0,0.0,6.0,2.0,11.17,1.0,1,5.0,4.0,1.0,45,4.0,9.0,0.0,9.0,4.0,1.0,2.25,0.0,0.0,,,,,,,,,,,,,0.0,,,1,1,0,Loss,0,Penalties,,0.0,1.0,65000.0,2.0,1.0,0.0,0.0,0.0,0.0,0.0,0.0,0.0,0.0,0.0,0.0,0.0,0.0,0.0,0.0,0.0,0.0,26.0,26.0,6.435,9.5,6.435,9.5,0.0,0.0,train,tier3
405,1986,Quarter-final,3,1,1986-06-21,Jalisco,France,Brazil,0,UEFA,CONMEBOL,0,0,0,1,1879.11,1841.45,37.659999999999854,0.554,0.8,0.9,-0.1,1.4,0.2,2.0,8.0,12.0,0.0,3.0,0.0,3.0,2.0,6.0,7.38,0.0,1,4.0,5.0,-1.0,45,4.0,7.0,1.0,6.0,3.0,0.75,1.75,0.0,0.0,,,,,,,,,,,,,0.0,,,1,1,0,Win,2,Penalties,,0.0,1.0,65000.0,1.0,2.0,0.0,0.0,0.0,0.0,0.0,0.0,0.0,0.0,0.0,0.0,0.0,0.0,0.0,0.0,0.0,0.0,26.0,26.0,6.435,9.5,6.435,9.5,0.0,0.0,train,tier3
406,1986,Quarter-final,3,1,1986-06-21,Estadio Universitario,Germany FR,Mexico,1,UEFA,CONCACAF,0,0,1,1,1500.0,1887.54,-387.54,0.097,0.5,0.7,-0.2,1.5,1.5,1.4,8.0,8.0,2.0,0.0,4.0,0.0,6.0,0.0,13.5,0.5,0,4.0,6.0,-2.0,46,4.0,4.0,4.0,0.0,2.0,0.5,1.0,0.0,0.0,,,,,,,,,,,,,0.0,,,0,0,0,Win,2,Penalties,,0.0,1.0,41700.0,1.0,3.0,0.0,0.0,0.0,0.0,0.0,0.0,0.0,0.0,0.0,0.0,0.0,0.0,0.0,0.0,0.0,0.0,26.0,26.0,6.435,9.5,6.435,9.5,0.0,0.0,train,tier3
406,1986,Quarter-final,3,1,1986-06-21,Estadio Universitario,Mexico,Germany FR,0,CONCACAF,UEFA,0,1,0,1,1887.54,1500.0,387.54,0.903,0.7,0.5,0.2,1.4,1.0,1.5,8.0,8.0,0.0,2.0,0.0,4.0,0.0,6.0,2.62,0.5,0,6.0,4.0,2.0,46,4.0,6.0,2.0,4.0,3.0,0.75,1.5,0.0,0.0,,,,,,,,,,,,,0.0,,,0,0,0,Loss,0,Penalties,,0.0,1.0,41700.0,3.0,1.0,0.0,0.0,0.0,0.0,0.0,0.0,0.0,0.0,0.0,0.0,0.0,0.0,0.0,0.0,0.0,0.0,26.0,26.0,6.435,9.5,6.435,9.5,0.0,0.0,train,tier3
407,1986,Quarter-final,3,1,1986-06-22,Cuauhtemoc,Spain,Belgium,1,UEFA,UEFA,1,0,0,1,1808.69,1729.5,79.19000000000005,0.612,0.8,0.5,0.3,2.2,0.4,1.6,6.0,6.0,0.0,0.0,0.0,0.0,0.0,0.0,4.33,0.5,0,4.0,7.0,-3.0,47,4.0,10.0,3.0,7.0,3.0,0.75,2.5,0.0,0.0,,,,,,,,,,,,,0.0,,,1,1,0,Loss,0,Penalties,,0.0,1.0,45000.0,1.0,1.0,0.0,0.0,0.0,0.0,0.0,0.0,0.0,0.0,0.0,0.0,0.0,0.0,0.0,0.0,0.0,0.0,26.0,26.0,6.435,9.5,6.435,9.5,0.0,0.0,train,tier3
407,1986,Quarter-final,3,1,1986-06-22,Cuauhtemoc,Belgium,Spain,0,UEFA,UEFA,1,0,0,1,1729.5,1808.69,-79.19000000000005,0.388,0.5,0.8,-0.3,1.6,1.6,2.2,6.0,6.0,0.0,0.0,0.0,0.0,0.0,0.0,2.5,0.5,0,7.0,4.0,3.0,47,4.0,9.0,8.0,1.0,2.0,0.5,2.25,0.0,0.0,,,,,,,,,,,,,0.0,,,1,1,0,Win,2,Penalties,,0.0,1.0,45000.0,1.0,1.0,0.0,0.0,0.0,0.0,0.0,0.0,0.0,0.0,0.0,0.0,0.0,0.0,0.0,0.0,0.0,0.0,26.0,26.0,6.435,9.5,6.435,9.5,0.0,0.0,train,tier3
408,1986,Quarter-final,3,1,1986-06-22,Estadio Azteca,Argentina,England,1,CONMEBOL,UEFA,0,0,0,1,1770.33,1785.94,-15.610000000000127,0.4776,0.5,0.7,-0.2,1.2,1.0,1.4,8.0,7.0,1.0,1.0,2.0,1.0,2.0,1.0,7.88,0.0,2,6.0,4.0,2.0,48,4.0,7.0,2.0,5.0,3.0,0.75,1.75,0.0,0.0,,,,,,,,,,,,,0.0,,,2,1,1,Win,2,Full Time,,0.0,1.0,114580.0,2.0,1.0,0.0,0.0,0.0,0.0,0.0,0.0,0.0,0.0,0.0,0.0,0.0,0.0,0.0,0.0,0.0,0.0,26.0,26.0,6.435,9.5,6.435,9.5,0.0,0.0,train,tier3
408,1986,Quarter-final,3,1,1986-06-22,Estadio Azteca,England,Argentina,0,UEFA,CONMEBOL,0,0,0,1,1785.94,1770.33,15.610000000000127,0.5224,0.7,0.5,0.2,1.4,0.2,1.2,7.0,8.0,1.0,1.0,1.0,2.0,1.0,2.0,5.71,1.0,2,4.0,6.0,-2.0,48,4.0,6.0,1.0,5.0,2.0,0.5,1.5,0.0,0.0,,,,,,,,,,,,,0.0,,,1,2,-1,Loss,0,Full Time,,0.0,1.0,114580.0,1.0,2.0,0.0,0.0,0.0,0.0,0.0,0.0,0.0,0.0,0.0,0.0,0.0,0.0,0.0,0.0,0.0,0.0,26.0,26.0,6.435,9.5,6.435,9.5,0.0,0.0,train,tier3
409,1986,Semi-final,4,1,1986-06-25,Jalisco,France,Germany FR,1,UEFA,UEFA,1,0,0,1,2034.02,1500.0,534.02,0.9558,0.9,0.5,0.4,1.8,0.2,1.5,8.0,8.0,0.0,2.0,0.0,4.0,2.0,6.0,7.38,0.5,0,4.0,4.0,0.0,49,5.0,8.0,2.0,6.0,4.0,0.8,1.6,0.0,0.0,,,,,,,,,,,,,0.0,,,0,2,-2,Loss,0,Full Time,,0.0,1.0,45000.0,1.0,1.0,0.0,0.0,0.0,0.0,0.0,0.0,0.0,0.0,0.0,0.0,0.0,0.0,0.0,0.0,0.0,0.0,26.0,26.0,6.435,9.5,6.435,9.5,0.0,0.0,train,tier3
409,1986,Semi-final,4,1,1986-06-25,Jalisco,Germany FR,France,0,UEFA,UEFA,1,0,0,1,1500.0,2034.02,-534.02,0.0442,0.5,0.9,-0.4,1.5,1.5,1.8,8.0,8.0,2.0,0.0,4.0,0.0,6.0,2.0,13.5,0.5,0,4.0,4.0,0.0,49,5.0,4.0,4.0,0.0,3.0,0.6,0.8,0.0,0.0,,,,,,,,,,,,,0.0,,,2,0,2,Win,2,Full Time,,1.0,1.0,45000.0,1.0,1.0,0.0,0.0,0.0,0.0,0.0,0.0,0.0,0.0,0.0,0.0,0.0,0.0,0.0,0.0,0.0,0.0,26.0,26.0,6.435,9.5,6.435,9.5,0.0,0.0,train,tier3
410,1986,Semi-final,4,1,1986-06-25,Estadio Azteca,Argentina,Belgium,1,CONMEBOL,UEFA,0,0,0,1,1801.68,1736.22,65.46000000000004,0.5931,0.7,0.5,0.2,1.4,0.6,2.0,8.0,6.0,1.0,0.0,2.0,0.0,2.0,0.0,7.88,0.0,1,3.0,3.0,0.0,50,5.0,9.0,3.0,6.0,4.0,0.8,1.8,0.0,0.0,,,,,,,,,,,,,0.0,,,2,0,2,Win,2,Full Time,,0.0,1.0,114500.0,2.0,1.0,0.0,0.0,0.0,0.0,0.0,0.0,0.0,0.0,0.0,0.0,0.0,0.0,0.0,0.0,0.0,0.0,26.0,26.0,6.435,9.5,6.435,9.5,0.0,0.0,train,tier3
410,1986,Semi-final,4,1,1986-06-25,Estadio Azteca,Belgium,Argentina,0,UEFA,CONMEBOL,0,0,0,1,1736.22,1801.68,-65.46000000000004,0.4069,0.5,0.7,-0.2,2.0,2.2,1.4,6.0,8.0,0.0,1.0,0.0,2.0,0.0,2.0,2.5,1.0,1,3.0,3.0,0.0,50,5.0,10.0,9.0,1.0,3.0,0.6,2.0,0.0,0.0,,,,,,,,,,,,,0.0,,,0,2,-2,Loss,0,Full Time,,0.0,1.0,114500.0,1.0,2.0,0.0,0.0,0.0,0.0,0.0,0.0,0.0,0.0,0.0,0.0,0.0,0.0,0.0,0.0,0.0,0.0,26.0,26.0,6.435,9.5,6.435,9.5,0.0,0.0,train,tier3
411,1986,Third Place,4,1,1986-06-28,Cuauhtemoc,France,Belgium,1,UEFA,UEFA,1,0,0,1,1838.35,1711.81,126.53999999999996,0.6745,0.8,0.6,0.2,1.6,0.4,2.0,8.0,6.0,0.0,0.0,0.0,0.0,2.0,0.0,7.38,1.0,1,3.0,3.0,0.0,51,6.0,8.0,4.0,4.0,4.0,0.667,1.333,0.0,0.0,,,,,,,,,,,,,0.0,,,4,2,2,Win,2,Extra Time,,0.0,1.0,21000.0,1.0,1.0,0.0,0.0,0.0,0.0,0.0,0.0,0.0,0.0,0.0,0.0,0.0,0.0,0.0,0.0,0.0,0.0,26.0,26.0,6.435,9.5,6.435,9.5,0.0,0.0,train,tier3
411,1986,Third Place,4,1,1986-06-28,Cuauhtemoc,Belgium,France,0,UEFA,UEFA,1,0,0,1,1711.81,1838.35,-126.53999999999996,0.3255,0.6,0.8,-0.2,2.0,1.8,1.6,6.0,8.0,0.0,0.0,0.0,0.0,0.0,2.0,2.5,0.0,1,3.0,3.0,0.0,51,6.0,10.0,11.0,-1.0,3.0,0.5,1.667,0.0,0.0,,,,,,,,,,,,,0.0,,,2,4,-2,Loss,0,Extra Time,,0.0,1.0,21000.0,1.0,1.0,0.0,0.0,0.0,0.0,0.0,0.0,0.0,0.0,0.0,0.0,0.0,0.0,0.0,0.0,0.0,0.0,26.0,26.0,6.435,9.5,6.435,9.5,0.0,0.0,train,tier3
412,1986,Final,5,1,1986-06-29,Estadio Azteca,Argentina,Germany FR,1,CONMEBOL,UEFA,0,0,0,1,2040.35,1500.0,540.3499999999999,0.9573,0.9,0.5,0.4,1.8,0.6,1.5,8.0,8.0,1.0,2.0,2.0,4.0,2.0,6.0,7.88,0.5,0,4.0,4.0,0.0,52,6.0,11.0,3.0,8.0,5.0,0.833,1.833,0.0,0.0,,,,,,,,,,,,,0.0,,,3,2,1,Win,2,Full Time,,1.0,1.0,114600.0,2.0,1.0,0.0,0.0,0.0,0.0,0.0,0.0,0.0,0.0,0.0,0.0,0.0,0.0,0.0,0.0,0.0,0.0,26.0,26.0,6.435,9.5,6.435,9.5,0.0,0.0,train,tier3
412,1986,Final,5,1,1986-06-29,Estadio Azteca,Germany FR,Argentina,0,UEFA,CONMEBOL,0,0,0,1,1500.0,2040.35,-540.3499999999999,0.0427,0.5,0.9,-0.4,1.5,1.5,1.8,8.0,8.0,2.0,1.0,4.0,2.0,6.0,2.0,13.5,0.5,0,4.0,4.0,0.0,52,6.0,6.0,4.0,2.0,4.0,0.667,1.0,0.0,0.0,,,,,,,,,,,,,0.0,,,2,3,-1,Loss,0,Full Time,,0.0,1.0,114600.0,1.0,2.0,0.0,0.0,0.0,0.0,0.0,0.0,0.0,0.0,0.0,0.0,0.0,0.0,0.0,0.0,0.0,0.0,26.0,26.0,6.435,9.5,6.435,9.5,0.0,0.0,train,tier3
413,1990,Group Stage,1,0,1990-06-08,Giuseppe Meazza,Argentina,Cameroon,1,CONMEBOL,CAF,0,0,0,1,1665.32,1692.65,-27.330000000000155,0.4607,0.3,0.3,0.0,0.4,1.0,0.8,9.0,1.0,2.0,0.0,3.0,0.0,3.0,0.0,8.56,0.5,0,4.0,4.0,0.0,1,0.0,0.0,0.0,0.0,0.0,0.5,0.0,0.0,0.0,,,,,,,,,,,,,0.0,,,0,1,-1,Loss,0,Full Time,,0.0,1.0,73780.0,2.0,4.0,0.0,0.0,0.0,0.0,0.0,0.0,0.0,0.0,0.0,0.0,0.0,0.0,0.0,0.0,0.0,0.0,26.0,26.0,6.435,9.5,6.435,9.5,0.0,0.0,train,tier3
413,1990,Group Stage,1,0,1990-06-08,Giuseppe Meazza,Cameroon,Argentina,0,CAF,CONMEBOL,0,0,0,1,1692.65,1665.32,27.330000000000155,0.5393,0.3,0.3,0.0,0.8,1.6,0.4,1.0,9.0,0.0,2.0,0.0,3.0,0.0,3.0,1.0,0.5,0,4.0,4.0,0.0,1,0.0,0.0,0.0,0.0,0.0,0.5,0.0,0.0,0.0,,,,,,,,,,,,,0.0,,,1,0,1,Win,2,Full Time,,0.0,1.0,73780.0,4.0,2.0,0.0,0.0,0.0,0.0,0.0,0.0,0.0,0.0,0.0,0.0,0.0,0.0,0.0,0.0,0.0,0.0,26.0,26.0,6.435,9.5,6.435,9.5,0.0,0.0,train,tier3
414,1990,Group Stage,1,0,1990-06-09,Stadio San Nicola,Soviet Union,Romania,1,UEFA,UEFA,1,0,0,1,1500.0,1630.28,-130.27999999999997,0.3208,0.5,0.7,-0.2,1.5,1.5,2.2,6.0,4.0,0.0,0.0,0.0,0.0,1.0,0.0,8.17,0.5,0,4.0,4.0,0.0,2,0.0,0.0,0.0,0.0,0.0,0.5,0.0,0.0,0.0,,,,,,,,,,,,,0.0,,,0,2,-2,Loss,0,Full Time,,0.0,1.0,42907.0,1.0,1.0,0.0,0.0,0.0,0.0,0.0,0.0,0.0,0.0,0.0,0.0,0.0,0.0,0.0,0.0,0.0,0.0,26.0,26.0,6.435,9.5,6.435,9.5,0.0,0.0,train,tier3
414,1990,Group Stage,1,0,1990-06-09,Stadio San Nicola,Romania,Soviet Union,0,UEFA,UEFA,1,0,0,1,1630.28,1500.0,130.27999999999997,0.6792,0.7,0.5,0.2,2.2,1.2,1.5,4.0,6.0,0.0,0.0,0.0,0.0,0.0,1.0,3.0,0.5,0,4.0,4.0,0.0,2,0.0,0.0,0.0,0.0,0.0,0.5,0.0,0.0,0.0,,,,,,,,,,,,,0.0,,,2,0,2,Win,2,Full Time,,1.0,1.0,42907.0,1.0,1.0,0.0,0.0,0.0,0.0,0.0,0.0,0.0,0.0,0.0,0.0,0.0,0.0,0.0,0.0,0.0,0.0,26.0,26.0,6.435,9.5,6.435,9.5,0.0,0.0,train,tier3
415,1990,Group Stage,1,0,1990-06-09,Renato Dall Ara,United Arab Emirates,Colombia,1,AFC,CONMEBOL,0,0,0,1,1603.49,1675.75,-72.25999999999999,0.3975,0.2,0.6,-0.4,0.4,2.4,0.8,0.0,1.0,0.0,0.0,0.0,0.0,0.0,0.0,0.0,0.5,0,4.0,4.0,0.0,3,0.0,0.0,0.0,0.0,0.0,0.5,0.0,0.0,0.0,,,,,,,,,,,,,0.0,,,0,2,-2,Loss,0,Full Time,,0.0,1.0,30791.0,5.0,2.0,0.0,0.0,0.0,0.0,0.0,0.0,0.0,0.0,0.0,0.0,0.0,0.0,0.0,0.0,0.0,0.0,26.0,26.0,6.435,9.5,6.435,9.5,0.0,0.0,train,tier3
415,1990,Group Stage,1,0,1990-06-09,Renato Dall Ara,Colombia,United Arab Emirates,0,CONMEBOL,AFC,0,0,0,1,1675.75,1603.49,72.25999999999999,0.6025,0.6,0.2,0.4,0.8,0.8,0.4,1.0,0.0,0.0,0.0,0.0,0.0,0.0,0.0,5.0,0.5,0,4.0,4.0,0.0,3,0.0,0.0,0.0,0.0,0.0,0.5,0.0,0.0,0.0,,,,,,,,,,,,,0.0,,,2,0,2,Win,2,Full Time,,0.0,1.0,30791.0,2.0,5.0,0.0,0.0,0.0,0.0,0.0,0.0,0.0,0.0,0.0,0.0,0.0,0.0,0.0,0.0,0.0,0.0,26.0,26.0,6.435,9.5,6.435,9.5,0.0,0.0,train,tier3
416,1990,Group Stage,1,0,1990-06-09,Stadio Olimpico,Italy,Austria,1,UEFA,UEFA,1,1,0,0,1816.07,1662.17,153.89999999999986,0.708,0.7,0.8,-0.1,0.4,0.0,2.0,11.0,5.0,3.0,0.0,4.0,0.0,5.0,2.0,7.18,1.0,2,4.0,4.0,0.0,4,0.0,0.0,0.0,0.0,0.0,0.5,0.0,0.0,0.0,,,,,,,,,,,,,0.0,,,1,0,1,Win,2,Full Time,,0.0,1.0,73303.0,1.0,1.0,0.0,0.0,0.0,0.0,0.0,0.0,0.0,0.0,0.0,0.0,0.0,0.0,0.0,0.0,0.0,0.0,26.0,26.0,6.435,9.5,6.435,9.5,0.0,0.0,train,tier3
416,1990,Group Stage,1,0,1990-06-09,Stadio Olimpico,Austria,Italy,0,UEFA,UEFA,1,0,1,0,1662.17,1816.07,-153.89999999999986,0.292,0.8,0.7,0.1,2.0,0.6,0.4,5.0,11.0,0.0,3.0,0.0,4.0,2.0,5.0,7.6,0.0,2,4.0,4.0,0.0,4,0.0,0.0,0.0,0.0,0.0,0.5,0.0,0.0,0.0,,,,,,,,,,,,,0.0,,,0,1,-1,Loss,0,Full Time,,0.0,1.0,73303.0,1.0,1.0,0.0,0.0,0.0,0.0,0.0,0.0,0.0,0.0,0.0,0.0,0.0,0.0,0.0,0.0,0.0,0.0,26.0,26.0,6.435,9.5,6.435,9.5,0.0,0.0,train,tier3
417,1990,Group Stage,1,0,1990-06-10,Comunale,USA,Czechoslovakia,1,CONCACAF,UEFA,0,0,0,1,1500.0,1708.95,-208.95000000000005,0.231,0.5,0.3,0.2,1.5,1.5,1.0,3.0,7.0,0.0,0.0,0.0,2.0,1.0,2.0,4.0,0.5,0,4.0,4.0,0.0,5,0.0,0.0,0.0,0.0,0.0,0.5,0.0,0.0,0.0,,,,,,,,,,,,,0.0,,,1,5,-4,Loss,0,Full Time,,0.0,1.0,33266.0,3.0,1.0,0.0,0.0,0.0,0.0,0.0,0.0,0.0,0.0,0.0,0.0,0.0,0.0,0.0,0.0,0.0,0.0,26.0,26.0,6.435,9.5,6.435,9.5,0.0,0.0,train,tier3
417,1990,Group Stage,1,0,1990-06-10,Comunale,Czechoslovakia,USA,0,UEFA,CONCACAF,0,0,0,1,1708.95,1500.0,208.95000000000005,0.769,0.3,0.5,-0.2,1.0,1.2,1.5,7.0,3.0,0.0,0.0,2.0,0.0,2.0,1.0,4.86,0.5,0,4.0,4.0,0.0,5,0.0,0.0,0.0,0.0,0.0,0.5,0.0,0.0,0.0,,,,,,,,,,,,,0.0,,,5,1,4,Win,2,Full Time,,2.0,1.0,33266.0,1.0,3.0,0.0,0.0,0.0,0.0,0.0,0.0,0.0,0.0,0.0,0.0,0.0,0.0,0.0,0.0,0.0,0.0,26.0,26.0,6.435,9.5,6.435,9.5,0.0,0.0,train,tier3
418,1990,Group Stage,1,0,1990-06-10,Stadio delle Alpi,Brazil,Sweden,1,CONMEBOL,UEFA,0,0,0,1,1860.46,1794.02,66.44000000000005,0.5945,0.7,0.6,0.1,0.8,0.4,1.6,13.0,7.0,3.0,0.0,3.0,1.0,6.0,2.0,11.08,0.75,4,4.0,4.0,0.0,6,0.0,0.0,0.0,0.0,0.0,0.5,0.0,0.0,0.0,,,,,,,,,,,,,0.0,,,2,1,1,Win,2,Full Time,,1.0,1.0,62628.0,2.0,1.0,0.0,0.0,0.0,0.0,0.0,0.0,0.0,0.0,0.0,0.0,0.0,0.0,0.0,0.0,0.0,0.0,26.0,26.0,6.435,9.5,6.435,9.5,0.0,0.0,train,tier3
418,1990,Group Stage,1,0,1990-06-10,Stadio delle Alpi,Sweden,Brazil,0,UEFA,CONMEBOL,0,0,0,1,1794.02,1860.46,-66.44000000000005,0.4055,0.6,0.7,-0.1,1.6,1.0,0.8,7.0,13.0,0.0,3.0,1.0,3.0,2.0,6.0,6.86,0.25,4,4.0,4.0,0.0,6,0.0,0.0,0.0,0.0,0.0,0.5,0.0,0.0,0.0,,,,,,,,,,,,,0.0,,,1,2,-1,Loss,0,Full Time,,0.0,1.0,62628.0,1.0,2.0,0.0,0.0,0.0,0.0,0.0,0.0,0.0,0.0,0.0,0.0,0.0,0.0,0.0,0.0,0.0,0.0,26.0,26.0,6.435,9.5,6.435,9.5,0.0,0.0,train,tier3
419,1990,Group Stage,1,0,1990-06-10,Giuseppe Meazza,Germany FR,Yugoslavia,1,UEFA,UEFA,1,0,0,1,1500.0,1791.56,-291.55999999999995,0.1573,0.5,0.3,0.2,1.5,1.5,0.2,9.0,7.0,2.0,0.0,5.0,0.0,7.0,2.0,12.89,0.5,0,4.0,4.0,0.0,7,0.0,0.0,0.0,0.0,0.0,0.5,0.0,0.0,0.0,,,,,,,,,,,,,0.0,,,4,1,3,Win,2,Full Time,,2.0,1.0,74765.0,1.0,1.0,0.0,0.0,0.0,0.0,0.0,0.0,0.0,0.0,0.0,0.0,0.0,0.0,0.0,0.0,0.0,0.0,26.0,26.0,6.435,9.5,6.435,9.5,0.0,0.0,train,tier3
419,1990,Group Stage,1,0,1990-06-10,Giuseppe Meazza,Yugoslavia,Germany FR,0,UEFA,UEFA,1,0,0,1,1791.56,1500.0,291.55999999999995,0.8427,0.3,0.5,-0.2,0.2,0.6,1.5,7.0,9.0,0.0,2.0,0.0,5.0,2.0,7.0,6.71,0.5,0,4.0,4.0,0.0,7,0.0,0.0,0.0,0.0,0.0,0.5,0.0,0.0,0.0,,,,,,,,,,,,,0.0,,,1,4,-3,Loss,0,Full Time,,0.0,1.0,74765.0,1.0,1.0,0.0,0.0,0.0,0.0,0.0,0.0,0.0,0.0,0.0,0.0,0.0,0.0,0.0,0.0,0.0,0.0,26.0,26.0,6.435,9.5,6.435,9.5,0.0,0.0,train,tier3
420,1990,Group Stage,1,0,1990-06-11,Luigi Ferraris,Costa Rica,Scotland,1,CONCACAF,UEFA,0,0,0,1,1557.12,1626.46,-69.34000000000015,0.4015,0.4,0.4,0.0,0.8,1.2,0.8,0.0,6.0,0.0,0.0,0.0,0.0,0.0,0.0,0.0,0.5,0,4.0,4.0,0.0,8,0.0,0.0,0.0,0.0,0.0,0.5,0.0,0.0,0.0,,,,,,,,,,,,,0.0,,,1,0,1,Win,2,Full Time,,0.0,1.0,30867.0,3.0,1.0,0.0,0.0,0.0,0.0,0.0,0.0,0.0,0.0,0.0,0.0,0.0,0.0,0.0,0.0,0.0,0.0,26.0,26.0,6.435,9.5,6.435,9.5,0.0,0.0,train,tier3
420,1990,Group Stage,1,0,1990-06-11,Luigi Ferraris,Scotland,Costa Rica,0,UEFA,CONCACAF,0,0,0,1,1626.46,1557.12,69.34000000000015,0.5985,0.4,0.4,0.0,0.8,1.2,0.8,6.0,0.0,0.0,0.0,0.0,0.0,0.0,0.0,3.5,0.5,0,4.0,4.0,0.0,8,0.0,0.0,0.0,0.0,0.0,0.5,0.0,0.0,0.0,,,,,,,,,,,,,0.0,,,0,1,-1,Loss,0,Full Time,,0.0,1.0,30867.0,1.0,3.0,0.0,0.0,0.0,0.0,0.0,0.0,0.0,0.0,0.0,0.0,0.0,0.0,0.0,0.0,0.0,0.0,26.0,26.0,6.435,9.5,6.435,9.5,0.0,0.0,train,tier3
421,1990,Group Stage,1,0,1990-06-11,Sant Elia,England,Republic of Ireland,1,UEFA,UEFA,1,0,0,1,1782.85,1767.6,15.25,0.5219,0.8,0.8,0.0,1.8,1.0,1.0,8.0,0.0,1.0,0.0,1.0,0.0,1.0,0.0,5.88,0.5,0,4.0,4.0,0.0,9,0.0,0.0,0.0,0.0,0.0,0.5,0.0,0.0,0.0,,,,,,,,,,,,,0.0,,,1,1,0,Draw,1,Full Time,,1.0,1.0,35238.0,1.0,1.0,0.0,0.0,0.0,0.0,0.0,0.0,0.0,0.0,0.0,0.0,0.0,0.0,0.0,0.0,0.0,0.0,26.0,26.0,6.435,9.5,6.435,9.5,0.0,0.0,train,tier3
421,1990,Group Stage,1,0,1990-06-11,Sant Elia,Republic of Ireland,England,0,UEFA,UEFA,1,0,0,1,1767.6,1782.85,-15.25,0.4781,0.8,0.8,0.0,1.0,0.2,1.8,0.0,8.0,0.0,1.0,0.0,1.0,0.0,1.0,0.0,0.5,0,4.0,4.0,0.0,9,0.0,0.0,0.0,0.0,0.0,0.5,0.0,0.0,0.0,,,,,,,,,,,,,0.0,,,1,1,0,Draw,1,Full Time,,0.0,1.0,35238.0,1.0,1.0,0.0,0.0,0.0,0.0,0.0,0.0,0.0,0.0,0.0,0.0,0.0,0.0,0.0,0.0,0.0,0.0,26.0,26.0,6.435,9.5,6.435,9.5,0.0,0.0,train,tier3
422,1990,Group Stage,1,0,1990-06-12,Marc Antonio Bentegodi,Belgium,Korea Republic,1,UEFA,AFC,0,0,0,1,1861.09,1500.0,361.0899999999999,0.8888,0.5,0.5,0.0,1.2,1.0,1.5,7.0,2.0,0.0,0.0,0.0,0.0,1.0,0.0,3.86,0.5,0,4.0,4.0,0.0,10,0.0,0.0,0.0,0.0,0.0,0.5,0.0,0.0,0.0,,,,,,,,,,,,,0.0,,,2,0,2,Win,2,Full Time,,0.0,1.0,32790.0,1.0,5.0,0.0,0.0,0.0,0.0,0.0,0.0,0.0,0.0,0.0,0.0,0.0,0.0,0.0,0.0,0.0,0.0,26.0,26.0,6.435,9.5,6.435,9.5,0.0,0.0,train,tier3
422,1990,Group Stage,1,0,1990-06-12,Marc Antonio Bentegodi,Korea Republic,Belgium,0,AFC,UEFA,0,0,0,1,1500.0,1861.09,-361.0899999999999,0.1112,0.5,0.5,0.0,1.5,1.5,1.2,2.0,7.0,0.0,0.0,0.0,0.0,0.0,1.0,2.0,0.5,0,4.0,4.0,0.0,10,0.0,0.0,0.0,0.0,0.0,0.5,0.0,0.0,0.0,,,,,,,,,,,,,0.0,,,0,2,-2,Loss,0,Full Time,,0.0,1.0,32790.0,5.0,1.0,0.0,0.0,0.0,0.0,0.0,0.0,0.0,0.0,0.0,0.0,0.0,0.0,0.0,0.0,0.0,0.0,26.0,26.0,6.435,9.5,6.435,9.5,0.0,0.0,train,tier3
423,1990,Group Stage,1,0,1990-06-12,Della Favorita,Netherlands,Egypt,1,UEFA,CAF,0,0,0,1,1853.81,1642.57,211.24,0.7714,0.3,0.4,-0.1,1.2,1.2,1.0,4.0,1.0,0.0,0.0,2.0,0.0,2.0,0.0,8.0,0.5,0,4.0,4.0,0.0,11,0.0,0.0,0.0,0.0,0.0,0.5,0.0,0.0,0.0,,,,,,,,,,,,,0.0,,,1,1,0,Draw,1,Full Time,,0.0,1.0,33288.0,1.0,4.0,0.0,0.0,0.0,0.0,0.0,0.0,0.0,0.0,0.0,0.0,0.0,0.0,0.0,0.0,0.0,0.0,26.0,26.0,6.435,9.5,6.435,9.5,0.0,0.0,train,tier3
423,1990,Group Stage,1,0,1990-06-12,Della Favorita,Egypt,Netherlands,0,CAF,UEFA,0,0,0,1,1642.57,1853.81,-211.24,0.2286,0.4,0.3,0.1,1.0,1.4,1.2,1.0,4.0,0.0,0.0,0.0,2.0,0.0,2.0,2.0,0.5,0,4.0,4.0,0.0,11,0.0,0.0,0.0,0.0,0.0,0.5,0.0,0.0,0.0,,,,,,,,,,,,,0.0,,,1,1,0,Draw,1,Full Time,,0.0,1.0,33288.0,4.0,1.0,0.0,0.0,0.0,0.0,0.0,0.0,0.0,0.0,0.0,0.0,0.0,0.0,0.0,0.0,0.0,0.0,26.0,26.0,6.435,9.5,6.435,9.5,0.0,0.0,train,tier3
424,1990,Group Stage,1,0,1990-06-13,Dacia Arena,Uruguay,Spain,1,CONMEBOL,UEFA,0,0,0,1,1720.78,1780.45,-59.67000000000007,0.415,0.4,0.7,-0.3,1.4,1.4,2.2,8.0,7.0,2.0,0.0,1.0,0.0,3.0,0.0,7.38,0.0,1,4.0,4.0,0.0,12,0.0,0.0,0.0,0.0,0.0,0.5,0.0,0.0,0.0,,,,,,,,,,,,,0.0,,,0,0,0,Draw,1,Full Time,,0.0,1.0,35713.0,2.0,1.0,0.0,0.0,0.0,0.0,0.0,0.0,0.0,0.0,0.0,0.0,0.0,0.0,0.0,0.0,0.0,0.0,26.0,26.0,6.435,9.5,6.435,9.5,0.0,0.0,train,tier3
424,1990,Group Stage,1,0,1990-06-13,Dacia Arena,Spain,Uruguay,0,UEFA,CONMEBOL,0,0,0,1,1780.45,1720.78,59.67000000000007,0.585,0.7,0.4,0.3,2.2,1.2,1.4,7.0,8.0,0.0,2.0,0.0,1.0,0.0,3.0,5.29,1.0,1,4.0,4.0,0.0,12,0.0,0.0,0.0,0.0,0.0,0.5,0.0,0.0,0.0,,,,,,,,,,,,,0.0,,,0,0,0,Draw,1,Full Time,,0.0,1.0,35713.0,1.0,2.0,0.0,0.0,0.0,0.0,0.0,0.0,0.0,0.0,0.0,0.0,0.0,0.0,0.0,0.0,0.0,0.0,26.0,26.0,6.435,9.5,6.435,9.5,0.0,0.0,train,tier3
425,1990,Group Stage,1,0,1990-06-13,San Paolo,Argentina,Soviet Union,1,CONMEBOL,UEFA,0,0,0,1,2040.35,1500.0,540.3499999999999,0.9573,0.4,0.5,-0.1,0.8,1.2,1.5,9.0,6.0,2.0,0.0,3.0,0.0,3.0,1.0,8.56,0.5,0,5.0,4.0,1.0,13,1.0,0.0,1.0,-1.0,0.0,0.0,0.0,0.0,0.0,,,,,,,,,,,,,0.0,,,2,0,2,Win,2,Full Time,,1.0,1.0,55759.0,2.0,1.0,0.0,0.0,0.0,0.0,0.0,0.0,0.0,0.0,0.0,0.0,0.0,0.0,0.0,0.0,0.0,0.0,26.0,26.0,6.435,9.5,6.435,9.5,0.0,0.0,train,tier3
425,1990,Group Stage,1,0,1990-06-13,San Paolo,Soviet Union,Argentina,0,UEFA,CONMEBOL,0,0,0,1,1500.0,2040.35,-540.3499999999999,0.0427,0.5,0.4,0.1,1.5,1.5,0.8,6.0,9.0,0.0,2.0,0.0,3.0,1.0,3.0,8.17,0.5,0,4.0,5.0,-1.0,13,1.0,0.0,2.0,-2.0,0.0,0.0,0.0,0.0,0.0,,,,,,,,,,,,,0.0,,,0,2,-2,Loss,0,Full Time,,0.0,1.0,55759.0,1.0,2.0,0.0,0.0,0.0,0.0,0.0,0.0,0.0,0.0,0.0,0.0,0.0,0.0,0.0,0.0,0.0,0.0,26.0,26.0,6.435,9.5,6.435,9.5,0.0,0.0,train,tier3
426,1990,Group Stage,1,0,1990-06-14,Stadio San Nicola,Cameroon,Romania,1,CAF,UEFA,0,0,0,1,1720.29,1768.84,-48.54999999999996,0.4306,0.3,0.7,-0.4,0.8,1.4,2.2,1.0,4.0,0.0,0.0,0.0,0.0,0.0,0.0,1.0,0.5,0,6.0,5.0,1.0,14,1.0,1.0,0.0,1.0,1.0,1.0,1.0,0.0,0.0,,,,,,,,,,,,,0.0,,,2,1,1,Win,2,Full Time,,0.0,1.0,38687.0,4.0,1.0,0.0,0.0,0.0,0.0,0.0,0.0,0.0,0.0,0.0,0.0,0.0,0.0,0.0,0.0,0.0,0.0,26.0,26.0,6.435,9.5,6.435,9.5,0.0,0.0,train,tier3
426,1990,Group Stage,1,0,1990-06-14,Stadio San Nicola,Romania,Cameroon,0,UEFA,CAF,0,0,0,1,1768.84,1720.29,48.54999999999996,0.5694,0.7,0.3,0.4,2.2,1.2,0.8,4.0,1.0,0.0,0.0,0.0,0.0,0.0,0.0,3.0,0.5,0,5.0,6.0,-1.0,14,1.0,2.0,0.0,2.0,1.0,1.0,2.0,0.0,0.0,,,,,,,,,,,,,0.0,,,1,2,-1,Loss,0,Full Time,,0.0,1.0,38687.0,1.0,4.0,0.0,0.0,0.0,0.0,0.0,0.0,0.0,0.0,0.0,0.0,0.0,0.0,0.0,0.0,0.0,0.0,26.0,26.0,6.435,9.5,6.435,9.5,0.0,0.0,train,tier3
427,1990,Group Stage,1,0,1990-06-14,Renato Dall Ara,Yugoslavia,Colombia,1,UEFA,CONMEBOL,0,0,0,1,1722.0,1699.6,22.40000000000009,0.5322,0.2,0.5,-0.3,0.2,1.0,1.0,7.0,1.0,0.0,0.0,0.0,0.0,2.0,0.0,6.71,1.0,1,4.0,5.0,-1.0,15,1.0,1.0,4.0,-3.0,0.0,0.0,1.0,0.0,0.0,,,,,,,,,,,,,0.0,,,1,0,1,Win,2,Full Time,,0.0,1.0,32257.0,1.0,2.0,0.0,0.0,0.0,0.0,0.0,0.0,0.0,0.0,0.0,0.0,0.0,0.0,0.0,0.0,0.0,0.0,26.0,26.0,6.435,9.5,6.435,9.5,0.0,0.0,train,tier3
427,1990,Group Stage,1,0,1990-06-14,Renato Dall Ara,Colombia,Yugoslavia,0,CONMEBOL,UEFA,0,0,0,1,1699.6,1722.0,-22.40000000000009,0.4678,0.5,0.2,0.3,1.0,1.4,0.2,1.0,7.0,0.0,0.0,0.0,0.0,0.0,2.0,5.0,0.0,1,5.0,4.0,1.0,15,1.0,2.0,0.0,2.0,1.0,1.0,2.0,0.0,0.0,,,,,,,,,,,,,0.0,,,0,1,-1,Loss,0,Full Time,,0.0,1.0,32257.0,2.0,1.0,0.0,0.0,0.0,0.0,0.0,0.0,0.0,0.0,0.0,0.0,0.0,0.0,0.0,0.0,0.0,0.0,26.0,26.0,6.435,9.5,6.435,9.5,0.0,0.0,train,tier3
428,1990,Group Stage,1,0,1990-06-14,Stadio Olimpico,Italy,USA,1,UEFA,CONCACAF,0,1,0,0,1853.8,1500.0,353.79999999999995,0.8846,0.6,0.5,0.1,0.2,0.0,1.5,11.0,3.0,3.0,0.0,4.0,0.0,5.0,1.0,7.18,0.5,0,5.0,4.0,1.0,16,1.0,1.0,0.0,1.0,1.0,1.0,1.0,0.0,0.0,,,,,,,,,,,,,0.0,,,1,0,1,Win,2,Full Time,,1.0,1.0,73423.0,1.0,3.0,0.0,0.0,0.0,0.0,0.0,0.0,0.0,0.0,0.0,0.0,0.0,0.0,0.0,0.0,0.0,0.0,26.0,26.0,6.435,9.5,6.435,9.5,0.0,0.0,train,tier3
428,1990,Group Stage,1,0,1990-06-14,Stadio Olimpico,USA,Italy,0,CONCACAF,UEFA,0,0,1,0,1500.0,1853.8,-353.79999999999995,0.1154,0.5,0.6,-0.1,1.5,1.5,0.2,3.0,11.0,0.0,3.0,0.0,4.0,1.0,5.0,4.0,0.5,0,4.0,5.0,-1.0,16,1.0,1.0,5.0,-4.0,0.0,0.0,1.0,0.0,0.0,,,,,,,,,,,,,0.0,,,0,1,-1,Loss,0,Full Time,,0.0,1.0,73423.0,3.0,1.0,0.0,0.0,0.0,0.0,0.0,0.0,0.0,0.0,0.0,0.0,0.0,0.0,0.0,0.0,0.0,0.0,26.0,26.0,6.435,9.5,6.435,9.5,0.0,0.0,train,tier3
429,1990,Group Stage,1,0,1990-06-15,Comunale,Austria,Czechoslovakia,1,UEFA,UEFA,1,0,0,1,1644.65,1739.81,-95.15999999999984,0.3664,0.8,0.1,0.7,2.0,1.0,0.4,5.0,7.0,0.0,0.0,0.0,2.0,2.0,2.0,7.6,1.0,1,6.0,5.0,1.0,17,1.0,0.0,1.0,-1.0,0.0,0.0,0.0,0.0,0.0,,,,,,,,,,,,,0.0,,,0,1,-1,Loss,0,Full Time,,0.0,1.0,38962.0,1.0,1.0,0.0,0.0,0.0,0.0,0.0,0.0,0.0,0.0,0.0,0.0,0.0,0.0,0.0,0.0,0.0,0.0,26.0,26.0,6.435,9.5,6.435,9.5,0.0,0.0,train,tier3
429,1990,Group Stage,1,0,1990-06-15,Comunale,Czechoslovakia,Austria,0,UEFA,UEFA,1,0,0,1,1739.81,1644.65,95.15999999999984,0.6336,0.1,0.8,-0.7,0.4,1.4,2.0,7.0,5.0,0.0,0.0,2.0,0.0,2.0,2.0,4.86,0.0,1,5.0,6.0,-1.0,17,1.0,5.0,1.0,4.0,1.0,1.0,5.0,0.0,0.0,,,,,,,,,,,,,0.0,,,1,0,1,Win,2,Full Time,,1.0,1.0,38962.0,1.0,1.0,0.0,0.0,0.0,0.0,0.0,0.0,0.0,0.0,0.0,0.0,0.0,0.0,0.0,0.0,0.0,0.0,26.0,26.0,6.435,9.5,6.435,9.5,0.0,0.0,train,tier3
430,1990,Group Stage,1,0,1990-06-15,Giuseppe Meazza,Germany FR,United Arab Emirates,1,UEFA,AFC,0,0,0,1,1500.0,1649.48,-149.48000000000002,0.2972,0.5,0.1,0.4,1.5,1.5,0.2,9.0,0.0,2.0,0.0,5.0,0.0,7.0,0.0,12.89,0.5,0,5.0,6.0,-1.0,18,1.0,4.0,1.0,3.0,1.0,1.0,4.0,0.0,0.0,,,,,,,,,,,,,0.0,,,5,1,4,Win,2,Full Time,,2.0,1.0,71169.0,1.0,5.0,0.0,0.0,0.0,0.0,0.0,0.0,0.0,0.0,0.0,0.0,0.0,0.0,0.0,0.0,0.0,0.0,26.0,26.0,6.435,9.5,6.435,9.5,0.0,0.0,train,tier3
430,1990,Group Stage,1,0,1990-06-15,Giuseppe Meazza,United Arab Emirates,Germany FR,0,AFC,UEFA,0,0,0,1,1649.48,1500.0,149.48000000000002,0.7028,0.1,0.5,-0.4,0.2,2.8,1.5,0.0,9.0,0.0,2.0,0.0,5.0,0.0,7.0,0.0,0.5,0,6.0,5.0,1.0,18,1.0,0.0,2.0,-2.0,0.0,0.0,0.0,0.0,0.0,,,,,,,,,,,,,0.0,,,1,5,-4,Loss,0,Full Time,,0.0,1.0,71169.0,5.0,1.0,0.0,0.0,0.0,0.0,0.0,0.0,0.0,0.0,0.0,0.0,0.0,0.0,0.0,0.0,0.0,0.0,26.0,26.0,6.435,9.5,6.435,9.5,0.0,0.0,train,tier3
431,1990,Group Stage,1,0,1990-06-16,Stadio delle Alpi,Brazil,Costa Rica,1,CONMEBOL,CONCACAF,0,0,0,1,1884.79,1593.03,291.76,0.8428,0.6,0.2,0.4,1.2,1.0,0.6,13.0,0.0,3.0,0.0,3.0,0.0,6.0,0.0,11.08,0.5,0,6.0,5.0,1.0,19,1.0,2.0,1.0,1.0,1.0,1.0,2.0,0.0,0.0,,,,,,,,,,,,,0.0,,,1,0,1,Win,2,Full Time,,1.0,1.0,58007.0,2.0,3.0,0.0,0.0,0.0,0.0,0.0,0.0,0.0,0.0,0.0,0.0,0.0,0.0,0.0,0.0,0.0,0.0,26.0,26.0,6.435,9.5,6.435,9.5,0.0,0.0,train,tier3
431,1990,Group Stage,1,0,1990-06-16,Stadio delle Alpi,Costa Rica,Brazil,0,CONCACAF,CONMEBOL,0,0,0,1,1593.03,1884.79,-291.76,0.1572,0.2,0.6,-0.4,0.6,1.4,1.2,0.0,13.0,0.0,3.0,0.0,3.0,0.0,6.0,0.0,0.5,0,5.0,6.0,-1.0,19,1.0,1.0,0.0,1.0,1.0,1.0,1.0,0.0,0.0,,,,,,,,,,,,,0.0,,,0,1,-1,Loss,0,Full Time,,0.0,1.0,58007.0,3.0,2.0,0.0,0.0,0.0,0.0,0.0,0.0,0.0,0.0,0.0,0.0,0.0,0.0,0.0,0.0,0.0,0.0,26.0,26.0,6.435,9.5,6.435,9.5,0.0,0.0,train,tier3
432,1990,Group Stage,1,0,1990-06-16,Luigi Ferraris,Sweden,Scotland,1,UEFA,UEFA,1,0,0,1,1769.69,1590.55,179.1400000000001,0.7372,0.8,0.5,0.3,2.6,0.6,1.0,7.0,6.0,0.0,0.0,1.0,0.0,2.0,0.0,6.86,0.5,0,6.0,5.0,1.0,20,1.0,1.0,2.0,-1.0,0.0,0.0,1.0,0.0,0.0,,,,,,,,,,,,,0.0,,,1,2,-1,Loss,0,Full Time,,0.0,1.0,31823.0,1.0,1.0,0.0,0.0,0.0,0.0,0.0,0.0,0.0,0.0,0.0,0.0,0.0,0.0,0.0,0.0,0.0,0.0,26.0,26.0,6.435,9.5,6.435,9.5,0.0,0.0,train,tier3
432,1990,Group Stage,1,0,1990-06-16,Luigi Ferraris,Scotland,Sweden,0,UEFA,UEFA,1,0,0,1,1590.55,1769.69,-179.1400000000001,0.2628,0.5,0.8,-0.3,1.0,1.2,2.6,6.0,7.0,0.0,0.0,0.0,1.0,0.0,2.0,3.5,0.5,0,5.0,6.0,-1.0,20,1.0,0.0,1.0,-1.0,0.0,0.0,0.0,0.0,0.0,,,,,,,,,,,,,0.0,,,2,1,1,Win,2,Full Time,,1.0,1.0,31823.0,1.0,1.0,0.0,0.0,0.0,0.0,0.0,0.0,0.0,0.0,0.0,0.0,0.0,0.0,0.0,0.0,0.0,0.0,26.0,26.0,6.435,9.5,6.435,9.5,0.0,0.0,train,tier3
433,1990,Group Stage,1,0,1990-06-16,Sant Elia,England,Netherlands,1,UEFA,UEFA,1,0,0,1,1781.53,1837.53,-56.0,0.4201,0.7,0.3,0.4,1.6,1.0,1.0,8.0,4.0,1.0,0.0,1.0,2.0,1.0,2.0,5.88,0.5,0,5.0,4.0,1.0,21,1.0,1.0,1.0,0.0,0.0,0.0,1.0,0.0,0.0,,,,,,,,,,,,,0.0,,,0,0,0,Draw,1,Full Time,,0.0,1.0,35267.0,1.0,1.0,0.0,0.0,0.0,0.0,0.0,0.0,0.0,0.0,0.0,0.0,0.0,0.0,0.0,0.0,0.0,0.0,26.0,26.0,6.435,9.5,6.435,9.5,0.0,0.0,train,tier3
433,1990,Group Stage,1,0,1990-06-16,Sant Elia,Netherlands,England,0,UEFA,UEFA,1,0,0,1,1837.53,1781.53,56.0,0.5799,0.3,0.7,-0.4,1.0,1.2,1.6,4.0,8.0,0.0,1.0,2.0,1.0,2.0,1.0,8.0,0.5,0,4.0,5.0,-1.0,21,1.0,1.0,1.0,0.0,0.0,0.0,1.0,0.0,0.0,,,,,,,,,,,,,0.0,,,0,0,0,Draw,1,Full Time,,0.0,1.0,35267.0,1.0,1.0,0.0,0.0,0.0,0.0,0.0,0.0,0.0,0.0,0.0,0.0,0.0,0.0,0.0,0.0,0.0,0.0,26.0,26.0,6.435,9.5,6.435,9.5,0.0,0.0,train,tier3
434,1990,Group Stage,1,0,1990-06-17,Della Favorita,Republic of Ireland,Egypt,1,UEFA,CAF,0,0,0,1,1768.92,1658.85,110.07000000000016,0.6533,0.8,0.5,0.3,1.2,0.2,1.0,0.0,1.0,0.0,0.0,0.0,0.0,0.0,0.0,0.0,0.5,0,6.0,5.0,1.0,22,1.0,1.0,1.0,0.0,0.0,0.0,1.0,0.0,0.0,,,,,,,,,,,,,0.0,,,0,0,0,Draw,1,Full Time,,0.0,1.0,33288.0,1.0,4.0,0.0,0.0,0.0,0.0,0.0,0.0,0.0,0.0,0.0,0.0,0.0,0.0,0.0,0.0,0.0,0.0,26.0,26.0,6.435,9.5,6.435,9.5,0.0,0.0,train,tier3
434,1990,Group Stage,1,0,1990-06-17,Della Favorita,Egypt,Republic of Ireland,0,CAF,UEFA,0,0,0,1,1658.85,1768.92,-110.07000000000016,0.3467,0.5,0.8,-0.3,1.0,1.0,1.2,1.0,0.0,0.0,0.0,0.0,0.0,0.0,0.0,2.0,0.5,0,5.0,6.0,-1.0,22,1.0,1.0,1.0,0.0,0.0,0.0,1.0,0.0,0.0,,,,,,,,,,,,,0.0,,,0,0,0,Draw,1,Full Time,,0.0,1.0,33288.0,4.0,1.0,0.0,0.0,0.0,0.0,0.0,0.0,0.0,0.0,0.0,0.0,0.0,0.0,0.0,0.0,0.0,0.0,26.0,26.0,6.435,9.5,6.435,9.5,0.0,0.0,train,tier3
435,1990,Group Stage,1,0,1990-06-17,Dacia Arena,Korea Republic,Spain,1,AFC,UEFA,0,0,0,1,1500.0,2100.01,-600.0100000000002,0.0307,0.5,0.8,-0.3,1.5,1.5,2.0,2.0,7.0,0.0,0.0,0.0,0.0,0.0,0.0,2.0,0.5,0,5.0,4.0,1.0,23,1.0,0.0,2.0,-2.0,0.0,0.0,0.0,0.0,0.0,,,,,,,,,,,,,0.0,,,1,3,-2,Loss,0,Full Time,,1.0,1.0,32733.0,5.0,1.0,0.0,0.0,0.0,0.0,0.0,0.0,0.0,0.0,0.0,0.0,0.0,0.0,0.0,0.0,0.0,0.0,26.0,26.0,6.435,9.5,6.435,9.5,0.0,0.0,train,tier3
435,1990,Group Stage,1,0,1990-06-17,Dacia Arena,Spain,Korea Republic,0,UEFA,AFC,0,0,0,1,2100.01,1500.0,600.0100000000002,0.9693,0.8,0.5,0.3,2.0,0.8,1.5,7.0,2.0,0.0,0.0,0.0,0.0,0.0,0.0,5.29,0.5,0,4.0,5.0,-1.0,23,1.0,0.0,0.0,0.0,0.0,0.0,0.0,0.0,0.0,,,,,,,,,,,,,0.0,,,3,1,2,Win,2,Full Time,,1.0,1.0,32733.0,1.0,5.0,0.0,0.0,0.0,0.0,0.0,0.0,0.0,0.0,0.0,0.0,0.0,0.0,0.0,0.0,0.0,0.0,26.0,26.0,6.435,9.5,6.435,9.5,0.0,0.0,train,tier3
436,1990,Group Stage,1,0,1990-06-17,Marc Antonio Bentegodi,Belgium,Uruguay,1,UEFA,CONMEBOL,0,0,0,1,1751.25,1725.88,25.36999999999989,0.5364,0.5,0.4,0.1,1.2,1.0,1.4,7.0,8.0,0.0,2.0,0.0,1.0,1.0,3.0,3.86,0.5,0,5.0,4.0,1.0,24,1.0,2.0,0.0,2.0,1.0,1.0,2.0,0.0,0.0,,,,,,,,,,,,,0.0,,,3,1,2,Win,2,Full Time,,2.0,1.0,33759.0,1.0,2.0,0.0,0.0,0.0,0.0,0.0,0.0,0.0,0.0,0.0,0.0,0.0,0.0,0.0,0.0,0.0,0.0,26.0,26.0,6.435,9.5,6.435,9.5,0.0,0.0,train,tier3
436,1990,Group Stage,1,0,1990-06-17,Marc Antonio Bentegodi,Uruguay,Belgium,0,CONMEBOL,UEFA,0,0,0,1,1725.88,1751.25,-25.36999999999989,0.4636,0.4,0.5,-0.1,1.4,1.6,1.2,8.0,7.0,2.0,0.0,1.0,0.0,3.0,1.0,7.38,0.5,0,4.0,5.0,-1.0,24,1.0,0.0,0.0,0.0,0.0,0.0,0.0,0.0,0.0,,,,,,,,,,,,,0.0,,,1,3,-2,Loss,0,Full Time,,0.0,1.0,33759.0,2.0,1.0,0.0,0.0,0.0,0.0,0.0,0.0,0.0,0.0,0.0,0.0,0.0,0.0,0.0,0.0,0.0,0.0,26.0,26.0,6.435,9.5,6.435,9.5,0.0,0.0,train,tier3
437,1990,Group Stage,1,0,1990-06-18,San Paolo,Argentina,Romania,1,CONMEBOL,UEFA,0,0,0,1,1675.27,1734.67,-59.40000000000009,0.4153,0.4,0.7,-0.3,0.8,1.0,2.0,9.0,4.0,2.0,0.0,3.0,0.0,3.0,0.0,8.56,0.5,0,5.0,4.0,1.0,25,2.0,2.0,1.0,1.0,1.0,0.5,1.0,0.0,0.0,,,,,,,,,,,,,0.0,,,1,1,0,Draw,1,Full Time,,0.0,1.0,52733.0,2.0,1.0,0.0,0.0,0.0,0.0,0.0,0.0,0.0,0.0,0.0,0.0,0.0,0.0,0.0,0.0,0.0,0.0,26.0,26.0,6.435,9.5,6.435,9.5,0.0,0.0,train,tier3
437,1990,Group Stage,1,0,1990-06-18,San Paolo,Romania,Argentina,0,UEFA,CONMEBOL,0,0,0,1,1734.67,1675.27,59.40000000000009,0.5847,0.7,0.4,0.3,2.0,1.0,0.8,4.0,9.0,0.0,2.0,0.0,3.0,0.0,3.0,3.0,0.5,0,4.0,5.0,-1.0,25,2.0,3.0,2.0,1.0,1.0,0.5,1.5,0.0,0.0,,,,,,,,,,,,,0.0,,,1,1,0,Draw,1,Full Time,,0.0,1.0,52733.0,1.0,2.0,0.0,0.0,0.0,0.0,0.0,0.0,0.0,0.0,0.0,0.0,0.0,0.0,0.0,0.0,0.0,0.0,26.0,26.0,6.435,9.5,6.435,9.5,0.0,0.0,train,tier3
438,1990,Group Stage,1,0,1990-06-18,Stadio San Nicola,Cameroon,Soviet Union,1,CAF,UEFA,0,0,0,1,1682.98,1500.0,182.98,0.7414,0.5,0.5,0.0,0.8,0.8,1.5,1.0,6.0,0.0,0.0,0.0,0.0,0.0,1.0,1.0,0.5,0,4.0,5.0,-1.0,26,2.0,3.0,1.0,2.0,2.0,1.0,1.5,0.0,0.0,,,,,,,,,,,,,0.0,,,0,4,-4,Loss,0,Full Time,,0.0,1.0,37307.0,4.0,1.0,0.0,0.0,0.0,0.0,0.0,0.0,0.0,0.0,0.0,0.0,0.0,0.0,0.0,0.0,0.0,0.0,26.0,26.0,6.435,9.5,6.435,9.5,0.0,0.0,train,tier3
438,1990,Group Stage,1,0,1990-06-18,Stadio San Nicola,Soviet Union,Cameroon,0,UEFA,CAF,0,0,0,1,1500.0,1682.98,-182.98,0.2586,0.5,0.5,0.0,1.5,1.5,0.8,6.0,1.0,0.0,0.0,0.0,0.0,1.0,0.0,8.17,0.5,0,5.0,4.0,1.0,26,2.0,0.0,4.0,-4.0,0.0,0.0,0.0,0.0,0.0,,,,,,,,,,,,,0.0,,,4,0,4,Win,2,Full Time,,2.0,1.0,37307.0,1.0,4.0,0.0,0.0,0.0,0.0,0.0,0.0,0.0,0.0,0.0,0.0,0.0,0.0,0.0,0.0,0.0,0.0,26.0,26.0,6.435,9.5,6.435,9.5,0.0,0.0,train,tier3
439,1990,Group Stage,1,0,1990-06-19,Giuseppe Meazza,Germany FR,Colombia,1,UEFA,CONMEBOL,0,0,0,1,1500.0,1923.91,-423.9100000000001,0.0802,0.5,0.7,-0.2,1.5,1.5,1.4,9.0,1.0,2.0,0.0,5.0,0.0,7.0,0.0,12.89,0.5,0,4.0,5.0,-1.0,27,2.0,9.0,2.0,7.0,2.0,1.0,4.5,0.0,0.0,,,,,,,,,,,,,0.0,,,1,1,0,Draw,1,Full Time,,0.0,1.0,72510.0,1.0,2.0,0.0,0.0,0.0,0.0,0.0,0.0,0.0,0.0,0.0,0.0,0.0,0.0,0.0,0.0,0.0,0.0,26.0,26.0,6.435,9.5,6.435,9.5,0.0,0.0,train,tier3
439,1990,Group Stage,1,0,1990-06-19,Giuseppe Meazza,Colombia,Germany FR,0,CONMEBOL,UEFA,0,0,0,1,1923.91,1500.0,423.9100000000001,0.9198,0.7,0.5,0.2,1.4,1.0,1.5,1.0,9.0,0.0,2.0,0.0,5.0,0.0,7.0,5.0,0.5,0,5.0,4.0,1.0,27,2.0,2.0,1.0,1.0,1.0,0.5,1.0,0.0,0.0,,,,,,,,,,,,,0.0,,,1,1,0,Draw,1,Full Time,,0.0,1.0,72510.0,2.0,1.0,0.0,0.0,0.0,0.0,0.0,0.0,0.0,0.0,0.0,0.0,0.0,0.0,0.0,0.0,0.0,0.0,26.0,26.0,6.435,9.5,6.435,9.5,0.0,0.0,train,tier3
440,1990,Group Stage,1,0,1990-06-19,Renato Dall Ara,Yugoslavia,United Arab Emirates,1,UEFA,AFC,0,0,0,1,1750.07,1570.01,180.05999999999997,0.7382,0.2,0.0,0.2,0.2,1.4,0.2,7.0,0.0,0.0,0.0,0.0,0.0,2.0,0.0,6.71,0.5,0,5.0,4.0,1.0,28,2.0,2.0,4.0,-2.0,1.0,0.5,1.0,0.0,0.0,,,,,,,,,,,,,0.0,,,4,1,3,Win,2,Full Time,,2.0,1.0,27833.0,1.0,5.0,0.0,0.0,0.0,0.0,0.0,0.0,0.0,0.0,0.0,0.0,0.0,0.0,0.0,0.0,0.0,0.0,26.0,26.0,6.435,9.5,6.435,9.5,0.0,0.0,train,tier3
440,1990,Group Stage,1,0,1990-06-19,Renato Dall Ara,United Arab Emirates,Yugoslavia,0,AFC,UEFA,0,0,0,1,1570.01,1750.07,-180.05999999999997,0.2618,0.0,0.2,-0.2,0.2,3.2,0.2,0.0,7.0,0.0,0.0,0.0,0.0,0.0,2.0,0.0,0.5,0,4.0,5.0,-1.0,28,2.0,1.0,7.0,-6.0,0.0,0.0,0.5,0.0,0.0,,,,,,,,,,,,,0.0,,,1,4,-3,Loss,0,Full Time,,1.0,1.0,27833.0,5.0,1.0,0.0,0.0,0.0,0.0,0.0,0.0,0.0,0.0,0.0,0.0,0.0,0.0,0.0,0.0,0.0,0.0,26.0,26.0,6.435,9.5,6.435,9.5,0.0,0.0,train,tier3
441,1990,Group Stage,1,0,1990-06-19,Stadio Olimpico,Italy,Czechoslovakia,1,UEFA,UEFA,1,1,0,0,1842.88,1761.79,81.09000000000015,0.6146,0.7,0.2,0.5,0.4,0.0,1.4,11.0,7.0,3.0,0.0,4.0,2.0,5.0,2.0,7.18,1.0,1,5.0,4.0,1.0,29,2.0,2.0,0.0,2.0,2.0,1.0,1.0,0.0,0.0,,,,,,,,,,,,,0.0,,,2,0,2,Win,2,Full Time,,1.0,1.0,73303.0,1.0,1.0,0.0,0.0,0.0,0.0,0.0,0.0,0.0,0.0,0.0,0.0,0.0,0.0,0.0,0.0,0.0,0.0,26.0,26.0,6.435,9.5,6.435,9.5,0.0,0.0,train,tier3
441,1990,Group Stage,1,0,1990-06-19,Stadio Olimpico,Czechoslovakia,Italy,0,UEFA,UEFA,1,0,1,0,1761.79,1842.88,-81.09000000000015,0.3854,0.2,0.7,-0.5,1.4,1.6,0.4,7.0,11.0,0.0,3.0,2.0,4.0,2.0,5.0,4.86,0.0,1,4.0,5.0,-1.0,29,2.0,6.0,1.0,5.0,2.0,1.0,3.0,0.0,0.0,,,,,,,,,,,,,0.0,,,0,2,-2,Loss,0,Full Time,,0.0,1.0,73303.0,1.0,1.0,0.0,0.0,0.0,0.0,0.0,0.0,0.0,0.0,0.0,0.0,0.0,0.0,0.0,0.0,0.0,0.0,26.0,26.0,6.435,9.5,6.435,9.5,0.0,0.0,train,tier3
442,1990,Group Stage,1,0,1990-06-19,Comunale,Austria,USA,1,UEFA,CONCACAF,0,0,0,1,1817.17,1500.0,317.1700000000001,0.8613,0.7,0.5,0.2,2.0,1.2,1.5,5.0,3.0,0.0,0.0,0.0,0.0,2.0,1.0,7.6,0.5,0,4.0,5.0,-1.0,30,2.0,0.0,2.0,-2.0,0.0,0.0,0.0,0.0,0.0,,,,,,,,,,,,,0.0,,,2,1,1,Win,2,Full Time,,0.0,1.0,34857.0,1.0,3.0,0.0,0.0,0.0,0.0,0.0,0.0,0.0,0.0,0.0,0.0,0.0,0.0,0.0,0.0,0.0,0.0,26.0,26.0,6.435,9.5,6.435,9.5,0.0,0.0,train,tier3
442,1990,Group Stage,1,0,1990-06-19,Comunale,USA,Austria,0,CONCACAF,UEFA,0,0,0,1,1500.0,1817.17,-317.1700000000001,0.1387,0.5,0.7,-0.2,1.5,1.5,2.0,3.0,5.0,0.0,0.0,0.0,0.0,1.0,2.0,4.0,0.5,0,5.0,4.0,1.0,30,2.0,1.0,6.0,-5.0,0.0,0.0,0.5,0.0,0.0,,,,,,,,,,,,,0.0,,,1,2,-1,Loss,0,Full Time,,0.0,1.0,34857.0,3.0,1.0,0.0,0.0,0.0,0.0,0.0,0.0,0.0,0.0,0.0,0.0,0.0,0.0,0.0,0.0,0.0,0.0,26.0,26.0,6.435,9.5,6.435,9.5,0.0,0.0,train,tier3
443,1990,Group Stage,1,0,1990-06-20,Stadio delle Alpi,Brazil,Scotland,1,CONMEBOL,UEFA,0,0,0,1,1894.22,1634.78,259.44000000000005,0.8166,0.7,0.3,0.4,1.6,1.2,0.8,13.0,6.0,3.0,0.0,3.0,0.0,6.0,0.0,11.08,0.5,2,4.0,4.0,0.0,31,2.0,3.0,1.0,2.0,2.0,1.0,1.5,0.0,0.0,,,,,,,,,,,,,0.0,,,1,0,1,Win,2,Full Time,,0.0,1.0,62502.0,2.0,1.0,0.0,0.0,0.0,0.0,0.0,0.0,0.0,0.0,0.0,0.0,0.0,0.0,0.0,0.0,0.0,0.0,26.0,26.0,6.435,9.5,6.435,9.5,0.0,0.0,train,tier3
443,1990,Group Stage,1,0,1990-06-20,Stadio delle Alpi,Scotland,Brazil,0,UEFA,CONMEBOL,0,0,0,1,1634.78,1894.22,-259.44000000000005,0.1834,0.3,0.7,-0.4,0.8,1.4,1.6,6.0,13.0,0.0,3.0,0.0,3.0,0.0,6.0,3.5,0.5,2,4.0,4.0,0.0,31,2.0,2.0,2.0,0.0,1.0,0.5,1.0,0.0,0.0,,,,,,,,,,,,,0.0,,,0,1,-1,Loss,0,Full Time,,0.0,1.0,62502.0,1.0,2.0,0.0,0.0,0.0,0.0,0.0,0.0,0.0,0.0,0.0,0.0,0.0,0.0,0.0,0.0,0.0,0.0,26.0,26.0,6.435,9.5,6.435,9.5,0.0,0.0,train,tier3
444,1990,Group Stage,1,0,1990-06-20,Luigi Ferraris,Sweden,Costa Rica,1,UEFA,CONCACAF,0,0,0,1,1725.46,1583.6,141.86000000000013,0.6935,0.6,0.2,0.4,2.4,1.0,0.4,7.0,0.0,0.0,0.0,1.0,0.0,2.0,0.0,6.86,0.5,0,4.0,4.0,0.0,32,2.0,2.0,4.0,-2.0,0.0,0.0,1.0,0.0,0.0,,,,,,,,,,,,,0.0,,,1,2,-1,Loss,0,Full Time,,1.0,1.0,30223.0,1.0,3.0,0.0,0.0,0.0,0.0,0.0,0.0,0.0,0.0,0.0,0.0,0.0,0.0,0.0,0.0,0.0,0.0,26.0,26.0,6.435,9.5,6.435,9.5,0.0,0.0,train,tier3
444,1990,Group Stage,1,0,1990-06-20,Luigi Ferraris,Costa Rica,Sweden,0,CONCACAF,UEFA,0,0,0,1,1583.6,1725.46,-141.86000000000013,0.3065,0.2,0.6,-0.4,0.4,1.4,2.4,0.0,7.0,0.0,0.0,0.0,1.0,0.0,2.0,0.0,0.5,0,4.0,4.0,0.0,32,2.0,1.0,1.0,0.0,1.0,0.5,0.5,0.0,0.0,,,,,,,,,,,,,0.0,,,2,1,1,Win,2,Full Time,,0.0,1.0,30223.0,3.0,1.0,0.0,0.0,0.0,0.0,0.0,0.0,0.0,0.0,0.0,0.0,0.0,0.0,0.0,0.0,0.0,0.0,26.0,26.0,6.435,9.5,6.435,9.5,0.0,0.0,train,tier3
445,1990,Group Stage,1,0,1990-06-21,Friuli,Korea Republic,Uruguay,1,AFC,CONMEBOL,0,0,0,1,1500.0,1871.66,-371.6600000000001,0.1053,0.5,0.5,0.0,1.5,1.5,1.2,2.0,8.0,0.0,2.0,0.0,1.0,0.0,3.0,2.0,0.5,0,4.0,4.0,0.0,33,2.0,1.0,5.0,-4.0,0.0,0.0,0.5,0.0,0.0,,,,,,,,,,,,,0.0,,,0,1,-1,Loss,0,Full Time,,0.0,1.0,29039.0,5.0,2.0,0.0,0.0,0.0,0.0,0.0,0.0,0.0,0.0,0.0,0.0,0.0,0.0,0.0,0.0,0.0,0.0,26.0,26.0,6.435,9.5,6.435,9.5,0.0,0.0,train,tier3
445,1990,Group Stage,1,0,1990-06-21,Friuli,Uruguay,Korea Republic,0,CONMEBOL,AFC,0,0,0,1,1871.66,1500.0,371.6600000000001,0.8947,0.5,0.5,0.0,1.2,1.2,1.5,8.0,2.0,2.0,0.0,1.0,0.0,3.0,0.0,7.38,0.5,0,4.0,4.0,0.0,33,2.0,1.0,3.0,-2.0,0.0,0.0,0.5,0.0,0.0,,,,,,,,,,,,,0.0,,,1,0,1,Win,2,Full Time,,0.0,1.0,29039.0,2.0,5.0,0.0,0.0,0.0,0.0,0.0,0.0,0.0,0.0,0.0,0.0,0.0,0.0,0.0,0.0,0.0,0.0,26.0,26.0,6.435,9.5,6.435,9.5,0.0,0.0,train,tier3
446,1990,Group Stage,1,0,1990-06-21,Marc Antonio Bentegodi,Belgium,Spain,1,UEFA,UEFA,1,0,0,1,1779.06,1802.24,-23.180000000000064,0.4667,0.7,0.7,0.0,1.6,0.6,1.2,7.0,7.0,0.0,0.0,0.0,0.0,1.0,0.0,3.86,0.0,1,4.0,4.0,0.0,34,2.0,5.0,1.0,4.0,2.0,1.0,2.5,0.0,0.0,,,,,,,,,,,,,0.0,,,1,2,-1,Loss,0,Full Time,,1.0,1.0,35950.0,1.0,1.0,0.0,0.0,0.0,0.0,0.0,0.0,0.0,0.0,0.0,0.0,0.0,0.0,0.0,0.0,0.0,0.0,26.0,26.0,6.435,9.5,6.435,9.5,0.0,0.0,train,tier3
446,1990,Group Stage,1,0,1990-06-21,Marc Antonio Bentegodi,Spain,Belgium,0,UEFA,UEFA,1,0,0,1,1802.24,1779.06,23.180000000000064,0.5333,0.7,0.7,0.0,1.2,0.8,1.6,7.0,7.0,0.0,0.0,0.0,0.0,0.0,1.0,5.29,1.0,1,4.0,4.0,0.0,34,2.0,3.0,1.0,2.0,1.0,0.5,1.5,0.0,0.0,,,,,,,,,,,,,0.0,,,2,1,1,Win,2,Full Time,,2.0,1.0,35950.0,1.0,1.0,0.0,0.0,0.0,0.0,0.0,0.0,0.0,0.0,0.0,0.0,0.0,0.0,0.0,0.0,0.0,0.0,26.0,26.0,6.435,9.5,6.435,9.5,0.0,0.0,train,tier3
447,1990,Group Stage,1,0,1990-06-21,Della Favorita,Republic of Ireland,Netherlands,1,UEFA,UEFA,1,0,0,1,1759.72,1832.74,-73.01999999999998,0.3964,0.7,0.4,0.3,1.2,0.4,1.2,0.0,4.0,0.0,0.0,0.0,2.0,0.0,2.0,0.0,0.5,0,4.0,5.0,-1.0,35,2.0,1.0,1.0,0.0,0.0,0.0,0.5,0.0,0.0,,,,,,,,,,,,,0.0,,,1,1,0,Draw,1,Full Time,,0.0,1.0,33288.0,1.0,1.0,0.0,0.0,0.0,0.0,0.0,0.0,0.0,0.0,0.0,0.0,0.0,0.0,0.0,0.0,0.0,0.0,26.0,26.0,6.435,9.5,6.435,9.5,0.0,0.0,train,tier3
447,1990,Group Stage,1,0,1990-06-21,Della Favorita,Netherlands,Republic of Ireland,0,UEFA,UEFA,1,0,0,1,1832.74,1759.72,73.01999999999998,0.6036,0.4,0.7,-0.3,1.2,1.2,1.2,4.0,0.0,0.0,0.0,2.0,0.0,2.0,0.0,8.0,0.5,0,5.0,4.0,1.0,35,2.0,1.0,1.0,0.0,0.0,0.0,0.5,0.0,0.0,,,,,,,,,,,,,0.0,,,1,1,0,Draw,1,Full Time,,1.0,1.0,33288.0,1.0,1.0,0.0,0.0,0.0,0.0,0.0,0.0,0.0,0.0,0.0,0.0,0.0,0.0,0.0,0.0,0.0,0.0,26.0,26.0,6.435,9.5,6.435,9.5,0.0,0.0,train,tier3
448,1990,Group Stage,1,0,1990-06-21,Sant Elia,England,Egypt,1,UEFA,CAF,0,0,0,1,1786.32,1668.05,118.26999999999998,0.6639,0.6,0.4,0.2,1.6,1.2,1.0,8.0,1.0,1.0,0.0,1.0,0.0,1.0,0.0,5.88,0.5,0,5.0,4.0,1.0,36,2.0,1.0,1.0,0.0,0.0,0.0,0.5,0.0,0.0,,,,,,,,,,,,,0.0,,,1,0,1,Win,2,Full Time,,0.0,1.0,34959.0,1.0,4.0,0.0,0.0,0.0,0.0,0.0,0.0,0.0,0.0,0.0,0.0,0.0,0.0,0.0,0.0,0.0,0.0,26.0,26.0,6.435,9.5,6.435,9.5,0.0,0.0,train,tier3
448,1990,Group Stage,1,0,1990-06-21,Sant Elia,Egypt,England,0,CAF,UEFA,0,0,0,1,1668.05,1786.32,-118.26999999999998,0.3361,0.4,0.6,-0.2,1.0,1.2,1.6,1.0,8.0,0.0,1.0,0.0,1.0,0.0,1.0,2.0,0.5,0,4.0,5.0,-1.0,36,2.0,1.0,1.0,0.0,0.0,0.0,0.5,0.0,0.0,,,,,,,,,,,,,0.0,,,0,1,-1,Loss,0,Full Time,,0.0,1.0,34959.0,4.0,1.0,0.0,0.0,0.0,0.0,0.0,0.0,0.0,0.0,0.0,0.0,0.0,0.0,0.0,0.0,0.0,0.0,26.0,26.0,6.435,9.5,6.435,9.5,0.0,0.0,train,tier3
449,1990,Round of 16,2,1,1990-06-23,San Paolo,Cameroon,Colombia,1,CAF,CONMEBOL,0,0,0,1,1718.95,1687.44,31.50999999999999,0.5452,0.6,0.5,0.1,1.0,0.8,1.2,1.0,1.0,0.0,0.0,0.0,0.0,0.0,0.0,1.0,0.5,0,5.0,4.0,1.0,37,3.0,3.0,5.0,-2.0,2.0,0.667,1.0,0.0,0.0,,,,,,,,,,,,,0.0,,,2,1,1,Win,2,Extra Time,,0.0,1.0,50026.0,4.0,2.0,0.0,0.0,0.0,0.0,0.0,0.0,0.0,0.0,0.0,0.0,0.0,0.0,0.0,0.0,0.0,0.0,26.0,26.0,6.435,9.5,6.435,9.5,0.0,0.0,train,tier3
449,1990,Round of 16,2,1,1990-06-23,San Paolo,Colombia,Cameroon,0,CONMEBOL,CAF,0,0,0,1,1687.44,1718.95,-31.50999999999999,0.4548,0.5,0.6,-0.1,1.2,1.2,1.0,1.0,1.0,0.0,0.0,0.0,0.0,0.0,0.0,5.0,0.5,0,4.0,5.0,-1.0,37,3.0,3.0,2.0,1.0,1.0,0.333,1.0,0.0,0.0,,,,,,,,,,,,,0.0,,,1,2,-1,Loss,0,Extra Time,,0.0,1.0,50026.0,2.0,4.0,0.0,0.0,0.0,0.0,0.0,0.0,0.0,0.0,0.0,0.0,0.0,0.0,0.0,0.0,0.0,0.0,26.0,26.0,6.435,9.5,6.435,9.5,0.0,0.0,train,tier3
450,1990,Round of 16,2,1,1990-06-23,Stadio San Nicola,Czechoslovakia,Costa Rica,1,UEFA,CONCACAF,0,0,0,1,1738.67,1625.21,113.46000000000004,0.6577,0.4,0.2,0.2,1.6,1.4,0.4,7.0,0.0,0.0,0.0,2.0,0.0,2.0,0.0,4.86,0.5,0,4.0,3.0,1.0,38,3.0,6.0,3.0,3.0,2.0,0.667,2.0,0.0,0.0,,,,,,,,,,,,,0.0,,,4,1,3,Win,2,Full Time,,1.0,1.0,47673.0,1.0,3.0,0.0,0.0,0.0,0.0,0.0,0.0,0.0,0.0,0.0,0.0,0.0,0.0,0.0,0.0,0.0,0.0,26.0,26.0,6.435,9.5,6.435,9.5,0.0,0.0,train,tier3
450,1990,Round of 16,2,1,1990-06-23,Stadio San Nicola,Costa Rica,Czechoslovakia,0,CONCACAF,UEFA,0,0,0,1,1625.21,1738.67,-113.46000000000004,0.3423,0.2,0.4,-0.2,0.4,1.2,1.6,0.0,7.0,0.0,0.0,0.0,2.0,0.0,2.0,0.0,0.5,0,3.0,4.0,-1.0,38,3.0,3.0,2.0,1.0,2.0,0.667,1.0,0.0,0.0,,,,,,,,,,,,,0.0,,,1,4,-3,Loss,0,Full Time,,0.0,1.0,47673.0,3.0,1.0,0.0,0.0,0.0,0.0,0.0,0.0,0.0,0.0,0.0,0.0,0.0,0.0,0.0,0.0,0.0,0.0,26.0,26.0,6.435,9.5,6.435,9.5,0.0,0.0,train,tier3
451,1990,Round of 16,2,1,1990-06-24,Stadio delle Alpi,Brazil,Argentina,1,CONMEBOL,CONMEBOL,1,0,0,1,1905.22,1680.35,224.8700000000001,0.7849,0.7,0.6,0.1,1.6,1.2,1.2,13.0,9.0,3.0,2.0,3.0,3.0,6.0,3.0,11.08,0.667,3,4.0,6.0,-2.0,39,3.0,4.0,1.0,3.0,3.0,1.0,1.333,0.0,0.0,,,,,,,,,,,,,0.0,,,0,1,-1,Loss,0,Full Time,,0.0,1.0,61381.0,2.0,2.0,0.0,0.0,0.0,0.0,0.0,0.0,0.0,0.0,0.0,0.0,0.0,0.0,0.0,0.0,0.0,0.0,26.0,26.0,6.435,9.5,6.435,9.5,0.0,0.0,train,tier3
451,1990,Round of 16,2,1,1990-06-24,Stadio delle Alpi,Argentina,Brazil,0,CONMEBOL,CONMEBOL,1,0,0,1,1680.35,1905.22,-224.8700000000001,0.2151,0.6,0.7,-0.1,1.2,0.8,1.6,9.0,13.0,2.0,3.0,3.0,3.0,3.0,6.0,8.56,0.3329999999999999,3,6.0,4.0,2.0,39,3.0,3.0,2.0,1.0,1.0,0.333,1.0,0.0,0.0,,,,,,,,,,,,,0.0,,,1,0,1,Win,2,Full Time,,0.0,1.0,61381.0,2.0,2.0,0.0,0.0,0.0,0.0,0.0,0.0,0.0,0.0,0.0,0.0,0.0,0.0,0.0,0.0,0.0,0.0,26.0,26.0,6.435,9.5,6.435,9.5,0.0,0.0,train,tier3
452,1990,Round of 16,2,1,1990-06-24,Giuseppe Meazza,Germany FR,Netherlands,1,UEFA,UEFA,1,0,0,1,1500.0,1938.39,-438.3900000000001,0.0742,0.5,0.4,0.1,1.5,1.5,1.2,9.0,4.0,2.0,0.0,5.0,2.0,7.0,2.0,12.89,0.5,0,5.0,3.0,2.0,40,3.0,10.0,3.0,7.0,2.0,0.667,3.333,0.0,0.0,,,,,,,,,,,,,0.0,,,2,1,1,Win,2,Full Time,,0.0,1.0,74559.0,1.0,1.0,0.0,0.0,0.0,0.0,0.0,0.0,0.0,0.0,0.0,0.0,0.0,0.0,0.0,0.0,0.0,0.0,26.0,26.0,6.435,9.5,6.435,9.5,0.0,0.0,train,tier3
452,1990,Round of 16,2,1,1990-06-24,Giuseppe Meazza,Netherlands,Germany FR,0,UEFA,UEFA,1,0,0,1,1938.39,1500.0,438.3900000000001,0.9258,0.4,0.5,-0.1,1.2,1.2,1.5,4.0,9.0,0.0,2.0,2.0,5.0,2.0,7.0,8.0,0.5,0,3.0,5.0,-2.0,40,3.0,2.0,2.0,0.0,0.0,0.0,0.667,0.0,0.0,,,,,,,,,,,,,0.0,,,1,2,-1,Loss,0,Full Time,,0.0,1.0,74559.0,1.0,1.0,0.0,0.0,0.0,0.0,0.0,0.0,0.0,0.0,0.0,0.0,0.0,0.0,0.0,0.0,0.0,0.0,26.0,26.0,6.435,9.5,6.435,9.5,0.0,0.0,train,tier3
453,1990,Round of 16,2,1,1990-06-25,Luigi Ferraris,Republic of Ireland,Romania,1,UEFA,UEFA,1,0,0,1,1765.93,1729.59,36.34000000000015,0.5521,0.6,0.7,-0.1,1.0,0.4,2.0,0.0,4.0,0.0,0.0,0.0,0.0,0.0,0.0,0.0,0.5,0,4.0,7.0,-3.0,41,3.0,2.0,2.0,0.0,0.0,0.0,0.667,0.0,0.0,,,,,,,,,,,,,0.0,,,0,0,0,Loss,0,Penalties,,0.0,1.0,31818.0,1.0,1.0,0.0,0.0,0.0,0.0,0.0,0.0,0.0,0.0,0.0,0.0,0.0,0.0,0.0,0.0,0.0,0.0,26.0,26.0,6.435,9.5,6.435,9.5,0.0,0.0,train,tier3
453,1990,Round of 16,2,1,1990-06-25,Luigi Ferraris,Romania,Republic of Ireland,0,UEFA,UEFA,1,0,0,1,1729.59,1765.93,-36.34000000000015,0.4479,0.7,0.6,0.1,2.0,1.0,1.0,4.0,0.0,0.0,0.0,0.0,0.0,0.0,0.0,3.0,0.5,0,7.0,4.0,3.0,41,3.0,4.0,3.0,1.0,1.0,0.333,1.333,0.0,0.0,,,,,,,,,,,,,0.0,,,0,0,0,Win,2,Penalties,,0.0,1.0,31818.0,1.0,1.0,0.0,0.0,0.0,0.0,0.0,0.0,0.0,0.0,0.0,0.0,0.0,0.0,0.0,0.0,0.0,0.0,26.0,26.0,6.435,9.5,6.435,9.5,0.0,0.0,train,tier3
454,1990,Round of 16,2,1,1990-06-25,Stadio Olimpico,Italy,Uruguay,1,UEFA,CONMEBOL,0,1,0,0,1866.0,1729.29,136.71000000000004,0.6872,0.8,0.4,0.4,0.6,0.0,0.8,11.0,8.0,3.0,2.0,4.0,1.0,5.0,3.0,7.18,0.0,1,6.0,4.0,2.0,42,3.0,4.0,0.0,4.0,3.0,1.0,1.333,0.0,0.0,,,,,,,,,,,,,0.0,,,2,0,2,Win,2,Full Time,,0.0,1.0,73303.0,1.0,2.0,0.0,0.0,0.0,0.0,0.0,0.0,0.0,0.0,0.0,0.0,0.0,0.0,0.0,0.0,0.0,0.0,26.0,26.0,6.435,9.5,6.435,9.5,0.0,0.0,train,tier3
454,1990,Round of 16,2,1,1990-06-25,Stadio Olimpico,Uruguay,Italy,0,CONMEBOL,UEFA,0,0,1,0,1729.29,1866.0,-136.71000000000004,0.3128,0.4,0.8,-0.4,0.8,1.2,0.6,8.0,11.0,2.0,3.0,1.0,4.0,3.0,5.0,7.38,1.0,1,4.0,6.0,-2.0,42,3.0,2.0,3.0,-1.0,1.0,0.333,0.667,0.0,0.0,,,,,,,,,,,,,0.0,,,0,2,-2,Loss,0,Full Time,,0.0,1.0,73303.0,2.0,1.0,0.0,0.0,0.0,0.0,0.0,0.0,0.0,0.0,0.0,0.0,0.0,0.0,0.0,0.0,0.0,0.0,26.0,26.0,6.435,9.5,6.435,9.5,0.0,0.0,train,tier3
455,1990,Round of 16,2,1,1990-06-26,Marc Antonio Bentegodi,Spain,Yugoslavia,1,UEFA,UEFA,1,0,0,1,1830.24,1765.78,64.46000000000004,0.5917,0.7,0.3,0.4,1.4,0.8,0.4,7.0,7.0,0.0,0.0,0.0,0.0,0.0,2.0,5.29,1.0,1,5.0,7.0,-2.0,43,3.0,5.0,2.0,3.0,2.0,0.667,1.667,0.0,0.0,,,,,,,,,,,,,0.0,,,1,2,-1,Loss,0,Extra Time,,0.0,1.0,35500.0,1.0,1.0,0.0,0.0,0.0,0.0,0.0,0.0,0.0,0.0,0.0,0.0,0.0,0.0,0.0,0.0,0.0,0.0,26.0,26.0,6.435,9.5,6.435,9.5,0.0,0.0,train,tier3
455,1990,Round of 16,2,1,1990-06-26,Marc Antonio Bentegodi,Yugoslavia,Spain,0,UEFA,UEFA,1,0,0,1,1765.78,1830.24,-64.46000000000004,0.4083,0.3,0.7,-0.4,0.4,1.4,1.4,7.0,7.0,0.0,0.0,0.0,0.0,2.0,0.0,6.71,0.0,1,7.0,5.0,2.0,43,3.0,6.0,5.0,1.0,2.0,0.667,2.0,0.0,0.0,,,,,,,,,,,,,0.0,,,2,1,1,Win,2,Extra Time,,0.0,1.0,35500.0,1.0,1.0,0.0,0.0,0.0,0.0,0.0,0.0,0.0,0.0,0.0,0.0,0.0,0.0,0.0,0.0,0.0,0.0,26.0,26.0,6.435,9.5,6.435,9.5,0.0,0.0,train,tier3
456,1990,Round of 16,2,1,1990-06-26,Renato Dall Ara,England,Belgium,1,UEFA,UEFA,1,0,0,1,1806.48,1751.06,55.42000000000007,0.5791,0.5,0.8,-0.3,0.8,0.8,2.2,8.0,7.0,1.0,0.0,1.0,0.0,1.0,1.0,5.88,0.0,1,5.0,5.0,0.0,44,3.0,2.0,1.0,1.0,1.0,0.333,0.667,0.0,0.0,,,,,,,,,,,,,0.0,,,1,0,1,Win,2,Extra Time,,0.0,1.0,34520.0,1.0,1.0,0.0,0.0,0.0,0.0,0.0,0.0,0.0,0.0,0.0,0.0,0.0,0.0,0.0,0.0,0.0,0.0,26.0,26.0,6.435,9.5,6.435,9.5,0.0,0.0,train,tier3
456,1990,Round of 16,2,1,1990-06-26,Renato Dall Ara,Belgium,England,0,UEFA,UEFA,1,0,0,1,1751.06,1806.48,-55.42000000000007,0.4209,0.8,0.5,0.3,2.2,0.8,0.8,7.0,8.0,0.0,1.0,0.0,1.0,1.0,1.0,3.86,1.0,1,5.0,5.0,0.0,44,3.0,6.0,3.0,3.0,2.0,0.667,2.0,0.0,0.0,,,,,,,,,,,,,0.0,,,0,1,-1,Loss,0,Extra Time,,0.0,1.0,34520.0,1.0,1.0,0.0,0.0,0.0,0.0,0.0,0.0,0.0,0.0,0.0,0.0,0.0,0.0,0.0,0.0,0.0,0.0,26.0,26.0,6.435,9.5,6.435,9.5,0.0,0.0,train,tier3
457,1990,Quarter-final,3,1,1990-06-30,Comunale,Yugoslavia,Argentina,1,UEFA,CONMEBOL,0,0,0,1,1801.28,1727.44,73.83999999999992,0.6047,0.5,0.6,-0.1,1.2,1.4,1.2,7.0,9.0,0.0,2.0,0.0,3.0,2.0,3.0,6.71,0.5,0,4.0,6.0,-2.0,45,4.0,8.0,6.0,2.0,3.0,0.75,2.0,0.0,0.0,,,,,,,,,,,,,0.0,,,0,0,0,Draw,1,Penalties,,0.0,1.0,38971.0,1.0,2.0,0.0,0.0,0.0,0.0,0.0,0.0,0.0,0.0,0.0,0.0,0.0,0.0,0.0,0.0,0.0,0.0,26.0,26.0,6.435,9.5,6.435,9.5,0.0,0.0,train,tier3
457,1990,Quarter-final,3,1,1990-06-30,Comunale,Argentina,Yugoslavia,0,CONMEBOL,UEFA,0,0,0,1,1727.44,1801.28,-73.83999999999992,0.3953,0.6,0.5,0.1,1.2,0.8,1.2,9.0,7.0,2.0,0.0,3.0,0.0,3.0,2.0,8.56,0.5,0,6.0,4.0,2.0,45,4.0,4.0,2.0,2.0,2.0,0.5,1.0,0.0,0.0,,,,,,,,,,,,,0.0,,,0,0,0,Draw,1,Penalties,,0.0,1.0,38971.0,2.0,1.0,0.0,0.0,0.0,0.0,0.0,0.0,0.0,0.0,0.0,0.0,0.0,0.0,0.0,0.0,0.0,0.0,26.0,26.0,6.435,9.5,6.435,9.5,0.0,0.0,train,tier3
458,1990,Quarter-final,3,1,1990-06-30,Stadio Olimpico,Italy,Republic of Ireland,1,UEFA,UEFA,1,1,0,0,1884.77,1762.8,121.97000000000004,0.6687,0.9,0.6,0.3,1.0,0.0,1.0,11.0,0.0,3.0,0.0,4.0,0.0,5.0,0.0,7.18,0.5,0,5.0,5.0,0.0,46,4.0,6.0,0.0,6.0,4.0,1.0,1.5,0.0,0.0,,,,,,,,,,,,,0.0,,,1,0,1,Win,2,Full Time,,1.0,1.0,73303.0,1.0,1.0,0.0,0.0,0.0,0.0,0.0,0.0,0.0,0.0,0.0,0.0,0.0,0.0,0.0,0.0,0.0,0.0,26.0,26.0,6.435,9.5,6.435,9.5,0.0,0.0,train,tier3
458,1990,Quarter-final,3,1,1990-06-30,Stadio Olimpico,Republic of Ireland,Italy,0,UEFA,UEFA,1,0,1,0,1762.8,1884.77,-121.97000000000004,0.3313,0.6,0.9,-0.3,1.0,0.4,1.0,0.0,11.0,0.0,3.0,0.0,4.0,0.0,5.0,0.0,0.5,0,5.0,5.0,0.0,46,4.0,2.0,2.0,0.0,0.0,0.0,0.5,0.0,0.0,,,,,,,,,,,,,0.0,,,0,1,-1,Loss,0,Full Time,,0.0,1.0,73303.0,1.0,1.0,0.0,0.0,0.0,0.0,0.0,0.0,0.0,0.0,0.0,0.0,0.0,0.0,0.0,0.0,0.0,0.0,26.0,26.0,6.435,9.5,6.435,9.5,0.0,0.0,train,tier3
459,1990,Quarter-final,3,1,1990-07-01,Giuseppe Meazza,Germany FR,Czechoslovakia,1,UEFA,UEFA,1,0,0,1,1500.0,1708.95,-208.95000000000005,0.231,0.5,0.4,0.1,1.5,1.5,1.6,9.0,7.0,2.0,0.0,5.0,2.0,7.0,2.0,12.89,0.5,0,7.0,8.0,-1.0,47,4.0,12.0,4.0,8.0,3.0,0.75,3.0,0.0,0.0,,,,,,,,,,,,,0.0,,,1,0,1,Win,2,Full Time,,1.0,1.0,73347.0,1.0,1.0,0.0,0.0,0.0,0.0,0.0,0.0,0.0,0.0,0.0,0.0,0.0,0.0,0.0,0.0,0.0,0.0,26.0,26.0,6.435,9.5,6.435,9.5,0.0,0.0,train,tier3
459,1990,Quarter-final,3,1,1990-07-01,Giuseppe Meazza,Czechoslovakia,Germany FR,0,UEFA,UEFA,1,0,0,1,1708.95,1500.0,208.95000000000005,0.769,0.4,0.5,-0.1,1.6,1.6,1.5,7.0,9.0,0.0,2.0,2.0,5.0,2.0,7.0,4.86,0.5,0,8.0,7.0,1.0,47,4.0,10.0,4.0,6.0,3.0,0.75,2.5,0.0,0.0,,,,,,,,,,,,,0.0,,,0,1,-1,Loss,0,Full Time,,0.0,1.0,73347.0,1.0,1.0,0.0,0.0,0.0,0.0,0.0,0.0,0.0,0.0,0.0,0.0,0.0,0.0,0.0,0.0,0.0,0.0,26.0,26.0,6.435,9.5,6.435,9.5,0.0,0.0,train,tier3
460,1990,Quarter-final,3,1,1990-07-01,San Paolo,England,Cameroon,1,UEFA,CAF,0,0,0,1,1991.02,1682.98,308.04,0.8549,0.5,0.6,-0.1,0.8,0.8,1.0,8.0,1.0,1.0,0.0,1.0,0.0,1.0,0.0,5.88,0.5,0,5.0,8.0,-3.0,48,4.0,3.0,1.0,2.0,2.0,0.5,0.75,0.0,0.0,,,,,,,,,,,,,0.0,,,3,2,1,Win,2,Extra Time,,0.0,1.0,55205.0,1.0,4.0,0.0,0.0,0.0,0.0,0.0,0.0,0.0,0.0,0.0,0.0,0.0,0.0,0.0,0.0,0.0,0.0,26.0,26.0,6.435,9.5,6.435,9.5,0.0,0.0,train,tier3
460,1990,Quarter-final,3,1,1990-07-01,San Paolo,Cameroon,England,0,CAF,UEFA,0,0,0,1,1682.98,1991.02,-308.04,0.1451,0.6,0.5,0.1,1.0,1.4,0.8,1.0,8.0,0.0,1.0,0.0,1.0,0.0,1.0,1.0,0.5,0,8.0,5.0,3.0,48,4.0,5.0,6.0,-1.0,3.0,0.75,1.25,0.0,0.0,,,,,,,,,,,,,0.0,,,2,3,-1,Loss,0,Extra Time,,0.0,1.0,55205.0,4.0,1.0,0.0,0.0,0.0,0.0,0.0,0.0,0.0,0.0,0.0,0.0,0.0,0.0,0.0,0.0,0.0,0.0,26.0,26.0,6.435,9.5,6.435,9.5,0.0,0.0,train,tier3
461,1990,Semi-final,4,1,1990-07-03,San Paolo,Italy,Argentina,1,UEFA,CONMEBOL,0,1,0,0,1904.65,1733.72,170.93000000000006,0.7279,0.9,0.7,0.2,1.2,0.0,1.2,11.0,9.0,3.0,2.0,4.0,3.0,5.0,3.0,7.18,0.5,4,3.0,3.0,0.0,49,5.0,7.0,0.0,7.0,5.0,1.0,1.4,0.0,0.0,,,,,,,,,,,,,0.0,,,1,1,0,Draw,1,Penalties,,0.0,1.0,59978.0,1.0,2.0,0.0,0.0,0.0,0.0,0.0,0.0,0.0,0.0,0.0,0.0,0.0,0.0,0.0,0.0,0.0,0.0,26.0,26.0,6.435,9.5,6.435,9.5,0.0,0.0,train,tier3
461,1990,Semi-final,4,1,1990-07-03,San Paolo,Argentina,Italy,0,CONMEBOL,UEFA,0,0,1,0,1733.72,1904.65,-170.93000000000006,0.2721,0.7,0.9,-0.2,1.2,0.6,1.2,9.0,11.0,2.0,3.0,3.0,4.0,3.0,5.0,8.56,0.5,4,3.0,3.0,0.0,49,5.0,4.0,2.0,2.0,2.0,0.4,0.8,0.0,0.0,,,,,,,,,,,,,0.0,,,1,1,0,Draw,1,Penalties,,0.0,1.0,59978.0,2.0,1.0,0.0,0.0,0.0,0.0,0.0,0.0,0.0,0.0,0.0,0.0,0.0,0.0,0.0,0.0,0.0,0.0,26.0,26.0,6.435,9.5,6.435,9.5,0.0,0.0,train,tier3
462,1990,Semi-final,4,1,1990-07-04,Stadio delle Alpi,Germany FR,England,1,UEFA,UEFA,1,0,0,1,1500.0,1991.02,-491.02,0.0559,0.5,0.7,-0.2,1.5,1.5,0.8,9.0,8.0,2.0,1.0,5.0,1.0,7.0,1.0,12.89,0.5,0,3.0,3.0,0.0,50,5.0,13.0,4.0,9.0,4.0,0.8,2.6,0.0,0.0,,,,,,,,,,,,,0.0,,,1,1,0,Draw,1,Penalties,,0.0,1.0,62628.0,1.0,1.0,0.0,0.0,0.0,0.0,0.0,0.0,0.0,0.0,0.0,0.0,0.0,0.0,0.0,0.0,0.0,0.0,26.0,26.0,6.435,9.5,6.435,9.5,0.0,0.0,train,tier3
462,1990,Semi-final,4,1,1990-07-04,Stadio delle Alpi,England,Germany FR,0,UEFA,UEFA,1,0,0,1,1991.02,1500.0,491.02,0.9441,0.7,0.5,0.2,0.8,0.4,1.5,8.0,9.0,1.0,2.0,1.0,5.0,1.0,7.0,5.88,0.5,0,3.0,3.0,0.0,50,5.0,6.0,3.0,3.0,3.0,0.6,1.2,0.0,0.0,,,,,,,,,,,,,0.0,,,1,1,0,Draw,1,Penalties,,0.0,1.0,62628.0,1.0,1.0,0.0,0.0,0.0,0.0,0.0,0.0,0.0,0.0,0.0,0.0,0.0,0.0,0.0,0.0,0.0,0.0,26.0,26.0,6.435,9.5,6.435,9.5,0.0,0.0,train,tier3
463,1990,Third Place,4,1,1990-07-07,Stadio San Nicola,Italy,England,1,UEFA,UEFA,1,1,0,0,1890.98,1859.01,31.970000000000027,0.5459,1.0,0.8,0.2,1.4,0.0,1.2,11.0,8.0,3.0,1.0,4.0,1.0,5.0,1.0,7.18,0.5,0,4.0,3.0,1.0,51,6.0,8.0,1.0,7.0,5.0,0.833,1.333,0.0,0.0,,,,,,,,,,,,,0.0,,,2,1,1,Win,2,Full Time,,0.0,1.0,51426.0,1.0,1.0,0.0,0.0,0.0,0.0,0.0,0.0,0.0,0.0,0.0,0.0,0.0,0.0,0.0,0.0,0.0,0.0,26.0,26.0,6.435,9.5,6.435,9.5,0.0,0.0,train,tier3
463,1990,Third Place,4,1,1990-07-07,Stadio San Nicola,England,Italy,0,UEFA,UEFA,1,0,1,0,1859.01,1890.98,-31.970000000000027,0.4541,0.8,1.0,-0.2,1.2,0.6,1.4,8.0,11.0,1.0,3.0,1.0,4.0,1.0,5.0,5.88,0.5,0,3.0,4.0,-1.0,51,6.0,7.0,4.0,3.0,3.0,0.5,1.167,0.0,0.0,,,,,,,,,,,,,0.0,,,1,2,-1,Loss,0,Full Time,,0.0,1.0,51426.0,1.0,1.0,0.0,0.0,0.0,0.0,0.0,0.0,0.0,0.0,0.0,0.0,0.0,0.0,0.0,0.0,0.0,0.0,26.0,26.0,6.435,9.5,6.435,9.5,0.0,0.0,train,tier3
464,1990,Final,5,1,1990-07-08,Stadio Olimpico,Germany FR,Argentina,1,UEFA,CONMEBOL,0,0,0,1,1500.0,2040.35,-540.3499999999999,0.0427,0.5,0.6,-0.1,1.5,1.5,0.8,9.0,9.0,2.0,2.0,5.0,3.0,7.0,3.0,12.89,0.5,0,4.0,5.0,-1.0,52,6.0,14.0,5.0,9.0,4.0,0.667,2.333,0.0,0.0,,,,,,,,,,,,,0.0,,,1,0,1,Win,2,Full Time,,0.0,1.0,73603.0,1.0,2.0,0.0,0.0,0.0,0.0,0.0,0.0,0.0,0.0,0.0,0.0,0.0,0.0,0.0,0.0,0.0,0.0,26.0,26.0,6.435,9.5,6.435,9.5,0.0,0.0,train,tier3
464,1990,Final,5,1,1990-07-08,Stadio Olimpico,Argentina,Germany FR,0,CONMEBOL,UEFA,0,0,0,1,2040.35,1500.0,540.3499999999999,0.9573,0.6,0.5,0.1,0.8,0.4,1.5,9.0,9.0,2.0,2.0,3.0,5.0,3.0,7.0,8.56,0.5,0,5.0,4.0,1.0,52,6.0,5.0,3.0,2.0,2.0,0.333,0.833,0.0,0.0,,,,,,,,,,,,,0.0,,,0,1,-1,Loss,0,Full Time,,0.0,1.0,73603.0,2.0,1.0,0.0,0.0,0.0,0.0,0.0,0.0,0.0,0.0,0.0,0.0,0.0,0.0,0.0,0.0,0.0,0.0,26.0,26.0,6.435,9.5,6.435,9.5,0.0,0.0,train,tier3
465,1994,Group Stage,1,0,1994-06-17,Cotton Bowl,Spain,Korea Republic,1,UEFA,AFC,0,0,0,1,2100.01,1500.0,600.0100000000002,0.9693,0.6,0.5,0.1,1.2,1.2,1.5,8.0,3.0,0.0,0.0,0.0,0.0,0.0,0.0,5.38,0.5,0,4.0,4.0,0.0,1,0.0,0.0,0.0,0.0,0.0,0.5,0.0,0.0,0.0,,,,,,,,,,,,,0.0,,,2,2,0,Draw,1,Full Time,,0.0,1.0,56247.0,1.0,5.0,0.0,0.0,0.0,0.0,0.0,0.0,0.0,0.0,0.0,0.0,0.0,0.0,0.0,0.0,0.0,0.0,26.0,26.0,6.435,9.5,6.435,9.5,0.0,0.0,train,tier3
465,1994,Group Stage,1,0,1994-06-17,Cotton Bowl,Korea Republic,Spain,0,AFC,UEFA,0,0,0,1,1500.0,2100.01,-600.0100000000002,0.0307,0.5,0.6,-0.1,1.5,1.5,1.2,3.0,8.0,0.0,0.0,0.0,0.0,0.0,0.0,1.67,0.5,0,4.0,4.0,0.0,1,0.0,0.0,0.0,0.0,0.0,0.5,0.0,0.0,0.0,,,,,,,,,,,,,0.0,,,2,2,0,Draw,1,Full Time,,0.0,1.0,56247.0,5.0,1.0,0.0,0.0,0.0,0.0,0.0,0.0,0.0,0.0,0.0,0.0,0.0,0.0,0.0,0.0,0.0,0.0,26.0,26.0,6.435,9.5,6.435,9.5,0.0,0.0,train,tier3
466,1994,Group Stage,1,0,1994-06-17,Soldier Field,Germany,Bolivia,1,UEFA,CONMEBOL,0,0,0,1,1877.88,1599.54,278.34000000000015,0.8323,0.7,0.3,0.4,1.8,0.8,0.2,2.0,2.0,0.0,0.0,0.0,0.0,1.0,0.0,7.0,0.5,0,4.0,4.0,0.0,2,0.0,0.0,0.0,0.0,0.0,0.5,0.0,0.0,0.0,,,,,,,,,,,,,0.0,,,1,0,1,Win,2,Full Time,,0.0,1.0,63117.0,1.0,2.0,0.0,0.0,0.0,0.0,0.0,0.0,0.0,0.0,0.0,0.0,0.0,0.0,0.0,0.0,0.0,0.0,26.0,26.0,6.435,9.5,6.435,9.5,0.0,0.0,train,tier3
466,1994,Group Stage,1,0,1994-06-17,Soldier Field,Bolivia,Germany,0,CONMEBOL,UEFA,0,0,0,1,1599.54,1877.88,-278.34000000000015,0.1677,0.3,0.7,-0.4,0.2,0.6,1.8,2.0,2.0,0.0,0.0,0.0,0.0,0.0,1.0,0.0,0.5,0,4.0,4.0,0.0,2,0.0,0.0,0.0,0.0,0.0,0.5,0.0,0.0,0.0,,,,,,,,,,,,,0.0,,,0,1,-1,Loss,0,Full Time,,0.0,1.0,63117.0,2.0,1.0,0.0,0.0,0.0,0.0,0.0,0.0,0.0,0.0,0.0,0.0,0.0,0.0,0.0,0.0,0.0,0.0,26.0,26.0,6.435,9.5,6.435,9.5,0.0,0.0,train,tier3
467,1994,Group Stage,1,0,1994-06-18,Pontiac Silverdome,USA,Switzerland,1,CONCACAF,UEFA,0,1,0,0,1500.0,1872.59,-372.5899999999999,0.1048,0.5,0.8,-0.3,1.5,1.5,2.4,4.0,6.0,0.0,0.0,0.0,0.0,1.0,0.0,3.5,0.5,0,4.0,4.0,0.0,3,0.0,0.0,0.0,0.0,0.0,0.5,0.0,0.0,0.0,,,,,,,,,,,,,0.0,,,1,1,0,Draw,1,Full Time,,1.0,1.0,73425.0,3.0,1.0,0.0,0.0,0.0,0.0,0.0,0.0,0.0,0.0,0.0,0.0,0.0,0.0,0.0,0.0,0.0,0.0,26.0,26.0,6.435,9.5,6.435,9.5,0.0,0.0,train,tier3
467,1994,Group Stage,1,0,1994-06-18,Pontiac Silverdome,Switzerland,USA,0,UEFA,CONCACAF,0,0,1,0,1872.59,1500.0,372.5899999999999,0.8952,0.8,0.5,0.3,2.4,0.6,1.5,6.0,4.0,0.0,0.0,0.0,0.0,0.0,1.0,4.67,0.5,0,4.0,4.0,0.0,3,0.0,0.0,0.0,0.0,0.0,0.5,0.0,0.0,0.0,,,,,,,,,,,,,0.0,,,1,1,0,Draw,1,Full Time,,1.0,1.0,73425.0,1.0,3.0,0.0,0.0,0.0,0.0,0.0,0.0,0.0,0.0,0.0,0.0,0.0,0.0,0.0,0.0,0.0,0.0,26.0,26.0,6.435,9.5,6.435,9.5,0.0,0.0,train,tier3
468,1994,Group Stage,1,0,1994-06-18,Giants Stadium,Italy,Republic of Ireland,1,UEFA,UEFA,1,0,0,1,1850.88,1752.67,98.21000000000004,0.6377,0.6,0.8,-0.2,1.0,0.6,1.0,12.0,1.0,3.0,0.0,4.0,0.0,6.0,0.0,7.42,1.0,1,4.0,4.0,0.0,4,0.0,0.0,0.0,0.0,0.0,0.5,0.0,0.0,0.0,,,,,,,,,,,,,0.0,,,0,1,-1,Loss,0,Full Time,,0.0,1.0,75338.0,1.0,1.0,0.0,0.0,0.0,0.0,0.0,0.0,0.0,0.0,0.0,0.0,0.0,0.0,0.0,0.0,0.0,0.0,26.0,26.0,6.435,9.5,6.435,9.5,0.0,0.0,train,tier3
468,1994,Group Stage,1,0,1994-06-18,Giants Stadium,Republic of Ireland,Italy,0,UEFA,UEFA,1,0,0,1,1752.67,1850.88,-98.21000000000004,0.3623,0.8,0.6,0.2,1.0,0.2,1.0,1.0,12.0,0.0,3.0,0.0,4.0,0.0,6.0,2.0,0.0,1,4.0,4.0,0.0,4,0.0,0.0,0.0,0.0,0.0,0.5,0.0,0.0,0.0,,,,,,,,,,,,,0.0,,,1,0,1,Win,2,Full Time,,1.0,1.0,75338.0,1.0,1.0,0.0,0.0,0.0,0.0,0.0,0.0,0.0,0.0,0.0,0.0,0.0,0.0,0.0,0.0,0.0,0.0,26.0,26.0,6.435,9.5,6.435,9.5,0.0,0.0,train,tier3
469,1994,Group Stage,1,0,1994-06-18,Rose Bowl,Colombia,Romania,1,CONMEBOL,UEFA,0,0,0,1,1817.98,1767.18,50.79999999999996,0.5726,0.8,0.7,0.1,1.4,0.2,1.4,2.0,5.0,0.0,0.0,0.0,0.0,0.0,0.0,4.5,0.5,0,4.0,4.0,0.0,5,0.0,0.0,0.0,0.0,0.0,0.5,0.0,0.0,0.0,,,,,,,,,,,,,0.0,,,1,3,-2,Loss,0,Full Time,,1.0,1.0,91856.0,2.0,1.0,0.0,0.0,0.0,0.0,0.0,0.0,0.0,0.0,0.0,0.0,0.0,0.0,0.0,0.0,0.0,0.0,26.0,26.0,6.435,9.5,6.435,9.5,0.0,0.0,train,tier3
469,1994,Group Stage,1,0,1994-06-18,Rose Bowl,Romania,Colombia,0,UEFA,CONMEBOL,0,0,0,1,1767.18,1817.98,-50.79999999999996,0.4274,0.7,0.8,-0.1,1.4,0.6,1.4,5.0,2.0,0.0,0.0,0.0,0.0,0.0,0.0,3.2,0.5,0,4.0,4.0,0.0,5,0.0,0.0,0.0,0.0,0.0,0.5,0.0,0.0,0.0,,,,,,,,,,,,,0.0,,,3,1,2,Win,2,Full Time,,2.0,1.0,91856.0,1.0,2.0,0.0,0.0,0.0,0.0,0.0,0.0,0.0,0.0,0.0,0.0,0.0,0.0,0.0,0.0,0.0,0.0,26.0,26.0,6.435,9.5,6.435,9.5,0.0,0.0,train,tier3
470,1994,Group Stage,1,0,1994-06-19,Citrus Bowl,Belgium,Morocco,1,UEFA,CAF,0,0,0,1,1696.38,1702.07,-5.689999999999827,0.4918,0.5,0.6,-0.1,1.2,0.8,1.2,8.0,2.0,0.0,0.0,0.0,0.0,1.0,0.0,4.12,0.5,0,4.0,4.0,0.0,6,0.0,0.0,0.0,0.0,0.0,0.5,0.0,0.0,0.0,,,,,,,,,,,,,0.0,,,1,0,1,Win,2,Full Time,,1.0,1.0,61219.0,1.0,4.0,0.0,0.0,0.0,0.0,0.0,0.0,0.0,0.0,0.0,0.0,0.0,0.0,0.0,0.0,0.0,0.0,26.0,26.0,6.435,9.5,6.435,9.5,0.0,0.0,train,tier3
470,1994,Group Stage,1,0,1994-06-19,Citrus Bowl,Morocco,Belgium,0,CAF,UEFA,0,0,0,1,1702.07,1696.38,5.689999999999827,0.5082,0.6,0.5,0.1,1.2,1.2,1.2,2.0,8.0,0.0,0.0,0.0,0.0,0.0,1.0,2.5,0.5,0,4.0,4.0,0.0,6,0.0,0.0,0.0,0.0,0.0,0.5,0.0,0.0,0.0,,,,,,,,,,,,,0.0,,,0,1,-1,Loss,0,Full Time,,0.0,1.0,61219.0,4.0,1.0,0.0,0.0,0.0,0.0,0.0,0.0,0.0,0.0,0.0,0.0,0.0,0.0,0.0,0.0,0.0,0.0,26.0,26.0,6.435,9.5,6.435,9.5,0.0,0.0,train,tier3
471,1994,Group Stage,1,0,1994-06-19,RFK Stadium,Norway,Mexico,1,UEFA,CONCACAF,0,0,0,1,1745.27,1771.24,-25.970000000000027,0.4627,0.7,0.3,0.4,1.0,0.4,0.8,1.0,9.0,0.0,0.0,0.0,0.0,0.0,0.0,1.0,0.5,0,4.0,4.0,0.0,7,0.0,0.0,0.0,0.0,0.0,0.5,0.0,0.0,0.0,,,,,,,,,,,,,0.0,,,1,0,1,Win,2,Full Time,,0.0,1.0,52395.0,1.0,3.0,0.0,0.0,0.0,0.0,0.0,0.0,0.0,0.0,0.0,0.0,0.0,0.0,0.0,0.0,0.0,0.0,26.0,26.0,6.435,9.5,6.435,9.5,0.0,0.0,train,tier3
471,1994,Group Stage,1,0,1994-06-19,RFK Stadium,Mexico,Norway,0,CONCACAF,UEFA,0,0,0,1,1771.24,1745.27,25.970000000000027,0.5373,0.3,0.7,-0.4,0.8,2.2,1.0,9.0,1.0,0.0,0.0,0.0,0.0,0.0,0.0,3.0,0.5,0,4.0,4.0,0.0,7,0.0,0.0,0.0,0.0,0.0,0.5,0.0,0.0,0.0,,,,,,,,,,,,,0.0,,,0,1,-1,Loss,0,Full Time,,0.0,1.0,52395.0,3.0,1.0,0.0,0.0,0.0,0.0,0.0,0.0,0.0,0.0,0.0,0.0,0.0,0.0,0.0,0.0,0.0,0.0,26.0,26.0,6.435,9.5,6.435,9.5,0.0,0.0,train,tier3
472,1994,Group Stage,1,0,1994-06-19,Rose Bowl,Cameroon,Sweden,1,CAF,UEFA,0,0,0,1,1685.93,1778.16,-92.23000000000002,0.3703,0.6,0.6,0.0,1.8,1.0,1.6,2.0,8.0,0.0,0.0,0.0,1.0,0.0,2.0,4.0,0.5,0,4.0,4.0,0.0,8,0.0,0.0,0.0,0.0,0.0,0.5,0.0,0.0,0.0,,,,,,,,,,,,,0.0,,,2,2,0,Draw,1,Full Time,,1.0,1.0,93194.0,4.0,1.0,0.0,0.0,0.0,0.0,0.0,0.0,0.0,0.0,0.0,0.0,0.0,0.0,0.0,0.0,0.0,0.0,26.0,26.0,6.435,9.5,6.435,9.5,0.0,0.0,train,tier3
472,1994,Group Stage,1,0,1994-06-19,Rose Bowl,Sweden,Cameroon,0,UEFA,CAF,0,0,0,1,1778.16,1685.93,92.23000000000002,0.6297,0.6,0.6,0.0,1.6,0.8,1.8,8.0,2.0,0.0,0.0,1.0,0.0,2.0,0.0,6.38,0.5,0,4.0,4.0,0.0,8,0.0,0.0,0.0,0.0,0.0,0.5,0.0,0.0,0.0,,,,,,,,,,,,,0.0,,,2,2,0,Draw,1,Full Time,,1.0,1.0,93194.0,1.0,4.0,0.0,0.0,0.0,0.0,0.0,0.0,0.0,0.0,0.0,0.0,0.0,0.0,0.0,0.0,0.0,0.0,26.0,26.0,6.435,9.5,6.435,9.5,0.0,0.0,train,tier3
473,1994,Group Stage,1,0,1994-06-20,RFK Stadium,Netherlands,Saudi Arabia,1,UEFA,AFC,0,0,0,1,1844.24,1715.66,128.57999999999993,0.677,0.7,0.3,0.4,2.6,1.0,0.6,5.0,0.0,0.0,0.0,2.0,0.0,2.0,0.0,7.0,0.5,0,4.0,4.0,0.0,9,0.0,0.0,0.0,0.0,0.0,0.5,0.0,0.0,0.0,,,,,,,,,,,,,0.0,,,2,1,1,Win,2,Full Time,,0.0,1.0,50535.0,1.0,5.0,0.0,0.0,0.0,0.0,0.0,0.0,0.0,0.0,0.0,0.0,0.0,0.0,0.0,0.0,0.0,0.0,26.0,26.0,6.435,9.5,6.435,9.5,0.0,0.0,train,tier3
473,1994,Group Stage,1,0,1994-06-20,RFK Stadium,Saudi Arabia,Netherlands,0,AFC,UEFA,0,0,0,1,1715.66,1844.24,-128.57999999999993,0.323,0.3,0.7,-0.4,0.6,1.6,2.6,0.0,5.0,0.0,0.0,0.0,2.0,0.0,2.0,0.0,0.5,0,4.0,4.0,0.0,9,0.0,0.0,0.0,0.0,0.0,0.5,0.0,0.0,0.0,,,,,,,,,,,,,0.0,,,1,2,-1,Loss,0,Full Time,,1.0,1.0,50535.0,5.0,1.0,0.0,0.0,0.0,0.0,0.0,0.0,0.0,0.0,0.0,0.0,0.0,0.0,0.0,0.0,0.0,0.0,26.0,26.0,6.435,9.5,6.435,9.5,0.0,0.0,train,tier3
474,1994,Group Stage,1,0,1994-06-20,Stanford Stadium,Brazil,Russia,1,CONMEBOL,UEFA,0,0,0,1,1823.97,1728.71,95.26,0.6338,0.9,0.6,0.3,3.0,0.6,1.2,14.0,0.0,3.0,0.0,3.0,0.0,6.0,0.0,10.57,1.0,2,4.0,4.0,0.0,10,0.0,0.0,0.0,0.0,0.0,0.5,0.0,0.0,0.0,,,,,,,,,,,,,0.0,,,2,0,2,Win,2,Full Time,,1.0,1.0,81061.0,2.0,1.0,0.0,0.0,0.0,0.0,0.0,0.0,0.0,0.0,0.0,0.0,0.0,0.0,0.0,0.0,0.0,0.0,26.0,26.0,6.435,9.5,6.435,9.5,0.0,0.0,train,tier3
474,1994,Group Stage,1,0,1994-06-20,Stanford Stadium,Russia,Brazil,0,UEFA,CONMEBOL,0,0,0,1,1728.71,1823.97,-95.26,0.3662,0.6,0.9,-0.3,1.2,0.6,3.0,0.0,14.0,0.0,3.0,0.0,3.0,0.0,6.0,0.0,0.0,2,4.0,4.0,0.0,10,0.0,0.0,0.0,0.0,0.0,0.5,0.0,0.0,0.0,,,,,,,,,,,,,0.0,,,0,2,-2,Loss,0,Full Time,,0.0,1.0,81061.0,1.0,2.0,0.0,0.0,0.0,0.0,0.0,0.0,0.0,0.0,0.0,0.0,0.0,0.0,0.0,0.0,0.0,0.0,26.0,26.0,6.435,9.5,6.435,9.5,0.0,0.0,train,tier3
475,1994,Group Stage,1,0,1994-06-21,Foxboro Stadium,Argentina,Greece,1,CONMEBOL,UEFA,0,0,0,1,1795.52,1660.11,135.41000000000008,0.6856,0.5,0.4,0.1,1.8,1.4,1.2,10.0,0.0,2.0,0.0,4.0,0.0,4.0,0.0,8.2,0.5,0,4.0,4.0,0.0,11,0.0,0.0,0.0,0.0,0.0,0.5,0.0,0.0,0.0,,,,,,,,,,,,,0.0,,,4,0,4,Win,2,Full Time,,2.0,1.0,54456.0,2.0,1.0,0.0,0.0,0.0,0.0,0.0,0.0,0.0,0.0,0.0,0.0,0.0,0.0,0.0,0.0,0.0,0.0,26.0,26.0,6.435,9.5,6.435,9.5,0.0,0.0,train,tier3
475,1994,Group Stage,1,0,1994-06-21,Foxboro Stadium,Greece,Argentina,0,UEFA,CONMEBOL,0,0,0,1,1660.11,1795.52,-135.41000000000008,0.3144,0.4,0.5,-0.1,1.2,2.0,1.8,0.0,10.0,0.0,2.0,0.0,4.0,0.0,4.0,0.0,0.5,0,4.0,4.0,0.0,11,0.0,0.0,0.0,0.0,0.0,0.5,0.0,0.0,0.0,,,,,,,,,,,,,0.0,,,0,4,-4,Loss,0,Full Time,,0.0,1.0,54456.0,1.0,2.0,0.0,0.0,0.0,0.0,0.0,0.0,0.0,0.0,0.0,0.0,0.0,0.0,0.0,0.0,0.0,0.0,26.0,26.0,6.435,9.5,6.435,9.5,0.0,0.0,train,tier3
476,1994,Group Stage,1,0,1994-06-21,Cotton Bowl,Nigeria,Bulgaria,1,CAF,UEFA,0,0,0,1,1747.91,1686.6,61.31000000000017,0.5873,0.4,0.7,-0.3,1.0,1.6,2.0,0.0,5.0,0.0,0.0,0.0,0.0,0.0,0.0,0.0,0.5,0,4.0,4.0,0.0,12,0.0,0.0,0.0,0.0,0.0,0.5,0.0,0.0,0.0,,,,,,,,,,,,,0.0,,,3,0,3,Win,2,Full Time,,2.0,1.0,44132.0,4.0,1.0,0.0,0.0,0.0,0.0,0.0,0.0,0.0,0.0,0.0,0.0,0.0,0.0,0.0,0.0,0.0,0.0,26.0,26.0,6.435,9.5,6.435,9.5,0.0,0.0,train,tier3
476,1994,Group Stage,1,0,1994-06-21,Cotton Bowl,Bulgaria,Nigeria,0,UEFA,CAF,0,0,0,1,1686.6,1747.91,-61.31000000000017,0.4127,0.7,0.4,0.3,2.0,1.2,1.0,5.0,0.0,0.0,0.0,0.0,0.0,0.0,0.0,2.2,0.5,0,4.0,4.0,0.0,12,0.0,0.0,0.0,0.0,0.0,0.5,0.0,0.0,0.0,,,,,,,,,,,,,0.0,,,0,3,-3,Loss,0,Full Time,,0.0,1.0,44132.0,1.0,4.0,0.0,0.0,0.0,0.0,0.0,0.0,0.0,0.0,0.0,0.0,0.0,0.0,0.0,0.0,0.0,0.0,26.0,26.0,6.435,9.5,6.435,9.5,0.0,0.0,train,tier3
477,1994,Group Stage,1,0,1994-06-21,Soldier Field,Germany,Spain,1,UEFA,UEFA,1,0,0,1,1887.94,1789.07,98.87000000000012,0.6386,0.8,0.6,0.2,2.2,0.8,1.4,2.0,8.0,0.0,0.0,0.0,0.0,1.0,0.0,7.0,1.0,2,4.0,4.0,0.0,13,1.0,1.0,0.0,1.0,1.0,1.0,1.0,0.0,0.0,,,,,,,,,,,,,0.0,,,1,1,0,Draw,1,Full Time,,0.0,1.0,63113.0,1.0,1.0,0.0,0.0,0.0,0.0,0.0,0.0,0.0,0.0,0.0,0.0,0.0,0.0,0.0,0.0,0.0,0.0,26.0,26.0,6.435,9.5,6.435,9.5,0.0,0.0,train,tier3
477,1994,Group Stage,1,0,1994-06-21,Soldier Field,Spain,Germany,0,UEFA,UEFA,1,0,0,1,1789.07,1887.94,-98.87000000000012,0.3614,0.6,0.8,-0.2,1.4,1.2,2.2,8.0,2.0,0.0,0.0,0.0,0.0,0.0,1.0,5.38,0.0,2,4.0,4.0,0.0,13,1.0,2.0,2.0,0.0,0.0,0.0,2.0,0.0,0.0,,,,,,,,,,,,,0.0,,,1,1,0,Draw,1,Full Time,,1.0,1.0,63113.0,1.0,1.0,0.0,0.0,0.0,0.0,0.0,0.0,0.0,0.0,0.0,0.0,0.0,0.0,0.0,0.0,0.0,0.0,26.0,26.0,6.435,9.5,6.435,9.5,0.0,0.0,train,tier3
478,1994,Group Stage,1,0,1994-06-22,Pontiac Silverdome,Romania,Switzerland,1,UEFA,UEFA,1,0,0,1,1801.54,1730.55,70.99000000000001,0.6008,0.6,0.7,-0.1,1.2,0.6,1.4,5.0,6.0,0.0,0.0,0.0,0.0,0.0,0.0,3.2,0.5,0,4.0,4.0,0.0,14,1.0,3.0,1.0,2.0,1.0,1.0,3.0,0.0,0.0,,,,,,,,,,,,,0.0,,,1,4,-3,Loss,0,Full Time,,1.0,1.0,61428.0,1.0,1.0,0.0,0.0,0.0,0.0,0.0,0.0,0.0,0.0,0.0,0.0,0.0,0.0,0.0,0.0,0.0,0.0,26.0,26.0,6.435,9.5,6.435,9.5,0.0,0.0,train,tier3
478,1994,Group Stage,1,0,1994-06-22,Pontiac Silverdome,Switzerland,Romania,0,UEFA,UEFA,1,0,0,1,1730.55,1801.54,-70.99000000000001,0.3992,0.7,0.6,0.1,1.4,0.4,1.2,6.0,5.0,0.0,0.0,0.0,0.0,0.0,0.0,4.67,0.5,0,4.0,4.0,0.0,14,1.0,1.0,1.0,0.0,0.0,0.0,1.0,0.0,0.0,,,,,,,,,,,,,0.0,,,4,1,3,Win,2,Full Time,,1.0,1.0,61428.0,1.0,1.0,0.0,0.0,0.0,0.0,0.0,0.0,0.0,0.0,0.0,0.0,0.0,0.0,0.0,0.0,0.0,0.0,26.0,26.0,6.435,9.5,6.435,9.5,0.0,0.0,train,tier3
479,1994,Group Stage,1,0,1994-06-22,Rose Bowl,USA,Colombia,1,CONCACAF,CONMEBOL,0,1,0,0,1500.0,1923.91,-423.9100000000001,0.0802,0.5,1.0,-0.5,1.5,1.5,1.8,4.0,2.0,0.0,0.0,0.0,0.0,1.0,0.0,3.5,0.5,0,4.0,4.0,0.0,15,1.0,1.0,1.0,0.0,0.0,0.0,1.0,0.0,0.0,,,,,,,,,,,,,0.0,,,2,1,1,Win,2,Full Time,,1.0,1.0,93869.0,3.0,2.0,0.0,0.0,0.0,0.0,0.0,0.0,0.0,0.0,0.0,0.0,0.0,0.0,0.0,0.0,0.0,0.0,26.0,26.0,6.435,9.5,6.435,9.5,0.0,0.0,train,tier3
479,1994,Group Stage,1,0,1994-06-22,Rose Bowl,Colombia,USA,0,CONMEBOL,CONCACAF,0,0,1,0,1923.91,1500.0,423.9100000000001,0.9198,1.0,0.5,0.5,1.8,0.0,1.5,2.0,4.0,0.0,0.0,0.0,0.0,0.0,1.0,4.5,0.5,0,4.0,4.0,0.0,15,1.0,1.0,3.0,-2.0,0.0,0.0,1.0,0.0,0.0,,,,,,,,,,,,,0.0,,,1,2,-1,Loss,0,Full Time,,0.0,1.0,93869.0,2.0,3.0,0.0,0.0,0.0,0.0,0.0,0.0,0.0,0.0,0.0,0.0,0.0,0.0,0.0,0.0,0.0,0.0,26.0,26.0,6.435,9.5,6.435,9.5,0.0,0.0,train,tier3
480,1994,Group Stage,1,0,1994-06-23,Giants Stadium,Italy,Norway,1,UEFA,UEFA,1,0,0,1,1812.62,1777.51,35.1099999999999,0.5504,0.6,0.6,0.0,1.0,0.6,1.0,12.0,1.0,3.0,0.0,4.0,0.0,6.0,0.0,7.42,1.0,1,5.0,4.0,1.0,16,1.0,0.0,1.0,-1.0,0.0,0.0,0.0,0.0,0.0,,,,,,,,,,,,,0.0,,,1,0,1,Win,2,Full Time,,0.0,1.0,74624.0,1.0,1.0,0.0,0.0,0.0,0.0,0.0,0.0,0.0,0.0,0.0,0.0,0.0,0.0,0.0,0.0,0.0,0.0,26.0,26.0,6.435,9.5,6.435,9.5,0.0,0.0,train,tier3
480,1994,Group Stage,1,0,1994-06-23,Giants Stadium,Norway,Italy,0,UEFA,UEFA,1,0,0,1,1777.51,1812.62,-35.1099999999999,0.4496,0.6,0.6,0.0,1.0,0.8,1.0,1.0,12.0,0.0,3.0,0.0,4.0,0.0,6.0,1.0,0.0,1,4.0,5.0,-1.0,16,1.0,1.0,0.0,1.0,1.0,1.0,1.0,0.0,0.0,,,,,,,,,,,,,0.0,,,0,1,-1,Loss,0,Full Time,,0.0,1.0,74624.0,1.0,1.0,0.0,0.0,0.0,0.0,0.0,0.0,0.0,0.0,0.0,0.0,0.0,0.0,0.0,0.0,0.0,0.0,26.0,26.0,6.435,9.5,6.435,9.5,0.0,0.0,train,tier3
481,1994,Group Stage,1,0,1994-06-23,Foxboro Stadium,Korea Republic,Bolivia,1,AFC,CONMEBOL,0,0,0,1,1500.0,1709.89,-209.8900000000001,0.23,0.5,0.3,0.2,1.5,1.5,0.0,3.0,2.0,0.0,0.0,0.0,0.0,0.0,0.0,1.67,0.5,0,6.0,6.0,0.0,17,1.0,2.0,2.0,0.0,0.0,0.0,2.0,0.0,0.0,,,,,,,,,,,,,0.0,,,0,0,0,Draw,1,Full Time,,0.0,1.0,54453.0,5.0,2.0,0.0,0.0,0.0,0.0,0.0,0.0,0.0,0.0,0.0,0.0,0.0,0.0,0.0,0.0,0.0,0.0,26.0,26.0,6.435,9.5,6.435,9.5,0.0,0.0,train,tier3
481,1994,Group Stage,1,0,1994-06-23,Foxboro Stadium,Bolivia,Korea Republic,0,CONMEBOL,AFC,0,0,0,1,1709.89,1500.0,209.8900000000001,0.77,0.3,0.5,-0.2,0.0,0.4,1.5,2.0,3.0,0.0,0.0,0.0,0.0,0.0,0.0,0.0,0.5,0,6.0,6.0,0.0,17,1.0,0.0,1.0,-1.0,0.0,0.0,0.0,0.0,0.0,,,,,,,,,,,,,0.0,,,0,0,0,Draw,1,Full Time,,0.0,1.0,54453.0,2.0,5.0,0.0,0.0,0.0,0.0,0.0,0.0,0.0,0.0,0.0,0.0,0.0,0.0,0.0,0.0,0.0,0.0,26.0,26.0,6.435,9.5,6.435,9.5,0.0,0.0,train,tier3
482,1994,Group Stage,1,0,1994-06-24,Citrus Bowl,Mexico,Republic of Ireland,1,CONCACAF,UEFA,0,0,0,1,1739.0,1790.93,-51.930000000000064,0.4258,0.5,0.7,-0.2,1.2,1.2,1.0,9.0,1.0,0.0,0.0,0.0,0.0,0.0,0.0,3.0,0.5,0,5.0,6.0,-1.0,18,1.0,0.0,1.0,-1.0,0.0,0.0,0.0,0.0,0.0,,,,,,,,,,,,,0.0,,,2,1,1,Win,2,Full Time,,1.0,1.0,60790.0,3.0,1.0,0.0,0.0,0.0,0.0,0.0,0.0,0.0,0.0,0.0,0.0,0.0,0.0,0.0,0.0,0.0,0.0,26.0,26.0,6.435,9.5,6.435,9.5,0.0,0.0,train,tier3
482,1994,Group Stage,1,0,1994-06-24,Citrus Bowl,Republic of Ireland,Mexico,0,UEFA,CONCACAF,0,0,0,1,1790.93,1739.0,51.930000000000064,0.5742,0.7,0.5,0.2,1.0,0.6,1.2,1.0,9.0,0.0,0.0,0.0,0.0,0.0,0.0,2.0,0.5,0,6.0,5.0,1.0,18,1.0,1.0,0.0,1.0,1.0,1.0,1.0,0.0,0.0,,,,,,,,,,,,,0.0,,,1,2,-1,Loss,0,Full Time,,0.0,1.0,60790.0,1.0,3.0,0.0,0.0,0.0,0.0,0.0,0.0,0.0,0.0,0.0,0.0,0.0,0.0,0.0,0.0,0.0,0.0,26.0,26.0,6.435,9.5,6.435,9.5,0.0,0.0,train,tier3
483,1994,Group Stage,1,0,1994-06-24,Pontiac Silverdome,Sweden,Russia,1,UEFA,UEFA,1,0,0,1,1770.38,1706.74,63.6400000000001,0.5906,0.7,0.8,-0.1,1.6,0.6,1.6,8.0,0.0,0.0,0.0,1.0,0.0,2.0,0.0,6.38,1.0,1,5.0,4.0,1.0,19,1.0,2.0,2.0,0.0,0.0,0.0,2.0,0.0,0.0,,,,,,,,,,,,,0.0,,,3,1,2,Win,2,Full Time,,1.0,1.0,71528.0,1.0,1.0,0.0,0.0,0.0,0.0,0.0,0.0,0.0,0.0,0.0,0.0,0.0,0.0,0.0,0.0,0.0,0.0,26.0,26.0,6.435,9.5,6.435,9.5,0.0,0.0,train,tier3
483,1994,Group Stage,1,0,1994-06-24,Pontiac Silverdome,Russia,Sweden,0,UEFA,UEFA,1,0,0,1,1706.74,1770.38,-63.6400000000001,0.4094,0.8,0.7,0.1,1.6,0.6,1.6,0.0,8.0,0.0,0.0,0.0,1.0,0.0,2.0,0.0,0.0,1,4.0,5.0,-1.0,19,1.0,0.0,2.0,-2.0,0.0,0.0,0.0,0.0,0.0,,,,,,,,,,,,,0.0,,,1,3,-2,Loss,0,Full Time,,1.0,1.0,71528.0,1.0,1.0,0.0,0.0,0.0,0.0,0.0,0.0,0.0,0.0,0.0,0.0,0.0,0.0,0.0,0.0,0.0,0.0,26.0,26.0,6.435,9.5,6.435,9.5,0.0,0.0,train,tier3
484,1994,Group Stage,1,0,1994-06-24,Stanford Stadium,Brazil,Cameroon,1,CONMEBOL,CAF,0,0,0,1,1845.94,1693.71,152.23000000000002,0.7061,0.9,0.5,0.4,3.6,0.6,1.4,14.0,2.0,3.0,0.0,3.0,0.0,6.0,0.0,10.57,0.5,0,4.0,5.0,-1.0,20,1.0,2.0,0.0,2.0,1.0,1.0,2.0,0.0,0.0,,,,,,,,,,,,,0.0,,,3,0,3,Win,2,Full Time,,1.0,1.0,83401.0,2.0,4.0,0.0,0.0,0.0,0.0,0.0,0.0,0.0,0.0,0.0,0.0,0.0,0.0,0.0,0.0,0.0,0.0,26.0,26.0,6.435,9.5,6.435,9.5,0.0,0.0,train,tier3
484,1994,Group Stage,1,0,1994-06-24,Stanford Stadium,Cameroon,Brazil,0,CAF,CONMEBOL,0,0,0,1,1693.71,1845.94,-152.23000000000002,0.2939,0.5,0.9,-0.4,1.4,1.0,3.6,2.0,14.0,0.0,3.0,0.0,3.0,0.0,6.0,4.0,0.5,0,5.0,4.0,1.0,20,1.0,2.0,2.0,0.0,0.0,0.0,2.0,0.0,0.0,,,,,,,,,,,,,0.0,,,0,3,-3,Loss,0,Full Time,,0.0,1.0,83401.0,4.0,2.0,0.0,0.0,0.0,0.0,0.0,0.0,0.0,0.0,0.0,0.0,0.0,0.0,0.0,0.0,0.0,0.0,26.0,26.0,6.435,9.5,6.435,9.5,0.0,0.0,train,tier3
485,1994,Group Stage,1,0,1994-06-25,Citrus Bowl,Belgium,Netherlands,1,UEFA,UEFA,1,0,0,1,1726.87,1863.62,-136.75,0.3128,0.5,0.8,-0.3,1.2,1.0,2.8,8.0,5.0,0.0,0.0,0.0,2.0,1.0,2.0,4.12,0.5,0,6.0,5.0,1.0,21,1.0,1.0,0.0,1.0,1.0,1.0,1.0,0.0,0.0,,,,,,,,,,,,,0.0,,,1,0,1,Win,2,Full Time,,0.0,1.0,62387.0,1.0,1.0,0.0,0.0,0.0,0.0,0.0,0.0,0.0,0.0,0.0,0.0,0.0,0.0,0.0,0.0,0.0,0.0,26.0,26.0,6.435,9.5,6.435,9.5,0.0,0.0,train,tier3
485,1994,Group Stage,1,0,1994-06-25,Citrus Bowl,Netherlands,Belgium,0,UEFA,UEFA,1,0,0,1,1863.62,1726.87,136.75,0.6872,0.8,0.5,0.3,2.8,0.6,1.2,5.0,8.0,0.0,0.0,2.0,0.0,2.0,1.0,7.0,0.5,0,5.0,6.0,-1.0,21,1.0,2.0,1.0,1.0,1.0,1.0,2.0,0.0,0.0,,,,,,,,,,,,,0.0,,,0,1,-1,Loss,0,Full Time,,0.0,1.0,62387.0,1.0,1.0,0.0,0.0,0.0,0.0,0.0,0.0,0.0,0.0,0.0,0.0,0.0,0.0,0.0,0.0,0.0,0.0,26.0,26.0,6.435,9.5,6.435,9.5,0.0,0.0,train,tier3
486,1994,Group Stage,1,0,1994-06-25,Giants Stadium,Saudi Arabia,Morocco,1,AFC,CAF,0,0,0,1,1696.28,1671.58,24.700000000000045,0.5355,0.5,0.6,-0.1,1.2,1.6,1.2,0.0,2.0,0.0,0.0,0.0,0.0,0.0,0.0,0.0,0.5,0,5.0,6.0,-1.0,22,1.0,1.0,2.0,-1.0,0.0,0.0,1.0,0.0,0.0,,,,,,,,,,,,,0.0,,,2,1,1,Win,2,Full Time,,2.0,1.0,76322.0,5.0,4.0,0.0,0.0,0.0,0.0,0.0,0.0,0.0,0.0,0.0,0.0,0.0,0.0,0.0,0.0,0.0,0.0,26.0,26.0,6.435,9.5,6.435,9.5,0.0,0.0,train,tier3
486,1994,Group Stage,1,0,1994-06-25,Giants Stadium,Morocco,Saudi Arabia,0,CAF,AFC,0,0,0,1,1671.58,1696.28,-24.700000000000045,0.4645,0.6,0.5,0.1,1.2,1.2,1.2,2.0,0.0,0.0,0.0,0.0,0.0,0.0,0.0,2.5,0.5,0,6.0,5.0,1.0,22,1.0,0.0,1.0,-1.0,0.0,0.0,0.0,0.0,0.0,,,,,,,,,,,,,0.0,,,1,2,-1,Loss,0,Full Time,,1.0,1.0,76322.0,4.0,5.0,0.0,0.0,0.0,0.0,0.0,0.0,0.0,0.0,0.0,0.0,0.0,0.0,0.0,0.0,0.0,0.0,26.0,26.0,6.435,9.5,6.435,9.5,0.0,0.0,train,tier3
487,1994,Group Stage,1,0,1994-06-25,Foxboro Stadium,Argentina,Nigeria,1,CONMEBOL,CAF,0,0,0,1,1814.39,1772.67,41.72000000000003,0.5598,0.6,0.4,0.2,1.8,1.0,1.6,10.0,0.0,2.0,0.0,4.0,0.0,4.0,0.0,8.2,0.5,0,4.0,4.0,0.0,23,1.0,4.0,0.0,4.0,1.0,1.0,4.0,0.0,0.0,,,,,,,,,,,,,0.0,,,2,1,1,Win,2,Full Time,,2.0,1.0,54453.0,2.0,4.0,0.0,0.0,0.0,0.0,0.0,0.0,0.0,0.0,0.0,0.0,0.0,0.0,0.0,0.0,0.0,0.0,26.0,26.0,6.435,9.5,6.435,9.5,0.0,0.0,train,tier3
487,1994,Group Stage,1,0,1994-06-25,Foxboro Stadium,Nigeria,Argentina,0,CAF,CONMEBOL,0,0,0,1,1772.67,1814.39,-41.72000000000003,0.4402,0.4,0.6,-0.2,1.6,1.6,1.8,0.0,10.0,0.0,2.0,0.0,4.0,0.0,4.0,0.0,0.5,0,4.0,4.0,0.0,23,1.0,3.0,0.0,3.0,1.0,1.0,3.0,0.0,0.0,,,,,,,,,,,,,0.0,,,1,2,-1,Loss,0,Full Time,,1.0,1.0,54453.0,4.0,2.0,0.0,0.0,0.0,0.0,0.0,0.0,0.0,0.0,0.0,0.0,0.0,0.0,0.0,0.0,0.0,0.0,26.0,26.0,6.435,9.5,6.435,9.5,0.0,0.0,train,tier3
488,1994,Group Stage,1,0,1994-06-26,Soldier Field,Bulgaria,Greece,1,UEFA,UEFA,1,0,0,1,1661.84,1641.24,20.59999999999991,0.5296,0.6,0.2,0.4,1.4,1.2,0.2,5.0,0.0,0.0,0.0,0.0,0.0,0.0,0.0,2.2,0.5,0,5.0,5.0,0.0,24,1.0,0.0,3.0,-3.0,0.0,0.0,0.0,0.0,0.0,,,,,,,,,,,,,0.0,,,4,0,4,Win,2,Full Time,,1.0,1.0,63160.0,1.0,1.0,0.0,0.0,0.0,0.0,0.0,0.0,0.0,0.0,0.0,0.0,0.0,0.0,0.0,0.0,0.0,0.0,26.0,26.0,6.435,9.5,6.435,9.5,0.0,0.0,train,tier3
488,1994,Group Stage,1,0,1994-06-26,Soldier Field,Greece,Bulgaria,0,UEFA,UEFA,1,0,0,1,1641.24,1661.84,-20.59999999999991,0.4704,0.2,0.6,-0.4,0.2,2.2,1.4,0.0,5.0,0.0,0.0,0.0,0.0,0.0,0.0,0.0,0.5,0,5.0,5.0,0.0,24,1.0,0.0,4.0,-4.0,0.0,0.0,0.0,0.0,0.0,,,,,,,,,,,,,0.0,,,0,4,-4,Loss,0,Full Time,,0.0,1.0,63160.0,1.0,1.0,0.0,0.0,0.0,0.0,0.0,0.0,0.0,0.0,0.0,0.0,0.0,0.0,0.0,0.0,0.0,0.0,26.0,26.0,6.435,9.5,6.435,9.5,0.0,0.0,train,tier3
489,1994,Group Stage,1,0,1994-06-26,Rose Bowl,USA,Romania,1,CONCACAF,UEFA,0,1,0,0,1500.0,1630.28,-130.27999999999997,0.3208,0.5,0.8,-0.3,1.5,1.5,1.8,4.0,5.0,0.0,0.0,0.0,0.0,1.0,0.0,3.5,0.5,0,4.0,4.0,0.0,25,2.0,3.0,2.0,1.0,1.0,0.5,1.5,0.0,0.0,,,,,,,,,,,,,0.0,,,0,1,-1,Loss,0,Full Time,,0.0,1.0,93869.0,3.0,1.0,0.0,0.0,0.0,0.0,0.0,0.0,0.0,0.0,0.0,0.0,0.0,0.0,0.0,0.0,0.0,0.0,26.0,26.0,6.435,9.5,6.435,9.5,0.0,0.0,train,tier3
489,1994,Group Stage,1,0,1994-06-26,Rose Bowl,Romania,USA,0,UEFA,CONCACAF,0,0,1,0,1630.28,1500.0,130.27999999999997,0.6792,0.8,0.5,0.3,1.8,0.4,1.5,5.0,4.0,0.0,0.0,0.0,0.0,0.0,1.0,3.2,0.5,0,4.0,4.0,0.0,25,2.0,4.0,5.0,-1.0,1.0,0.5,2.0,0.0,0.0,,,,,,,,,,,,,0.0,,,1,0,1,Win,2,Full Time,,1.0,1.0,93869.0,1.0,3.0,0.0,0.0,0.0,0.0,0.0,0.0,0.0,0.0,0.0,0.0,0.0,0.0,0.0,0.0,0.0,0.0,26.0,26.0,6.435,9.5,6.435,9.5,0.0,0.0,train,tier3
490,1994,Group Stage,1,0,1994-06-26,Stanford Stadium,Switzerland,Colombia,1,UEFA,CONMEBOL,0,0,0,1,1766.6,1741.04,25.559999999999945,0.5367,0.6,0.8,-0.2,1.2,0.4,1.8,6.0,2.0,0.0,0.0,0.0,0.0,0.0,0.0,4.67,0.5,0,4.0,4.0,0.0,26,2.0,5.0,2.0,3.0,1.0,0.5,2.5,0.0,0.0,,,,,,,,,,,,,0.0,,,0,2,-2,Loss,0,Full Time,,0.0,1.0,83401.0,1.0,2.0,0.0,0.0,0.0,0.0,0.0,0.0,0.0,0.0,0.0,0.0,0.0,0.0,0.0,0.0,0.0,0.0,26.0,26.0,6.435,9.5,6.435,9.5,0.0,0.0,train,tier3
490,1994,Group Stage,1,0,1994-06-26,Stanford Stadium,Colombia,Switzerland,0,CONMEBOL,UEFA,0,0,0,1,1741.04,1766.6,-25.559999999999945,0.4633,0.8,0.6,0.2,1.8,0.6,1.2,2.0,6.0,0.0,0.0,0.0,0.0,0.0,0.0,4.5,0.5,0,4.0,4.0,0.0,26,2.0,2.0,5.0,-3.0,0.0,0.0,1.0,0.0,0.0,,,,,,,,,,,,,0.0,,,2,0,2,Win,2,Full Time,,1.0,1.0,83401.0,2.0,1.0,0.0,0.0,0.0,0.0,0.0,0.0,0.0,0.0,0.0,0.0,0.0,0.0,0.0,0.0,0.0,0.0,26.0,26.0,6.435,9.5,6.435,9.5,0.0,0.0,train,tier3
491,1994,Group Stage,1,0,1994-06-27,Cotton Bowl,Germany,Korea Republic,1,UEFA,AFC,0,0,0,1,1946.73,1500.0,446.73,0.929,0.8,0.5,0.3,2.0,0.6,1.5,2.0,3.0,0.0,0.0,0.0,0.0,1.0,0.0,7.0,0.5,0,6.0,4.0,2.0,27,2.0,2.0,1.0,1.0,1.0,0.5,1.0,0.0,0.0,,,,,,,,,,,,,0.0,,,3,2,1,Win,2,Full Time,,3.0,1.0,63998.0,1.0,5.0,0.0,0.0,0.0,0.0,0.0,0.0,0.0,0.0,0.0,0.0,0.0,0.0,0.0,0.0,0.0,0.0,26.0,26.0,6.435,9.5,6.435,9.5,0.0,0.0,train,tier3
491,1994,Group Stage,1,0,1994-06-27,Cotton Bowl,Korea Republic,Germany,0,AFC,UEFA,0,0,0,1,1500.0,1946.73,-446.73,0.071,0.5,0.8,-0.3,1.5,1.5,2.0,3.0,2.0,0.0,0.0,0.0,0.0,0.0,1.0,1.67,0.5,0,4.0,6.0,-2.0,27,2.0,2.0,2.0,0.0,0.0,0.0,1.0,0.0,0.0,,,,,,,,,,,,,0.0,,,2,3,-1,Loss,0,Full Time,,0.0,1.0,63998.0,5.0,1.0,0.0,0.0,0.0,0.0,0.0,0.0,0.0,0.0,0.0,0.0,0.0,0.0,0.0,0.0,0.0,0.0,26.0,26.0,6.435,9.5,6.435,9.5,0.0,0.0,train,tier3
492,1994,Group Stage,1,0,1994-06-27,Soldier Field,Bolivia,Spain,1,CONMEBOL,UEFA,0,0,0,1,1599.75,1797.38,-197.6300000000001,0.2428,0.2,0.6,-0.4,0.0,0.6,1.4,2.0,8.0,0.0,0.0,0.0,0.0,0.0,0.0,0.0,0.5,0,4.0,6.0,-2.0,28,2.0,0.0,1.0,-1.0,0.0,0.0,0.0,0.0,0.0,,,,,,,,,,,,,0.0,,,1,3,-2,Loss,0,Full Time,,0.0,1.0,63089.0,2.0,1.0,0.0,0.0,0.0,0.0,0.0,0.0,0.0,0.0,0.0,0.0,0.0,0.0,0.0,0.0,0.0,0.0,26.0,26.0,6.435,9.5,6.435,9.5,0.0,0.0,train,tier3
492,1994,Group Stage,1,0,1994-06-27,Soldier Field,Spain,Bolivia,0,UEFA,CONMEBOL,0,0,0,1,1797.38,1599.75,197.6300000000001,0.7572,0.6,0.2,0.4,1.4,1.2,0.0,8.0,2.0,0.0,0.0,0.0,0.0,0.0,0.0,5.38,0.5,0,6.0,4.0,2.0,28,2.0,3.0,3.0,0.0,0.0,0.0,1.5,0.0,0.0,,,,,,,,,,,,,0.0,,,3,1,2,Win,2,Full Time,,1.0,1.0,63089.0,1.0,2.0,0.0,0.0,0.0,0.0,0.0,0.0,0.0,0.0,0.0,0.0,0.0,0.0,0.0,0.0,0.0,0.0,26.0,26.0,6.435,9.5,6.435,9.5,0.0,0.0,train,tier3
493,1994,Group Stage,1,0,1994-06-28,Giants Stadium,Republic of Ireland,Norway,1,UEFA,UEFA,1,0,0,1,1756.48,1750.53,5.9500000000000455,0.5086,0.8,0.6,0.2,1.2,0.6,0.6,1.0,1.0,0.0,0.0,0.0,0.0,0.0,0.0,2.0,0.5,0,4.0,5.0,-1.0,29,2.0,2.0,2.0,0.0,1.0,0.5,1.0,0.0,0.0,,,,,,,,,,,,,0.0,,,0,0,0,Draw,1,Full Time,,0.0,1.0,72404.0,1.0,1.0,0.0,0.0,0.0,0.0,0.0,0.0,0.0,0.0,0.0,0.0,0.0,0.0,0.0,0.0,0.0,0.0,26.0,26.0,6.435,9.5,6.435,9.5,0.0,0.0,train,tier3
493,1994,Group Stage,1,0,1994-06-28,Giants Stadium,Norway,Republic of Ireland,0,UEFA,UEFA,1,0,0,1,1750.53,1756.48,-5.9500000000000455,0.4914,0.6,0.8,-0.2,0.6,0.6,1.2,1.0,1.0,0.0,0.0,0.0,0.0,0.0,0.0,1.0,0.5,0,5.0,4.0,1.0,29,2.0,1.0,1.0,0.0,1.0,0.5,0.5,0.0,0.0,,,,,,,,,,,,,0.0,,,0,0,0,Draw,1,Full Time,,0.0,1.0,72404.0,1.0,1.0,0.0,0.0,0.0,0.0,0.0,0.0,0.0,0.0,0.0,0.0,0.0,0.0,0.0,0.0,0.0,0.0,26.0,26.0,6.435,9.5,6.435,9.5,0.0,0.0,train,tier3
494,1994,Group Stage,1,0,1994-06-28,Pontiac Silverdome,Brazil,Sweden,1,CONMEBOL,UEFA,0,0,0,1,1863.58,1794.95,68.62999999999988,0.5975,0.9,0.6,0.3,3.6,0.6,1.6,14.0,8.0,3.0,0.0,3.0,1.0,6.0,2.0,10.57,0.8,5,4.0,4.0,0.0,30,2.0,5.0,0.0,5.0,2.0,1.0,2.5,0.0,0.0,,,,,,,,,,,,,0.0,,,1,1,0,Draw,1,Full Time,,0.0,1.0,77217.0,2.0,1.0,0.0,0.0,0.0,0.0,0.0,0.0,0.0,0.0,0.0,0.0,0.0,0.0,0.0,0.0,0.0,0.0,26.0,26.0,6.435,9.5,6.435,9.5,0.0,0.0,train,tier3
494,1994,Group Stage,1,0,1994-06-28,Pontiac Silverdome,Sweden,Brazil,0,UEFA,CONMEBOL,0,0,0,1,1794.95,1863.58,-68.62999999999988,0.4025,0.6,0.9,-0.3,1.6,1.0,3.6,8.0,14.0,0.0,3.0,1.0,3.0,2.0,6.0,6.38,0.1999999999999999,5,4.0,4.0,0.0,30,2.0,5.0,3.0,2.0,1.0,0.5,2.5,0.0,0.0,,,,,,,,,,,,,0.0,,,1,1,0,Draw,1,Full Time,,1.0,1.0,77217.0,1.0,2.0,0.0,0.0,0.0,0.0,0.0,0.0,0.0,0.0,0.0,0.0,0.0,0.0,0.0,0.0,0.0,0.0,26.0,26.0,6.435,9.5,6.435,9.5,0.0,0.0,train,tier3
495,1994,Group Stage,1,0,1994-06-28,RFK Stadium,Italy,Mexico,1,UEFA,CONCACAF,0,0,0,1,1839.6,1773.45,66.14999999999986,0.5941,0.6,0.5,0.1,1.0,0.6,1.0,12.0,9.0,3.0,0.0,4.0,0.0,6.0,0.0,7.42,1.0,1,5.0,4.0,1.0,31,2.0,1.0,1.0,0.0,1.0,0.5,0.5,0.0,0.0,,,,,,,,,,,,,0.0,,,1,1,0,Draw,1,Full Time,,0.0,1.0,52535.0,1.0,3.0,0.0,0.0,0.0,0.0,0.0,0.0,0.0,0.0,0.0,0.0,0.0,0.0,0.0,0.0,0.0,0.0,26.0,26.0,6.435,9.5,6.435,9.5,0.0,0.0,train,tier3
495,1994,Group Stage,1,0,1994-06-28,RFK Stadium,Mexico,Italy,0,CONCACAF,UEFA,0,0,0,1,1773.45,1839.6,-66.14999999999986,0.4059,0.5,0.6,-0.1,1.0,0.6,1.0,9.0,12.0,0.0,3.0,0.0,4.0,0.0,6.0,3.0,0.0,1,4.0,5.0,-1.0,31,2.0,2.0,2.0,0.0,1.0,0.5,1.0,0.0,0.0,,,,,,,,,,,,,0.0,,,1,1,0,Draw,1,Full Time,,0.0,1.0,52535.0,3.0,1.0,0.0,0.0,0.0,0.0,0.0,0.0,0.0,0.0,0.0,0.0,0.0,0.0,0.0,0.0,0.0,0.0,26.0,26.0,6.435,9.5,6.435,9.5,0.0,0.0,train,tier3
496,1994,Group Stage,1,0,1994-06-28,Stanford Stadium,Russia,Cameroon,1,UEFA,CAF,0,0,0,1,1682.17,1676.07,6.100000000000136,0.5088,0.7,0.5,0.2,1.4,0.8,1.8,0.0,2.0,0.0,0.0,0.0,0.0,0.0,0.0,0.0,1.0,1,4.0,4.0,0.0,32,2.0,1.0,5.0,-4.0,0.0,0.0,0.5,0.0,0.0,,,,,,,,,,,,,0.0,,,6,1,5,Win,2,Full Time,,3.0,1.0,74914.0,1.0,4.0,0.0,0.0,0.0,0.0,0.0,0.0,0.0,0.0,0.0,0.0,0.0,0.0,0.0,0.0,0.0,0.0,26.0,26.0,6.435,9.5,6.435,9.5,0.0,0.0,train,tier3
496,1994,Group Stage,1,0,1994-06-28,Stanford Stadium,Cameroon,Russia,0,CAF,UEFA,0,0,0,1,1676.07,1682.17,-6.100000000000136,0.4912,0.5,0.7,-0.2,1.8,1.4,1.4,2.0,0.0,0.0,0.0,0.0,0.0,0.0,0.0,4.0,0.0,1,4.0,4.0,0.0,32,2.0,2.0,5.0,-3.0,0.0,0.0,1.0,0.0,0.0,,,,,,,,,,,,,0.0,,,1,6,-5,Loss,0,Full Time,,0.0,1.0,74914.0,4.0,1.0,0.0,0.0,0.0,0.0,0.0,0.0,0.0,0.0,0.0,0.0,0.0,0.0,0.0,0.0,0.0,0.0,26.0,26.0,6.435,9.5,6.435,9.5,0.0,0.0,train,tier3
497,1994,Group Stage,1,0,1994-06-29,Citrus Bowl,Morocco,Netherlands,1,CAF,UEFA,0,0,0,1,1643.71,1822.39,-178.68000000000006,0.2634,0.4,0.8,-0.4,0.8,1.2,3.0,2.0,5.0,0.0,0.0,0.0,2.0,0.0,2.0,2.5,0.5,0,4.0,4.0,0.0,33,2.0,1.0,3.0,-2.0,0.0,0.0,0.5,0.0,0.0,,,,,,,,,,,,,0.0,,,1,2,-1,Loss,0,Full Time,,0.0,1.0,60578.0,4.0,1.0,0.0,0.0,0.0,0.0,0.0,0.0,0.0,0.0,0.0,0.0,0.0,0.0,0.0,0.0,0.0,0.0,26.0,26.0,6.435,9.5,6.435,9.5,0.0,0.0,train,tier3
497,1994,Group Stage,1,0,1994-06-29,Citrus Bowl,Netherlands,Morocco,0,UEFA,CAF,0,0,0,1,1822.39,1643.71,178.68000000000006,0.7366,0.8,0.4,0.4,3.0,0.8,0.8,5.0,2.0,0.0,0.0,2.0,0.0,2.0,0.0,7.0,0.5,0,4.0,4.0,0.0,33,2.0,2.0,2.0,0.0,1.0,0.5,1.0,0.0,0.0,,,,,,,,,,,,,0.0,,,2,1,1,Win,2,Full Time,,1.0,1.0,60578.0,1.0,4.0,0.0,0.0,0.0,0.0,0.0,0.0,0.0,0.0,0.0,0.0,0.0,0.0,0.0,0.0,0.0,0.0,26.0,26.0,6.435,9.5,6.435,9.5,0.0,0.0,train,tier3
498,1994,Group Stage,1,0,1994-06-29,RFK Stadium,Belgium,Saudi Arabia,1,UEFA,AFC,0,0,0,1,1768.1,1724.15,43.94999999999982,0.5629,0.5,0.3,0.2,1.0,0.8,1.0,8.0,0.0,0.0,0.0,0.0,0.0,1.0,0.0,4.12,0.5,0,4.0,4.0,0.0,34,2.0,2.0,0.0,2.0,2.0,1.0,1.0,0.0,0.0,,,,,,,,,,,,,0.0,,,0,1,-1,Loss,0,Full Time,,0.0,1.0,52959.0,1.0,5.0,0.0,0.0,0.0,0.0,0.0,0.0,0.0,0.0,0.0,0.0,0.0,0.0,0.0,0.0,0.0,0.0,26.0,26.0,6.435,9.5,6.435,9.5,0.0,0.0,train,tier3
498,1994,Group Stage,1,0,1994-06-29,RFK Stadium,Saudi Arabia,Belgium,0,AFC,UEFA,0,0,0,1,1724.15,1768.1,-43.94999999999982,0.4371,0.3,0.5,-0.2,1.0,2.0,1.0,0.0,8.0,0.0,0.0,0.0,0.0,0.0,1.0,0.0,0.5,0,4.0,4.0,0.0,34,2.0,3.0,3.0,0.0,1.0,0.5,1.5,0.0,0.0,,,,,,,,,,,,,0.0,,,1,0,1,Win,2,Full Time,,1.0,1.0,52959.0,5.0,1.0,0.0,0.0,0.0,0.0,0.0,0.0,0.0,0.0,0.0,0.0,0.0,0.0,0.0,0.0,0.0,0.0,26.0,26.0,6.435,9.5,6.435,9.5,0.0,0.0,train,tier3
499,1994,Group Stage,1,0,1994-06-30,Foxboro Stadium,Greece,Nigeria,1,UEFA,CAF,0,0,0,1,1613.02,1746.26,-133.24,0.3171,0.2,0.6,-0.4,0.2,2.4,2.2,0.0,0.0,0.0,0.0,0.0,0.0,0.0,0.0,0.0,0.5,0,4.0,5.0,-1.0,35,2.0,0.0,8.0,-8.0,0.0,0.0,0.0,0.0,0.0,,,,,,,,,,,,,0.0,,,0,2,-2,Loss,0,Full Time,,0.0,1.0,53001.0,1.0,4.0,0.0,0.0,0.0,0.0,0.0,0.0,0.0,0.0,0.0,0.0,0.0,0.0,0.0,0.0,0.0,0.0,26.0,26.0,6.435,9.5,6.435,9.5,0.0,0.0,train,tier3
499,1994,Group Stage,1,0,1994-06-30,Foxboro Stadium,Nigeria,Greece,0,CAF,UEFA,0,0,0,1,1746.26,1613.02,133.24,0.6829,0.6,0.2,0.4,2.2,1.4,0.2,0.0,0.0,0.0,0.0,0.0,0.0,0.0,0.0,0.0,0.5,0,5.0,4.0,1.0,35,2.0,4.0,2.0,2.0,1.0,0.5,2.0,0.0,0.0,,,,,,,,,,,,,0.0,,,2,0,2,Win,2,Full Time,,1.0,1.0,53001.0,4.0,1.0,0.0,0.0,0.0,0.0,0.0,0.0,0.0,0.0,0.0,0.0,0.0,0.0,0.0,0.0,0.0,0.0,26.0,26.0,6.435,9.5,6.435,9.5,0.0,0.0,train,tier3
500,1994,Group Stage,1,0,1994-06-30,Cotton Bowl,Argentina,Bulgaria,1,CONMEBOL,UEFA,0,0,0,1,1840.8,1690.06,150.74,0.7043,0.6,0.4,0.2,2.0,0.8,1.0,10.0,5.0,2.0,0.0,4.0,0.0,4.0,0.0,8.2,1.0,2,5.0,4.0,1.0,36,2.0,6.0,1.0,5.0,2.0,1.0,3.0,0.0,0.0,,,,,,,,,,,,,0.0,,,0,2,-2,Loss,0,Full Time,,0.0,1.0,63998.0,2.0,1.0,0.0,0.0,0.0,0.0,0.0,0.0,0.0,0.0,0.0,0.0,0.0,0.0,0.0,0.0,0.0,0.0,26.0,26.0,6.435,9.5,6.435,9.5,0.0,0.0,train,tier3
500,1994,Group Stage,1,0,1994-06-30,Cotton Bowl,Bulgaria,Argentina,0,UEFA,CONMEBOL,0,0,0,1,1690.06,1840.8,-150.74,0.2957,0.4,0.6,-0.2,1.0,1.6,2.0,5.0,10.0,0.0,2.0,0.0,4.0,0.0,4.0,2.2,0.0,2,4.0,5.0,-1.0,36,2.0,4.0,3.0,1.0,1.0,0.5,2.0,0.0,0.0,,,,,,,,,,,,,0.0,,,2,0,2,Win,2,Full Time,,0.0,1.0,63998.0,1.0,2.0,0.0,0.0,0.0,0.0,0.0,0.0,0.0,0.0,0.0,0.0,0.0,0.0,0.0,0.0,0.0,0.0,26.0,26.0,6.435,9.5,6.435,9.5,0.0,0.0,train,tier3
501,1994,Round of 16,2,1,1994-07-02,Soldier Field,Germany,Belgium,1,UEFA,UEFA,1,0,0,1,1895.58,1734.33,161.25,0.7167,0.7,0.7,0.0,1.8,0.8,1.0,2.0,8.0,0.0,0.0,0.0,0.0,1.0,1.0,7.0,1.0,1,5.0,3.0,2.0,37,3.0,5.0,3.0,2.0,2.0,0.667,1.667,0.0,0.0,,,,,,,,,,,,,0.0,,,3,2,1,Win,2,Full Time,,3.0,1.0,60246.0,1.0,1.0,0.0,0.0,0.0,0.0,0.0,0.0,0.0,0.0,0.0,0.0,0.0,0.0,0.0,0.0,0.0,0.0,26.0,26.0,6.435,9.5,6.435,9.5,0.0,0.0,train,tier3
501,1994,Round of 16,2,1,1994-07-02,Soldier Field,Belgium,Germany,0,UEFA,UEFA,1,0,0,1,1734.33,1895.58,-161.25,0.2833,0.7,0.7,0.0,1.0,0.4,1.8,8.0,2.0,0.0,0.0,0.0,0.0,1.0,1.0,4.12,0.0,1,3.0,5.0,-2.0,37,3.0,2.0,1.0,1.0,2.0,0.667,0.667,0.0,0.0,,,,,,,,,,,,,0.0,,,2,3,-1,Loss,0,Full Time,,1.0,1.0,60246.0,1.0,1.0,0.0,0.0,0.0,0.0,0.0,0.0,0.0,0.0,0.0,0.0,0.0,0.0,0.0,0.0,0.0,0.0,26.0,26.0,6.435,9.5,6.435,9.5,0.0,0.0,train,tier3
502,1994,Round of 16,2,1,1994-07-02,RFK Stadium,Spain,Switzerland,1,UEFA,UEFA,1,0,0,1,1811.95,1734.4,77.54999999999995,0.6098,0.6,0.6,0.0,1.4,1.2,1.4,8.0,6.0,0.0,0.0,0.0,0.0,0.0,0.0,5.38,1.0,1,5.0,6.0,-1.0,38,3.0,6.0,4.0,2.0,1.0,0.333,2.0,0.0,0.0,,,,,,,,,,,,,0.0,,,3,0,3,Win,2,Full Time,,1.0,1.0,53121.0,1.0,1.0,0.0,0.0,0.0,0.0,0.0,0.0,0.0,0.0,0.0,0.0,0.0,0.0,0.0,0.0,0.0,0.0,26.0,26.0,6.435,9.5,6.435,9.5,0.0,0.0,train,tier3
502,1994,Round of 16,2,1,1994-07-02,RFK Stadium,Switzerland,Spain,0,UEFA,UEFA,1,0,0,1,1734.4,1811.95,-77.54999999999995,0.3902,0.6,0.6,0.0,1.4,0.6,1.4,6.0,8.0,0.0,0.0,0.0,0.0,0.0,0.0,4.67,0.0,1,6.0,5.0,1.0,38,3.0,5.0,4.0,1.0,1.0,0.333,1.667,0.0,0.0,,,,,,,,,,,,,0.0,,,0,3,-3,Loss,0,Full Time,,0.0,1.0,53121.0,1.0,1.0,0.0,0.0,0.0,0.0,0.0,0.0,0.0,0.0,0.0,0.0,0.0,0.0,0.0,0.0,0.0,0.0,26.0,26.0,6.435,9.5,6.435,9.5,0.0,0.0,train,tier3
503,1994,Round of 16,2,1,1994-07-03,Cotton Bowl,Saudi Arabia,Sweden,1,AFC,UEFA,0,0,0,1,1757.92,1800.8,-42.87999999999988,0.4386,0.5,0.6,-0.1,1.2,1.2,1.6,0.0,8.0,0.0,0.0,0.0,1.0,0.0,2.0,0.0,0.5,0,4.0,5.0,-1.0,39,3.0,4.0,3.0,1.0,2.0,0.667,1.333,0.0,0.0,,,,,,,,,,,,,0.0,,,1,3,-2,Loss,0,Full Time,,0.0,1.0,60277.0,5.0,1.0,0.0,0.0,0.0,0.0,0.0,0.0,0.0,0.0,0.0,0.0,0.0,0.0,0.0,0.0,0.0,0.0,26.0,26.0,6.435,9.5,6.435,9.5,0.0,0.0,train,tier3
503,1994,Round of 16,2,1,1994-07-03,Cotton Bowl,Sweden,Saudi Arabia,0,UEFA,AFC,0,0,0,1,1800.8,1757.92,42.87999999999988,0.5614,0.6,0.5,0.1,1.6,1.0,1.2,8.0,0.0,0.0,0.0,1.0,0.0,2.0,0.0,6.38,0.5,0,5.0,4.0,1.0,39,3.0,6.0,4.0,2.0,1.0,0.333,2.0,0.0,0.0,,,,,,,,,,,,,0.0,,,3,1,2,Win,2,Full Time,,1.0,1.0,60277.0,1.0,5.0,0.0,0.0,0.0,0.0,0.0,0.0,0.0,0.0,0.0,0.0,0.0,0.0,0.0,0.0,0.0,0.0,26.0,26.0,6.435,9.5,6.435,9.5,0.0,0.0,train,tier3
504,1994,Round of 16,2,1,1994-07-03,Rose Bowl,Romania,Argentina,1,UEFA,CONMEBOL,0,0,0,1,1787.52,1798.54,-11.019999999999982,0.4841,0.6,0.7,-0.1,1.4,1.2,1.8,5.0,10.0,0.0,2.0,0.0,4.0,0.0,4.0,3.2,0.0,1,7.0,3.0,4.0,40,3.0,5.0,5.0,0.0,2.0,0.667,1.667,0.0,0.0,,,,,,,,,,,,,0.0,,,3,2,1,Win,2,Full Time,,2.0,1.0,90469.0,1.0,2.0,0.0,0.0,0.0,0.0,0.0,0.0,0.0,0.0,0.0,0.0,0.0,0.0,0.0,0.0,0.0,0.0,26.0,26.0,6.435,9.5,6.435,9.5,0.0,0.0,train,tier3
504,1994,Round of 16,2,1,1994-07-03,Rose Bowl,Argentina,Romania,0,CONMEBOL,UEFA,0,0,0,1,1798.54,1787.52,11.019999999999982,0.5159,0.7,0.6,0.1,1.8,0.4,1.4,10.0,5.0,2.0,0.0,4.0,0.0,4.0,0.0,8.2,1.0,1,3.0,7.0,-4.0,40,3.0,6.0,3.0,3.0,2.0,0.667,2.0,0.0,0.0,,,,,,,,,,,,,0.0,,,2,3,-1,Loss,0,Full Time,,1.0,1.0,90469.0,2.0,1.0,0.0,0.0,0.0,0.0,0.0,0.0,0.0,0.0,0.0,0.0,0.0,0.0,0.0,0.0,0.0,0.0,26.0,26.0,6.435,9.5,6.435,9.5,0.0,0.0,train,tier3
505,1994,Round of 16,2,1,1994-07-04,Citrus Bowl,Netherlands,Republic of Ireland,1,UEFA,UEFA,1,0,0,1,1838.19,1755.97,82.22000000000003,0.6162,0.8,0.6,0.2,3.0,0.8,1.2,5.0,1.0,0.0,0.0,2.0,0.0,2.0,0.0,7.0,0.0,1,5.0,6.0,-1.0,41,3.0,4.0,3.0,1.0,2.0,0.667,1.333,0.0,0.0,,,,,,,,,,,,,0.0,,,2,0,2,Win,2,Full Time,,2.0,1.0,61355.0,1.0,1.0,0.0,0.0,0.0,0.0,0.0,0.0,0.0,0.0,0.0,0.0,0.0,0.0,0.0,0.0,0.0,0.0,26.0,26.0,6.435,9.5,6.435,9.5,0.0,0.0,train,tier3
505,1994,Round of 16,2,1,1994-07-04,Citrus Bowl,Republic of Ireland,Netherlands,0,UEFA,UEFA,1,0,0,1,1755.97,1838.19,-82.22000000000003,0.3838,0.6,0.8,-0.2,1.2,1.0,3.0,1.0,5.0,0.0,0.0,0.0,2.0,0.0,2.0,2.0,1.0,1,6.0,5.0,1.0,41,3.0,2.0,2.0,0.0,1.0,0.333,0.667,0.0,0.0,,,,,,,,,,,,,0.0,,,0,2,-2,Loss,0,Full Time,,0.0,1.0,61355.0,1.0,1.0,0.0,0.0,0.0,0.0,0.0,0.0,0.0,0.0,0.0,0.0,0.0,0.0,0.0,0.0,0.0,0.0,26.0,26.0,6.435,9.5,6.435,9.5,0.0,0.0,train,tier3
506,1994,Round of 16,2,1,1994-07-04,Stanford Stadium,Brazil,USA,1,CONMEBOL,CONCACAF,0,0,1,1,1930.75,1500.0,430.75,0.9227,0.9,0.5,0.4,3.6,0.6,1.5,14.0,4.0,3.0,0.0,3.0,0.0,6.0,1.0,10.57,0.5,0,6.0,8.0,-2.0,42,3.0,6.0,1.0,5.0,2.0,0.667,2.0,0.0,0.0,,,,,,,,,,,,,0.0,,,1,0,1,Win,2,Full Time,,0.0,1.0,84147.0,2.0,3.0,0.0,0.0,0.0,0.0,0.0,0.0,0.0,0.0,0.0,0.0,0.0,0.0,0.0,0.0,0.0,0.0,26.0,26.0,6.435,9.5,6.435,9.5,0.0,0.0,train,tier3
506,1994,Round of 16,2,1,1994-07-04,Stanford Stadium,USA,Brazil,0,CONCACAF,CONMEBOL,0,1,0,1,1500.0,1930.75,-430.75,0.0773,0.5,0.9,-0.4,1.5,1.5,3.6,4.0,14.0,0.0,3.0,0.0,3.0,1.0,6.0,3.5,0.5,0,8.0,6.0,2.0,42,3.0,3.0,3.0,0.0,1.0,0.333,1.0,0.0,0.0,,,,,,,,,,,,,0.0,,,0,1,-1,Loss,0,Full Time,,0.0,1.0,84147.0,3.0,2.0,0.0,0.0,0.0,0.0,0.0,0.0,0.0,0.0,0.0,0.0,0.0,0.0,0.0,0.0,0.0,0.0,26.0,26.0,6.435,9.5,6.435,9.5,0.0,0.0,train,tier3
507,1994,Round of 16,2,1,1994-07-05,Foxboro Stadium,Nigeria,Italy,1,CAF,UEFA,0,0,0,1,1765.29,1833.96,-68.67000000000007,0.4024,0.6,0.8,-0.2,2.2,1.2,1.0,0.0,12.0,0.0,3.0,0.0,4.0,0.0,6.0,0.0,0.5,0,5.0,7.0,-2.0,43,3.0,6.0,2.0,4.0,2.0,0.667,2.0,0.0,0.0,,,,,,,,,,,,,0.0,,,1,2,-1,Loss,0,Extra Time,,0.0,1.0,54367.0,4.0,1.0,0.0,0.0,0.0,0.0,0.0,0.0,0.0,0.0,0.0,0.0,0.0,0.0,0.0,0.0,0.0,0.0,26.0,26.0,6.435,9.5,6.435,9.5,0.0,0.0,train,tier3
507,1994,Round of 16,2,1,1994-07-05,Foxboro Stadium,Italy,Nigeria,0,UEFA,CAF,0,0,0,1,1833.96,1765.29,68.67000000000007,0.5976,0.8,0.6,0.2,1.0,0.2,2.2,12.0,0.0,3.0,0.0,4.0,0.0,6.0,0.0,7.42,0.5,0,7.0,5.0,2.0,43,3.0,2.0,2.0,0.0,1.0,0.333,0.667,0.0,0.0,,,,,,,,,,,,,0.0,,,2,1,1,Win,2,Extra Time,,0.0,1.0,54367.0,1.0,4.0,0.0,0.0,0.0,0.0,0.0,0.0,0.0,0.0,0.0,0.0,0.0,0.0,0.0,0.0,0.0,0.0,26.0,26.0,6.435,9.5,6.435,9.5,0.0,0.0,train,tier3
508,1994,Round of 16,2,1,1994-07-05,Giants Stadium,Mexico,Bulgaria,1,CONCACAF,UEFA,0,0,0,1,1779.09,1732.32,46.76999999999998,0.5669,0.5,0.5,0.0,1.0,0.6,1.6,9.0,5.0,0.0,0.0,0.0,0.0,0.0,0.0,3.0,1.0,1,7.0,5.0,2.0,44,3.0,3.0,3.0,0.0,1.0,0.333,1.0,0.0,0.0,,,,,,,,,,,,,0.0,,,1,1,0,Loss,0,Penalties,,0.0,1.0,71030.0,3.0,1.0,0.0,0.0,0.0,0.0,0.0,0.0,0.0,0.0,0.0,0.0,0.0,0.0,0.0,0.0,0.0,0.0,26.0,26.0,6.435,9.5,6.435,9.5,0.0,0.0,train,tier3
508,1994,Round of 16,2,1,1994-07-05,Giants Stadium,Bulgaria,Mexico,0,UEFA,CONCACAF,0,0,0,1,1732.32,1779.09,-46.76999999999998,0.4331,0.5,0.5,0.0,1.6,1.4,1.0,5.0,9.0,0.0,0.0,0.0,0.0,0.0,0.0,2.2,0.0,1,5.0,7.0,-2.0,44,3.0,6.0,3.0,3.0,2.0,0.667,2.0,0.0,0.0,,,,,,,,,,,,,0.0,,,1,1,0,Win,2,Penalties,,0.0,1.0,71030.0,1.0,3.0,0.0,0.0,0.0,0.0,0.0,0.0,0.0,0.0,0.0,0.0,0.0,0.0,0.0,0.0,0.0,0.0,26.0,26.0,6.435,9.5,6.435,9.5,0.0,0.0,train,tier3
509,1994,Quarter-final,3,1,1994-07-09,Foxboro Stadium,Italy,Spain,1,UEFA,UEFA,1,0,0,1,1858.11,1835.36,22.75,0.5327,0.7,0.8,-0.1,0.8,0.4,2.0,12.0,8.0,3.0,0.0,4.0,0.0,6.0,0.0,7.42,0.5,2,4.0,7.0,-3.0,45,4.0,4.0,3.0,1.0,2.0,0.5,1.0,0.0,0.0,,,,,,,,,,,,,0.0,,,2,1,1,Win,2,Full Time,,1.0,1.0,53400.0,1.0,1.0,0.0,0.0,0.0,0.0,0.0,0.0,0.0,0.0,0.0,0.0,0.0,0.0,0.0,0.0,0.0,0.0,26.0,26.0,6.435,9.5,6.435,9.5,0.0,0.0,train,tier3
509,1994,Quarter-final,3,1,1994-07-09,Foxboro Stadium,Spain,Italy,0,UEFA,UEFA,1,0,0,1,1835.36,1858.11,-22.75,0.4673,0.8,0.7,0.1,2.0,1.0,0.8,8.0,12.0,0.0,3.0,0.0,4.0,0.0,6.0,5.38,0.5,2,7.0,4.0,3.0,45,4.0,9.0,4.0,5.0,2.0,0.5,2.25,0.0,0.0,,,,,,,,,,,,,0.0,,,1,2,-1,Loss,0,Full Time,,0.0,1.0,53400.0,1.0,1.0,0.0,0.0,0.0,0.0,0.0,0.0,0.0,0.0,0.0,0.0,0.0,0.0,0.0,0.0,0.0,0.0,26.0,26.0,6.435,9.5,6.435,9.5,0.0,0.0,train,tier3
510,1994,Quarter-final,3,1,1994-07-09,Cotton Bowl,Netherlands,Brazil,1,UEFA,CONMEBOL,0,0,0,1,1861.22,1871.6,-10.379999999999882,0.4851,0.8,0.9,-0.1,2.8,0.8,3.6,5.0,14.0,0.0,3.0,2.0,3.0,2.0,6.0,7.0,1.0,1,5.0,5.0,0.0,46,4.0,6.0,3.0,3.0,3.0,0.75,1.5,0.0,0.0,,,,,,,,,,,,,0.0,,,2,3,-1,Loss,0,Full Time,,0.0,1.0,63500.0,1.0,2.0,0.0,0.0,0.0,0.0,0.0,0.0,0.0,0.0,0.0,0.0,0.0,0.0,0.0,0.0,0.0,0.0,26.0,26.0,6.435,9.5,6.435,9.5,0.0,0.0,train,tier3
510,1994,Quarter-final,3,1,1994-07-09,Cotton Bowl,Brazil,Netherlands,0,CONMEBOL,UEFA,0,0,0,1,1871.6,1861.22,10.379999999999882,0.5149,0.9,0.8,0.1,3.6,0.6,2.8,14.0,5.0,3.0,0.0,3.0,2.0,6.0,2.0,10.57,0.0,1,5.0,5.0,0.0,46,4.0,7.0,1.0,6.0,3.0,0.75,1.75,0.0,0.0,,,,,,,,,,,,,0.0,,,3,2,1,Win,2,Full Time,,0.0,1.0,63500.0,2.0,1.0,0.0,0.0,0.0,0.0,0.0,0.0,0.0,0.0,0.0,0.0,0.0,0.0,0.0,0.0,0.0,0.0,26.0,26.0,6.435,9.5,6.435,9.5,0.0,0.0,train,tier3
511,1994,Quarter-final,3,1,1994-07-10,Giants Stadium,Bulgaria,Germany,1,UEFA,UEFA,1,0,0,1,1736.33,1912.58,-176.25,0.2661,0.6,0.9,-0.3,1.8,1.2,2.4,5.0,2.0,0.0,0.0,0.0,0.0,0.0,1.0,2.2,0.0,1,5.0,8.0,-3.0,47,4.0,7.0,4.0,3.0,3.0,0.75,1.75,0.0,0.0,,,,,,,,,,,,,0.0,,,2,1,1,Win,2,Full Time,,0.0,1.0,72000.0,1.0,1.0,0.0,0.0,0.0,0.0,0.0,0.0,0.0,0.0,0.0,0.0,0.0,0.0,0.0,0.0,0.0,0.0,26.0,26.0,6.435,9.5,6.435,9.5,0.0,0.0,train,tier3
511,1994,Quarter-final,3,1,1994-07-10,Giants Stadium,Germany,Bulgaria,0,UEFA,UEFA,1,0,0,1,1912.58,1736.33,176.25,0.7339,0.9,0.6,0.3,2.4,0.8,1.8,2.0,5.0,0.0,0.0,0.0,0.0,1.0,0.0,7.0,1.0,1,8.0,5.0,3.0,47,4.0,8.0,5.0,3.0,3.0,0.75,2.0,0.0,0.0,,,,,,,,,,,,,0.0,,,1,2,-1,Loss,0,Full Time,,0.0,1.0,72000.0,1.0,1.0,0.0,0.0,0.0,0.0,0.0,0.0,0.0,0.0,0.0,0.0,0.0,0.0,0.0,0.0,0.0,0.0,26.0,26.0,6.435,9.5,6.435,9.5,0.0,0.0,train,tier3
512,1994,Quarter-final,3,1,1994-07-10,Stanford Stadium,Romania,Sweden,1,UEFA,UEFA,1,0,0,1,1818.47,1827.12,-8.649999999999864,0.4876,0.6,0.7,-0.1,1.2,1.2,1.8,5.0,8.0,0.0,0.0,0.0,1.0,0.0,2.0,3.2,0.5,0,7.0,7.0,0.0,48,4.0,8.0,7.0,1.0,3.0,0.75,2.0,0.0,0.0,,,,,,,,,,,,,0.0,,,2,2,0,Loss,0,Penalties,,0.0,1.0,83500.0,1.0,1.0,0.0,0.0,0.0,0.0,0.0,0.0,0.0,0.0,0.0,0.0,0.0,0.0,0.0,0.0,0.0,0.0,26.0,26.0,6.435,9.5,6.435,9.5,0.0,0.0,train,tier3
512,1994,Quarter-final,3,1,1994-07-10,Stanford Stadium,Sweden,Romania,0,UEFA,UEFA,1,0,0,1,1827.12,1818.47,8.649999999999864,0.5124,0.7,0.6,0.1,1.8,1.0,1.2,8.0,5.0,0.0,0.0,1.0,0.0,2.0,0.0,6.38,0.5,0,7.0,7.0,0.0,48,4.0,9.0,5.0,4.0,2.0,0.5,2.25,0.0,0.0,,,,,,,,,,,,,0.0,,,2,2,0,Win,2,Penalties,,0.0,1.0,83500.0,1.0,1.0,0.0,0.0,0.0,0.0,0.0,0.0,0.0,0.0,0.0,0.0,0.0,0.0,0.0,0.0,0.0,0.0,26.0,26.0,6.435,9.5,6.435,9.5,0.0,0.0,train,tier3
513,1994,Semi-final,4,1,1994-07-13,Giants Stadium,Bulgaria,Italy,1,UEFA,UEFA,1,0,0,1,1780.36,1886.15,-105.7900000000002,0.3523,0.6,0.7,-0.1,1.6,1.0,1.0,5.0,12.0,0.0,3.0,0.0,4.0,0.0,6.0,2.2,0.0,1,3.0,4.0,-1.0,49,5.0,9.0,5.0,4.0,4.0,0.8,1.8,0.0,0.0,,,,,,,,,,,,,0.0,,,1,2,-1,Loss,0,Full Time,,1.0,1.0,74110.0,1.0,1.0,0.0,0.0,0.0,0.0,0.0,0.0,0.0,0.0,0.0,0.0,0.0,0.0,0.0,0.0,0.0,0.0,26.0,26.0,6.435,9.5,6.435,9.5,0.0,0.0,train,tier3
513,1994,Semi-final,4,1,1994-07-13,Giants Stadium,Italy,Bulgaria,0,UEFA,UEFA,1,0,0,1,1886.15,1780.36,105.7900000000002,0.6477,0.7,0.6,0.1,1.0,0.6,1.6,12.0,5.0,3.0,0.0,4.0,0.0,6.0,0.0,7.42,1.0,1,4.0,3.0,1.0,49,5.0,6.0,4.0,2.0,3.0,0.6,1.2,0.0,0.0,,,,,,,,,,,,,0.0,,,2,1,1,Win,2,Full Time,,2.0,1.0,74110.0,1.0,1.0,0.0,0.0,0.0,0.0,0.0,0.0,0.0,0.0,0.0,0.0,0.0,0.0,0.0,0.0,0.0,0.0,26.0,26.0,6.435,9.5,6.435,9.5,0.0,0.0,train,tier3
514,1994,Semi-final,4,1,1994-07-13,Rose Bowl,Sweden,Brazil,1,UEFA,CONMEBOL,0,0,0,1,1826.37,1900.7,-74.33000000000015,0.3946,0.7,0.9,-0.2,2.0,1.2,2.2,8.0,14.0,0.0,3.0,1.0,3.0,2.0,6.0,6.38,0.0,6,3.0,4.0,-1.0,50,5.0,11.0,7.0,4.0,3.0,0.6,2.2,0.0,0.0,,,,,,,,,,,,,0.0,,,0,1,-1,Loss,0,Full Time,,0.0,1.0,91856.0,1.0,2.0,0.0,0.0,0.0,0.0,0.0,0.0,0.0,0.0,0.0,0.0,0.0,0.0,0.0,0.0,0.0,0.0,26.0,26.0,6.435,9.5,6.435,9.5,0.0,0.0,train,tier3
514,1994,Semi-final,4,1,1994-07-13,Rose Bowl,Brazil,Sweden,0,CONMEBOL,UEFA,0,0,0,1,1900.7,1826.37,74.33000000000015,0.6054,0.9,0.7,0.2,2.2,0.2,2.0,14.0,8.0,3.0,0.0,3.0,1.0,6.0,2.0,10.57,1.0,6,4.0,3.0,1.0,50,5.0,10.0,3.0,7.0,4.0,0.8,2.0,0.0,0.0,,,,,,,,,,,,,0.0,,,1,0,1,Win,2,Full Time,,0.0,1.0,91856.0,2.0,1.0,0.0,0.0,0.0,0.0,0.0,0.0,0.0,0.0,0.0,0.0,0.0,0.0,0.0,0.0,0.0,0.0,26.0,26.0,6.435,9.5,6.435,9.5,0.0,0.0,train,tier3
515,1994,Third Place,4,1,1994-07-16,Rose Bowl,Sweden,Bulgaria,1,UEFA,UEFA,1,0,0,1,1802.69,1759.22,43.47000000000003,0.5622,0.7,0.7,0.0,2.2,1.4,1.8,8.0,5.0,0.0,0.0,1.0,0.0,2.0,0.0,6.38,0.0,1,3.0,3.0,0.0,51,6.0,11.0,8.0,3.0,3.0,0.5,1.833,0.0,0.0,,,,,,,,,,,,,0.0,,,4,0,4,Win,2,Full Time,,4.0,1.0,91500.0,1.0,1.0,0.0,0.0,0.0,0.0,0.0,0.0,0.0,0.0,0.0,0.0,0.0,0.0,0.0,0.0,0.0,0.0,26.0,26.0,6.435,9.5,6.435,9.5,0.0,0.0,train,tier3
515,1994,Third Place,4,1,1994-07-16,Rose Bowl,Bulgaria,Sweden,0,UEFA,UEFA,1,0,0,1,1759.22,1802.69,-43.47000000000003,0.4378,0.7,0.7,0.0,1.8,1.0,2.2,5.0,8.0,0.0,0.0,0.0,1.0,0.0,2.0,2.2,1.0,1,3.0,3.0,0.0,51,6.0,10.0,7.0,3.0,4.0,0.667,1.667,0.0,0.0,,,,,,,,,,,,,0.0,,,0,4,-4,Loss,0,Full Time,,0.0,1.0,91500.0,1.0,1.0,0.0,0.0,0.0,0.0,0.0,0.0,0.0,0.0,0.0,0.0,0.0,0.0,0.0,0.0,0.0,0.0,26.0,26.0,6.435,9.5,6.435,9.5,0.0,0.0,train,tier3
516,1994,Final,5,1,1994-07-17,Rose Bowl,Brazil,Italy,1,CONMEBOL,UEFA,0,0,0,1,1924.38,1907.29,17.090000000000146,0.5246,0.9,0.7,0.2,2.0,0.6,1.2,14.0,12.0,3.0,3.0,3.0,4.0,6.0,6.0,10.57,0.5,4,4.0,4.0,0.0,52,6.0,11.0,3.0,8.0,5.0,0.833,1.833,0.0,0.0,,,,,,,,,,,,,0.0,,,0,0,0,Win,2,Penalties,,0.0,1.0,94194.0,2.0,1.0,0.0,0.0,0.0,0.0,0.0,0.0,0.0,0.0,0.0,0.0,0.0,0.0,0.0,0.0,0.0,0.0,26.0,26.0,6.435,9.5,6.435,9.5,0.0,0.0,train,tier3
516,1994,Final,5,1,1994-07-17,Rose Bowl,Italy,Brazil,0,UEFA,CONMEBOL,0,0,0,1,1907.29,1924.38,-17.090000000000146,0.4754,0.7,0.9,-0.2,1.2,0.8,2.0,12.0,14.0,3.0,3.0,4.0,3.0,6.0,6.0,7.42,0.5,4,4.0,4.0,0.0,52,6.0,8.0,5.0,3.0,4.0,0.667,1.333,0.0,0.0,,,,,,,,,,,,,0.0,,,0,0,0,Loss,0,Penalties,,0.0,1.0,94194.0,1.0,2.0,0.0,0.0,0.0,0.0,0.0,0.0,0.0,0.0,0.0,0.0,0.0,0.0,0.0,0.0,0.0,0.0,26.0,26.0,6.435,9.5,6.435,9.5,0.0,0.0,train,tier3
517,1998,Group Stage,1,0,1998-06-10,Stade de France,Brazil,Scotland,1,CONMEBOL,UEFA,0,0,0,1,1991.05,1698.42,292.6299999999999,0.8435,0.6,0.5,0.1,1.4,0.6,1.6,15.0,7.0,4.0,0.0,4.0,0.0,7.0,0.0,10.6,0.667,3,4.0,4.0,0.0,1,0.0,0.0,0.0,0.0,0.0,0.5,0.0,0.0,0.0,,,,,,,,,,,,,0.0,,,2,1,1,Win,2,Full Time,,1.0,1.0,80000.0,2.0,1.0,0.0,0.0,0.0,0.0,0.0,0.0,0.0,0.0,0.0,0.0,0.0,0.0,0.0,0.0,0.0,0.0,26.0,26.0,6.435,9.5,6.435,9.5,0.0,0.0,train,tier3
517,1998,Group Stage,1,0,1998-06-10,Stade de France,Scotland,Brazil,0,UEFA,CONMEBOL,0,0,0,1,1698.42,1991.05,-292.6299999999999,0.1565,0.5,0.6,-0.1,1.6,1.0,1.4,7.0,15.0,0.0,4.0,0.0,4.0,0.0,7.0,3.29,0.3329999999999999,3,4.0,4.0,0.0,1,0.0,0.0,0.0,0.0,0.0,0.5,0.0,0.0,0.0,,,,,,,,,,,,,0.0,,,1,2,-1,Loss,0,Full Time,,1.0,1.0,80000.0,1.0,2.0,0.0,0.0,0.0,0.0,0.0,0.0,0.0,0.0,0.0,0.0,0.0,0.0,0.0,0.0,0.0,0.0,26.0,26.0,6.435,9.5,6.435,9.5,0.0,0.0,train,tier3
518,1998,Group Stage,1,0,1998-06-10,La Mosson,Morocco,Norway,1,CAF,UEFA,0,0,0,1,1759.33,1793.97,-34.6400000000001,0.4503,0.3,0.7,-0.4,1.0,1.4,2.4,3.0,2.0,0.0,0.0,0.0,0.0,0.0,0.0,2.33,0.5,0,4.0,4.0,0.0,2,0.0,0.0,0.0,0.0,0.0,0.5,0.0,0.0,0.0,,,,,,,,,,,,,0.0,,,2,2,0,Draw,1,Full Time,,1.0,1.0,29800.0,4.0,1.0,0.0,0.0,0.0,0.0,0.0,0.0,0.0,0.0,0.0,0.0,0.0,0.0,0.0,0.0,0.0,0.0,26.0,26.0,6.435,9.5,6.435,9.5,0.0,0.0,train,tier3
518,1998,Group Stage,1,0,1998-06-10,La Mosson,Norway,Morocco,0,UEFA,CAF,0,0,0,1,1793.97,1759.33,34.6400000000001,0.5497,0.7,0.3,0.4,2.4,1.4,1.0,2.0,3.0,0.0,0.0,0.0,0.0,0.0,0.0,1.0,0.5,0,4.0,4.0,0.0,2,0.0,0.0,0.0,0.0,0.0,0.5,0.0,0.0,0.0,,,,,,,,,,,,,0.0,,,2,2,0,Draw,1,Full Time,,1.0,1.0,29800.0,1.0,4.0,0.0,0.0,0.0,0.0,0.0,0.0,0.0,0.0,0.0,0.0,0.0,0.0,0.0,0.0,0.0,0.0,26.0,26.0,6.435,9.5,6.435,9.5,0.0,0.0,train,tier3
519,1998,Group Stage,1,0,1998-06-11,Stade du Parc Lescure,Italy,Chile,1,UEFA,CONMEBOL,0,0,0,1,1852.28,1708.34,143.94000000000003,0.6961,0.8,0.6,0.2,1.6,0.4,1.6,13.0,6.0,3.0,0.0,5.0,0.0,7.0,1.0,7.46,0.5,2,4.0,4.0,0.0,3,0.0,0.0,0.0,0.0,0.0,0.5,0.0,0.0,0.0,,,,,,,,,,,,,0.0,,,2,2,0,Draw,1,Full Time,,1.0,1.0,31800.0,1.0,2.0,0.0,0.0,0.0,0.0,0.0,0.0,0.0,0.0,0.0,0.0,0.0,0.0,0.0,0.0,0.0,0.0,26.0,26.0,6.435,9.5,6.435,9.5,0.0,0.0,train,tier3
519,1998,Group Stage,1,0,1998-06-11,Stade du Parc Lescure,Chile,Italy,0,CONMEBOL,UEFA,0,0,0,1,1708.34,1852.28,-143.94000000000003,0.3039,0.6,0.8,-0.2,1.6,1.4,1.6,6.0,13.0,0.0,3.0,0.0,5.0,1.0,7.0,4.33,0.5,2,4.0,4.0,0.0,3,0.0,0.0,0.0,0.0,0.0,0.5,0.0,0.0,0.0,,,,,,,,,,,,,0.0,,,2,2,0,Draw,1,Full Time,,1.0,1.0,31800.0,2.0,1.0,0.0,0.0,0.0,0.0,0.0,0.0,0.0,0.0,0.0,0.0,0.0,0.0,0.0,0.0,0.0,0.0,26.0,26.0,6.435,9.5,6.435,9.5,0.0,0.0,train,tier3
520,1998,Group Stage,1,0,1998-06-11,Stade Municipal,Cameroon,Austria,1,CAF,UEFA,0,0,0,1,1650.93,1699.08,-48.14999999999986,0.4311,0.8,0.6,0.2,1.2,0.2,1.8,3.0,6.0,0.0,0.0,0.0,0.0,0.0,2.0,3.67,0.5,0,4.0,4.0,0.0,4,0.0,0.0,0.0,0.0,0.0,0.5,0.0,0.0,0.0,,,,,,,,,,,,,0.0,,,1,1,0,Draw,1,Full Time,,0.0,1.0,33500.0,4.0,1.0,0.0,0.0,0.0,0.0,0.0,0.0,0.0,0.0,0.0,0.0,0.0,0.0,0.0,0.0,0.0,0.0,26.0,26.0,6.435,9.5,6.435,9.5,0.0,0.0,train,tier3
520,1998,Group Stage,1,0,1998-06-11,Stade Municipal,Austria,Cameroon,0,UEFA,CAF,0,0,0,1,1699.08,1650.93,48.14999999999986,0.5689,0.6,0.8,-0.2,1.8,1.4,1.2,6.0,3.0,0.0,0.0,0.0,0.0,2.0,0.0,6.67,0.5,0,4.0,4.0,0.0,4,0.0,0.0,0.0,0.0,0.0,0.5,0.0,0.0,0.0,,,,,,,,,,,,,0.0,,,1,1,0,Draw,1,Full Time,,0.0,1.0,33500.0,1.0,4.0,0.0,0.0,0.0,0.0,0.0,0.0,0.0,0.0,0.0,0.0,0.0,0.0,0.0,0.0,0.0,0.0,26.0,26.0,6.435,9.5,6.435,9.5,0.0,0.0,train,tier3
521,1998,Group Stage,1,0,1998-06-12,La Mosson,Paraguay,Bulgaria,1,CONMEBOL,UEFA,0,0,0,1,1637.15,1725.13,-87.98000000000002,0.376,0.1,0.3,-0.2,1.0,2.6,1.0,4.0,6.0,0.0,0.0,0.0,0.0,0.0,1.0,4.0,0.5,0,4.0,4.0,0.0,5,0.0,0.0,0.0,0.0,0.0,0.5,0.0,0.0,0.0,,,,,,,,,,,,,0.0,,,0,0,0,Draw,1,Full Time,,0.0,1.0,29800.0,2.0,1.0,0.0,0.0,0.0,0.0,0.0,0.0,0.0,0.0,0.0,0.0,0.0,0.0,0.0,0.0,0.0,0.0,26.0,26.0,6.435,9.5,6.435,9.5,0.0,0.0,train,tier3
521,1998,Group Stage,1,0,1998-06-12,La Mosson,Bulgaria,Paraguay,0,UEFA,CONMEBOL,0,0,0,1,1725.13,1637.15,87.98000000000002,0.624,0.3,0.1,0.2,1.0,1.8,1.0,6.0,4.0,0.0,0.0,0.0,0.0,1.0,0.0,3.5,0.5,0,4.0,4.0,0.0,5,0.0,0.0,0.0,0.0,0.0,0.5,0.0,0.0,0.0,,,,,,,,,,,,,0.0,,,0,0,0,Draw,1,Full Time,,0.0,1.0,29800.0,1.0,2.0,0.0,0.0,0.0,0.0,0.0,0.0,0.0,0.0,0.0,0.0,0.0,0.0,0.0,0.0,0.0,0.0,26.0,26.0,6.435,9.5,6.435,9.5,0.0,0.0,train,tier3
522,1998,Group Stage,1,0,1998-06-12,Stade Felix Bollaert,Saudi Arabia,Denmark,1,AFC,UEFA,0,0,0,1,1747.59,1778.31,-30.720000000000027,0.4559,0.6,0.5,0.1,1.0,1.8,0.8,1.0,1.0,0.0,0.0,0.0,0.0,0.0,0.0,5.0,0.5,0,4.0,4.0,0.0,6,0.0,0.0,0.0,0.0,0.0,0.5,0.0,0.0,0.0,,,,,,,,,,,,,0.0,,,0,1,-1,Loss,0,Full Time,,0.0,1.0,38100.0,5.0,1.0,0.0,0.0,0.0,0.0,0.0,0.0,0.0,0.0,0.0,0.0,0.0,0.0,0.0,0.0,0.0,0.0,26.0,26.0,6.435,9.5,6.435,9.5,0.0,0.0,train,tier3
522,1998,Group Stage,1,0,1998-06-12,Stade Felix Bollaert,Denmark,Saudi Arabia,0,UEFA,AFC,0,0,0,1,1778.31,1747.59,30.720000000000027,0.5441,0.5,0.6,-0.1,0.8,1.2,1.0,1.0,1.0,0.0,0.0,0.0,0.0,0.0,0.0,10.0,0.5,0,4.0,4.0,0.0,6,0.0,0.0,0.0,0.0,0.0,0.5,0.0,0.0,0.0,,,,,,,,,,,,,0.0,,,1,0,1,Win,2,Full Time,,0.0,1.0,38100.0,1.0,5.0,0.0,0.0,0.0,0.0,0.0,0.0,0.0,0.0,0.0,0.0,0.0,0.0,0.0,0.0,0.0,0.0,26.0,26.0,6.435,9.5,6.435,9.5,0.0,0.0,train,tier3
523,1998,Group Stage,1,0,1998-06-12,Stade Vï¿½lodrome,France,South Africa,1,UEFA,CAF,0,1,0,0,1875.28,1689.09,186.19000000000003,0.7449,0.5,0.5,0.0,1.2,1.2,1.0,9.0,0.0,0.0,0.0,0.0,0.0,3.0,0.0,7.89,0.5,0,4.0,4.0,0.0,7,0.0,0.0,0.0,0.0,0.0,0.5,0.0,0.0,0.0,,,,,,,,,,,,,0.0,,,3,0,3,Win,2,Full Time,,1.0,1.0,55000.0,1.0,4.0,0.0,0.0,0.0,0.0,0.0,0.0,0.0,0.0,0.0,0.0,0.0,0.0,0.0,0.0,0.0,0.0,26.0,26.0,6.435,9.5,6.435,9.5,0.0,0.0,train,tier3
523,1998,Group Stage,1,0,1998-06-12,Stade Vï¿½lodrome,South Africa,France,0,CAF,UEFA,0,0,1,0,1689.09,1875.28,-186.19000000000003,0.2551,0.5,0.5,0.0,1.0,1.4,1.2,0.0,9.0,0.0,0.0,0.0,0.0,0.0,3.0,0.0,0.5,0,4.0,4.0,0.0,7,0.0,0.0,0.0,0.0,0.0,0.5,0.0,0.0,0.0,,,,,,,,,,,,,0.0,,,0,3,-3,Loss,0,Full Time,,0.0,1.0,55000.0,4.0,1.0,0.0,0.0,0.0,0.0,0.0,0.0,0.0,0.0,0.0,0.0,0.0,0.0,0.0,0.0,0.0,0.0,26.0,26.0,6.435,9.5,6.435,9.5,0.0,0.0,train,tier3
524,1998,Group Stage,1,0,1998-06-13,La Beaujoire,Spain,Nigeria,1,UEFA,CAF,0,0,0,1,1894.38,1672.79,221.5900000000001,0.7817,0.7,0.4,0.3,2.0,0.8,0.6,9.0,1.0,0.0,0.0,0.0,0.0,0.0,0.0,5.89,0.5,0,4.0,4.0,0.0,8,0.0,0.0,0.0,0.0,0.0,0.5,0.0,0.0,0.0,,,,,,,,,,,,,0.0,,,2,3,-1,Loss,0,Full Time,,1.0,1.0,35500.0,1.0,4.0,0.0,0.0,0.0,0.0,0.0,0.0,0.0,0.0,0.0,0.0,0.0,0.0,0.0,0.0,0.0,0.0,26.0,26.0,6.435,9.5,6.435,9.5,0.0,0.0,train,tier3
524,1998,Group Stage,1,0,1998-06-13,La Beaujoire,Nigeria,Spain,0,CAF,UEFA,0,0,0,1,1672.79,1894.38,-221.5900000000001,0.2183,0.4,0.7,-0.3,0.6,1.2,2.0,1.0,9.0,0.0,0.0,0.0,0.0,0.0,0.0,7.0,0.5,0,4.0,4.0,0.0,8,0.0,0.0,0.0,0.0,0.0,0.5,0.0,0.0,0.0,,,,,,,,,,,,,0.0,,,3,2,1,Win,2,Full Time,,1.0,1.0,35500.0,4.0,1.0,0.0,0.0,0.0,0.0,0.0,0.0,0.0,0.0,0.0,0.0,0.0,0.0,0.0,0.0,0.0,0.0,26.0,26.0,6.435,9.5,6.435,9.5,0.0,0.0,train,tier3
525,1998,Group Stage,1,0,1998-06-13,Stade de Gerland,Korea Republic,Mexico,1,AFC,CONCACAF,0,0,0,1,1500.0,1887.54,-387.54,0.097,0.5,0.7,-0.2,1.5,1.5,2.2,4.0,10.0,0.0,0.0,0.0,0.0,0.0,0.0,2.25,0.5,0,4.0,4.0,0.0,9,0.0,0.0,0.0,0.0,0.0,0.5,0.0,0.0,0.0,,,,,,,,,,,,,0.0,,,1,3,-2,Loss,0,Full Time,,1.0,1.0,39100.0,5.0,3.0,0.0,0.0,0.0,0.0,0.0,0.0,0.0,0.0,0.0,0.0,0.0,0.0,0.0,0.0,0.0,0.0,26.0,26.0,6.435,9.5,6.435,9.5,0.0,0.0,train,tier3
525,1998,Group Stage,1,0,1998-06-13,Stade de Gerland,Mexico,Korea Republic,0,CONCACAF,AFC,0,0,0,1,1887.54,1500.0,387.54,0.903,0.7,0.5,0.2,2.2,1.2,1.5,10.0,4.0,0.0,0.0,0.0,0.0,0.0,0.0,3.1,0.5,0,4.0,4.0,0.0,9,0.0,0.0,0.0,0.0,0.0,0.5,0.0,0.0,0.0,,,,,,,,,,,,,0.0,,,3,1,2,Win,2,Full Time,,0.0,1.0,39100.0,3.0,5.0,0.0,0.0,0.0,0.0,0.0,0.0,0.0,0.0,0.0,0.0,0.0,0.0,0.0,0.0,0.0,0.0,26.0,26.0,6.435,9.5,6.435,9.5,0.0,0.0,train,tier3
526,1998,Group Stage,1,0,1998-06-13,Stade de France,Netherlands,Belgium,1,UEFA,UEFA,1,0,0,1,1819.87,1757.52,62.34999999999991,0.5888,0.8,0.5,0.3,2.0,0.6,1.0,6.0,9.0,0.0,0.0,2.0,0.0,2.0,1.0,7.17,0.0,1,4.0,4.0,0.0,10,0.0,0.0,0.0,0.0,0.0,0.5,0.0,0.0,0.0,,,,,,,,,,,,,0.0,,,0,0,0,Draw,1,Full Time,,0.0,1.0,77000.0,1.0,1.0,0.0,0.0,0.0,0.0,0.0,0.0,0.0,0.0,0.0,0.0,0.0,0.0,0.0,0.0,0.0,0.0,26.0,26.0,6.435,9.5,6.435,9.5,0.0,0.0,train,tier3
526,1998,Group Stage,1,0,1998-06-13,Stade de France,Belgium,Netherlands,0,UEFA,UEFA,1,0,0,1,1757.52,1819.87,-62.34999999999991,0.4112,0.5,0.8,-0.3,1.0,0.8,2.0,9.0,6.0,0.0,0.0,0.0,2.0,1.0,2.0,4.11,1.0,1,4.0,4.0,0.0,10,0.0,0.0,0.0,0.0,0.0,0.5,0.0,0.0,0.0,,,,,,,,,,,,,0.0,,,0,0,0,Draw,1,Full Time,,0.0,1.0,77000.0,1.0,1.0,0.0,0.0,0.0,0.0,0.0,0.0,0.0,0.0,0.0,0.0,0.0,0.0,0.0,0.0,0.0,0.0,26.0,26.0,6.435,9.5,6.435,9.5,0.0,0.0,train,tier3
527,1998,Group Stage,1,0,1998-06-14,Stade Municipal,Argentina,Japan,1,CONMEBOL,AFC,0,0,0,1,1799.94,1751.19,48.75,0.5697,0.8,0.2,0.6,2.0,0.4,0.6,11.0,0.0,2.0,0.0,4.0,0.0,4.0,0.0,8.18,0.5,0,4.0,4.0,0.0,11,0.0,0.0,0.0,0.0,0.0,0.5,0.0,0.0,0.0,,,,,,,,,,,,,0.0,,,1,0,1,Win,2,Full Time,,1.0,1.0,33500.0,2.0,5.0,0.0,0.0,0.0,0.0,0.0,0.0,0.0,0.0,0.0,0.0,0.0,0.0,0.0,0.0,0.0,0.0,26.0,26.0,6.435,9.5,6.435,9.5,0.0,0.0,train,tier3
527,1998,Group Stage,1,0,1998-06-14,Stade Municipal,Japan,Argentina,0,AFC,CONMEBOL,0,0,0,1,1751.19,1799.94,-48.75,0.4303,0.2,0.8,-0.6,0.6,1.4,2.0,0.0,11.0,0.0,2.0,0.0,4.0,0.0,4.0,0.0,0.5,0,4.0,4.0,0.0,11,0.0,0.0,0.0,0.0,0.0,0.5,0.0,0.0,0.0,,,,,,,,,,,,,0.0,,,0,1,-1,Loss,0,Full Time,,0.0,1.0,33500.0,5.0,2.0,0.0,0.0,0.0,0.0,0.0,0.0,0.0,0.0,0.0,0.0,0.0,0.0,0.0,0.0,0.0,0.0,26.0,26.0,6.435,9.5,6.435,9.5,0.0,0.0,train,tier3
528,1998,Group Stage,1,0,1998-06-14,Stade Geoffroy Guichard,Yugoslavia,Iran,1,UEFA,AFC,0,0,0,1,1791.56,1837.16,-45.600000000000136,0.4348,0.5,0.4,0.1,1.6,1.4,0.6,8.0,1.0,0.0,0.0,0.0,0.0,2.0,0.0,6.88,0.5,0,4.0,4.0,0.0,12,0.0,0.0,0.0,0.0,0.0,0.5,0.0,0.0,0.0,,,,,,,,,,,,,0.0,,,1,0,1,Win,2,Full Time,,0.0,1.0,30600.0,1.0,5.0,0.0,0.0,0.0,0.0,0.0,0.0,0.0,0.0,0.0,0.0,0.0,0.0,0.0,0.0,0.0,0.0,26.0,26.0,6.435,9.5,6.435,9.5,0.0,0.0,train,tier3
528,1998,Group Stage,1,0,1998-06-14,Stade Geoffroy Guichard,Iran,Yugoslavia,0,AFC,UEFA,0,0,0,1,1837.16,1791.56,45.600000000000136,0.5652,0.4,0.5,-0.1,0.6,1.0,1.6,1.0,8.0,0.0,0.0,0.0,0.0,0.0,2.0,1.0,0.5,0,4.0,4.0,0.0,12,0.0,0.0,0.0,0.0,0.0,0.5,0.0,0.0,0.0,,,,,,,,,,,,,0.0,,,0,1,-1,Loss,0,Full Time,,0.0,1.0,30600.0,5.0,1.0,0.0,0.0,0.0,0.0,0.0,0.0,0.0,0.0,0.0,0.0,0.0,0.0,0.0,0.0,0.0,0.0,26.0,26.0,6.435,9.5,6.435,9.5,0.0,0.0,train,tier3
529,1998,Group Stage,1,0,1998-06-14,Stade Felix Bollaert,Jamaica,Croatia,1,CONCACAF,UEFA,0,0,0,1,1673.52,1759.36,-85.83999999999992,0.3789,0.2,0.9,-0.7,0.4,1.0,2.4,0.0,0.0,0.0,0.0,0.0,0.0,0.0,0.0,0.0,0.5,0,4.0,4.0,0.0,13,0.0,0.0,0.0,0.0,0.0,0.5,0.0,0.0,0.0,,,,,,,,,,,,,0.0,,,1,3,-2,Loss,0,Full Time,,1.0,1.0,38100.0,3.0,1.0,0.0,0.0,0.0,0.0,0.0,0.0,0.0,0.0,0.0,0.0,0.0,0.0,0.0,0.0,0.0,0.0,26.0,26.0,6.435,9.5,6.435,9.5,0.0,0.0,train,tier3
529,1998,Group Stage,1,0,1998-06-14,Stade Felix Bollaert,Croatia,Jamaica,0,UEFA,CONCACAF,0,0,0,1,1759.36,1673.52,85.83999999999992,0.6211,0.9,0.2,0.7,2.4,0.6,0.4,0.0,0.0,0.0,0.0,0.0,0.0,0.0,0.0,0.0,0.5,0,4.0,4.0,0.0,13,0.0,0.0,0.0,0.0,0.0,0.5,0.0,0.0,0.0,,,,,,,,,,,,,0.0,,,3,1,2,Win,2,Full Time,,1.0,1.0,38100.0,1.0,3.0,0.0,0.0,0.0,0.0,0.0,0.0,0.0,0.0,0.0,0.0,0.0,0.0,0.0,0.0,0.0,0.0,26.0,26.0,6.435,9.5,6.435,9.5,0.0,0.0,train,tier3
530,1998,Group Stage,1,0,1998-06-15,Stade Vï¿½lodrome,England,Tunisia,1,UEFA,CAF,0,0,0,1,1872.55,1684.27,188.28,0.7472,0.6,0.4,0.2,1.0,0.6,1.6,9.0,1.0,1.0,0.0,1.0,0.0,2.0,0.0,6.11,0.5,0,4.0,4.0,0.0,14,0.0,0.0,0.0,0.0,0.0,0.5,0.0,0.0,0.0,,,,,,,,,,,,,0.0,,,2,0,2,Win,2,Full Time,,1.0,1.0,55000.0,1.0,4.0,0.0,0.0,0.0,0.0,0.0,0.0,0.0,0.0,0.0,0.0,0.0,0.0,0.0,0.0,0.0,0.0,26.0,26.0,6.435,9.5,6.435,9.5,0.0,0.0,train,tier3
530,1998,Group Stage,1,0,1998-06-15,Stade Vï¿½lodrome,Tunisia,England,0,CAF,UEFA,0,0,0,1,1684.27,1872.55,-188.28,0.2528,0.4,0.6,-0.2,1.6,1.6,1.0,1.0,9.0,0.0,1.0,0.0,1.0,0.0,2.0,3.0,0.5,0,4.0,4.0,0.0,14,0.0,0.0,0.0,0.0,0.0,0.5,0.0,0.0,0.0,,,,,,,,,,,,,0.0,,,0,2,-2,Loss,0,Full Time,,0.0,1.0,55000.0,4.0,1.0,0.0,0.0,0.0,0.0,0.0,0.0,0.0,0.0,0.0,0.0,0.0,0.0,0.0,0.0,0.0,0.0,26.0,26.0,6.435,9.5,6.435,9.5,0.0,0.0,train,tier3
531,1998,Group Stage,1,0,1998-06-15,Stade de Gerland,Romania,Colombia,1,UEFA,CONMEBOL,0,0,0,1,1788.14,1668.4,119.74,0.6658,0.6,0.4,0.2,1.4,1.2,1.0,6.0,3.0,0.0,0.0,0.0,0.0,0.0,0.0,4.33,1.0,1,4.0,4.0,0.0,15,0.0,0.0,0.0,0.0,0.0,0.5,0.0,0.0,0.0,,,,,,,,,,,,,0.0,,,1,0,1,Win,2,Full Time,,1.0,1.0,39100.0,1.0,2.0,0.0,0.0,0.0,0.0,0.0,0.0,0.0,0.0,0.0,0.0,0.0,0.0,0.0,0.0,0.0,0.0,26.0,26.0,6.435,9.5,6.435,9.5,0.0,0.0,train,tier3
531,1998,Group Stage,1,0,1998-06-15,Stade de Gerland,Colombia,Romania,0,CONMEBOL,UEFA,0,0,0,1,1668.4,1788.14,-119.74,0.3342,0.4,0.6,-0.2,1.0,1.4,1.4,3.0,6.0,0.0,0.0,0.0,0.0,0.0,0.0,4.33,0.0,1,4.0,4.0,0.0,15,0.0,0.0,0.0,0.0,0.0,0.5,0.0,0.0,0.0,,,,,,,,,,,,,0.0,,,0,1,-1,Loss,0,Full Time,,0.0,1.0,39100.0,2.0,1.0,0.0,0.0,0.0,0.0,0.0,0.0,0.0,0.0,0.0,0.0,0.0,0.0,0.0,0.0,0.0,0.0,26.0,26.0,6.435,9.5,6.435,9.5,0.0,0.0,train,tier3
532,1998,Group Stage,1,0,1998-06-15,Parc des Princes,Germany,USA,1,UEFA,CONCACAF,0,0,0,1,1946.73,1500.0,446.73,0.929,0.7,0.5,0.2,1.6,0.6,1.5,3.0,5.0,0.0,0.0,0.0,0.0,1.0,1.0,7.67,0.5,0,4.0,4.0,0.0,16,0.0,0.0,0.0,0.0,0.0,0.5,0.0,0.0,0.0,,,,,,,,,,,,,0.0,,,2,0,2,Win,2,Full Time,,1.0,1.0,45500.0,1.0,3.0,0.0,0.0,0.0,0.0,0.0,0.0,0.0,0.0,0.0,0.0,0.0,0.0,0.0,0.0,0.0,0.0,26.0,26.0,6.435,9.5,6.435,9.5,0.0,0.0,train,tier3
532,1998,Group Stage,1,0,1998-06-15,Parc des Princes,USA,Germany,0,CONCACAF,UEFA,0,0,0,1,1500.0,1946.73,-446.73,0.071,0.5,0.7,-0.2,1.5,1.5,1.6,5.0,3.0,0.0,0.0,0.0,0.0,1.0,1.0,3.4,0.5,0,4.0,4.0,0.0,16,0.0,0.0,0.0,0.0,0.0,0.5,0.0,0.0,0.0,,,,,,,,,,,,,0.0,,,0,2,-2,Loss,0,Full Time,,0.0,1.0,45500.0,3.0,1.0,0.0,0.0,0.0,0.0,0.0,0.0,0.0,0.0,0.0,0.0,0.0,0.0,0.0,0.0,0.0,0.0,26.0,26.0,6.435,9.5,6.435,9.5,0.0,0.0,train,tier3
533,1998,Group Stage,1,0,1998-06-16,Stade du Parc Lescure,Scotland,Norway,1,UEFA,UEFA,1,0,0,1,1689.03,1790.99,-101.96000000000004,0.3573,0.4,0.8,-0.4,0.8,0.8,3.6,7.0,2.0,0.0,0.0,0.0,0.0,0.0,0.0,3.29,0.5,0,6.0,6.0,0.0,17,1.0,1.0,2.0,-1.0,0.0,0.0,1.0,0.0,0.0,,,,,,,,,,,,,0.0,,,1,1,0,Draw,1,Full Time,,0.0,1.0,31800.0,1.0,1.0,0.0,0.0,0.0,0.0,0.0,0.0,0.0,0.0,0.0,0.0,0.0,0.0,0.0,0.0,0.0,0.0,26.0,26.0,6.435,9.5,6.435,9.5,0.0,0.0,train,tier3
533,1998,Group Stage,1,0,1998-06-16,Stade du Parc Lescure,Norway,Scotland,0,UEFA,UEFA,1,0,0,1,1790.99,1689.03,101.96000000000004,0.6427,0.8,0.4,0.4,3.6,1.4,0.8,2.0,7.0,0.0,0.0,0.0,0.0,0.0,0.0,1.0,0.5,0,6.0,6.0,0.0,17,1.0,2.0,2.0,0.0,0.0,0.0,2.0,0.0,0.0,,,,,,,,,,,,,0.0,,,1,1,0,Draw,1,Full Time,,0.0,1.0,31800.0,1.0,1.0,0.0,0.0,0.0,0.0,0.0,0.0,0.0,0.0,0.0,0.0,0.0,0.0,0.0,0.0,0.0,0.0,26.0,26.0,6.435,9.5,6.435,9.5,0.0,0.0,train,tier3
534,1998,Group Stage,1,0,1998-06-16,La Beaujoire,Brazil,Morocco,1,CONMEBOL,CAF,0,0,0,1,2000.44,1762.31,238.1300000000001,0.7975,0.6,0.2,0.4,1.2,0.6,1.0,15.0,3.0,4.0,0.0,4.0,0.0,7.0,0.0,10.6,0.5,0,6.0,6.0,0.0,18,1.0,2.0,1.0,1.0,1.0,1.0,2.0,0.0,0.0,,,,,,,,,,,,,0.0,,,3,0,3,Win,2,Full Time,,2.0,1.0,35500.0,2.0,4.0,0.0,0.0,0.0,0.0,0.0,0.0,0.0,0.0,0.0,0.0,0.0,0.0,0.0,0.0,0.0,0.0,26.0,26.0,6.435,9.5,6.435,9.5,0.0,0.0,train,tier3
534,1998,Group Stage,1,0,1998-06-16,La Beaujoire,Morocco,Brazil,0,CAF,CONMEBOL,0,0,0,1,1762.31,2000.44,-238.1300000000001,0.2025,0.2,0.6,-0.4,1.0,1.6,1.2,3.0,15.0,0.0,4.0,0.0,4.0,0.0,7.0,2.33,0.5,0,6.0,6.0,0.0,18,1.0,2.0,2.0,0.0,0.0,0.0,2.0,0.0,0.0,,,,,,,,,,,,,0.0,,,0,3,-3,Loss,0,Full Time,,0.0,1.0,35500.0,4.0,2.0,0.0,0.0,0.0,0.0,0.0,0.0,0.0,0.0,0.0,0.0,0.0,0.0,0.0,0.0,0.0,0.0,26.0,26.0,6.435,9.5,6.435,9.5,0.0,0.0,train,tier3
535,1998,Group Stage,1,0,1998-06-17,Stade Geoffroy Guichard,Chile,Austria,1,CONMEBOL,UEFA,0,0,0,1,1720.1,1694.95,25.149999999999864,0.5361,0.6,0.6,0.0,1.4,1.2,2.8,6.0,6.0,0.0,0.0,0.0,0.0,1.0,2.0,4.33,0.0,1,6.0,6.0,0.0,19,1.0,2.0,2.0,0.0,0.0,0.0,2.0,0.0,0.0,,,,,,,,,,,,,0.0,,,1,1,0,Draw,1,Full Time,,0.0,1.0,30600.0,2.0,1.0,0.0,0.0,0.0,0.0,0.0,0.0,0.0,0.0,0.0,0.0,0.0,0.0,0.0,0.0,0.0,0.0,26.0,26.0,6.435,9.5,6.435,9.5,0.0,0.0,train,tier3
535,1998,Group Stage,1,0,1998-06-17,Stade Geoffroy Guichard,Austria,Chile,0,UEFA,CONMEBOL,0,0,0,1,1694.95,1720.1,-25.149999999999864,0.4639,0.6,0.6,0.0,2.8,1.4,1.4,6.0,6.0,0.0,0.0,0.0,0.0,2.0,1.0,6.67,1.0,1,6.0,6.0,0.0,19,1.0,1.0,1.0,0.0,0.0,0.0,1.0,0.0,0.0,,,,,,,,,,,,,0.0,,,1,1,0,Draw,1,Full Time,,0.0,1.0,30600.0,1.0,2.0,0.0,0.0,0.0,0.0,0.0,0.0,0.0,0.0,0.0,0.0,0.0,0.0,0.0,0.0,0.0,0.0,26.0,26.0,6.435,9.5,6.435,9.5,0.0,0.0,train,tier3
536,1998,Group Stage,1,0,1998-06-17,La Mosson,Italy,Cameroon,1,UEFA,CAF,0,0,0,1,1840.52,1655.06,185.46000000000004,0.7441,0.7,0.8,-0.1,1.6,0.6,1.4,13.0,3.0,3.0,0.0,5.0,0.0,7.0,0.0,7.46,0.0,1,6.0,6.0,0.0,20,1.0,2.0,2.0,0.0,0.0,0.0,2.0,0.0,0.0,,,,,,,,,,,,,0.0,,,3,0,3,Win,2,Full Time,,1.0,1.0,29800.0,1.0,4.0,0.0,0.0,0.0,0.0,0.0,0.0,0.0,0.0,0.0,0.0,0.0,0.0,0.0,0.0,0.0,0.0,26.0,26.0,6.435,9.5,6.435,9.5,0.0,0.0,train,tier3
536,1998,Group Stage,1,0,1998-06-17,La Mosson,Cameroon,Italy,0,CAF,UEFA,0,0,0,1,1655.06,1840.52,-185.46000000000004,0.2559,0.8,0.7,0.1,1.4,0.4,1.6,3.0,13.0,0.0,3.0,0.0,5.0,0.0,7.0,3.67,1.0,1,6.0,6.0,0.0,20,1.0,1.0,1.0,0.0,0.0,0.0,1.0,0.0,0.0,,,,,,,,,,,,,0.0,,,0,3,-3,Loss,0,Full Time,,0.0,1.0,29800.0,4.0,1.0,0.0,0.0,0.0,0.0,0.0,0.0,0.0,0.0,0.0,0.0,0.0,0.0,0.0,0.0,0.0,0.0,26.0,26.0,6.435,9.5,6.435,9.5,0.0,0.0,train,tier3
537,1998,Group Stage,1,0,1998-06-18,Stade Municipal,South Africa,Denmark,1,CAF,UEFA,0,0,0,1,1673.79,1805.66,-131.87000000000012,0.3188,0.4,0.3,0.1,0.8,1.4,0.4,0.0,1.0,0.0,0.0,0.0,0.0,0.0,0.0,0.0,0.5,0,6.0,6.0,0.0,21,1.0,0.0,3.0,-3.0,0.0,0.0,0.0,0.0,0.0,,,,,,,,,,,,,0.0,,,1,1,0,Draw,1,Full Time,,0.0,1.0,33500.0,4.0,1.0,0.0,0.0,0.0,0.0,0.0,0.0,0.0,0.0,0.0,0.0,0.0,0.0,0.0,0.0,0.0,0.0,26.0,26.0,6.435,9.5,6.435,9.5,0.0,0.0,train,tier3
537,1998,Group Stage,1,0,1998-06-18,Stade Municipal,Denmark,South Africa,0,UEFA,CAF,0,0,0,1,1805.66,1673.79,131.87000000000012,0.6812,0.3,0.4,-0.1,0.4,1.4,0.8,1.0,0.0,0.0,0.0,0.0,0.0,0.0,0.0,10.0,0.5,0,6.0,6.0,0.0,21,1.0,1.0,0.0,1.0,1.0,1.0,1.0,0.0,0.0,,,,,,,,,,,,,0.0,,,1,1,0,Draw,1,Full Time,,1.0,1.0,33500.0,1.0,4.0,0.0,0.0,0.0,0.0,0.0,0.0,0.0,0.0,0.0,0.0,0.0,0.0,0.0,0.0,0.0,0.0,26.0,26.0,6.435,9.5,6.435,9.5,0.0,0.0,train,tier3
538,1998,Group Stage,1,0,1998-06-18,Stade de France,France,Saudi Arabia,1,UEFA,AFC,0,1,0,0,1890.58,1720.24,170.33999999999992,0.7272,0.6,0.5,0.1,0.8,0.6,0.6,9.0,1.0,0.0,0.0,0.0,0.0,3.0,0.0,7.89,0.5,0,6.0,6.0,0.0,22,1.0,3.0,0.0,3.0,1.0,1.0,3.0,0.0,0.0,,,,,,,,,,,,,0.0,,,4,0,4,Win,2,Full Time,,1.0,1.0,80000.0,1.0,5.0,0.0,0.0,0.0,0.0,0.0,0.0,0.0,0.0,0.0,0.0,0.0,0.0,0.0,0.0,0.0,0.0,26.0,26.0,6.435,9.5,6.435,9.5,0.0,0.0,train,tier3
538,1998,Group Stage,1,0,1998-06-18,Stade de France,Saudi Arabia,France,0,AFC,UEFA,0,0,1,0,1720.24,1890.58,-170.33999999999992,0.2728,0.5,0.6,-0.1,0.6,1.6,0.8,1.0,9.0,0.0,0.0,0.0,0.0,0.0,3.0,5.0,0.5,0,6.0,6.0,0.0,22,1.0,0.0,1.0,-1.0,0.0,0.0,0.0,0.0,0.0,,,,,,,,,,,,,0.0,,,0,4,-4,Loss,0,Full Time,,0.0,1.0,80000.0,5.0,1.0,0.0,0.0,0.0,0.0,0.0,0.0,0.0,0.0,0.0,0.0,0.0,0.0,0.0,0.0,0.0,0.0,26.0,26.0,6.435,9.5,6.435,9.5,0.0,0.0,train,tier3
539,1998,Group Stage,1,0,1998-06-19,Parc des Princes,Nigeria,Bulgaria,1,CAF,UEFA,0,0,0,1,1719.69,1717.69,2.0,0.5029,0.3,0.5,-0.2,0.8,2.2,1.0,1.0,6.0,0.0,0.0,0.0,0.0,0.0,1.0,7.0,1.0,1,6.0,7.0,-1.0,23,1.0,3.0,2.0,1.0,1.0,1.0,3.0,0.0,0.0,,,,,,,,,,,,,0.0,,,1,0,1,Win,2,Full Time,,1.0,1.0,45500.0,4.0,1.0,0.0,0.0,0.0,0.0,0.0,0.0,0.0,0.0,0.0,0.0,0.0,0.0,0.0,0.0,0.0,0.0,26.0,26.0,6.435,9.5,6.435,9.5,0.0,0.0,train,tier3
539,1998,Group Stage,1,0,1998-06-19,Parc des Princes,Bulgaria,Nigeria,0,UEFA,CAF,0,0,0,1,1717.69,1719.69,-2.0,0.4971,0.5,0.3,0.2,1.0,1.0,0.8,6.0,1.0,0.0,0.0,0.0,0.0,1.0,0.0,3.5,0.0,1,7.0,6.0,1.0,23,1.0,0.0,0.0,0.0,0.0,0.0,0.0,0.0,0.0,,,,,,,,,,,,,0.0,,,0,1,-1,Loss,0,Full Time,,0.0,1.0,45500.0,1.0,4.0,0.0,0.0,0.0,0.0,0.0,0.0,0.0,0.0,0.0,0.0,0.0,0.0,0.0,0.0,0.0,0.0,26.0,26.0,6.435,9.5,6.435,9.5,0.0,0.0,train,tier3
540,1998,Group Stage,1,0,1998-06-19,Stade Geoffroy Guichard,Spain,Paraguay,1,UEFA,CONMEBOL,0,0,0,1,1847.48,1644.59,202.8900000000001,0.7628,0.7,0.1,0.6,2.4,0.8,0.8,9.0,4.0,0.0,0.0,0.0,0.0,0.0,0.0,5.89,0.5,0,6.0,7.0,-1.0,24,1.0,2.0,3.0,-1.0,0.0,0.0,2.0,0.0,0.0,,,,,,,,,,,,,0.0,,,0,0,0,Draw,1,Full Time,,0.0,1.0,30600.0,1.0,2.0,0.0,0.0,0.0,0.0,0.0,0.0,0.0,0.0,0.0,0.0,0.0,0.0,0.0,0.0,0.0,0.0,26.0,26.0,6.435,9.5,6.435,9.5,0.0,0.0,train,tier3
540,1998,Group Stage,1,0,1998-06-19,Stade Geoffroy Guichard,Paraguay,Spain,0,CONMEBOL,UEFA,0,0,0,1,1644.59,1847.48,-202.8900000000001,0.2372,0.1,0.7,-0.6,0.8,2.2,2.4,4.0,9.0,0.0,0.0,0.0,0.0,0.0,0.0,4.0,0.5,0,7.0,6.0,1.0,24,1.0,0.0,0.0,0.0,0.0,0.0,0.0,0.0,0.0,,,,,,,,,,,,,0.0,,,0,0,0,Draw,1,Full Time,,0.0,1.0,30600.0,2.0,1.0,0.0,0.0,0.0,0.0,0.0,0.0,0.0,0.0,0.0,0.0,0.0,0.0,0.0,0.0,0.0,0.0,26.0,26.0,6.435,9.5,6.435,9.5,0.0,0.0,train,tier3
541,1998,Group Stage,1,0,1998-06-20,La Beaujoire,Japan,Croatia,1,AFC,UEFA,0,0,0,1,1725.37,1782.1,-56.73000000000002,0.4191,0.2,0.9,-0.7,0.6,1.2,3.2,0.0,0.0,0.0,0.0,0.0,0.0,0.0,0.0,0.0,0.5,0,6.0,6.0,0.0,25,1.0,0.0,1.0,-1.0,0.0,0.0,0.0,0.0,0.0,,,,,,,,,,,,,0.0,,,0,1,-1,Loss,0,Full Time,,0.0,1.0,35500.0,5.0,1.0,0.0,0.0,0.0,0.0,0.0,0.0,0.0,0.0,0.0,0.0,0.0,0.0,0.0,0.0,0.0,0.0,26.0,26.0,6.435,9.5,6.435,9.5,0.0,0.0,train,tier3
541,1998,Group Stage,1,0,1998-06-20,La Beaujoire,Croatia,Japan,0,UEFA,AFC,0,0,0,1,1782.1,1725.37,56.73000000000002,0.5809,0.9,0.2,0.7,3.2,0.4,0.6,0.0,0.0,0.0,0.0,0.0,0.0,0.0,0.0,0.0,0.5,0,6.0,6.0,0.0,25,1.0,3.0,1.0,2.0,1.0,1.0,3.0,0.0,0.0,,,,,,,,,,,,,0.0,,,1,0,1,Win,2,Full Time,,0.0,1.0,35500.0,1.0,5.0,0.0,0.0,0.0,0.0,0.0,0.0,0.0,0.0,0.0,0.0,0.0,0.0,0.0,0.0,0.0,0.0,26.0,26.0,6.435,9.5,6.435,9.5,0.0,0.0,train,tier3
542,1998,Group Stage,1,0,1998-06-20,Stade du Parc Lescure,Belgium,Mexico,1,UEFA,CONCACAF,0,0,0,1,1762.85,1793.17,-30.320000000000164,0.4565,0.6,0.6,0.0,0.8,0.4,2.0,9.0,10.0,0.0,0.0,0.0,0.0,1.0,0.0,4.11,0.0,2,7.0,7.0,0.0,26,1.0,0.0,0.0,0.0,0.0,0.0,0.0,0.0,0.0,,,,,,,,,,,,,0.0,,,2,2,0,Draw,1,Full Time,,1.0,1.0,31800.0,1.0,3.0,0.0,0.0,0.0,0.0,0.0,0.0,0.0,0.0,0.0,0.0,0.0,0.0,0.0,0.0,0.0,0.0,26.0,26.0,6.435,9.5,6.435,9.5,0.0,0.0,train,tier3
542,1998,Group Stage,1,0,1998-06-20,Stade du Parc Lescure,Mexico,Belgium,0,CONCACAF,UEFA,0,0,0,1,1793.17,1762.85,30.320000000000164,0.5435,0.6,0.6,0.0,2.0,1.2,0.8,10.0,9.0,0.0,0.0,0.0,0.0,0.0,1.0,3.1,1.0,2,7.0,7.0,0.0,26,1.0,3.0,1.0,2.0,1.0,1.0,3.0,0.0,0.0,,,,,,,,,,,,,0.0,,,2,2,0,Draw,1,Full Time,,0.0,1.0,31800.0,3.0,1.0,0.0,0.0,0.0,0.0,0.0,0.0,0.0,0.0,0.0,0.0,0.0,0.0,0.0,0.0,0.0,0.0,26.0,26.0,6.435,9.5,6.435,9.5,0.0,0.0,train,tier3
543,1998,Group Stage,1,0,1998-06-20,Stade Vï¿½lodrome,Netherlands,Korea Republic,1,UEFA,AFC,0,0,0,1,1938.39,1500.0,438.3900000000001,0.9258,0.9,0.5,0.4,3.0,0.8,1.5,6.0,4.0,0.0,0.0,2.0,0.0,2.0,0.0,7.17,0.5,0,7.0,7.0,0.0,27,1.0,0.0,0.0,0.0,0.0,0.0,0.0,0.0,0.0,,,,,,,,,,,,,0.0,,,5,0,5,Win,2,Full Time,,2.0,1.0,55000.0,1.0,5.0,0.0,0.0,0.0,0.0,0.0,0.0,0.0,0.0,0.0,0.0,0.0,0.0,0.0,0.0,0.0,0.0,26.0,26.0,6.435,9.5,6.435,9.5,0.0,0.0,train,tier3
543,1998,Group Stage,1,0,1998-06-20,Stade Vï¿½lodrome,Korea Republic,Netherlands,0,AFC,UEFA,0,0,0,1,1500.0,1938.39,-438.3900000000001,0.0742,0.5,0.9,-0.4,1.5,1.5,3.0,4.0,6.0,0.0,0.0,0.0,2.0,0.0,2.0,2.25,0.5,0,7.0,7.0,0.0,27,1.0,1.0,3.0,-2.0,0.0,0.0,1.0,0.0,0.0,,,,,,,,,,,,,0.0,,,0,5,-5,Loss,0,Full Time,,0.0,1.0,55000.0,5.0,1.0,0.0,0.0,0.0,0.0,0.0,0.0,0.0,0.0,0.0,0.0,0.0,0.0,0.0,0.0,0.0,0.0,26.0,26.0,6.435,9.5,6.435,9.5,0.0,0.0,train,tier3
544,1998,Group Stage,1,0,1998-06-21,Stade Felix Bollaert,Germany,Yugoslavia,1,UEFA,UEFA,1,0,0,1,1946.73,1791.56,155.17000000000007,0.7096,0.7,0.5,0.2,2.4,0.6,1.6,3.0,8.0,0.0,0.0,0.0,0.0,1.0,2.0,7.67,0.8,5,6.0,7.0,-1.0,28,1.0,2.0,0.0,2.0,1.0,1.0,2.0,0.0,0.0,,,,,,,,,,,,,0.0,,,2,2,0,Draw,1,Full Time,,0.0,1.0,38100.0,1.0,1.0,0.0,0.0,0.0,0.0,0.0,0.0,0.0,0.0,0.0,0.0,0.0,0.0,0.0,0.0,0.0,0.0,26.0,26.0,6.435,9.5,6.435,9.5,0.0,0.0,train,tier3
544,1998,Group Stage,1,0,1998-06-21,Stade Felix Bollaert,Yugoslavia,Germany,0,UEFA,UEFA,1,0,0,1,1791.56,1946.73,-155.17000000000007,0.2904,0.5,0.7,-0.2,1.6,1.4,2.4,8.0,3.0,0.0,0.0,0.0,0.0,2.0,1.0,6.88,0.1999999999999999,5,7.0,6.0,1.0,28,1.0,1.0,0.0,1.0,1.0,1.0,1.0,0.0,0.0,,,,,,,,,,,,,0.0,,,2,2,0,Draw,1,Full Time,,1.0,1.0,38100.0,1.0,1.0,0.0,0.0,0.0,0.0,0.0,0.0,0.0,0.0,0.0,0.0,0.0,0.0,0.0,0.0,0.0,0.0,26.0,26.0,6.435,9.5,6.435,9.5,0.0,0.0,train,tier3
545,1998,Group Stage,1,0,1998-06-21,Parc des Princes,Argentina,Jamaica,1,CONMEBOL,CONCACAF,0,0,0,1,1825.76,1650.78,174.98000000000002,0.7325,1.0,0.2,0.8,2.2,0.0,0.4,11.0,0.0,2.0,0.0,4.0,0.0,4.0,0.0,8.18,0.5,0,7.0,7.0,0.0,29,1.0,1.0,0.0,1.0,1.0,1.0,1.0,0.0,0.0,,,,,,,,,,,,,0.0,,,5,0,5,Win,2,Full Time,,1.0,1.0,45500.0,2.0,3.0,0.0,0.0,0.0,0.0,0.0,0.0,0.0,0.0,0.0,0.0,0.0,0.0,0.0,0.0,0.0,0.0,26.0,26.0,6.435,9.5,6.435,9.5,0.0,0.0,train,tier3
545,1998,Group Stage,1,0,1998-06-21,Parc des Princes,Jamaica,Argentina,0,CONCACAF,CONMEBOL,0,0,0,1,1650.78,1825.76,-174.98000000000002,0.2675,0.2,1.0,-0.8,0.4,1.0,2.2,0.0,11.0,0.0,2.0,0.0,4.0,0.0,4.0,0.0,0.5,0,7.0,7.0,0.0,29,1.0,1.0,3.0,-2.0,0.0,0.0,1.0,0.0,0.0,,,,,,,,,,,,,0.0,,,0,5,-5,Loss,0,Full Time,,0.0,1.0,45500.0,3.0,2.0,0.0,0.0,0.0,0.0,0.0,0.0,0.0,0.0,0.0,0.0,0.0,0.0,0.0,0.0,0.0,0.0,26.0,26.0,6.435,9.5,6.435,9.5,0.0,0.0,train,tier3
546,1998,Group Stage,1,0,1998-06-21,Stade de Gerland,USA,Iran,1,CONCACAF,AFC,0,0,0,1,1500.0,1837.16,-337.1600000000001,0.1256,0.5,0.4,0.1,1.5,1.5,0.6,5.0,1.0,0.0,0.0,0.0,0.0,1.0,0.0,3.4,0.5,0,6.0,7.0,-1.0,30,1.0,0.0,2.0,-2.0,0.0,0.0,0.0,0.0,0.0,,,,,,,,,,,,,0.0,,,1,2,-1,Loss,0,Full Time,,0.0,1.0,39100.0,3.0,5.0,0.0,0.0,0.0,0.0,0.0,0.0,0.0,0.0,0.0,0.0,0.0,0.0,0.0,0.0,0.0,0.0,26.0,26.0,6.435,9.5,6.435,9.5,0.0,0.0,train,tier3
546,1998,Group Stage,1,0,1998-06-21,Stade de Gerland,Iran,USA,0,AFC,CONCACAF,0,0,0,1,1837.16,1500.0,337.1600000000001,0.8744,0.4,0.5,-0.1,0.6,1.2,1.5,1.0,5.0,0.0,0.0,0.0,0.0,0.0,1.0,1.0,0.5,0,7.0,6.0,1.0,30,1.0,0.0,1.0,-1.0,0.0,0.0,0.0,0.0,0.0,,,,,,,,,,,,,0.0,,,2,1,1,Win,2,Full Time,,1.0,1.0,39100.0,5.0,3.0,0.0,0.0,0.0,0.0,0.0,0.0,0.0,0.0,0.0,0.0,0.0,0.0,0.0,0.0,0.0,0.0,26.0,26.0,6.435,9.5,6.435,9.5,0.0,0.0,train,tier3
547,1998,Group Stage,1,0,1998-06-22,La Mosson,Colombia,Tunisia,1,CONMEBOL,CAF,0,0,0,1,1648.35,1669.1,-20.75,0.4702,0.3,0.4,-0.1,0.8,1.6,1.8,3.0,1.0,0.0,0.0,0.0,0.0,0.0,0.0,4.33,0.5,0,7.0,7.0,0.0,31,1.0,0.0,1.0,-1.0,0.0,0.0,0.0,0.0,0.0,,,,,,,,,,,,,0.0,,,1,0,1,Win,2,Full Time,,0.0,1.0,29800.0,2.0,4.0,0.0,0.0,0.0,0.0,0.0,0.0,0.0,0.0,0.0,0.0,0.0,0.0,0.0,0.0,0.0,0.0,26.0,26.0,6.435,9.5,6.435,9.5,0.0,0.0,train,tier3
547,1998,Group Stage,1,0,1998-06-22,La Mosson,Tunisia,Colombia,0,CAF,CONMEBOL,0,0,0,1,1669.1,1648.35,20.75,0.5298,0.4,0.3,0.1,1.8,1.4,0.8,1.0,3.0,0.0,0.0,0.0,0.0,0.0,0.0,3.0,0.5,0,7.0,7.0,0.0,31,1.0,0.0,2.0,-2.0,0.0,0.0,0.0,0.0,0.0,,,,,,,,,,,,,0.0,,,0,1,-1,Loss,0,Full Time,,0.0,1.0,29800.0,4.0,2.0,0.0,0.0,0.0,0.0,0.0,0.0,0.0,0.0,0.0,0.0,0.0,0.0,0.0,0.0,0.0,0.0,26.0,26.0,6.435,9.5,6.435,9.5,0.0,0.0,train,tier3
548,1998,Group Stage,1,0,1998-06-22,Stade Municipal,Romania,England,1,UEFA,UEFA,1,0,0,1,1808.19,1887.72,-79.52999999999997,0.3875,0.7,0.7,0.0,2.2,1.2,1.0,6.0,9.0,0.0,1.0,0.0,1.0,0.0,2.0,4.33,0.0,1,7.0,7.0,0.0,32,1.0,1.0,0.0,1.0,1.0,1.0,1.0,0.0,0.0,,,,,,,,,,,,,0.0,,,2,1,1,Win,2,Full Time,,0.0,1.0,33500.0,1.0,1.0,0.0,0.0,0.0,0.0,0.0,0.0,0.0,0.0,0.0,0.0,0.0,0.0,0.0,0.0,0.0,0.0,26.0,26.0,6.435,9.5,6.435,9.5,0.0,0.0,train,tier3
548,1998,Group Stage,1,0,1998-06-22,Stade Municipal,England,Romania,0,UEFA,UEFA,1,0,0,1,1887.72,1808.19,79.52999999999997,0.6125,0.7,0.7,0.0,1.0,0.2,2.2,9.0,6.0,1.0,0.0,1.0,0.0,2.0,0.0,6.11,1.0,1,7.0,7.0,0.0,32,1.0,2.0,0.0,2.0,1.0,1.0,2.0,0.0,0.0,,,,,,,,,,,,,0.0,,,1,2,-1,Loss,0,Full Time,,0.0,1.0,33500.0,1.0,1.0,0.0,0.0,0.0,0.0,0.0,0.0,0.0,0.0,0.0,0.0,0.0,0.0,0.0,0.0,0.0,0.0,26.0,26.0,6.435,9.5,6.435,9.5,0.0,0.0,train,tier3
549,1998,Group Stage,1,0,1998-06-23,Stade de France,Italy,Austria,1,UEFA,UEFA,1,0,0,1,1855.87,1697.12,158.75,0.7138,0.7,0.5,0.2,1.8,0.8,2.2,13.0,6.0,3.0,0.0,5.0,0.0,7.0,2.0,7.46,1.0,3,6.0,6.0,0.0,33,2.0,5.0,2.0,3.0,1.0,0.5,2.5,0.0,0.0,,,,,,,,,,,,,0.0,,,2,1,1,Win,2,Full Time,,0.0,1.0,80000.0,1.0,1.0,0.0,0.0,0.0,0.0,0.0,0.0,0.0,0.0,0.0,0.0,0.0,0.0,0.0,0.0,0.0,0.0,26.0,26.0,6.435,9.5,6.435,9.5,0.0,0.0,train,tier3
549,1998,Group Stage,1,0,1998-06-23,Stade de France,Austria,Italy,0,UEFA,UEFA,1,0,0,1,1697.12,1855.87,-158.75,0.2862,0.5,0.7,-0.2,2.2,1.6,1.8,6.0,13.0,0.0,3.0,0.0,5.0,2.0,7.0,6.67,0.0,3,6.0,6.0,0.0,33,2.0,2.0,2.0,0.0,0.0,0.0,1.0,0.0,0.0,,,,,,,,,,,,,0.0,,,1,2,-1,Loss,0,Full Time,,0.0,1.0,80000.0,1.0,1.0,0.0,0.0,0.0,0.0,0.0,0.0,0.0,0.0,0.0,0.0,0.0,0.0,0.0,0.0,0.0,0.0,26.0,26.0,6.435,9.5,6.435,9.5,0.0,0.0,train,tier3
550,1998,Group Stage,1,0,1998-06-23,La Beaujoire,Chile,Cameroon,1,CONMEBOL,CAF,0,0,0,1,1717.93,1639.71,78.22000000000003,0.6107,0.5,0.7,-0.2,1.6,1.6,1.2,6.0,3.0,0.0,0.0,0.0,0.0,1.0,0.0,4.33,0.5,0,6.0,6.0,0.0,34,2.0,3.0,3.0,0.0,0.0,0.0,1.5,0.0,0.0,,,,,,,,,,,,,0.0,,,1,1,0,Draw,1,Full Time,,1.0,1.0,35500.0,2.0,4.0,0.0,0.0,0.0,0.0,0.0,0.0,0.0,0.0,0.0,0.0,0.0,0.0,0.0,0.0,0.0,0.0,26.0,26.0,6.435,9.5,6.435,9.5,0.0,0.0,train,tier3
550,1998,Group Stage,1,0,1998-06-23,La Beaujoire,Cameroon,Chile,0,CAF,CONMEBOL,0,0,0,1,1639.71,1717.93,-78.22000000000003,0.3893,0.7,0.5,0.2,1.2,0.6,1.6,3.0,6.0,0.0,0.0,0.0,0.0,0.0,1.0,3.67,0.5,0,6.0,6.0,0.0,34,2.0,1.0,4.0,-3.0,0.0,0.0,0.5,0.0,0.0,,,,,,,,,,,,,0.0,,,1,1,0,Draw,1,Full Time,,0.0,1.0,35500.0,4.0,2.0,0.0,0.0,0.0,0.0,0.0,0.0,0.0,0.0,0.0,0.0,0.0,0.0,0.0,0.0,0.0,0.0,26.0,26.0,6.435,9.5,6.435,9.5,0.0,0.0,train,tier3
551,1998,Group Stage,1,0,1998-06-23,Stade Geoffroy Guichard,Scotland,Morocco,1,UEFA,CAF,0,0,0,1,1697.59,1750.16,-52.57000000000016,0.4249,0.2,0.3,-0.1,0.6,1.2,1.2,7.0,3.0,0.0,0.0,0.0,0.0,0.0,0.0,3.29,0.5,0,7.0,7.0,0.0,35,2.0,2.0,3.0,-1.0,0.0,0.0,1.0,0.0,0.0,,,,,,,,,,,,,0.0,,,0,3,-3,Loss,0,Full Time,,0.0,1.0,30600.0,1.0,4.0,0.0,0.0,0.0,0.0,0.0,0.0,0.0,0.0,0.0,0.0,0.0,0.0,0.0,0.0,0.0,0.0,26.0,26.0,6.435,9.5,6.435,9.5,0.0,0.0,train,tier3
551,1998,Group Stage,1,0,1998-06-23,Stade Geoffroy Guichard,Morocco,Scotland,0,CAF,UEFA,0,0,0,1,1750.16,1697.59,52.57000000000016,0.5751,0.3,0.2,0.1,1.2,1.6,0.6,3.0,7.0,0.0,0.0,0.0,0.0,0.0,0.0,2.33,0.5,0,7.0,7.0,0.0,35,2.0,2.0,5.0,-3.0,0.0,0.0,1.0,0.0,0.0,,,,,,,,,,,,,0.0,,,3,0,3,Win,2,Full Time,,1.0,1.0,30600.0,4.0,1.0,0.0,0.0,0.0,0.0,0.0,0.0,0.0,0.0,0.0,0.0,0.0,0.0,0.0,0.0,0.0,0.0,26.0,26.0,6.435,9.5,6.435,9.5,0.0,0.0,train,tier3
552,1998,Group Stage,1,0,1998-06-23,Stade Vï¿½lodrome,Brazil,Norway,1,CONMEBOL,UEFA,0,0,0,1,2012.59,1782.43,230.15999999999983,0.79,0.8,0.8,0.0,1.6,0.6,3.4,15.0,2.0,4.0,0.0,4.0,0.0,7.0,0.0,10.6,0.5,0,7.0,7.0,0.0,36,2.0,5.0,1.0,4.0,2.0,1.0,2.5,0.0,0.0,,,,,,,,,,,,,0.0,,,1,2,-1,Loss,0,Full Time,,0.0,1.0,55000.0,2.0,1.0,0.0,0.0,0.0,0.0,0.0,0.0,0.0,0.0,0.0,0.0,0.0,0.0,0.0,0.0,0.0,0.0,26.0,26.0,6.435,9.5,6.435,9.5,0.0,0.0,train,tier3
552,1998,Group Stage,1,0,1998-06-23,Stade Vï¿½lodrome,Norway,Brazil,0,UEFA,CONMEBOL,0,0,0,1,1782.43,2012.59,-230.15999999999983,0.21,0.8,0.8,0.0,3.4,1.2,1.6,2.0,15.0,0.0,4.0,0.0,4.0,0.0,7.0,1.0,0.5,0,7.0,7.0,0.0,36,2.0,3.0,3.0,0.0,0.0,0.0,1.5,0.0,0.0,,,,,,,,,,,,,0.0,,,2,1,1,Win,2,Full Time,,0.0,1.0,55000.0,1.0,2.0,0.0,0.0,0.0,0.0,0.0,0.0,0.0,0.0,0.0,0.0,0.0,0.0,0.0,0.0,0.0,0.0,26.0,26.0,6.435,9.5,6.435,9.5,0.0,0.0,train,tier3
553,1998,Group Stage,1,0,1998-06-24,Stade de Gerland,France,Denmark,1,UEFA,UEFA,1,1,0,0,1906.95,1794.79,112.16000000000008,0.656,0.8,0.4,0.4,1.4,0.4,0.6,9.0,1.0,0.0,0.0,0.0,0.0,3.0,0.0,7.89,0.5,0,6.0,6.0,0.0,37,2.0,7.0,0.0,7.0,2.0,1.0,3.5,0.0,0.0,,,,,,,,,,,,,0.0,,,2,1,1,Win,2,Full Time,,1.0,1.0,39100.0,1.0,1.0,0.0,0.0,0.0,0.0,0.0,0.0,0.0,0.0,0.0,0.0,0.0,0.0,0.0,0.0,0.0,0.0,26.0,26.0,6.435,9.5,6.435,9.5,0.0,0.0,train,tier3
553,1998,Group Stage,1,0,1998-06-24,Stade de Gerland,Denmark,France,0,UEFA,UEFA,1,0,1,0,1794.79,1906.95,-112.16000000000008,0.344,0.4,0.8,-0.4,0.6,1.4,1.4,1.0,9.0,0.0,0.0,0.0,0.0,0.0,3.0,10.0,0.5,0,6.0,6.0,0.0,37,2.0,2.0,1.0,1.0,1.0,0.5,1.0,0.0,0.0,,,,,,,,,,,,,0.0,,,1,2,-1,Loss,0,Full Time,,1.0,1.0,39100.0,1.0,1.0,0.0,0.0,0.0,0.0,0.0,0.0,0.0,0.0,0.0,0.0,0.0,0.0,0.0,0.0,0.0,0.0,26.0,26.0,6.435,9.5,6.435,9.5,0.0,0.0,train,tier3
554,1998,Group Stage,1,0,1998-06-24,Stade du Parc Lescure,South Africa,Saudi Arabia,1,CAF,AFC,0,0,0,1,1684.66,1703.87,-19.20999999999981,0.4724,0.2,0.4,-0.2,0.4,1.8,0.4,0.0,1.0,0.0,0.0,0.0,0.0,0.0,0.0,0.0,0.5,0,6.0,6.0,0.0,38,2.0,1.0,4.0,-3.0,0.0,0.0,0.5,0.0,0.0,,,,,,,,,,,,,0.0,,,2,2,0,Draw,1,Full Time,,1.0,1.0,31800.0,4.0,5.0,0.0,0.0,0.0,0.0,0.0,0.0,0.0,0.0,0.0,0.0,0.0,0.0,0.0,0.0,0.0,0.0,26.0,26.0,6.435,9.5,6.435,9.5,0.0,0.0,train,tier3
554,1998,Group Stage,1,0,1998-06-24,Stade du Parc Lescure,Saudi Arabia,South Africa,0,AFC,CAF,0,0,0,1,1703.87,1684.66,19.20999999999981,0.5276,0.4,0.2,0.2,0.4,1.6,0.4,1.0,0.0,0.0,0.0,0.0,0.0,0.0,0.0,5.0,0.5,0,6.0,6.0,0.0,38,2.0,0.0,5.0,-5.0,0.0,0.0,0.0,0.0,0.0,,,,,,,,,,,,,0.0,,,2,2,0,Draw,1,Full Time,,1.0,1.0,31800.0,5.0,4.0,0.0,0.0,0.0,0.0,0.0,0.0,0.0,0.0,0.0,0.0,0.0,0.0,0.0,0.0,0.0,0.0,26.0,26.0,6.435,9.5,6.435,9.5,0.0,0.0,train,tier3
555,1998,Group Stage,1,0,1998-06-24,Stade Felix Bollaert,Spain,Bulgaria,1,UEFA,UEFA,1,0,0,1,1831.71,1687.86,143.85000000000014,0.6959,0.5,0.5,0.0,2.2,1.2,0.8,9.0,6.0,0.0,0.0,0.0,0.0,0.0,1.0,5.89,0.5,0,5.0,5.0,0.0,39,2.0,2.0,3.0,-1.0,0.0,0.0,1.0,0.0,0.0,,,,,,,,,,,,,0.0,,,6,1,5,Win,2,Full Time,,2.0,1.0,38100.0,1.0,1.0,0.0,0.0,0.0,0.0,0.0,0.0,0.0,0.0,0.0,0.0,0.0,0.0,0.0,0.0,0.0,0.0,26.0,26.0,6.435,9.5,6.435,9.5,0.0,0.0,train,tier3
555,1998,Group Stage,1,0,1998-06-24,Stade Felix Bollaert,Bulgaria,Spain,0,UEFA,UEFA,1,0,0,1,1687.86,1831.71,-143.85000000000014,0.3041,0.5,0.5,0.0,0.8,0.8,2.2,6.0,9.0,0.0,0.0,0.0,0.0,1.0,0.0,3.5,0.5,0,5.0,5.0,0.0,39,2.0,0.0,1.0,-1.0,0.0,0.0,0.0,0.0,0.0,,,,,,,,,,,,,0.0,,,1,6,-5,Loss,0,Full Time,,0.0,1.0,38100.0,1.0,1.0,0.0,0.0,0.0,0.0,0.0,0.0,0.0,0.0,0.0,0.0,0.0,0.0,0.0,0.0,0.0,0.0,26.0,26.0,6.435,9.5,6.435,9.5,0.0,0.0,train,tier3
556,1998,Group Stage,1,0,1998-06-24,Stade Municipal,Nigeria,Paraguay,1,CAF,CONMEBOL,0,0,0,1,1749.52,1660.36,89.16000000000008,0.6256,0.3,0.1,0.2,1.2,2.6,0.6,1.0,4.0,0.0,0.0,0.0,0.0,0.0,0.0,7.0,0.5,0,5.0,5.0,0.0,40,2.0,4.0,2.0,2.0,2.0,1.0,2.0,0.0,0.0,,,,,,,,,,,,,0.0,,,1,3,-2,Loss,0,Full Time,,1.0,1.0,33500.0,4.0,2.0,0.0,0.0,0.0,0.0,0.0,0.0,0.0,0.0,0.0,0.0,0.0,0.0,0.0,0.0,0.0,0.0,26.0,26.0,6.435,9.5,6.435,9.5,0.0,0.0,train,tier3
556,1998,Group Stage,1,0,1998-06-24,Stade Municipal,Paraguay,Nigeria,0,CONMEBOL,CAF,0,0,0,1,1660.36,1749.52,-89.16000000000008,0.3744,0.1,0.3,-0.2,0.6,2.0,1.2,4.0,1.0,0.0,0.0,0.0,0.0,0.0,0.0,4.0,0.5,0,5.0,5.0,0.0,40,2.0,0.0,0.0,0.0,0.0,0.0,0.0,0.0,0.0,,,,,,,,,,,,,0.0,,,3,1,2,Win,2,Full Time,,1.0,1.0,33500.0,2.0,4.0,0.0,0.0,0.0,0.0,0.0,0.0,0.0,0.0,0.0,0.0,0.0,0.0,0.0,0.0,0.0,0.0,26.0,26.0,6.435,9.5,6.435,9.5,0.0,0.0,train,tier3
557,1998,Group Stage,1,0,1998-06-25,Parc des Princes,Belgium,Korea Republic,1,UEFA,AFC,0,0,0,1,1861.09,1500.0,361.0899999999999,0.8888,0.6,0.5,0.1,0.6,0.2,1.5,9.0,4.0,0.0,0.0,0.0,0.0,1.0,0.0,4.11,0.5,0,5.0,5.0,0.0,41,2.0,2.0,2.0,0.0,0.0,0.0,1.0,0.0,0.0,,,,,,,,,,,,,0.0,,,1,1,0,Draw,1,Full Time,,1.0,1.0,45500.0,1.0,5.0,0.0,0.0,0.0,0.0,0.0,0.0,0.0,0.0,0.0,0.0,0.0,0.0,0.0,0.0,0.0,0.0,26.0,26.0,6.435,9.5,6.435,9.5,0.0,0.0,train,tier3
557,1998,Group Stage,1,0,1998-06-25,Parc des Princes,Korea Republic,Belgium,0,AFC,UEFA,0,0,0,1,1500.0,1861.09,-361.0899999999999,0.1112,0.5,0.6,-0.1,1.5,1.5,0.6,4.0,9.0,0.0,0.0,0.0,0.0,0.0,1.0,2.25,0.5,0,5.0,5.0,0.0,41,2.0,1.0,8.0,-7.0,0.0,0.0,0.5,0.0,0.0,,,,,,,,,,,,,0.0,,,1,1,0,Draw,1,Full Time,,0.0,1.0,45500.0,5.0,1.0,0.0,0.0,0.0,0.0,0.0,0.0,0.0,0.0,0.0,0.0,0.0,0.0,0.0,0.0,0.0,0.0,26.0,26.0,6.435,9.5,6.435,9.5,0.0,0.0,train,tier3
558,1998,Group Stage,1,0,1998-06-25,Stade Geoffroy Guichard,Netherlands,Mexico,1,UEFA,CONCACAF,0,0,0,1,1839.02,1790.56,48.46000000000004,0.5693,0.8,0.6,0.2,2.6,0.8,1.4,6.0,10.0,0.0,0.0,2.0,0.0,2.0,0.0,7.17,0.5,0,5.0,5.0,0.0,42,2.0,5.0,0.0,5.0,1.0,0.5,2.5,0.0,0.0,,,,,,,,,,,,,0.0,,,2,2,0,Draw,1,Full Time,,2.0,1.0,30600.0,1.0,3.0,0.0,0.0,0.0,0.0,0.0,0.0,0.0,0.0,0.0,0.0,0.0,0.0,0.0,0.0,0.0,0.0,26.0,26.0,6.435,9.5,6.435,9.5,0.0,0.0,train,tier3
558,1998,Group Stage,1,0,1998-06-25,Stade Geoffroy Guichard,Mexico,Netherlands,0,CONCACAF,UEFA,0,0,0,1,1790.56,1839.02,-48.46000000000004,0.4307,0.6,0.8,-0.2,1.4,1.4,2.6,10.0,6.0,0.0,0.0,0.0,2.0,0.0,2.0,3.1,0.5,0,5.0,5.0,0.0,42,2.0,5.0,3.0,2.0,1.0,0.5,2.5,0.0,0.0,,,,,,,,,,,,,0.0,,,2,2,0,Draw,1,Full Time,,0.0,1.0,30600.0,3.0,1.0,0.0,0.0,0.0,0.0,0.0,0.0,0.0,0.0,0.0,0.0,0.0,0.0,0.0,0.0,0.0,0.0,26.0,26.0,6.435,9.5,6.435,9.5,0.0,0.0,train,tier3
559,1998,Group Stage,1,0,1998-06-25,La Mosson,Germany,Iran,1,UEFA,AFC,0,0,0,1,1909.88,1701.28,208.6000000000001,0.7687,0.9,0.3,0.6,2.6,0.2,0.4,3.0,1.0,0.0,0.0,0.0,0.0,1.0,0.0,7.67,0.5,0,4.0,4.0,0.0,43,2.0,4.0,2.0,2.0,1.0,0.5,2.0,0.0,0.0,,,,,,,,,,,,,0.0,,,2,0,2,Win,2,Full Time,,0.0,1.0,29800.0,1.0,5.0,0.0,0.0,0.0,0.0,0.0,0.0,0.0,0.0,0.0,0.0,0.0,0.0,0.0,0.0,0.0,0.0,26.0,26.0,6.435,9.5,6.435,9.5,0.0,0.0,train,tier3
559,1998,Group Stage,1,0,1998-06-25,La Mosson,Iran,Germany,0,AFC,UEFA,0,0,0,1,1701.28,1909.88,-208.6000000000001,0.2313,0.3,0.9,-0.6,0.4,1.2,2.6,1.0,3.0,0.0,0.0,0.0,0.0,0.0,1.0,1.0,0.5,0,4.0,4.0,0.0,43,2.0,2.0,2.0,0.0,1.0,0.5,1.0,0.0,0.0,,,,,,,,,,,,,0.0,,,0,2,-2,Loss,0,Full Time,,0.0,1.0,29800.0,5.0,1.0,0.0,0.0,0.0,0.0,0.0,0.0,0.0,0.0,0.0,0.0,0.0,0.0,0.0,0.0,0.0,0.0,26.0,26.0,6.435,9.5,6.435,9.5,0.0,0.0,train,tier3
560,1998,Group Stage,1,0,1998-06-25,La Beaujoire,USA,Yugoslavia,1,CONCACAF,UEFA,0,0,0,1,1500.0,1791.56,-291.55999999999995,0.1573,0.5,0.5,0.0,1.5,1.5,1.6,5.0,8.0,0.0,0.0,0.0,0.0,1.0,2.0,3.4,0.5,0,4.0,4.0,0.0,44,2.0,1.0,4.0,-3.0,0.0,0.0,0.5,0.0,0.0,,,,,,,,,,,,,0.0,,,0,1,-1,Loss,0,Full Time,,0.0,1.0,35500.0,3.0,1.0,0.0,0.0,0.0,0.0,0.0,0.0,0.0,0.0,0.0,0.0,0.0,0.0,0.0,0.0,0.0,0.0,26.0,26.0,6.435,9.5,6.435,9.5,0.0,0.0,train,tier3
560,1998,Group Stage,1,0,1998-06-25,La Beaujoire,Yugoslavia,USA,0,UEFA,CONCACAF,0,0,0,1,1791.56,1500.0,291.55999999999995,0.8427,0.5,0.5,0.0,1.6,1.4,1.5,8.0,5.0,0.0,0.0,0.0,0.0,2.0,1.0,6.88,0.5,0,4.0,4.0,0.0,44,2.0,3.0,2.0,1.0,1.0,0.5,1.5,0.0,0.0,,,,,,,,,,,,,0.0,,,1,0,1,Win,2,Full Time,,1.0,1.0,35500.0,1.0,3.0,0.0,0.0,0.0,0.0,0.0,0.0,0.0,0.0,0.0,0.0,0.0,0.0,0.0,0.0,0.0,0.0,26.0,26.0,6.435,9.5,6.435,9.5,0.0,0.0,train,tier3
561,1998,Group Stage,1,0,1998-06-26,Stade de Gerland,Japan,Jamaica,1,AFC,CONCACAF,0,0,0,1,1700.23,1634.73,65.5,0.5932,0.2,0.2,0.0,0.4,1.0,0.4,0.0,0.0,0.0,0.0,0.0,0.0,0.0,0.0,0.0,0.5,0,6.0,5.0,1.0,45,2.0,0.0,2.0,-2.0,0.0,0.0,0.0,0.0,0.0,,,,,,,,,,,,,0.0,,,1,2,-1,Loss,0,Full Time,,0.0,1.0,39100.0,5.0,3.0,0.0,0.0,0.0,0.0,0.0,0.0,0.0,0.0,0.0,0.0,0.0,0.0,0.0,0.0,0.0,0.0,26.0,26.0,6.435,9.5,6.435,9.5,0.0,0.0,train,tier3
561,1998,Group Stage,1,0,1998-06-26,Stade de Gerland,Jamaica,Japan,0,CONCACAF,AFC,0,0,0,1,1634.73,1700.23,-65.5,0.4068,0.2,0.2,0.0,0.4,1.2,0.4,0.0,0.0,0.0,0.0,0.0,0.0,0.0,0.0,0.0,0.5,0,5.0,6.0,-1.0,45,2.0,1.0,8.0,-7.0,0.0,0.0,0.5,0.0,0.0,,,,,,,,,,,,,0.0,,,2,1,1,Win,2,Full Time,,1.0,1.0,39100.0,3.0,5.0,0.0,0.0,0.0,0.0,0.0,0.0,0.0,0.0,0.0,0.0,0.0,0.0,0.0,0.0,0.0,0.0,26.0,26.0,6.435,9.5,6.435,9.5,0.0,0.0,train,tier3
562,1998,Group Stage,1,0,1998-06-26,Stade du Parc Lescure,Argentina,Croatia,1,CONMEBOL,UEFA,0,0,0,1,1841.81,1807.24,34.569999999999936,0.5496,1.0,0.9,0.1,2.0,0.0,3.4,11.0,0.0,2.0,0.0,4.0,0.0,4.0,0.0,8.18,0.5,0,5.0,6.0,-1.0,46,2.0,6.0,0.0,6.0,2.0,1.0,3.0,0.0,0.0,,,,,,,,,,,,,0.0,,,1,0,1,Win,2,Full Time,,1.0,1.0,31800.0,2.0,1.0,0.0,0.0,0.0,0.0,0.0,0.0,0.0,0.0,0.0,0.0,0.0,0.0,0.0,0.0,0.0,0.0,26.0,26.0,6.435,9.5,6.435,9.5,0.0,0.0,train,tier3
562,1998,Group Stage,1,0,1998-06-26,Stade du Parc Lescure,Croatia,Argentina,0,UEFA,CONMEBOL,0,0,0,1,1807.24,1841.81,-34.569999999999936,0.4504,0.9,1.0,-0.1,3.4,0.6,2.0,0.0,11.0,0.0,2.0,0.0,4.0,0.0,4.0,0.0,0.5,0,6.0,5.0,1.0,46,2.0,4.0,1.0,3.0,2.0,1.0,2.0,0.0,0.0,,,,,,,,,,,,,0.0,,,0,1,-1,Loss,0,Full Time,,0.0,1.0,31800.0,1.0,2.0,0.0,0.0,0.0,0.0,0.0,0.0,0.0,0.0,0.0,0.0,0.0,0.0,0.0,0.0,0.0,0.0,26.0,26.0,6.435,9.5,6.435,9.5,0.0,0.0,train,tier3
563,1998,Group Stage,1,0,1998-06-26,Stade de France,Romania,Tunisia,1,UEFA,CAF,0,0,0,1,1844.94,1637.31,207.6300000000001,0.7677,0.9,0.3,0.6,2.4,1.0,1.6,6.0,1.0,0.0,0.0,0.0,0.0,0.0,0.0,4.33,0.5,0,4.0,4.0,0.0,47,2.0,3.0,1.0,2.0,2.0,1.0,1.5,0.0,0.0,,,,,,,,,,,,,0.0,,,1,1,0,Draw,1,Full Time,,0.0,1.0,77000.0,1.0,4.0,0.0,0.0,0.0,0.0,0.0,0.0,0.0,0.0,0.0,0.0,0.0,0.0,0.0,0.0,0.0,0.0,26.0,26.0,6.435,9.5,6.435,9.5,0.0,0.0,train,tier3
563,1998,Group Stage,1,0,1998-06-26,Stade de France,Tunisia,Romania,0,CAF,UEFA,0,0,0,1,1637.31,1844.94,-207.6300000000001,0.2323,0.3,0.9,-0.6,1.6,1.6,2.4,1.0,6.0,0.0,0.0,0.0,0.0,0.0,0.0,3.0,0.5,0,4.0,4.0,0.0,47,2.0,0.0,3.0,-3.0,0.0,0.0,0.0,0.0,0.0,,,,,,,,,,,,,0.0,,,1,1,0,Draw,1,Full Time,,1.0,1.0,77000.0,4.0,1.0,0.0,0.0,0.0,0.0,0.0,0.0,0.0,0.0,0.0,0.0,0.0,0.0,0.0,0.0,0.0,0.0,26.0,26.0,6.435,9.5,6.435,9.5,0.0,0.0,train,tier3
564,1998,Group Stage,1,0,1998-06-26,Stade Felix Bollaert,Colombia,England,1,CONMEBOL,UEFA,0,0,0,1,1680.14,1850.97,-170.82999999999993,0.2722,0.2,0.8,-0.6,0.8,1.8,1.2,3.0,9.0,0.0,1.0,0.0,1.0,0.0,2.0,4.33,0.5,0,4.0,4.0,0.0,48,2.0,1.0,1.0,0.0,1.0,0.5,0.5,0.0,0.0,,,,,,,,,,,,,0.0,,,0,2,-2,Loss,0,Full Time,,0.0,1.0,38100.0,2.0,1.0,0.0,0.0,0.0,0.0,0.0,0.0,0.0,0.0,0.0,0.0,0.0,0.0,0.0,0.0,0.0,0.0,26.0,26.0,6.435,9.5,6.435,9.5,0.0,0.0,train,tier3
564,1998,Group Stage,1,0,1998-06-26,Stade Felix Bollaert,England,Colombia,0,UEFA,CONMEBOL,0,0,0,1,1850.97,1680.14,170.82999999999993,0.7278,0.8,0.2,0.6,1.2,0.0,0.8,9.0,3.0,1.0,0.0,1.0,0.0,2.0,0.0,6.11,0.5,0,4.0,4.0,0.0,48,2.0,3.0,2.0,1.0,1.0,0.5,1.5,0.0,0.0,,,,,,,,,,,,,0.0,,,2,0,2,Win,2,Full Time,,2.0,1.0,38100.0,1.0,2.0,0.0,0.0,0.0,0.0,0.0,0.0,0.0,0.0,0.0,0.0,0.0,0.0,0.0,0.0,0.0,0.0,26.0,26.0,6.435,9.5,6.435,9.5,0.0,0.0,train,tier3
565,1998,Round of 16,2,1,1998-06-27,Stade Vï¿½lodrome,Italy,Norway,1,UEFA,UEFA,1,0,0,1,1873.04,1829.83,43.21000000000004,0.5619,0.7,0.8,-0.1,2.2,0.8,3.2,13.0,2.0,3.0,0.0,5.0,0.0,7.0,0.0,7.46,1.0,2,4.0,4.0,0.0,49,3.0,7.0,3.0,4.0,2.0,0.667,2.333,0.0,0.0,,,,,,,,,,,,,0.0,,,1,0,1,Win,2,Full Time,,1.0,1.0,55000.0,1.0,1.0,0.0,0.0,0.0,0.0,0.0,0.0,0.0,0.0,0.0,0.0,0.0,0.0,0.0,0.0,0.0,0.0,26.0,26.0,6.435,9.5,6.435,9.5,0.0,0.0,train,tier3
565,1998,Round of 16,2,1,1998-06-27,Stade Vï¿½lodrome,Norway,Italy,0,UEFA,UEFA,1,0,0,1,1829.83,1873.04,-43.21000000000004,0.4381,0.8,0.7,0.1,3.2,1.0,2.2,2.0,13.0,0.0,3.0,0.0,5.0,0.0,7.0,1.0,0.0,2,4.0,4.0,0.0,49,3.0,5.0,4.0,1.0,1.0,0.333,1.667,0.0,0.0,,,,,,,,,,,,,0.0,,,0,1,-1,Loss,0,Full Time,,0.0,1.0,55000.0,1.0,1.0,0.0,0.0,0.0,0.0,0.0,0.0,0.0,0.0,0.0,0.0,0.0,0.0,0.0,0.0,0.0,0.0,26.0,26.0,6.435,9.5,6.435,9.5,0.0,0.0,train,tier3
566,1998,Round of 16,2,1,1998-06-27,Parc des Princes,Brazil,Chile,1,CONMEBOL,CONMEBOL,1,0,0,1,1965.19,1711.29,253.9000000000001,0.8118,0.8,0.6,0.2,2.0,0.6,1.8,15.0,6.0,4.0,0.0,4.0,0.0,7.0,1.0,10.6,1.0,1,4.0,4.0,0.0,50,3.0,6.0,3.0,3.0,2.0,0.667,2.0,0.0,0.0,,,,,,,,,,,,,0.0,,,4,1,3,Win,2,Full Time,,3.0,1.0,45500.0,2.0,2.0,0.0,0.0,0.0,0.0,0.0,0.0,0.0,0.0,0.0,0.0,0.0,0.0,0.0,0.0,0.0,0.0,26.0,26.0,6.435,9.5,6.435,9.5,0.0,0.0,train,tier3
566,1998,Round of 16,2,1,1998-06-27,Parc des Princes,Chile,Brazil,0,CONMEBOL,CONMEBOL,1,0,0,1,1711.29,1965.19,-253.9000000000001,0.1882,0.6,0.8,-0.2,1.8,1.6,2.0,6.0,15.0,0.0,4.0,0.0,4.0,1.0,7.0,4.33,0.0,1,4.0,4.0,0.0,50,3.0,4.0,4.0,0.0,0.0,0.0,1.333,0.0,0.0,,,,,,,,,,,,,0.0,,,1,4,-3,Loss,0,Full Time,,0.0,1.0,45500.0,2.0,2.0,0.0,0.0,0.0,0.0,0.0,0.0,0.0,0.0,0.0,0.0,0.0,0.0,0.0,0.0,0.0,0.0,26.0,26.0,6.435,9.5,6.435,9.5,0.0,0.0,train,tier3
567,1998,Round of 16,2,1,1998-06-28,Stade Felix Bollaert,France,Paraguay,1,UEFA,CONMEBOL,0,1,0,0,1927.59,1697.89,229.69999999999985,0.7896,0.9,0.2,0.7,2.2,0.4,0.6,9.0,4.0,0.0,0.0,0.0,0.0,3.0,0.0,7.89,1.0,1,4.0,4.0,0.0,51,3.0,9.0,1.0,8.0,3.0,1.0,3.0,0.0,0.0,,,,,,,,,,,,,0.0,,,1,0,1,Win,2,Extra Time,,0.0,1.0,31800.0,1.0,2.0,0.0,0.0,0.0,0.0,0.0,0.0,0.0,0.0,0.0,0.0,0.0,0.0,0.0,0.0,0.0,0.0,26.0,26.0,6.435,9.5,6.435,9.5,0.0,0.0,train,tier3
567,1998,Round of 16,2,1,1998-06-28,Stade Felix Bollaert,Paraguay,France,0,CONMEBOL,UEFA,0,0,1,0,1697.89,1927.59,-229.69999999999985,0.2104,0.2,0.9,-0.7,0.6,1.8,2.2,4.0,9.0,0.0,0.0,0.0,0.0,0.0,3.0,4.0,0.0,1,4.0,4.0,0.0,51,3.0,3.0,1.0,2.0,1.0,0.333,1.0,0.0,0.0,,,,,,,,,,,,,0.0,,,0,1,-1,Loss,0,Extra Time,,0.0,1.0,31800.0,2.0,1.0,0.0,0.0,0.0,0.0,0.0,0.0,0.0,0.0,0.0,0.0,0.0,0.0,0.0,0.0,0.0,0.0,26.0,26.0,6.435,9.5,6.435,9.5,0.0,0.0,train,tier3
568,1998,Round of 16,2,1,1998-06-28,Stade de France,Nigeria,Denmark,1,CAF,UEFA,0,0,0,1,1711.99,1774.15,-62.16000000000008,0.4115,0.4,0.3,0.1,1.0,2.2,0.6,1.0,1.0,0.0,0.0,0.0,0.0,0.0,0.0,7.0,0.5,0,4.0,4.0,0.0,52,3.0,5.0,5.0,0.0,2.0,0.667,1.667,0.0,0.0,,,,,,,,,,,,,0.0,,,1,4,-3,Loss,0,Full Time,,0.0,1.0,77000.0,4.0,1.0,0.0,0.0,0.0,0.0,0.0,0.0,0.0,0.0,0.0,0.0,0.0,0.0,0.0,0.0,0.0,0.0,26.0,26.0,6.435,9.5,6.435,9.5,0.0,0.0,train,tier3
568,1998,Round of 16,2,1,1998-06-28,Stade de France,Denmark,Nigeria,0,UEFA,CAF,0,0,0,1,1774.15,1711.99,62.16000000000008,0.5885,0.3,0.4,-0.1,0.6,1.6,1.0,1.0,1.0,0.0,0.0,0.0,0.0,0.0,0.0,10.0,0.5,0,4.0,4.0,0.0,52,3.0,3.0,3.0,0.0,1.0,0.333,1.0,0.0,0.0,,,,,,,,,,,,,0.0,,,4,1,3,Win,2,Full Time,,2.0,1.0,77000.0,1.0,4.0,0.0,0.0,0.0,0.0,0.0,0.0,0.0,0.0,0.0,0.0,0.0,0.0,0.0,0.0,0.0,0.0,26.0,26.0,6.435,9.5,6.435,9.5,0.0,0.0,train,tier3
569,1998,Round of 16,2,1,1998-06-29,La Mosson,Germany,Mexico,1,UEFA,CONCACAF,0,0,0,1,1923.76,1794.72,129.03999999999996,0.6776,0.8,0.7,0.1,2.8,0.6,1.4,3.0,10.0,0.0,0.0,0.0,0.0,1.0,0.0,7.67,0.5,2,4.0,4.0,0.0,53,3.0,6.0,2.0,4.0,2.0,0.667,2.0,0.0,0.0,,,,,,,,,,,,,0.0,,,2,1,1,Win,2,Full Time,,0.0,1.0,29800.0,1.0,3.0,0.0,0.0,0.0,0.0,0.0,0.0,0.0,0.0,0.0,0.0,0.0,0.0,0.0,0.0,0.0,0.0,26.0,26.0,6.435,9.5,6.435,9.5,0.0,0.0,train,tier3
569,1998,Round of 16,2,1,1998-06-29,La Mosson,Mexico,Germany,0,CONCACAF,UEFA,0,0,0,1,1794.72,1923.76,-129.03999999999996,0.3224,0.7,0.8,-0.1,1.4,0.8,2.8,10.0,3.0,0.0,0.0,0.0,0.0,0.0,1.0,3.1,0.5,2,4.0,4.0,0.0,53,3.0,7.0,5.0,2.0,1.0,0.333,2.333,0.0,0.0,,,,,,,,,,,,,0.0,,,1,2,-1,Loss,0,Full Time,,0.0,1.0,29800.0,3.0,1.0,0.0,0.0,0.0,0.0,0.0,0.0,0.0,0.0,0.0,0.0,0.0,0.0,0.0,0.0,0.0,0.0,26.0,26.0,6.435,9.5,6.435,9.5,0.0,0.0,train,tier3
570,1998,Round of 16,2,1,1998-06-29,Stade Municipal,Netherlands,Yugoslavia,1,UEFA,UEFA,1,0,0,1,1938.39,1791.56,146.83000000000015,0.6996,0.8,0.5,0.3,3.0,0.4,1.6,6.0,8.0,0.0,0.0,2.0,0.0,2.0,2.0,7.17,0.5,0,4.0,4.0,0.0,54,3.0,7.0,2.0,5.0,1.0,0.333,2.333,0.0,0.0,,,,,,,,,,,,,0.0,,,2,1,1,Win,2,Full Time,,1.0,1.0,33500.0,1.0,1.0,0.0,0.0,0.0,0.0,0.0,0.0,0.0,0.0,0.0,0.0,0.0,0.0,0.0,0.0,0.0,0.0,26.0,26.0,6.435,9.5,6.435,9.5,0.0,0.0,train,tier3
570,1998,Round of 16,2,1,1998-06-29,Stade Municipal,Yugoslavia,Netherlands,0,UEFA,UEFA,1,0,0,1,1791.56,1938.39,-146.83000000000015,0.3004,0.5,0.8,-0.3,1.6,1.4,3.0,8.0,6.0,0.0,0.0,0.0,2.0,2.0,2.0,6.88,0.5,0,4.0,4.0,0.0,54,3.0,4.0,2.0,2.0,2.0,0.667,1.333,0.0,0.0,,,,,,,,,,,,,0.0,,,1,2,-1,Loss,0,Full Time,,0.0,1.0,33500.0,1.0,1.0,0.0,0.0,0.0,0.0,0.0,0.0,0.0,0.0,0.0,0.0,0.0,0.0,0.0,0.0,0.0,0.0,26.0,26.0,6.435,9.5,6.435,9.5,0.0,0.0,train,tier3
571,1998,Round of 16,2,1,1998-06-30,Stade du Parc Lescure,Romania,Croatia,1,UEFA,UEFA,1,0,0,1,1828.88,1780.22,48.66000000000008,0.5696,0.9,1.0,-0.1,2.4,1.0,3.4,6.0,0.0,0.0,0.0,0.0,0.0,0.0,0.0,4.33,0.5,0,4.0,4.0,0.0,55,3.0,4.0,2.0,2.0,2.0,0.667,1.333,0.0,0.0,,,,,,,,,,,,,0.0,,,0,1,-1,Loss,0,Full Time,,0.0,1.0,31800.0,1.0,1.0,0.0,0.0,0.0,0.0,0.0,0.0,0.0,0.0,0.0,0.0,0.0,0.0,0.0,0.0,0.0,0.0,26.0,26.0,6.435,9.5,6.435,9.5,0.0,0.0,train,tier3
571,1998,Round of 16,2,1,1998-06-30,Stade du Parc Lescure,Croatia,Romania,0,UEFA,UEFA,1,0,0,1,1780.22,1828.88,-48.66000000000008,0.4304,1.0,0.9,0.1,3.4,0.4,2.4,0.0,6.0,0.0,0.0,0.0,0.0,0.0,0.0,0.0,0.5,0,4.0,4.0,0.0,55,3.0,4.0,2.0,2.0,2.0,0.667,1.333,0.0,0.0,,,,,,,,,,,,,0.0,,,1,0,1,Win,2,Full Time,,1.0,1.0,31800.0,1.0,1.0,0.0,0.0,0.0,0.0,0.0,0.0,0.0,0.0,0.0,0.0,0.0,0.0,0.0,0.0,0.0,0.0,26.0,26.0,6.435,9.5,6.435,9.5,0.0,0.0,train,tier3
572,1998,Round of 16,2,1,1998-06-30,Stade Geoffroy Guichard,Argentina,England,1,CONMEBOL,UEFA,0,0,0,1,1868.83,1867.3,1.5299999999999727,0.5022,1.0,0.6,0.4,2.8,0.0,0.8,11.0,9.0,2.0,1.0,4.0,1.0,4.0,2.0,8.18,0.333,3,4.0,4.0,0.0,56,3.0,7.0,0.0,7.0,3.0,1.0,2.333,0.0,0.0,,,,,,,,,,,,,0.0,,,2,2,0,Win,2,Penalties,,0.0,1.0,30600.0,2.0,1.0,0.0,0.0,0.0,0.0,0.0,0.0,0.0,0.0,0.0,0.0,0.0,0.0,0.0,0.0,0.0,0.0,26.0,26.0,6.435,9.5,6.435,9.5,0.0,0.0,train,tier3
572,1998,Round of 16,2,1,1998-06-30,Stade Geoffroy Guichard,England,Argentina,0,UEFA,CONMEBOL,0,0,0,1,1867.3,1868.83,-1.5299999999999727,0.4978,0.6,1.0,-0.4,0.8,0.4,2.8,9.0,11.0,1.0,2.0,1.0,4.0,2.0,4.0,6.11,0.667,3,4.0,4.0,0.0,56,3.0,5.0,2.0,3.0,2.0,0.667,1.667,0.0,0.0,,,,,,,,,,,,,0.0,,,2,2,0,Loss,0,Penalties,,0.0,1.0,30600.0,1.0,2.0,0.0,0.0,0.0,0.0,0.0,0.0,0.0,0.0,0.0,0.0,0.0,0.0,0.0,0.0,0.0,0.0,26.0,26.0,6.435,9.5,6.435,9.5,0.0,0.0,train,tier3
573,1998,Quarter-final,3,1,1998-07-03,Stade de France,Italy,France,1,UEFA,UEFA,1,0,1,1,1853.8,2034.02,-180.22000000000003,0.2616,0.7,0.9,-0.2,2.0,1.0,2.4,13.0,9.0,3.0,0.0,5.0,0.0,7.0,3.0,7.46,0.667,3,6.0,5.0,1.0,57,4.0,8.0,3.0,5.0,3.0,0.75,2.0,0.0,0.0,,,,,,,,,,,,,0.0,,,0,0,0,Loss,0,Penalties,,0.0,1.0,77000.0,1.0,1.0,0.0,0.0,0.0,0.0,0.0,0.0,0.0,0.0,0.0,0.0,0.0,0.0,0.0,0.0,0.0,0.0,26.0,26.0,6.435,9.5,6.435,9.5,0.0,0.0,train,tier3
573,1998,Quarter-final,3,1,1998-07-03,Stade de France,France,Italy,0,UEFA,UEFA,1,1,0,1,2034.02,1853.8,180.22000000000003,0.7384,0.9,0.7,0.2,2.4,0.6,2.0,9.0,13.0,0.0,3.0,0.0,5.0,3.0,7.0,7.89,0.3329999999999999,3,5.0,6.0,-1.0,57,4.0,10.0,1.0,9.0,4.0,1.0,2.5,0.0,0.0,,,,,,,,,,,,,0.0,,,0,0,0,Win,2,Penalties,,0.0,1.0,77000.0,1.0,1.0,0.0,0.0,0.0,0.0,0.0,0.0,0.0,0.0,0.0,0.0,0.0,0.0,0.0,0.0,0.0,0.0,26.0,26.0,6.435,9.5,6.435,9.5,0.0,0.0,train,tier3
574,1998,Quarter-final,3,1,1998-07-03,La Beaujoire,Brazil,Denmark,1,CONMEBOL,UEFA,0,0,0,1,1976.48,1798.84,177.6400000000001,0.7355,0.6,0.3,0.3,1.8,0.8,0.8,15.0,1.0,4.0,0.0,4.0,0.0,7.0,0.0,10.6,0.5,0,6.0,5.0,1.0,58,4.0,10.0,4.0,6.0,3.0,0.75,2.5,0.0,0.0,,,,,,,,,,,,,0.0,,,3,2,1,Win,2,Full Time,,2.0,1.0,35500.0,2.0,1.0,0.0,0.0,0.0,0.0,0.0,0.0,0.0,0.0,0.0,0.0,0.0,0.0,0.0,0.0,0.0,0.0,26.0,26.0,6.435,9.5,6.435,9.5,0.0,0.0,train,tier3
574,1998,Quarter-final,3,1,1998-07-03,La Beaujoire,Denmark,Brazil,0,UEFA,CONMEBOL,0,0,0,1,1798.84,1976.48,-177.6400000000001,0.2645,0.3,0.6,-0.3,0.8,1.6,1.8,1.0,15.0,0.0,4.0,0.0,4.0,0.0,7.0,10.0,0.5,0,5.0,6.0,-1.0,58,4.0,7.0,4.0,3.0,2.0,0.5,1.75,0.0,0.0,,,,,,,,,,,,,0.0,,,2,3,-1,Loss,0,Full Time,,1.0,1.0,35500.0,1.0,2.0,0.0,0.0,0.0,0.0,0.0,0.0,0.0,0.0,0.0,0.0,0.0,0.0,0.0,0.0,0.0,0.0,26.0,26.0,6.435,9.5,6.435,9.5,0.0,0.0,train,tier3
575,1998,Quarter-final,3,1,1998-07-04,Stade Vï¿½lodrome,Netherlands,Argentina,1,UEFA,CONMEBOL,0,0,0,1,1863.79,1868.7,-4.910000000000082,0.4929,0.8,1.0,-0.2,3.4,0.8,2.0,6.0,11.0,0.0,2.0,2.0,4.0,2.0,4.0,7.17,0.5,2,5.0,4.0,1.0,59,4.0,9.0,3.0,6.0,2.0,0.5,2.25,0.0,0.0,,,,,,,,,,,,,0.0,,,2,1,1,Win,2,Full Time,,1.0,1.0,55000.0,1.0,2.0,0.0,0.0,0.0,0.0,0.0,0.0,0.0,0.0,0.0,0.0,0.0,0.0,0.0,0.0,0.0,0.0,26.0,26.0,6.435,9.5,6.435,9.5,0.0,0.0,train,tier3
575,1998,Quarter-final,3,1,1998-07-04,Stade Vï¿½lodrome,Argentina,Netherlands,0,CONMEBOL,UEFA,0,0,0,1,1868.7,1863.79,4.910000000000082,0.5071,1.0,0.8,0.2,2.0,0.0,3.4,11.0,6.0,2.0,0.0,4.0,2.0,4.0,2.0,8.18,0.5,2,4.0,5.0,-1.0,59,4.0,9.0,2.0,7.0,4.0,1.0,2.25,0.0,0.0,,,,,,,,,,,,,0.0,,,1,2,-1,Loss,0,Full Time,,1.0,1.0,55000.0,2.0,1.0,0.0,0.0,0.0,0.0,0.0,0.0,0.0,0.0,0.0,0.0,0.0,0.0,0.0,0.0,0.0,0.0,26.0,26.0,6.435,9.5,6.435,9.5,0.0,0.0,train,tier3
576,1998,Quarter-final,3,1,1998-07-04,Stade de Gerland,Germany,Croatia,1,UEFA,UEFA,1,0,0,1,1943.1,1814.39,128.7099999999998,0.6772,0.9,0.8,0.1,3.2,0.6,2.6,3.0,0.0,0.0,0.0,0.0,0.0,1.0,0.0,7.67,0.5,0,5.0,4.0,1.0,60,4.0,8.0,3.0,5.0,3.0,0.75,2.0,0.0,0.0,,,,,,,,,,,,,0.0,,,0,3,-3,Loss,0,Full Time,,0.0,1.0,39100.0,1.0,1.0,0.0,0.0,0.0,0.0,0.0,0.0,0.0,0.0,0.0,0.0,0.0,0.0,0.0,0.0,0.0,0.0,26.0,26.0,6.435,9.5,6.435,9.5,0.0,0.0,train,tier3
576,1998,Quarter-final,3,1,1998-07-04,Stade de Gerland,Croatia,Germany,0,UEFA,UEFA,1,0,0,1,1814.39,1943.1,-128.7099999999998,0.3228,0.8,0.9,-0.1,2.6,0.4,3.2,0.0,3.0,0.0,0.0,0.0,0.0,0.0,1.0,0.0,0.5,0,4.0,5.0,-1.0,60,4.0,5.0,2.0,3.0,3.0,0.75,1.25,0.0,0.0,,,,,,,,,,,,,0.0,,,3,0,3,Win,2,Full Time,,1.0,1.0,39100.0,1.0,1.0,0.0,0.0,0.0,0.0,0.0,0.0,0.0,0.0,0.0,0.0,0.0,0.0,0.0,0.0,0.0,0.0,26.0,26.0,6.435,9.5,6.435,9.5,0.0,0.0,train,tier3
577,1998,Semi-final,4,1,1998-07-07,Stade Vï¿½lodrome,Brazil,Netherlands,1,CONMEBOL,UEFA,0,0,0,1,1992.35,1894.21,98.13999999999989,0.6376,0.8,0.8,0.0,2.6,0.8,2.8,15.0,6.0,4.0,0.0,4.0,2.0,7.0,2.0,10.6,0.5,2,4.0,3.0,1.0,61,5.0,13.0,6.0,7.0,4.0,0.8,2.6,0.0,0.0,,,,,,,,,,,,,0.0,,,1,1,0,Win,2,Penalties,,0.0,1.0,54000.0,2.0,1.0,0.0,0.0,0.0,0.0,0.0,0.0,0.0,0.0,0.0,0.0,0.0,0.0,0.0,0.0,0.0,0.0,26.0,26.0,6.435,9.5,6.435,9.5,0.0,0.0,train,tier3
577,1998,Semi-final,4,1,1998-07-07,Stade Vï¿½lodrome,Netherlands,Brazil,0,UEFA,CONMEBOL,0,0,0,1,1894.21,1992.35,-98.13999999999989,0.3624,0.8,0.8,0.0,2.8,0.8,2.6,6.0,15.0,0.0,4.0,2.0,4.0,2.0,7.0,7.17,0.5,2,3.0,4.0,-1.0,61,5.0,11.0,4.0,7.0,3.0,0.6,2.2,0.0,0.0,,,,,,,,,,,,,0.0,,,1,1,0,Loss,0,Penalties,,0.0,1.0,54000.0,1.0,2.0,0.0,0.0,0.0,0.0,0.0,0.0,0.0,0.0,0.0,0.0,0.0,0.0,0.0,0.0,0.0,0.0,26.0,26.0,6.435,9.5,6.435,9.5,0.0,0.0,train,tier3
578,1998,Semi-final,4,1,1998-07-08,Stade de France,France,Croatia,1,UEFA,UEFA,1,1,0,0,1936.71,1855.02,81.69000000000005,0.6154,1.0,0.8,0.2,2.2,0.2,2.4,9.0,0.0,0.0,0.0,0.0,0.0,3.0,0.0,7.89,0.5,0,5.0,4.0,1.0,62,5.0,10.0,1.0,9.0,5.0,1.0,2.0,0.0,0.0,,,,,,,,,,,,,0.0,,,2,1,1,Win,2,Full Time,,0.0,1.0,76000.0,1.0,1.0,0.0,0.0,0.0,0.0,0.0,0.0,0.0,0.0,0.0,0.0,0.0,0.0,0.0,0.0,0.0,0.0,26.0,26.0,6.435,9.5,6.435,9.5,0.0,0.0,train,tier3
578,1998,Semi-final,4,1,1998-07-08,Stade de France,Croatia,France,0,UEFA,UEFA,1,0,1,0,1855.02,1936.71,-81.69000000000005,0.3846,0.8,1.0,-0.2,2.4,0.4,2.2,0.0,9.0,0.0,0.0,0.0,0.0,0.0,3.0,0.0,0.5,0,4.0,5.0,-1.0,62,5.0,8.0,2.0,6.0,4.0,0.8,1.6,0.0,0.0,,,,,,,,,,,,,0.0,,,1,2,-1,Loss,0,Full Time,,0.0,1.0,76000.0,1.0,1.0,0.0,0.0,0.0,0.0,0.0,0.0,0.0,0.0,0.0,0.0,0.0,0.0,0.0,0.0,0.0,0.0,26.0,26.0,6.435,9.5,6.435,9.5,0.0,0.0,train,tier3
579,1998,Third Place,4,1,1998-07-11,Parc des Princes,Netherlands,Croatia,1,UEFA,UEFA,1,0,0,1,1902.47,1831.95,70.51999999999998,0.6001,0.8,0.8,0.0,2.2,0.8,1.6,6.0,0.0,0.0,0.0,2.0,0.0,2.0,0.0,7.17,0.5,0,4.0,3.0,1.0,63,6.0,12.0,5.0,7.0,3.0,0.5,2.0,0.0,0.0,,,,,,,,,,,,,0.0,,,1,2,-1,Loss,0,Full Time,,1.0,1.0,45500.0,1.0,1.0,0.0,0.0,0.0,0.0,0.0,0.0,0.0,0.0,0.0,0.0,0.0,0.0,0.0,0.0,0.0,0.0,26.0,26.0,6.435,9.5,6.435,9.5,0.0,0.0,train,tier3
579,1998,Third Place,4,1,1998-07-11,Parc des Princes,Croatia,Netherlands,0,UEFA,UEFA,1,0,0,1,1831.95,1902.47,-70.51999999999998,0.3999,0.8,0.8,0.0,1.6,0.4,2.2,0.0,6.0,0.0,0.0,0.0,2.0,0.0,2.0,0.0,0.5,0,3.0,4.0,-1.0,63,6.0,9.0,4.0,5.0,4.0,0.667,1.5,0.0,0.0,,,,,,,,,,,,,0.0,,,2,1,1,Win,2,Full Time,,2.0,1.0,45500.0,1.0,1.0,0.0,0.0,0.0,0.0,0.0,0.0,0.0,0.0,0.0,0.0,0.0,0.0,0.0,0.0,0.0,0.0,26.0,26.0,6.435,9.5,6.435,9.5,0.0,0.0,train,tier3
580,1998,Final,5,1,1998-07-12,Stade de France,Brazil,France,1,CONMEBOL,UEFA,0,0,1,1,1930.75,2034.02,-103.26999999999998,0.3556,0.8,0.9,-0.1,2.6,1.2,2.0,15.0,9.0,4.0,0.0,4.0,0.0,7.0,3.0,10.6,0.5,2,5.0,4.0,1.0,64,6.0,14.0,7.0,7.0,5.0,0.833,2.333,0.0,0.0,,,,,,,,,,,,,0.0,,,0,3,-3,Loss,0,Full Time,,0.0,1.0,80000.0,2.0,1.0,0.0,0.0,0.0,0.0,0.0,0.0,0.0,0.0,0.0,0.0,0.0,0.0,0.0,0.0,0.0,0.0,26.0,26.0,6.435,9.5,6.435,9.5,0.0,0.0,train,tier3
580,1998,Final,5,1,1998-07-12,Stade de France,France,Brazil,0,UEFA,CONMEBOL,0,1,0,1,2034.02,1930.75,103.26999999999998,0.6444,0.9,0.8,0.1,2.0,0.2,2.6,9.0,15.0,0.0,4.0,0.0,4.0,3.0,7.0,7.89,0.5,2,4.0,5.0,-1.0,64,6.0,12.0,2.0,10.0,6.0,1.0,2.0,0.0,0.0,,,,,,,,,,,,,0.0,,,3,0,3,Win,2,Full Time,,2.0,1.0,80000.0,1.0,2.0,0.0,0.0,0.0,0.0,0.0,0.0,0.0,0.0,0.0,0.0,0.0,0.0,0.0,0.0,0.0,0.0,26.0,26.0,6.435,9.5,6.435,9.5,0.0,0.0,train,tier3
581,2002,Group Stage,1,0,2002-05-31,Seoul World Cup Stadium,France,Senegal,1,UEFA,CAF,0,0,0,1,1970.12,1756.97,213.14999999999984,0.7733,0.6,0.7,-0.1,1.8,0.8,1.6,10.0,0.0,1.0,0.0,1.0,0.0,4.0,0.0,8.6,0.5,0,4.0,4.0,0.0,1,0.0,0.0,0.0,0.0,0.0,0.5,0.0,0.0,0.0,,,,,,,,,,,,,0.0,,,0,1,-1,Loss,0,Full Time,,0.0,1.0,62561.0,1.0,4.0,0.0,0.0,0.0,0.0,0.0,0.0,0.0,0.0,0.0,0.0,0.0,0.0,0.0,0.0,0.0,0.0,26.0,26.0,6.435,9.5,6.435,9.5,0.0,0.0,train,tier3
581,2002,Group Stage,1,0,2002-05-31,Seoul World Cup Stadium,Senegal,France,0,CAF,UEFA,0,0,0,1,1756.97,1970.12,-213.14999999999984,0.2267,0.7,0.6,0.1,1.6,1.0,1.8,0.0,10.0,0.0,1.0,0.0,1.0,0.0,4.0,0.0,0.5,0,4.0,4.0,0.0,1,0.0,0.0,0.0,0.0,0.0,0.5,0.0,0.0,0.0,,,,,,,,,,,,,0.0,,,1,0,1,Win,2,Full Time,,1.0,1.0,62561.0,4.0,1.0,0.0,0.0,0.0,0.0,0.0,0.0,0.0,0.0,0.0,0.0,0.0,0.0,0.0,0.0,0.0,0.0,26.0,26.0,6.435,9.5,6.435,9.5,0.0,0.0,train,tier3
582,2002,Group Stage,1,0,2002-06-01,Munsu Football Stadium,Uruguay,Denmark,1,CONMEBOL,UEFA,0,0,0,1,1754.61,1816.39,-61.7800000000002,0.412,0.5,0.7,-0.2,1.6,1.4,1.4,9.0,2.0,2.0,0.0,1.0,0.0,3.0,0.0,6.78,0.0,1,4.0,4.0,0.0,2,0.0,0.0,0.0,0.0,0.0,0.5,0.0,0.0,0.0,,,,,,,,,,,,,0.0,,,1,2,-1,Loss,0,Full Time,,0.0,1.0,30157.0,2.0,1.0,0.0,0.0,0.0,0.0,0.0,0.0,0.0,0.0,0.0,0.0,0.0,0.0,0.0,0.0,0.0,0.0,26.0,26.0,6.435,9.5,6.435,9.5,0.0,0.0,train,tier3
582,2002,Group Stage,1,0,2002-06-01,Munsu Football Stadium,Denmark,Uruguay,0,UEFA,CONMEBOL,0,0,0,1,1816.39,1754.61,61.7800000000002,0.588,0.7,0.5,0.2,1.4,1.2,1.6,2.0,9.0,0.0,2.0,0.0,1.0,0.0,3.0,9.5,1.0,1,4.0,4.0,0.0,2,0.0,0.0,0.0,0.0,0.0,0.5,0.0,0.0,0.0,,,,,,,,,,,,,0.0,,,2,1,1,Win,2,Full Time,,1.0,1.0,30157.0,1.0,2.0,0.0,0.0,0.0,0.0,0.0,0.0,0.0,0.0,0.0,0.0,0.0,0.0,0.0,0.0,0.0,0.0,26.0,26.0,6.435,9.5,6.435,9.5,0.0,0.0,train,tier3
583,2002,Group Stage,1,0,2002-06-01,Niigata Stadium Big Swan,Republic of Ireland,Cameroon,1,UEFA,CAF,0,0,0,1,1829.94,1801.61,28.330000000000155,0.5407,0.8,0.5,0.3,1.8,0.4,1.2,2.0,4.0,0.0,0.0,0.0,0.0,0.0,0.0,2.0,0.5,0,4.0,4.0,0.0,3,0.0,0.0,0.0,0.0,0.0,0.5,0.0,0.0,0.0,,,,,,,,,,,,,0.0,,,1,1,0,Draw,1,Full Time,,0.0,1.0,33679.0,1.0,4.0,0.0,0.0,0.0,0.0,0.0,0.0,0.0,0.0,0.0,0.0,0.0,0.0,0.0,0.0,0.0,0.0,26.0,26.0,6.435,9.5,6.435,9.5,0.0,0.0,train,tier3
583,2002,Group Stage,1,0,2002-06-01,Niigata Stadium Big Swan,Cameroon,Republic of Ireland,0,CAF,UEFA,0,0,0,1,1801.61,1829.94,-28.330000000000155,0.4593,0.5,0.8,-0.3,1.2,0.8,1.8,4.0,2.0,0.0,0.0,0.0,0.0,0.0,0.0,3.25,0.5,0,4.0,4.0,0.0,3,0.0,0.0,0.0,0.0,0.0,0.5,0.0,0.0,0.0,,,,,,,,,,,,,0.0,,,1,1,0,Draw,1,Full Time,,1.0,1.0,33679.0,4.0,1.0,0.0,0.0,0.0,0.0,0.0,0.0,0.0,0.0,0.0,0.0,0.0,0.0,0.0,0.0,0.0,0.0,26.0,26.0,6.435,9.5,6.435,9.5,0.0,0.0,train,tier3
584,2002,Group Stage,1,0,2002-06-01,Sapporo Dome,Germany,Saudi Arabia,1,UEFA,AFC,0,0,0,1,1800.1,1799.85,0.25,0.5004,0.6,0.4,0.2,3.6,1.0,0.8,4.0,2.0,0.0,0.0,0.0,0.0,1.0,0.0,7.75,0.5,0,4.0,4.0,0.0,4,0.0,0.0,0.0,0.0,0.0,0.5,0.0,0.0,0.0,,,,,,,,,,,,,0.0,,,8,0,8,Win,2,Full Time,,4.0,1.0,32218.0,1.0,5.0,0.0,0.0,0.0,0.0,0.0,0.0,0.0,0.0,0.0,0.0,0.0,0.0,0.0,0.0,0.0,0.0,26.0,26.0,6.435,9.5,6.435,9.5,0.0,0.0,train,tier3
584,2002,Group Stage,1,0,2002-06-01,Sapporo Dome,Saudi Arabia,Germany,0,AFC,UEFA,0,0,0,1,1799.85,1800.1,-0.25,0.4996,0.4,0.6,-0.2,0.8,1.2,3.6,2.0,4.0,0.0,0.0,0.0,0.0,0.0,1.0,3.5,0.5,0,4.0,4.0,0.0,4,0.0,0.0,0.0,0.0,0.0,0.5,0.0,0.0,0.0,,,,,,,,,,,,,0.0,,,0,8,-8,Loss,0,Full Time,,0.0,1.0,32218.0,5.0,1.0,0.0,0.0,0.0,0.0,0.0,0.0,0.0,0.0,0.0,0.0,0.0,0.0,0.0,0.0,0.0,0.0,26.0,26.0,6.435,9.5,6.435,9.5,0.0,0.0,train,tier3
585,2002,Group Stage,1,0,2002-06-02,Kashima Stadium,Argentina,Nigeria,1,CONMEBOL,CAF,0,0,0,1,1910.61,1777.96,132.64999999999986,0.6821,0.6,0.9,-0.3,1.6,1.2,1.8,12.0,2.0,2.0,0.0,4.0,0.0,4.0,0.0,8.33,1.0,1,4.0,4.0,0.0,5,0.0,0.0,0.0,0.0,0.0,0.5,0.0,0.0,0.0,,,,,,,,,,,,,0.0,,,1,0,1,Win,2,Full Time,,0.0,1.0,34050.0,2.0,4.0,0.0,0.0,0.0,0.0,0.0,0.0,0.0,0.0,0.0,0.0,0.0,0.0,0.0,0.0,0.0,0.0,26.0,26.0,6.435,9.5,6.435,9.5,0.0,0.0,train,tier3
585,2002,Group Stage,1,0,2002-06-02,Kashima Stadium,Nigeria,Argentina,0,CAF,CONMEBOL,0,0,0,1,1777.96,1910.61,-132.64999999999986,0.3179,0.9,0.6,0.3,1.8,0.6,1.6,2.0,12.0,0.0,2.0,0.0,4.0,0.0,4.0,6.5,0.0,1,4.0,4.0,0.0,5,0.0,0.0,0.0,0.0,0.0,0.5,0.0,0.0,0.0,,,,,,,,,,,,,0.0,,,0,1,-1,Loss,0,Full Time,,0.0,1.0,34050.0,4.0,2.0,0.0,0.0,0.0,0.0,0.0,0.0,0.0,0.0,0.0,0.0,0.0,0.0,0.0,0.0,0.0,0.0,26.0,26.0,6.435,9.5,6.435,9.5,0.0,0.0,train,tier3
586,2002,Group Stage,1,0,2002-06-02,Busan Asiad Main Stadium,Paraguay,South Africa,1,CONMEBOL,CAF,0,0,0,1,1683.54,1666.66,16.87999999999988,0.5243,0.2,0.6,-0.4,0.8,2.8,0.8,5.0,1.0,0.0,0.0,0.0,0.0,0.0,0.0,3.8,0.5,0,4.0,4.0,0.0,6,0.0,0.0,0.0,0.0,0.0,0.5,0.0,0.0,0.0,,,,,,,,,,,,,0.0,,,2,2,0,Draw,1,Full Time,,1.0,1.0,25186.0,2.0,4.0,0.0,0.0,0.0,0.0,0.0,0.0,0.0,0.0,0.0,0.0,0.0,0.0,0.0,0.0,0.0,0.0,26.0,26.0,6.435,9.5,6.435,9.5,0.0,0.0,train,tier3
586,2002,Group Stage,1,0,2002-06-02,Busan Asiad Main Stadium,South Africa,Paraguay,0,CAF,CONMEBOL,0,0,0,1,1666.66,1683.54,-16.87999999999988,0.4757,0.6,0.2,0.4,0.8,0.8,0.8,1.0,5.0,0.0,0.0,0.0,0.0,0.0,0.0,3.0,0.5,0,4.0,4.0,0.0,6,0.0,0.0,0.0,0.0,0.0,0.5,0.0,0.0,0.0,,,,,,,,,,,,,0.0,,,2,2,0,Draw,1,Full Time,,0.0,1.0,25186.0,4.0,2.0,0.0,0.0,0.0,0.0,0.0,0.0,0.0,0.0,0.0,0.0,0.0,0.0,0.0,0.0,0.0,0.0,26.0,26.0,6.435,9.5,6.435,9.5,0.0,0.0,train,tier3
587,2002,Group Stage,1,0,2002-06-02,Saitama Stadium 2002,England,Sweden,1,UEFA,UEFA,1,0,0,1,1813.26,1790.06,23.200000000000045,0.5333,0.5,0.4,0.1,1.6,1.0,1.0,10.0,9.0,1.0,0.0,1.0,1.0,2.0,3.0,6.2,0.5,0,4.0,4.0,0.0,7,0.0,0.0,0.0,0.0,0.0,0.5,0.0,0.0,0.0,,,,,,,,,,,,,0.0,,,1,1,0,Draw,1,Full Time,,1.0,1.0,52721.0,1.0,1.0,0.0,0.0,0.0,0.0,0.0,0.0,0.0,0.0,0.0,0.0,0.0,0.0,0.0,0.0,0.0,0.0,26.0,26.0,6.435,9.5,6.435,9.5,0.0,0.0,train,tier3
587,2002,Group Stage,1,0,2002-06-02,Saitama Stadium 2002,Sweden,England,0,UEFA,UEFA,1,0,0,1,1790.06,1813.26,-23.200000000000045,0.4667,0.4,0.5,-0.1,1.0,1.2,1.6,9.0,10.0,0.0,1.0,1.0,1.0,3.0,2.0,7.33,0.5,0,4.0,4.0,0.0,7,0.0,0.0,0.0,0.0,0.0,0.5,0.0,0.0,0.0,,,,,,,,,,,,,0.0,,,1,1,0,Draw,1,Full Time,,0.0,1.0,52721.0,1.0,1.0,0.0,0.0,0.0,0.0,0.0,0.0,0.0,0.0,0.0,0.0,0.0,0.0,0.0,0.0,0.0,0.0,26.0,26.0,6.435,9.5,6.435,9.5,0.0,0.0,train,tier3
588,2002,Group Stage,1,0,2002-06-02,Gwangju World Cup Stadium,Spain,Slovenia,1,UEFA,UEFA,1,0,0,1,1863.09,1736.75,126.33999999999992,0.6742,0.7,0.5,0.2,1.6,0.4,0.6,10.0,0.0,0.0,0.0,0.0,0.0,0.0,0.0,6.1,0.5,0,4.0,4.0,0.0,8,0.0,0.0,0.0,0.0,0.0,0.5,0.0,0.0,0.0,,,,,,,,,,,,,0.0,,,3,1,2,Win,2,Full Time,,1.0,1.0,28598.0,1.0,1.0,0.0,0.0,0.0,0.0,0.0,0.0,0.0,0.0,0.0,0.0,0.0,0.0,0.0,0.0,0.0,0.0,26.0,26.0,6.435,9.5,6.435,9.5,0.0,0.0,train,tier3
588,2002,Group Stage,1,0,2002-06-02,Gwangju World Cup Stadium,Slovenia,Spain,0,UEFA,UEFA,1,0,0,1,1736.75,1863.09,-126.33999999999992,0.3258,0.5,0.7,-0.2,0.6,1.2,1.6,0.0,10.0,0.0,0.0,0.0,0.0,0.0,0.0,0.0,0.5,0,4.0,4.0,0.0,8,0.0,0.0,0.0,0.0,0.0,0.5,0.0,0.0,0.0,,,,,,,,,,,,,0.0,,,1,3,-2,Loss,0,Full Time,,0.0,1.0,28598.0,1.0,1.0,0.0,0.0,0.0,0.0,0.0,0.0,0.0,0.0,0.0,0.0,0.0,0.0,0.0,0.0,0.0,0.0,26.0,26.0,6.435,9.5,6.435,9.5,0.0,0.0,train,tier3
589,2002,Group Stage,1,0,2002-06-03,Sapporo Dome,Italy,Ecuador,1,UEFA,CONMEBOL,0,0,0,1,1886.18,1710.08,176.10000000000014,0.7337,0.8,0.7,0.1,1.2,0.6,1.0,14.0,0.0,3.0,0.0,5.0,0.0,7.0,0.0,7.5,0.5,0,4.0,4.0,0.0,9,0.0,0.0,0.0,0.0,0.0,0.5,0.0,0.0,0.0,,,,,,,,,,,,,0.0,,,2,0,2,Win,2,Full Time,,2.0,1.0,31081.0,1.0,2.0,0.0,0.0,0.0,0.0,0.0,0.0,0.0,0.0,0.0,0.0,0.0,0.0,0.0,0.0,0.0,0.0,26.0,26.0,6.435,9.5,6.435,9.5,0.0,0.0,train,tier3
589,2002,Group Stage,1,0,2002-06-03,Sapporo Dome,Ecuador,Italy,0,CONMEBOL,UEFA,0,0,0,1,1710.08,1886.18,-176.10000000000014,0.2663,0.7,0.8,-0.1,1.0,0.2,1.2,0.0,14.0,0.0,3.0,0.0,5.0,0.0,7.0,0.0,0.5,0,4.0,4.0,0.0,9,0.0,0.0,0.0,0.0,0.0,0.5,0.0,0.0,0.0,,,,,,,,,,,,,0.0,,,0,2,-2,Loss,0,Full Time,,0.0,1.0,31081.0,2.0,1.0,0.0,0.0,0.0,0.0,0.0,0.0,0.0,0.0,0.0,0.0,0.0,0.0,0.0,0.0,0.0,0.0,26.0,26.0,6.435,9.5,6.435,9.5,0.0,0.0,train,tier3
590,2002,Group Stage,1,0,2002-06-03,Niigata Stadium Big Swan,Croatia,Mexico,1,UEFA,CONCACAF,0,0,0,1,1809.45,1816.2,-6.75,0.4903,0.5,0.7,-0.2,0.6,0.6,1.6,1.0,11.0,0.0,0.0,0.0,0.0,1.0,0.0,11.0,0.5,0,4.0,4.0,0.0,10,0.0,0.0,0.0,0.0,0.0,0.5,0.0,0.0,0.0,,,,,,,,,,,,,0.0,,,0,1,-1,Loss,0,Full Time,,0.0,1.0,32239.0,1.0,3.0,0.0,0.0,0.0,0.0,0.0,0.0,0.0,0.0,0.0,0.0,0.0,0.0,0.0,0.0,0.0,0.0,26.0,26.0,6.435,9.5,6.435,9.5,0.0,0.0,train,tier3
590,2002,Group Stage,1,0,2002-06-03,Niigata Stadium Big Swan,Mexico,Croatia,0,CONCACAF,UEFA,0,0,0,1,1816.2,1809.45,6.75,0.5097,0.7,0.5,0.2,1.6,0.6,0.6,11.0,1.0,0.0,0.0,0.0,0.0,0.0,1.0,3.55,0.5,0,4.0,4.0,0.0,10,0.0,0.0,0.0,0.0,0.0,0.5,0.0,0.0,0.0,,,,,,,,,,,,,0.0,,,1,0,1,Win,2,Full Time,,0.0,1.0,32239.0,3.0,1.0,0.0,0.0,0.0,0.0,0.0,0.0,0.0,0.0,0.0,0.0,0.0,0.0,0.0,0.0,0.0,0.0,26.0,26.0,6.435,9.5,6.435,9.5,0.0,0.0,train,tier3
591,2002,Group Stage,1,0,2002-06-04,Busan Asiad Main Stadium,Korea Republic,Poland,1,AFC,UEFA,0,1,0,0,1500.0,1747.32,-247.32,0.1941,0.5,0.5,0.0,1.5,1.5,1.4,5.0,5.0,0.0,0.0,0.0,0.0,0.0,2.0,2.2,0.5,0,4.0,4.0,0.0,11,0.0,0.0,0.0,0.0,0.0,0.5,0.0,0.0,0.0,,,,,,,,,,,,,0.0,,,2,0,2,Win,2,Full Time,,1.0,1.0,48760.0,5.0,1.0,0.0,0.0,0.0,0.0,0.0,0.0,0.0,0.0,0.0,0.0,0.0,0.0,0.0,0.0,0.0,0.0,26.0,26.0,6.435,9.5,6.435,9.5,0.0,0.0,train,tier3
591,2002,Group Stage,1,0,2002-06-04,Busan Asiad Main Stadium,Poland,Korea Republic,0,UEFA,AFC,0,0,1,0,1747.32,1500.0,247.32,0.8059,0.5,0.5,0.0,1.4,1.2,1.5,5.0,5.0,0.0,0.0,0.0,0.0,2.0,0.0,7.8,0.5,0,4.0,4.0,0.0,11,0.0,0.0,0.0,0.0,0.0,0.5,0.0,0.0,0.0,,,,,,,,,,,,,0.0,,,0,2,-2,Loss,0,Full Time,,0.0,1.0,48760.0,1.0,5.0,0.0,0.0,0.0,0.0,0.0,0.0,0.0,0.0,0.0,0.0,0.0,0.0,0.0,0.0,0.0,0.0,26.0,26.0,6.435,9.5,6.435,9.5,0.0,0.0,train,tier3
592,2002,Group Stage,1,0,2002-06-05,Kobe Wing Stadium,Russia,Tunisia,1,UEFA,CAF,0,0,0,1,1727.93,1675.35,52.58000000000016,0.5751,0.4,0.3,0.1,1.0,1.2,0.0,1.0,2.0,0.0,0.0,0.0,0.0,0.0,0.0,7.0,0.5,0,4.0,4.0,0.0,12,0.0,0.0,0.0,0.0,0.0,0.5,0.0,0.0,0.0,,,,,,,,,,,,,0.0,,,2,0,2,Win,2,Full Time,,0.0,1.0,30957.0,1.0,4.0,0.0,0.0,0.0,0.0,0.0,0.0,0.0,0.0,0.0,0.0,0.0,0.0,0.0,0.0,0.0,0.0,26.0,26.0,6.435,9.5,6.435,9.5,0.0,0.0,train,tier3
592,2002,Group Stage,1,0,2002-06-05,Kobe Wing Stadium,Tunisia,Russia,0,CAF,UEFA,0,0,0,1,1675.35,1727.93,-52.58000000000016,0.4249,0.3,0.4,-0.1,0.0,0.4,1.0,2.0,1.0,0.0,0.0,0.0,0.0,0.0,0.0,2.0,0.5,0,4.0,4.0,0.0,12,0.0,0.0,0.0,0.0,0.0,0.5,0.0,0.0,0.0,,,,,,,,,,,,,0.0,,,0,2,-2,Loss,0,Full Time,,0.0,1.0,30957.0,4.0,1.0,0.0,0.0,0.0,0.0,0.0,0.0,0.0,0.0,0.0,0.0,0.0,0.0,0.0,0.0,0.0,0.0,26.0,26.0,6.435,9.5,6.435,9.5,0.0,0.0,train,tier3
593,2002,Group Stage,1,0,2002-06-05,Suwon World Cup Stadium,USA,Portugal,1,CONCACAF,UEFA,0,0,0,1,1500.0,1927.13,-427.1300000000001,0.0788,0.5,0.6,-0.1,1.5,1.5,2.6,6.0,2.0,0.0,0.0,0.0,0.0,1.0,1.0,3.0,0.5,0,4.0,4.0,0.0,13,0.0,0.0,0.0,0.0,0.0,0.5,0.0,0.0,0.0,,,,,,,,,,,,,0.0,,,3,2,1,Win,2,Full Time,,3.0,1.0,37306.0,3.0,1.0,0.0,0.0,0.0,0.0,0.0,0.0,0.0,0.0,0.0,0.0,0.0,0.0,0.0,0.0,0.0,0.0,26.0,26.0,6.435,9.5,6.435,9.5,0.0,0.0,train,tier3
593,2002,Group Stage,1,0,2002-06-05,Suwon World Cup Stadium,Portugal,USA,0,UEFA,CONCACAF,0,0,0,1,1927.13,1500.0,427.1300000000001,0.9212,0.6,0.5,0.1,2.6,1.4,1.5,2.0,6.0,0.0,0.0,0.0,0.0,1.0,1.0,9.5,0.5,0,4.0,4.0,0.0,13,0.0,0.0,0.0,0.0,0.0,0.5,0.0,0.0,0.0,,,,,,,,,,,,,0.0,,,2,3,-1,Loss,0,Full Time,,1.0,1.0,37306.0,1.0,3.0,0.0,0.0,0.0,0.0,0.0,0.0,0.0,0.0,0.0,0.0,0.0,0.0,0.0,0.0,0.0,0.0,26.0,26.0,6.435,9.5,6.435,9.5,0.0,0.0,train,tier3
594,2002,Group Stage,1,0,2002-06-05,Kashima Stadium,Germany,Republic of Ireland,1,UEFA,UEFA,1,0,0,1,1830.08,1827.5,2.5799999999999272,0.5037,0.6,0.6,0.0,3.4,1.2,1.6,4.0,2.0,0.0,0.0,0.0,0.0,1.0,0.0,7.75,0.5,0,4.0,4.0,0.0,14,1.0,8.0,0.0,8.0,1.0,1.0,8.0,0.0,0.0,,,,,,,,,,,,,0.0,,,1,1,0,Draw,1,Full Time,,1.0,1.0,35854.0,1.0,1.0,0.0,0.0,0.0,0.0,0.0,0.0,0.0,0.0,0.0,0.0,0.0,0.0,0.0,0.0,0.0,0.0,26.0,26.0,6.435,9.5,6.435,9.5,0.0,0.0,train,tier3
594,2002,Group Stage,1,0,2002-06-05,Kashima Stadium,Republic of Ireland,Germany,0,UEFA,UEFA,1,0,0,1,1827.5,1830.08,-2.5799999999999272,0.4963,0.6,0.6,0.0,1.6,0.8,3.4,2.0,4.0,0.0,0.0,0.0,0.0,0.0,1.0,2.0,0.5,0,4.0,4.0,0.0,14,1.0,1.0,1.0,0.0,0.0,0.0,1.0,0.0,0.0,,,,,,,,,,,,,0.0,,,1,1,0,Draw,1,Full Time,,0.0,1.0,35854.0,1.0,1.0,0.0,0.0,0.0,0.0,0.0,0.0,0.0,0.0,0.0,0.0,0.0,0.0,0.0,0.0,0.0,0.0,26.0,26.0,6.435,9.5,6.435,9.5,0.0,0.0,train,tier3
595,2002,Group Stage,1,0,2002-06-06,Daegu World Cup Stadium,Denmark,Senegal,1,UEFA,CAF,0,0,0,1,1841.11,1803.37,37.74000000000001,0.5541,0.8,0.7,0.1,1.6,1.2,1.4,2.0,0.0,0.0,0.0,0.0,0.0,0.0,0.0,9.5,0.5,0,5.0,6.0,-1.0,15,1.0,2.0,1.0,1.0,1.0,1.0,2.0,0.0,0.0,,,,,,,,,,,,,0.0,,,1,1,0,Draw,1,Full Time,,1.0,1.0,43500.0,1.0,4.0,0.0,0.0,0.0,0.0,0.0,0.0,0.0,0.0,0.0,0.0,0.0,0.0,0.0,0.0,0.0,0.0,26.0,26.0,6.435,9.5,6.435,9.5,0.0,0.0,train,tier3
595,2002,Group Stage,1,0,2002-06-06,Daegu World Cup Stadium,Senegal,Denmark,0,CAF,UEFA,0,0,0,1,1803.37,1841.11,-37.74000000000001,0.4459,0.7,0.8,-0.1,1.4,1.0,1.6,0.0,2.0,0.0,0.0,0.0,0.0,0.0,0.0,0.0,0.5,0,6.0,5.0,1.0,15,1.0,1.0,0.0,1.0,1.0,1.0,1.0,0.0,0.0,,,,,,,,,,,,,0.0,,,1,1,0,Draw,1,Full Time,,0.0,1.0,43500.0,4.0,1.0,0.0,0.0,0.0,0.0,0.0,0.0,0.0,0.0,0.0,0.0,0.0,0.0,0.0,0.0,0.0,0.0,26.0,26.0,6.435,9.5,6.435,9.5,0.0,0.0,train,tier3
596,2002,Group Stage,1,0,2002-06-06,Saitama Stadium 2002,Cameroon,Saudi Arabia,1,CAF,AFC,0,0,0,1,1804.05,1769.87,34.180000000000064,0.549,0.4,0.6,-0.2,1.0,1.2,1.4,4.0,2.0,0.0,0.0,0.0,0.0,0.0,0.0,3.25,0.5,0,5.0,5.0,0.0,16,1.0,1.0,1.0,0.0,0.0,0.0,1.0,0.0,0.0,,,,,,,,,,,,,0.0,,,1,0,1,Win,2,Full Time,,0.0,1.0,52328.0,4.0,5.0,0.0,0.0,0.0,0.0,0.0,0.0,0.0,0.0,0.0,0.0,0.0,0.0,0.0,0.0,0.0,0.0,26.0,26.0,6.435,9.5,6.435,9.5,0.0,0.0,train,tier3
596,2002,Group Stage,1,0,2002-06-06,Saitama Stadium 2002,Saudi Arabia,Cameroon,0,AFC,CAF,0,0,0,1,1769.87,1804.05,-34.180000000000064,0.451,0.6,0.4,0.2,1.4,1.4,1.0,2.0,4.0,0.0,0.0,0.0,0.0,0.0,0.0,3.5,0.5,0,5.0,5.0,0.0,16,1.0,0.0,8.0,-8.0,0.0,0.0,0.0,0.0,0.0,,,,,,,,,,,,,0.0,,,0,1,-1,Loss,0,Full Time,,0.0,1.0,52328.0,5.0,4.0,0.0,0.0,0.0,0.0,0.0,0.0,0.0,0.0,0.0,0.0,0.0,0.0,0.0,0.0,0.0,0.0,26.0,26.0,6.435,9.5,6.435,9.5,0.0,0.0,train,tier3
597,2002,Group Stage,1,0,2002-06-06,Busan Asiad Main Stadium,France,Uruguay,1,UEFA,CONMEBOL,0,0,0,1,1923.72,1729.89,193.83,0.7532,0.7,0.5,0.2,2.2,1.0,1.6,10.0,9.0,1.0,2.0,1.0,1.0,4.0,3.0,8.6,0.0,1,6.0,5.0,1.0,17,1.0,0.0,1.0,-1.0,0.0,0.0,0.0,0.0,0.0,,,,,,,,,,,,,0.0,,,0,0,0,Draw,1,Full Time,,0.0,1.0,38289.0,1.0,2.0,0.0,0.0,0.0,0.0,0.0,0.0,0.0,0.0,0.0,0.0,0.0,0.0,0.0,0.0,0.0,0.0,26.0,26.0,6.435,9.5,6.435,9.5,0.0,0.0,train,tier3
597,2002,Group Stage,1,0,2002-06-06,Busan Asiad Main Stadium,Uruguay,France,0,CONMEBOL,UEFA,0,0,0,1,1729.89,1923.72,-193.83,0.2468,0.5,0.7,-0.2,1.6,1.4,2.2,9.0,10.0,2.0,1.0,1.0,1.0,3.0,4.0,6.78,1.0,1,5.0,6.0,-1.0,17,1.0,1.0,2.0,-1.0,0.0,0.0,1.0,0.0,0.0,,,,,,,,,,,,,0.0,,,0,0,0,Draw,1,Full Time,,0.0,1.0,38289.0,2.0,1.0,0.0,0.0,0.0,0.0,0.0,0.0,0.0,0.0,0.0,0.0,0.0,0.0,0.0,0.0,0.0,0.0,26.0,26.0,6.435,9.5,6.435,9.5,0.0,0.0,train,tier3
598,2002,Group Stage,1,0,2002-06-07,Kobe Wing Stadium,Sweden,Nigeria,1,UEFA,CAF,0,0,0,1,1792.06,1758.89,33.169999999999845,0.5476,0.4,0.9,-0.5,1.0,1.2,1.8,9.0,2.0,0.0,0.0,1.0,0.0,3.0,0.0,7.33,0.5,0,5.0,5.0,0.0,18,1.0,1.0,1.0,0.0,0.0,0.0,1.0,0.0,0.0,,,,,,,,,,,,,0.0,,,2,1,1,Win,2,Full Time,,1.0,1.0,36194.0,1.0,4.0,0.0,0.0,0.0,0.0,0.0,0.0,0.0,0.0,0.0,0.0,0.0,0.0,0.0,0.0,0.0,0.0,26.0,26.0,6.435,9.5,6.435,9.5,0.0,0.0,train,tier3
598,2002,Group Stage,1,0,2002-06-07,Kobe Wing Stadium,Nigeria,Sweden,0,CAF,UEFA,0,0,0,1,1758.89,1792.06,-33.169999999999845,0.4524,0.9,0.4,0.5,1.8,0.6,1.0,2.0,9.0,0.0,0.0,0.0,1.0,0.0,3.0,6.5,0.5,0,5.0,5.0,0.0,18,1.0,0.0,1.0,-1.0,0.0,0.0,0.0,0.0,0.0,,,,,,,,,,,,,0.0,,,1,2,-1,Loss,0,Full Time,,1.0,1.0,36194.0,4.0,1.0,0.0,0.0,0.0,0.0,0.0,0.0,0.0,0.0,0.0,0.0,0.0,0.0,0.0,0.0,0.0,0.0,26.0,26.0,6.435,9.5,6.435,9.5,0.0,0.0,train,tier3
599,2002,Group Stage,1,0,2002-06-07,Sapporo Dome,Argentina,England,1,CONMEBOL,UEFA,0,0,0,1,1929.68,1811.26,118.42000000000009,0.6641,0.7,0.5,0.2,1.4,0.8,1.8,12.0,10.0,2.0,1.0,4.0,1.0,4.0,2.0,8.33,0.25,4,5.0,5.0,0.0,19,1.0,1.0,0.0,1.0,1.0,1.0,1.0,0.0,0.0,,,,,,,,,,,,,0.0,,,0,1,-1,Loss,0,Full Time,,0.0,1.0,35927.0,2.0,1.0,0.0,0.0,0.0,0.0,0.0,0.0,0.0,0.0,0.0,0.0,0.0,0.0,0.0,0.0,0.0,0.0,26.0,26.0,6.435,9.5,6.435,9.5,0.0,0.0,train,tier3
599,2002,Group Stage,1,0,2002-06-07,Sapporo Dome,England,Argentina,0,UEFA,CONMEBOL,0,0,0,1,1811.26,1929.68,-118.42000000000009,0.3359,0.5,0.7,-0.2,1.8,1.2,1.4,10.0,12.0,1.0,2.0,1.0,4.0,2.0,4.0,6.2,0.75,4,5.0,5.0,0.0,19,1.0,1.0,1.0,0.0,0.0,0.0,1.0,0.0,0.0,,,,,,,,,,,,,0.0,,,1,0,1,Win,2,Full Time,,1.0,1.0,35927.0,1.0,2.0,0.0,0.0,0.0,0.0,0.0,0.0,0.0,0.0,0.0,0.0,0.0,0.0,0.0,0.0,0.0,0.0,26.0,26.0,6.435,9.5,6.435,9.5,0.0,0.0,train,tier3
600,2002,Group Stage,1,0,2002-06-08,Daegu World Cup Stadium,South Africa,Slovenia,1,CAF,UEFA,0,0,0,1,1668.12,1717.2,-49.08000000000016,0.4298,0.8,0.6,0.2,1.0,0.0,0.8,1.0,0.0,0.0,0.0,0.0,0.0,0.0,0.0,3.0,0.5,0,6.0,6.0,0.0,20,1.0,2.0,2.0,0.0,0.0,0.0,2.0,0.0,0.0,,,,,,,,,,,,,0.0,,,1,0,1,Win,2,Full Time,,1.0,1.0,47226.0,4.0,1.0,0.0,0.0,0.0,0.0,0.0,0.0,0.0,0.0,0.0,0.0,0.0,0.0,0.0,0.0,0.0,0.0,26.0,26.0,6.435,9.5,6.435,9.5,0.0,0.0,train,tier3
600,2002,Group Stage,1,0,2002-06-08,Daegu World Cup Stadium,Slovenia,South Africa,0,UEFA,CAF,0,0,0,1,1717.2,1668.12,49.08000000000016,0.5702,0.6,0.8,-0.2,0.8,1.0,1.0,0.0,1.0,0.0,0.0,0.0,0.0,0.0,0.0,0.0,0.5,0,6.0,6.0,0.0,20,1.0,1.0,3.0,-2.0,0.0,0.0,1.0,0.0,0.0,,,,,,,,,,,,,0.0,,,0,1,-1,Loss,0,Full Time,,0.0,1.0,47226.0,1.0,4.0,0.0,0.0,0.0,0.0,0.0,0.0,0.0,0.0,0.0,0.0,0.0,0.0,0.0,0.0,0.0,0.0,26.0,26.0,6.435,9.5,6.435,9.5,0.0,0.0,train,tier3
601,2002,Group Stage,1,0,2002-06-08,Jeju World Cup Stadium,Brazil,China PR,1,CONMEBOL,AFC,0,0,0,1,1813.46,1725.15,88.30999999999995,0.6244,0.9,0.2,0.7,3.0,0.6,0.0,16.0,0.0,4.0,0.0,5.0,0.0,8.0,0.0,10.81,0.5,0,4.0,4.0,0.0,21,0.0,0.0,0.0,0.0,0.0,0.5,0.0,0.0,0.0,,,,,,,,,,,,,0.0,,,4,0,4,Win,2,Full Time,,3.0,1.0,36750.0,2.0,5.0,0.0,0.0,0.0,0.0,0.0,0.0,0.0,0.0,0.0,0.0,0.0,0.0,0.0,0.0,0.0,0.0,26.0,26.0,6.435,9.5,6.435,9.5,0.0,0.0,train,tier3
601,2002,Group Stage,1,0,2002-06-08,Jeju World Cup Stadium,China PR,Brazil,0,AFC,CONMEBOL,0,0,0,1,1725.15,1813.46,-88.30999999999995,0.3756,0.2,0.9,-0.7,0.0,1.0,3.0,0.0,16.0,0.0,4.0,0.0,5.0,0.0,8.0,0.0,0.5,0,4.0,4.0,0.0,21,0.0,0.0,0.0,0.0,0.0,0.5,0.0,0.0,0.0,,,,,,,,,,,,,0.0,,,0,4,-4,Loss,0,Full Time,,0.0,1.0,36750.0,5.0,2.0,0.0,0.0,0.0,0.0,0.0,0.0,0.0,0.0,0.0,0.0,0.0,0.0,0.0,0.0,0.0,0.0,26.0,26.0,6.435,9.5,6.435,9.5,0.0,0.0,train,tier3
602,2002,Group Stage,1,0,2002-06-09,Incheon Football Stadium,Costa Rica,Turkey,1,CONCACAF,UEFA,0,0,0,1,1809.41,1693.63,115.77999999999996,0.6607,0.1,0.5,-0.4,0.4,1.6,1.4,1.0,1.0,0.0,0.0,0.0,0.0,0.0,0.0,4.0,0.5,0,4.0,4.0,0.0,22,0.0,0.0,0.0,0.0,0.0,0.5,0.0,0.0,0.0,,,,,,,,,,,,,0.0,,,1,1,0,Draw,1,Full Time,,0.0,1.0,42299.0,3.0,1.0,0.0,0.0,0.0,0.0,0.0,0.0,0.0,0.0,0.0,0.0,0.0,0.0,0.0,0.0,0.0,0.0,26.0,26.0,6.435,9.5,6.435,9.5,0.0,0.0,train,tier3
602,2002,Group Stage,1,0,2002-06-09,Incheon Football Stadium,Turkey,Costa Rica,0,UEFA,CONCACAF,0,0,0,1,1693.63,1809.41,-115.77999999999996,0.3393,0.5,0.1,0.4,1.4,0.6,0.4,1.0,1.0,0.0,0.0,0.0,0.0,0.0,0.0,10.0,0.5,0,4.0,4.0,0.0,22,0.0,0.0,0.0,0.0,0.0,0.5,0.0,0.0,0.0,,,,,,,,,,,,,0.0,,,1,1,0,Draw,1,Full Time,,0.0,1.0,42299.0,1.0,3.0,0.0,0.0,0.0,0.0,0.0,0.0,0.0,0.0,0.0,0.0,0.0,0.0,0.0,0.0,0.0,0.0,26.0,26.0,6.435,9.5,6.435,9.5,0.0,0.0,train,tier3
603,2002,Group Stage,1,0,2002-06-09,International Stadium Yokohama,Japan,Russia,1,AFC,UEFA,0,1,0,0,1813.96,1753.42,60.53999999999997,0.5863,0.5,0.3,0.2,1.2,1.6,0.6,1.0,1.0,0.0,0.0,0.0,0.0,0.0,0.0,1.0,0.5,0,4.0,4.0,0.0,23,0.0,0.0,0.0,0.0,0.0,0.5,0.0,0.0,0.0,,,,,,,,,,,,,0.0,,,1,0,1,Win,2,Full Time,,0.0,1.0,66108.0,5.0,1.0,0.0,0.0,0.0,0.0,0.0,0.0,0.0,0.0,0.0,0.0,0.0,0.0,0.0,0.0,0.0,0.0,26.0,26.0,6.435,9.5,6.435,9.5,0.0,0.0,train,tier3
603,2002,Group Stage,1,0,2002-06-09,International Stadium Yokohama,Russia,Japan,0,UEFA,AFC,0,0,1,0,1753.42,1813.96,-60.53999999999997,0.4137,0.3,0.5,-0.2,0.6,1.2,1.2,1.0,1.0,0.0,0.0,0.0,0.0,0.0,0.0,7.0,0.5,0,4.0,4.0,0.0,23,1.0,2.0,0.0,2.0,1.0,1.0,2.0,0.0,0.0,,,,,,,,,,,,,0.0,,,0,1,-1,Loss,0,Full Time,,0.0,1.0,66108.0,1.0,5.0,0.0,0.0,0.0,0.0,0.0,0.0,0.0,0.0,0.0,0.0,0.0,0.0,0.0,0.0,0.0,0.0,26.0,26.0,6.435,9.5,6.435,9.5,0.0,0.0,train,tier3
604,2002,Group Stage,1,0,2002-06-09,Miyagi Stadium,Mexico,Ecuador,1,CONCACAF,CONMEBOL,0,0,0,1,1845.62,1694.1,151.51999999999998,0.7052,0.8,0.5,0.3,1.8,0.6,0.8,11.0,0.0,0.0,0.0,0.0,0.0,0.0,0.0,3.55,0.5,0,6.0,6.0,0.0,24,1.0,1.0,0.0,1.0,1.0,1.0,1.0,0.0,0.0,,,,,,,,,,,,,0.0,,,2,1,1,Win,2,Full Time,,1.0,1.0,45610.0,3.0,2.0,0.0,0.0,0.0,0.0,0.0,0.0,0.0,0.0,0.0,0.0,0.0,0.0,0.0,0.0,0.0,0.0,26.0,26.0,6.435,9.5,6.435,9.5,0.0,0.0,train,tier3
604,2002,Group Stage,1,0,2002-06-09,Miyagi Stadium,Ecuador,Mexico,0,CONMEBOL,CONCACAF,0,0,0,1,1694.1,1845.62,-151.51999999999998,0.2948,0.5,0.8,-0.3,0.8,0.4,1.8,0.0,11.0,0.0,0.0,0.0,0.0,0.0,0.0,0.0,0.5,0,6.0,6.0,0.0,24,1.0,0.0,2.0,-2.0,0.0,0.0,0.0,0.0,0.0,,,,,,,,,,,,,0.0,,,1,2,-1,Loss,0,Full Time,,1.0,1.0,45610.0,2.0,3.0,0.0,0.0,0.0,0.0,0.0,0.0,0.0,0.0,0.0,0.0,0.0,0.0,0.0,0.0,0.0,0.0,26.0,26.0,6.435,9.5,6.435,9.5,0.0,0.0,train,tier3
605,2002,Group Stage,1,0,2002-06-10,Daegu World Cup Stadium,Korea Republic,USA,1,AFC,CONCACAF,0,1,0,0,1500.0,1500.0,0.0,0.5,0.5,0.5,0.0,1.5,1.5,1.5,5.0,6.0,0.0,0.0,0.0,0.0,0.0,1.0,2.2,0.5,0,6.0,5.0,1.0,25,1.0,2.0,0.0,2.0,1.0,1.0,2.0,0.0,0.0,,,,,,,,,,,,,0.0,,,1,1,0,Draw,1,Full Time,,0.0,1.0,60778.0,5.0,3.0,0.0,0.0,0.0,0.0,0.0,0.0,0.0,0.0,0.0,0.0,0.0,0.0,0.0,0.0,0.0,0.0,26.0,26.0,6.435,9.5,6.435,9.5,0.0,0.0,train,tier3
605,2002,Group Stage,1,0,2002-06-10,Daegu World Cup Stadium,USA,Korea Republic,0,CONCACAF,AFC,0,0,1,0,1500.0,1500.0,0.0,0.5,0.5,0.5,0.0,1.5,1.5,1.5,6.0,5.0,0.0,0.0,0.0,0.0,1.0,0.0,3.0,0.5,0,5.0,6.0,-1.0,25,1.0,3.0,2.0,1.0,1.0,1.0,3.0,0.0,0.0,,,,,,,,,,,,,0.0,,,1,1,0,Draw,1,Full Time,,1.0,1.0,60778.0,3.0,5.0,0.0,0.0,0.0,0.0,0.0,0.0,0.0,0.0,0.0,0.0,0.0,0.0,0.0,0.0,0.0,0.0,26.0,26.0,6.435,9.5,6.435,9.5,0.0,0.0,train,tier3
606,2002,Group Stage,1,0,2002-06-10,Jeonju World Cup Stadium,Portugal,Poland,1,UEFA,UEFA,1,0,0,1,1845.12,1662.2,182.91999999999985,0.7413,0.6,0.6,0.0,2.0,1.4,1.6,2.0,5.0,0.0,0.0,0.0,0.0,1.0,2.0,9.5,0.0,1,5.0,6.0,-1.0,26,1.0,2.0,3.0,-1.0,0.0,0.0,2.0,0.0,0.0,,,,,,,,,,,,,0.0,,,4,0,4,Win,2,Full Time,,1.0,1.0,31000.0,1.0,1.0,0.0,0.0,0.0,0.0,0.0,0.0,0.0,0.0,0.0,0.0,0.0,0.0,0.0,0.0,0.0,0.0,26.0,26.0,6.435,9.5,6.435,9.5,0.0,0.0,train,tier3
606,2002,Group Stage,1,0,2002-06-10,Jeonju World Cup Stadium,Poland,Portugal,0,UEFA,UEFA,1,0,0,1,1662.2,1845.12,-182.91999999999985,0.2587,0.6,0.6,0.0,1.6,1.2,2.0,5.0,2.0,0.0,0.0,0.0,0.0,2.0,1.0,7.8,1.0,1,6.0,5.0,1.0,26,1.0,0.0,2.0,-2.0,0.0,0.0,0.0,0.0,0.0,,,,,,,,,,,,,0.0,,,0,4,-4,Loss,0,Full Time,,0.0,1.0,31000.0,1.0,1.0,0.0,0.0,0.0,0.0,0.0,0.0,0.0,0.0,0.0,0.0,0.0,0.0,0.0,0.0,0.0,0.0,26.0,26.0,6.435,9.5,6.435,9.5,0.0,0.0,train,tier3
607,2002,Group Stage,1,0,2002-06-10,Oita Stadium Big Eye,Tunisia,Belgium,1,CAF,UEFA,0,0,0,1,1649.86,1810.14,-160.2800000000002,0.2844,0.3,0.8,-0.5,0.2,0.6,1.0,2.0,10.0,0.0,0.0,0.0,0.0,0.0,1.0,2.0,0.5,0,5.0,4.0,1.0,27,1.0,0.0,2.0,-2.0,0.0,0.0,0.0,0.0,0.0,,,,,,,,,,,,,0.0,,,1,1,0,Draw,1,Full Time,,1.0,1.0,39700.0,4.0,1.0,0.0,0.0,0.0,0.0,0.0,0.0,0.0,0.0,0.0,0.0,0.0,0.0,0.0,0.0,0.0,0.0,26.0,26.0,6.435,9.5,6.435,9.5,0.0,0.0,train,tier3
607,2002,Group Stage,1,0,2002-06-10,Oita Stadium Big Eye,Belgium,Tunisia,0,UEFA,CAF,0,0,0,1,1810.14,1649.86,160.2800000000002,0.7156,0.8,0.3,0.5,1.0,0.4,0.2,10.0,2.0,0.0,0.0,0.0,0.0,1.0,0.0,4.0,0.5,0,4.0,5.0,-1.0,27,0.0,0.0,0.0,0.0,0.0,0.5,0.0,0.0,0.0,,,,,,,,,,,,,0.0,,,1,1,0,Draw,1,Full Time,,1.0,1.0,39700.0,1.0,4.0,0.0,0.0,0.0,0.0,0.0,0.0,0.0,0.0,0.0,0.0,0.0,0.0,0.0,0.0,0.0,0.0,26.0,26.0,6.435,9.5,6.435,9.5,0.0,0.0,train,tier3
608,2002,Group Stage,1,0,2002-06-11,Incheon Football Stadium,Denmark,France,1,UEFA,UEFA,1,0,0,1,1837.86,1908.53,-70.67000000000007,0.3997,0.8,0.5,0.3,1.8,1.4,1.8,2.0,10.0,0.0,1.0,0.0,1.0,0.0,4.0,9.5,0.0,1,5.0,5.0,0.0,28,2.0,3.0,2.0,1.0,1.0,0.5,1.5,0.0,0.0,,,,,,,,,,,,,0.0,,,2,0,2,Win,2,Full Time,,1.0,1.0,48100.0,1.0,1.0,0.0,0.0,0.0,0.0,0.0,0.0,0.0,0.0,0.0,0.0,0.0,0.0,0.0,0.0,0.0,0.0,26.0,26.0,6.435,9.5,6.435,9.5,0.0,0.0,train,tier3
608,2002,Group Stage,1,0,2002-06-11,Incheon Football Stadium,France,Denmark,0,UEFA,UEFA,1,0,0,1,1908.53,1837.86,70.67000000000007,0.6003,0.5,0.8,-0.3,1.8,1.0,1.8,10.0,2.0,1.0,0.0,1.0,0.0,4.0,0.0,8.6,1.0,1,5.0,5.0,0.0,28,2.0,0.0,1.0,-1.0,0.0,0.0,0.0,0.0,0.0,,,,,,,,,,,,,0.0,,,0,2,-2,Loss,0,Full Time,,0.0,1.0,48100.0,1.0,1.0,0.0,0.0,0.0,0.0,0.0,0.0,0.0,0.0,0.0,0.0,0.0,0.0,0.0,0.0,0.0,0.0,26.0,26.0,6.435,9.5,6.435,9.5,0.0,0.0,train,tier3
609,2002,Group Stage,1,0,2002-06-11,International Stadium Yokohama,Saudi Arabia,Republic of Ireland,1,AFC,UEFA,0,0,0,1,1742.81,1827.72,-84.91000000000008,0.3802,0.6,0.7,-0.1,1.4,2.8,1.8,2.0,2.0,0.0,0.0,0.0,0.0,0.0,0.0,3.5,0.5,0,5.0,6.0,-1.0,29,2.0,0.0,9.0,-9.0,0.0,0.0,0.0,0.0,0.0,,,,,,,,,,,,,0.0,,,0,3,-3,Loss,0,Full Time,,0.0,1.0,65320.0,5.0,1.0,0.0,0.0,0.0,0.0,0.0,0.0,0.0,0.0,0.0,0.0,0.0,0.0,0.0,0.0,0.0,0.0,26.0,26.0,6.435,9.5,6.435,9.5,0.0,0.0,train,tier3
609,2002,Group Stage,1,0,2002-06-11,International Stadium Yokohama,Republic of Ireland,Saudi Arabia,0,UEFA,AFC,0,0,0,1,1827.72,1742.81,84.91000000000008,0.6198,0.7,0.6,0.1,1.8,0.8,1.4,2.0,2.0,0.0,0.0,0.0,0.0,0.0,0.0,2.0,0.5,0,6.0,5.0,1.0,29,2.0,2.0,2.0,0.0,0.0,0.0,1.0,0.0,0.0,,,,,,,,,,,,,0.0,,,3,0,3,Win,2,Full Time,,1.0,1.0,65320.0,1.0,5.0,0.0,0.0,0.0,0.0,0.0,0.0,0.0,0.0,0.0,0.0,0.0,0.0,0.0,0.0,0.0,0.0,26.0,26.0,6.435,9.5,6.435,9.5,0.0,0.0,train,tier3
610,2002,Group Stage,1,0,2002-06-11,Shizuoka Stadium Ecopa,Cameroon,Germany,1,CAF,UEFA,0,0,0,1,1831.11,1829.86,1.25,0.5018,0.4,0.6,-0.2,1.2,1.4,4.2,4.0,4.0,0.0,0.0,0.0,0.0,0.0,1.0,3.25,0.5,0,5.0,6.0,-1.0,30,2.0,2.0,1.0,1.0,1.0,0.5,1.0,0.0,0.0,,,,,,,,,,,,,0.0,,,0,2,-2,Loss,0,Full Time,,0.0,1.0,47085.0,4.0,1.0,0.0,0.0,0.0,0.0,0.0,0.0,0.0,0.0,0.0,0.0,0.0,0.0,0.0,0.0,0.0,0.0,26.0,26.0,6.435,9.5,6.435,9.5,0.0,0.0,train,tier3
610,2002,Group Stage,1,0,2002-06-11,Shizuoka Stadium Ecopa,Germany,Cameroon,0,UEFA,CAF,0,0,0,1,1829.86,1831.11,-1.25,0.4982,0.6,0.4,0.2,4.2,0.8,1.2,4.0,4.0,0.0,0.0,0.0,0.0,1.0,0.0,7.75,0.5,0,6.0,5.0,1.0,30,2.0,9.0,1.0,8.0,1.0,0.5,4.5,0.0,0.0,,,,,,,,,,,,,0.0,,,2,0,2,Win,2,Full Time,,0.0,1.0,47085.0,1.0,4.0,0.0,0.0,0.0,0.0,0.0,0.0,0.0,0.0,0.0,0.0,0.0,0.0,0.0,0.0,0.0,0.0,26.0,26.0,6.435,9.5,6.435,9.5,0.0,0.0,train,tier3
611,2002,Group Stage,1,0,2002-06-12,Miyagi Stadium,Sweden,Argentina,1,UEFA,CONMEBOL,0,0,0,1,1819.2,1889.83,-70.62999999999988,0.3997,0.4,0.7,-0.3,0.8,1.0,1.2,9.0,12.0,0.0,2.0,1.0,4.0,3.0,4.0,7.33,1.0,1,5.0,5.0,0.0,31,2.0,3.0,2.0,1.0,1.0,0.5,1.5,0.0,0.0,,,,,,,,,,,,,0.0,,,1,1,0,Draw,1,Full Time,,0.0,1.0,45777.0,1.0,2.0,0.0,0.0,0.0,0.0,0.0,0.0,0.0,0.0,0.0,0.0,0.0,0.0,0.0,0.0,0.0,0.0,26.0,26.0,6.435,9.5,6.435,9.5,0.0,0.0,train,tier3
611,2002,Group Stage,1,0,2002-06-12,Miyagi Stadium,Argentina,Sweden,0,CONMEBOL,UEFA,0,0,0,1,1889.83,1819.2,70.62999999999988,0.6003,0.7,0.4,0.3,1.2,0.8,0.8,12.0,9.0,2.0,0.0,4.0,1.0,4.0,3.0,8.33,0.0,1,5.0,5.0,0.0,31,2.0,1.0,1.0,0.0,1.0,0.5,0.5,0.0,0.0,,,,,,,,,,,,,0.0,,,1,1,0,Draw,1,Full Time,,0.0,1.0,45777.0,2.0,1.0,0.0,0.0,0.0,0.0,0.0,0.0,0.0,0.0,0.0,0.0,0.0,0.0,0.0,0.0,0.0,0.0,26.0,26.0,6.435,9.5,6.435,9.5,0.0,0.0,train,tier3
612,2002,Group Stage,1,0,2002-06-12,Osaka Nagai Stadium,Nigeria,England,1,CAF,UEFA,0,0,0,1,1731.75,1851.11,-119.3599999999999,0.3347,0.8,0.5,0.3,1.6,0.6,1.8,2.0,10.0,0.0,1.0,0.0,1.0,0.0,2.0,6.5,0.5,0,5.0,5.0,0.0,32,2.0,1.0,3.0,-2.0,0.0,0.0,0.5,0.0,0.0,,,,,,,,,,,,,0.0,,,0,0,0,Draw,1,Full Time,,0.0,1.0,44864.0,4.0,1.0,0.0,0.0,0.0,0.0,0.0,0.0,0.0,0.0,0.0,0.0,0.0,0.0,0.0,0.0,0.0,0.0,26.0,26.0,6.435,9.5,6.435,9.5,0.0,0.0,train,tier3
612,2002,Group Stage,1,0,2002-06-12,Osaka Nagai Stadium,England,Nigeria,0,UEFA,CAF,0,0,0,1,1851.11,1731.75,119.3599999999999,0.6653,0.5,0.8,-0.3,1.8,1.2,1.6,10.0,2.0,1.0,0.0,1.0,0.0,2.0,0.0,6.2,0.5,0,5.0,5.0,0.0,32,2.0,2.0,1.0,1.0,1.0,0.5,1.0,0.0,0.0,,,,,,,,,,,,,0.0,,,0,0,0,Draw,1,Full Time,,0.0,1.0,44864.0,1.0,4.0,0.0,0.0,0.0,0.0,0.0,0.0,0.0,0.0,0.0,0.0,0.0,0.0,0.0,0.0,0.0,0.0,26.0,26.0,6.435,9.5,6.435,9.5,0.0,0.0,train,tier3
613,2002,Group Stage,1,0,2002-06-12,Jeju World Cup Stadium,Slovenia,Paraguay,1,UEFA,CONMEBOL,0,0,0,1,1682.99,1667.7,15.289999999999964,0.522,0.6,0.5,0.1,0.8,0.6,1.4,0.0,5.0,0.0,0.0,0.0,0.0,0.0,0.0,0.0,0.5,0,4.0,10.0,-6.0,33,2.0,1.0,4.0,-3.0,0.0,0.0,0.5,0.0,0.0,,,,,,,,,,,,,0.0,,,1,3,-2,Loss,0,Full Time,,1.0,1.0,30176.0,1.0,2.0,0.0,0.0,0.0,0.0,0.0,0.0,0.0,0.0,0.0,0.0,0.0,0.0,0.0,0.0,0.0,0.0,26.0,26.0,6.435,9.5,6.435,9.5,0.0,0.0,train,tier3
613,2002,Group Stage,1,0,2002-06-12,Jeju World Cup Stadium,Paraguay,Slovenia,0,CONMEBOL,UEFA,0,0,0,1,1667.7,1682.99,-15.289999999999964,0.478,0.5,0.6,-0.1,1.4,2.0,0.8,5.0,0.0,0.0,0.0,0.0,0.0,0.0,0.0,3.8,0.5,0,10.0,4.0,6.0,33,1.0,2.0,2.0,0.0,0.0,0.0,2.0,0.0,0.0,,,,,,,,,,,,,0.0,,,3,1,2,Win,2,Full Time,,0.0,1.0,30176.0,2.0,1.0,0.0,0.0,0.0,0.0,0.0,0.0,0.0,0.0,0.0,0.0,0.0,0.0,0.0,0.0,0.0,0.0,26.0,26.0,6.435,9.5,6.435,9.5,0.0,0.0,train,tier3
614,2002,Group Stage,1,0,2002-06-12,Daejeon World Cup Stadium,South Africa,Spain,1,CAF,UEFA,0,0,0,1,1702.33,1897.02,-194.69000000000003,0.2459,0.8,0.7,0.1,1.4,0.4,2.0,1.0,10.0,0.0,0.0,0.0,0.0,0.0,0.0,3.0,0.5,0,4.0,10.0,-6.0,34,2.0,3.0,2.0,1.0,1.0,0.5,1.5,0.0,0.0,,,,,,,,,,,,,0.0,,,2,3,-1,Loss,0,Full Time,,1.0,1.0,31024.0,4.0,1.0,0.0,0.0,0.0,0.0,0.0,0.0,0.0,0.0,0.0,0.0,0.0,0.0,0.0,0.0,0.0,0.0,26.0,26.0,6.435,9.5,6.435,9.5,0.0,0.0,train,tier3
614,2002,Group Stage,1,0,2002-06-12,Daejeon World Cup Stadium,Spain,South Africa,0,UEFA,CAF,0,0,0,1,1897.02,1702.33,194.69000000000003,0.7541,0.7,0.8,-0.1,2.0,0.6,1.4,10.0,1.0,0.0,0.0,0.0,0.0,0.0,0.0,6.1,0.5,0,10.0,4.0,6.0,34,1.0,3.0,1.0,2.0,1.0,1.0,3.0,0.0,0.0,,,,,,,,,,,,,0.0,,,3,2,1,Win,2,Full Time,,2.0,1.0,31024.0,1.0,4.0,0.0,0.0,0.0,0.0,0.0,0.0,0.0,0.0,0.0,0.0,0.0,0.0,0.0,0.0,0.0,0.0,26.0,26.0,6.435,9.5,6.435,9.5,0.0,0.0,train,tier3
615,2002,Group Stage,1,0,2002-06-13,Suwon World Cup Stadium,Costa Rica,Brazil,1,CONCACAF,CONMEBOL,0,0,0,1,1799.77,1835.99,-36.22000000000003,0.4481,0.3,0.9,-0.6,0.8,1.2,2.2,1.0,16.0,0.0,4.0,0.0,5.0,0.0,8.0,4.0,0.0,1,4.0,5.0,-1.0,35,1.0,1.0,1.0,0.0,0.0,0.0,1.0,0.0,0.0,,,,,,,,,,,,,0.0,,,2,5,-3,Loss,0,Full Time,,1.0,1.0,38524.0,3.0,2.0,0.0,0.0,0.0,0.0,0.0,0.0,0.0,0.0,0.0,0.0,0.0,0.0,0.0,0.0,0.0,0.0,26.0,26.0,6.435,9.5,6.435,9.5,0.0,0.0,train,tier3
615,2002,Group Stage,1,0,2002-06-13,Suwon World Cup Stadium,Brazil,Costa Rica,0,CONMEBOL,CONCACAF,0,0,0,1,1835.99,1799.77,36.22000000000003,0.5519,0.9,0.3,0.6,2.2,0.6,0.8,16.0,1.0,4.0,0.0,5.0,0.0,8.0,0.0,10.81,1.0,1,5.0,4.0,1.0,35,1.0,4.0,0.0,4.0,1.0,1.0,4.0,0.0,0.0,,,,,,,,,,,,,0.0,,,5,2,3,Win,2,Full Time,,3.0,1.0,38524.0,2.0,3.0,0.0,0.0,0.0,0.0,0.0,0.0,0.0,0.0,0.0,0.0,0.0,0.0,0.0,0.0,0.0,0.0,26.0,26.0,6.435,9.5,6.435,9.5,0.0,0.0,train,tier3
616,2002,Group Stage,1,0,2002-06-13,Seoul World Cup Stadium,Turkey,China PR,1,UEFA,AFC,0,0,0,1,1703.27,1702.62,0.650000000000091,0.5009,0.3,0.2,0.1,0.6,1.0,0.0,1.0,0.0,0.0,0.0,0.0,0.0,0.0,0.0,10.0,0.5,0,4.0,5.0,-1.0,36,1.0,1.0,1.0,0.0,0.0,0.0,1.0,0.0,0.0,,,,,,,,,,,,,0.0,,,3,0,3,Win,2,Full Time,,2.0,1.0,43605.0,1.0,5.0,0.0,0.0,0.0,0.0,0.0,0.0,0.0,0.0,0.0,0.0,0.0,0.0,0.0,0.0,0.0,0.0,26.0,26.0,6.435,9.5,6.435,9.5,0.0,0.0,train,tier3
616,2002,Group Stage,1,0,2002-06-13,Seoul World Cup Stadium,China PR,Turkey,0,AFC,UEFA,0,0,0,1,1702.62,1703.27,-0.650000000000091,0.4991,0.2,0.3,-0.1,0.0,1.2,0.6,0.0,1.0,0.0,0.0,0.0,0.0,0.0,0.0,0.0,0.5,0,5.0,4.0,1.0,36,1.0,0.0,4.0,-4.0,0.0,0.0,0.0,0.0,0.0,,,,,,,,,,,,,0.0,,,0,3,-3,Loss,0,Full Time,,0.0,1.0,43605.0,5.0,1.0,0.0,0.0,0.0,0.0,0.0,0.0,0.0,0.0,0.0,0.0,0.0,0.0,0.0,0.0,0.0,0.0,26.0,26.0,6.435,9.5,6.435,9.5,0.0,0.0,train,tier3
617,2002,Group Stage,1,0,2002-06-13,International Stadium Yokohama,Ecuador,Croatia,1,CONMEBOL,UEFA,0,0,0,1,1676.41,1820.16,-143.75,0.3042,0.5,0.6,-0.1,0.8,0.6,0.8,0.0,1.0,0.0,0.0,0.0,0.0,0.0,1.0,0.0,0.5,0,4.0,10.0,-6.0,37,2.0,1.0,4.0,-3.0,0.0,0.0,0.5,0.0,0.0,,,,,,,,,,,,,0.0,,,1,0,1,Win,2,Full Time,,0.0,1.0,65862.0,2.0,1.0,0.0,0.0,0.0,0.0,0.0,0.0,0.0,0.0,0.0,0.0,0.0,0.0,0.0,0.0,0.0,0.0,26.0,26.0,6.435,9.5,6.435,9.5,0.0,0.0,train,tier3
617,2002,Group Stage,1,0,2002-06-13,International Stadium Yokohama,Croatia,Ecuador,0,UEFA,CONMEBOL,0,0,0,1,1820.16,1676.41,143.75,0.6958,0.6,0.5,0.1,0.8,0.2,0.8,1.0,0.0,0.0,0.0,0.0,0.0,1.0,0.0,11.0,0.5,0,10.0,4.0,6.0,37,1.0,0.0,1.0,-1.0,0.0,0.0,0.0,0.0,0.0,,,,,,,,,,,,,0.0,,,0,1,-1,Loss,0,Full Time,,0.0,1.0,65862.0,1.0,2.0,0.0,0.0,0.0,0.0,0.0,0.0,0.0,0.0,0.0,0.0,0.0,0.0,0.0,0.0,0.0,0.0,26.0,26.0,6.435,9.5,6.435,9.5,0.0,0.0,train,tier3
618,2002,Group Stage,1,0,2002-06-13,Oita Stadium Big Eye,Mexico,Italy,1,CONCACAF,UEFA,0,0,0,1,1863.31,1862.03,1.2799999999999727,0.5018,1.0,0.7,0.3,1.8,0.2,1.2,11.0,14.0,0.0,3.0,0.0,5.0,0.0,7.0,3.55,0.0,2,4.0,10.0,-6.0,38,2.0,3.0,1.0,2.0,2.0,1.0,1.5,0.0,0.0,,,,,,,,,,,,,0.0,,,1,1,0,Draw,1,Full Time,,1.0,1.0,39291.0,3.0,1.0,0.0,0.0,0.0,0.0,0.0,0.0,0.0,0.0,0.0,0.0,0.0,0.0,0.0,0.0,0.0,0.0,26.0,26.0,6.435,9.5,6.435,9.5,0.0,0.0,train,tier3
618,2002,Group Stage,1,0,2002-06-13,Oita Stadium Big Eye,Italy,Mexico,0,UEFA,CONCACAF,0,0,0,1,1862.03,1863.31,-1.2799999999999727,0.4982,0.7,1.0,-0.3,1.2,0.6,1.8,14.0,11.0,3.0,0.0,5.0,0.0,7.0,0.0,7.5,1.0,2,10.0,4.0,6.0,38,1.0,2.0,0.0,2.0,1.0,1.0,2.0,0.0,0.0,,,,,,,,,,,,,0.0,,,1,1,0,Draw,1,Full Time,,0.0,1.0,39291.0,1.0,3.0,0.0,0.0,0.0,0.0,0.0,0.0,0.0,0.0,0.0,0.0,0.0,0.0,0.0,0.0,0.0,0.0,26.0,26.0,6.435,9.5,6.435,9.5,0.0,0.0,train,tier3
619,2002,Group Stage,1,0,2002-06-14,Osaka Nagai Stadium,Tunisia,Japan,1,CAF,AFC,0,0,1,1,1691.38,1929.99,-238.6099999999999,0.202,0.2,0.5,-0.3,0.2,1.0,1.4,2.0,1.0,0.0,0.0,0.0,0.0,0.0,0.0,2.0,0.5,0,4.0,5.0,-1.0,39,2.0,1.0,3.0,-2.0,0.0,0.0,0.5,0.0,0.0,,,,,,,,,,,,,0.0,,,0,2,-2,Loss,0,Full Time,,0.0,1.0,45213.0,4.0,5.0,0.0,0.0,0.0,0.0,0.0,0.0,0.0,0.0,0.0,0.0,0.0,0.0,0.0,0.0,0.0,0.0,26.0,26.0,6.435,9.5,6.435,9.5,0.0,0.0,train,tier3
619,2002,Group Stage,1,0,2002-06-14,Osaka Nagai Stadium,Japan,Tunisia,0,AFC,CAF,0,1,0,1,1929.99,1691.38,238.6099999999999,0.798,0.5,0.2,0.3,1.4,1.8,0.2,1.0,2.0,0.0,0.0,0.0,0.0,0.0,0.0,1.0,0.5,0,5.0,4.0,1.0,39,1.0,1.0,0.0,1.0,1.0,1.0,1.0,0.0,0.0,,,,,,,,,,,,,0.0,,,2,0,2,Win,2,Full Time,,0.0,1.0,45213.0,5.0,4.0,0.0,0.0,0.0,0.0,0.0,0.0,0.0,0.0,0.0,0.0,0.0,0.0,0.0,0.0,0.0,0.0,26.0,26.0,6.435,9.5,6.435,9.5,0.0,0.0,train,tier3
620,2002,Group Stage,1,0,2002-06-14,Incheon Football Stadium,Portugal,Korea Republic,1,UEFA,AFC,0,0,1,1,1927.13,1500.0,427.1300000000001,0.9212,0.4,0.5,-0.1,1.4,1.8,1.5,2.0,5.0,0.0,0.0,0.0,0.0,1.0,0.0,9.5,0.5,0,4.0,4.0,0.0,40,2.0,6.0,3.0,3.0,1.0,0.5,3.0,0.0,0.0,,,,,,,,,,,,,0.0,,,0,1,-1,Loss,0,Full Time,,0.0,1.0,50239.0,1.0,5.0,0.0,0.0,0.0,0.0,0.0,0.0,0.0,0.0,0.0,0.0,0.0,0.0,0.0,0.0,0.0,0.0,26.0,26.0,6.435,9.5,6.435,9.5,0.0,0.0,train,tier3
620,2002,Group Stage,1,0,2002-06-14,Incheon Football Stadium,Korea Republic,Portugal,0,AFC,UEFA,0,1,0,1,1500.0,1927.13,-427.1300000000001,0.0788,0.5,0.4,0.1,1.5,1.5,1.4,5.0,2.0,0.0,0.0,0.0,0.0,0.0,1.0,2.2,0.5,0,4.0,4.0,0.0,40,2.0,3.0,1.0,2.0,1.0,0.5,1.5,0.0,0.0,,,,,,,,,,,,,0.0,,,1,0,1,Win,2,Full Time,,0.0,1.0,50239.0,5.0,1.0,0.0,0.0,0.0,0.0,0.0,0.0,0.0,0.0,0.0,0.0,0.0,0.0,0.0,0.0,0.0,0.0,26.0,26.0,6.435,9.5,6.435,9.5,0.0,0.0,train,tier3
621,2002,Group Stage,1,0,2002-06-14,Daejeon World Cup Stadium,Poland,USA,1,UEFA,CONCACAF,0,0,0,1,1747.32,1500.0,247.32,0.8059,0.4,0.5,-0.1,1.2,1.4,1.5,5.0,6.0,0.0,0.0,0.0,0.0,2.0,1.0,7.8,0.5,0,4.0,4.0,0.0,41,2.0,0.0,6.0,-6.0,0.0,0.0,0.0,0.0,0.0,,,,,,,,,,,,,0.0,,,3,1,2,Win,2,Full Time,,2.0,1.0,26482.0,1.0,3.0,0.0,0.0,0.0,0.0,0.0,0.0,0.0,0.0,0.0,0.0,0.0,0.0,0.0,0.0,0.0,0.0,26.0,26.0,6.435,9.5,6.435,9.5,0.0,0.0,train,tier3
621,2002,Group Stage,1,0,2002-06-14,Daejeon World Cup Stadium,USA,Poland,0,CONCACAF,UEFA,0,0,0,1,1500.0,1747.32,-247.32,0.1941,0.5,0.4,0.1,1.5,1.5,1.2,6.0,5.0,0.0,0.0,0.0,0.0,1.0,2.0,3.0,0.5,0,4.0,4.0,0.0,41,2.0,4.0,3.0,1.0,1.0,0.5,2.0,0.0,0.0,,,,,,,,,,,,,0.0,,,1,3,-2,Loss,0,Full Time,,0.0,1.0,26482.0,3.0,1.0,0.0,0.0,0.0,0.0,0.0,0.0,0.0,0.0,0.0,0.0,0.0,0.0,0.0,0.0,0.0,0.0,26.0,26.0,6.435,9.5,6.435,9.5,0.0,0.0,train,tier3
622,2002,Group Stage,1,0,2002-06-14,Shizuoka Stadium Ecopa,Belgium,Russia,1,UEFA,UEFA,1,0,0,1,1797.21,1728.6,68.61000000000013,0.5975,0.7,0.5,0.2,1.2,0.8,1.0,10.0,1.0,0.0,0.0,0.0,0.0,1.0,0.0,4.0,0.333,3,4.0,5.0,-1.0,42,1.0,1.0,1.0,0.0,0.0,0.0,1.0,0.0,0.0,,,,,,,,,,,,,0.0,,,3,2,1,Win,2,Full Time,,1.0,1.0,46640.0,1.0,1.0,0.0,0.0,0.0,0.0,0.0,0.0,0.0,0.0,0.0,0.0,0.0,0.0,0.0,0.0,0.0,0.0,26.0,26.0,6.435,9.5,6.435,9.5,0.0,0.0,train,tier3
622,2002,Group Stage,1,0,2002-06-14,Shizuoka Stadium Ecopa,Russia,Belgium,0,UEFA,UEFA,1,0,0,1,1728.6,1797.21,-68.61000000000013,0.4025,0.5,0.7,-0.2,1.0,0.8,1.2,1.0,10.0,0.0,0.0,0.0,0.0,0.0,1.0,7.0,0.667,3,5.0,4.0,1.0,42,2.0,2.0,1.0,1.0,1.0,0.5,1.0,0.0,0.0,,,,,,,,,,,,,0.0,,,2,3,-1,Loss,0,Full Time,,0.0,1.0,46640.0,1.0,1.0,0.0,0.0,0.0,0.0,0.0,0.0,0.0,0.0,0.0,0.0,0.0,0.0,0.0,0.0,0.0,0.0,26.0,26.0,6.435,9.5,6.435,9.5,0.0,0.0,train,tier3
623,2002,Round of 16,2,1,2002-06-15,Niigata Stadium Big Swan,Denmark,England,1,UEFA,UEFA,1,0,0,1,1873.88,1841.19,32.690000000000055,0.5469,0.9,0.7,0.2,2.0,1.0,1.8,2.0,10.0,0.0,1.0,0.0,1.0,0.0,2.0,9.5,0.5,0,4.0,3.0,1.0,43,3.0,5.0,2.0,3.0,2.0,0.667,1.667,0.0,0.0,,,,,,,,,,,,,0.0,,,0,3,-3,Loss,0,Full Time,,0.0,1.0,40582.0,1.0,1.0,0.0,0.0,0.0,0.0,0.0,0.0,0.0,0.0,0.0,0.0,0.0,0.0,0.0,0.0,0.0,0.0,26.0,26.0,6.435,9.5,6.435,9.5,0.0,0.0,train,tier3
623,2002,Round of 16,2,1,2002-06-15,Niigata Stadium Big Swan,England,Denmark,0,UEFA,UEFA,1,0,0,1,1841.19,1873.88,-32.690000000000055,0.4531,0.7,0.9,-0.2,1.8,0.8,2.0,10.0,2.0,1.0,0.0,1.0,0.0,2.0,0.0,6.2,0.5,0,3.0,4.0,-1.0,43,3.0,2.0,1.0,1.0,1.0,0.333,0.667,0.0,0.0,,,,,,,,,,,,,0.0,,,3,0,3,Win,2,Full Time,,3.0,1.0,40582.0,1.0,1.0,0.0,0.0,0.0,0.0,0.0,0.0,0.0,0.0,0.0,0.0,0.0,0.0,0.0,0.0,0.0,0.0,26.0,26.0,6.435,9.5,6.435,9.5,0.0,0.0,train,tier3
624,2002,Round of 16,2,1,2002-06-15,Jeju World Cup Stadium,Germany,Paraguay,1,UEFA,CONMEBOL,0,0,0,1,1859.97,1699.02,160.95000000000005,0.7164,0.7,0.4,0.3,4.4,0.8,1.2,4.0,5.0,0.0,0.0,0.0,0.0,1.0,0.0,7.75,0.5,0,4.0,3.0,1.0,44,3.0,11.0,1.0,10.0,2.0,0.667,3.667,0.0,0.0,,,,,,,,,,,,,0.0,,,1,0,1,Win,2,Full Time,,0.0,1.0,25176.0,1.0,2.0,0.0,0.0,0.0,0.0,0.0,0.0,0.0,0.0,0.0,0.0,0.0,0.0,0.0,0.0,0.0,0.0,26.0,26.0,6.435,9.5,6.435,9.5,0.0,0.0,train,tier3
624,2002,Round of 16,2,1,2002-06-15,Jeju World Cup Stadium,Paraguay,Germany,0,CONMEBOL,UEFA,0,0,0,1,1699.02,1859.97,-160.95000000000005,0.2836,0.4,0.7,-0.3,1.2,2.2,4.4,5.0,4.0,0.0,0.0,0.0,0.0,0.0,1.0,3.8,0.5,0,3.0,4.0,-1.0,44,2.0,5.0,3.0,2.0,1.0,0.5,2.5,0.0,0.0,,,,,,,,,,,,,0.0,,,0,1,-1,Loss,0,Full Time,,0.0,1.0,25176.0,2.0,1.0,0.0,0.0,0.0,0.0,0.0,0.0,0.0,0.0,0.0,0.0,0.0,0.0,0.0,0.0,0.0,0.0,26.0,26.0,6.435,9.5,6.435,9.5,0.0,0.0,train,tier3
625,2002,Round of 16,2,1,2002-06-16,Suwon World Cup Stadium,Spain,Republic of Ireland,1,UEFA,UEFA,1,0,0,1,1911.77,1850.53,61.24000000000001,0.5872,0.7,0.6,0.1,2.4,0.8,1.6,10.0,2.0,0.0,0.0,0.0,0.0,0.0,0.0,6.1,0.5,0,4.0,5.0,-1.0,45,2.0,6.0,3.0,3.0,2.0,1.0,3.0,0.0,0.0,,,,,,,,,,,,,0.0,,,1,1,0,Win,2,Penalties,,0.0,1.0,38926.0,1.0,1.0,0.0,0.0,0.0,0.0,0.0,0.0,0.0,0.0,0.0,0.0,0.0,0.0,0.0,0.0,0.0,0.0,26.0,26.0,6.435,9.5,6.435,9.5,0.0,0.0,train,tier3
625,2002,Round of 16,2,1,2002-06-16,Suwon World Cup Stadium,Republic of Ireland,Spain,0,UEFA,UEFA,1,0,0,1,1850.53,1911.77,-61.24000000000001,0.4128,0.6,0.7,-0.1,1.6,1.0,2.4,2.0,10.0,0.0,0.0,0.0,0.0,0.0,0.0,2.0,0.5,0,5.0,4.0,1.0,45,3.0,5.0,2.0,3.0,1.0,0.333,1.667,0.0,0.0,,,,,,,,,,,,,0.0,,,1,1,0,Loss,0,Penalties,,0.0,1.0,38926.0,1.0,1.0,0.0,0.0,0.0,0.0,0.0,0.0,0.0,0.0,0.0,0.0,0.0,0.0,0.0,0.0,0.0,0.0,26.0,26.0,6.435,9.5,6.435,9.5,0.0,0.0,train,tier3
626,2002,Round of 16,2,1,2002-06-16,Oita Stadium Big Eye,Sweden,Senegal,1,UEFA,CAF,0,0,0,1,1825.22,1801.36,23.860000000000127,0.5343,0.5,0.7,-0.2,1.0,1.0,1.4,9.0,0.0,0.0,0.0,1.0,0.0,3.0,0.0,7.33,0.5,0,4.0,10.0,-6.0,46,3.0,4.0,3.0,1.0,1.0,0.333,1.333,0.0,0.0,,,,,,,,,,,,,0.0,,,1,2,-1,Loss,0,Golden Goal,,0.0,1.0,39747.0,1.0,4.0,0.0,0.0,0.0,0.0,0.0,0.0,0.0,0.0,0.0,0.0,0.0,0.0,0.0,0.0,0.0,0.0,26.0,26.0,6.435,9.5,6.435,9.5,0.0,0.0,train,tier3
626,2002,Round of 16,2,1,2002-06-16,Oita Stadium Big Eye,Senegal,Sweden,0,CAF,UEFA,0,0,0,1,1801.36,1825.22,-23.860000000000127,0.4657,0.7,0.5,0.2,1.4,1.0,1.0,0.0,9.0,0.0,0.0,0.0,1.0,0.0,3.0,0.0,0.5,0,10.0,4.0,6.0,46,2.0,2.0,1.0,1.0,1.0,0.5,1.0,0.0,0.0,,,,,,,,,,,,,0.0,,,2,1,1,Win,2,Golden Goal,,0.0,1.0,39747.0,4.0,1.0,0.0,0.0,0.0,0.0,0.0,0.0,0.0,0.0,0.0,0.0,0.0,0.0,0.0,0.0,0.0,0.0,26.0,26.0,6.435,9.5,6.435,9.5,0.0,0.0,train,tier3
627,2002,Round of 16,2,1,2002-06-17,Kobe Wing Stadium,Brazil,Belgium,1,CONMEBOL,UEFA,0,0,0,1,1862.87,1821.36,41.50999999999999,0.5595,0.9,0.7,0.2,2.8,0.6,1.2,16.0,10.0,4.0,0.0,5.0,0.0,8.0,1.0,10.81,0.5,0,4.0,3.0,1.0,47,2.0,9.0,2.0,7.0,2.0,1.0,4.5,0.0,0.0,,,,,,,,,,,,,0.0,,,2,0,2,Win,2,Full Time,,0.0,1.0,40440.0,2.0,1.0,0.0,0.0,0.0,0.0,0.0,0.0,0.0,0.0,0.0,0.0,0.0,0.0,0.0,0.0,0.0,0.0,26.0,26.0,6.435,9.5,6.435,9.5,0.0,0.0,train,tier3
627,2002,Round of 16,2,1,2002-06-17,Kobe Wing Stadium,Belgium,Brazil,0,UEFA,CONMEBOL,0,0,0,1,1821.36,1862.87,-41.50999999999999,0.4405,0.7,0.9,-0.2,1.2,0.8,2.8,10.0,16.0,0.0,4.0,0.0,5.0,1.0,8.0,4.0,0.5,0,3.0,4.0,-1.0,47,2.0,4.0,3.0,1.0,1.0,0.5,2.0,0.0,0.0,,,,,,,,,,,,,0.0,,,0,2,-2,Loss,0,Full Time,,0.0,1.0,40440.0,1.0,2.0,0.0,0.0,0.0,0.0,0.0,0.0,0.0,0.0,0.0,0.0,0.0,0.0,0.0,0.0,0.0,0.0,26.0,26.0,6.435,9.5,6.435,9.5,0.0,0.0,train,tier3
628,2002,Round of 16,2,1,2002-06-18,Miyagi Stadium,Japan,Turkey,1,AFC,UEFA,0,1,0,0,1854.76,1733.21,121.54999999999995,0.6681,0.5,0.4,0.1,1.4,1.8,0.8,1.0,1.0,0.0,0.0,0.0,0.0,0.0,0.0,1.0,0.5,0,4.0,5.0,-1.0,48,2.0,3.0,0.0,3.0,2.0,1.0,1.5,0.0,0.0,,,,,,,,,,,,,0.0,,,0,1,-1,Loss,0,Full Time,,0.0,1.0,45666.0,5.0,1.0,0.0,0.0,0.0,0.0,0.0,0.0,0.0,0.0,0.0,0.0,0.0,0.0,0.0,0.0,0.0,0.0,26.0,26.0,6.435,9.5,6.435,9.5,0.0,0.0,train,tier3
628,2002,Round of 16,2,1,2002-06-18,Miyagi Stadium,Turkey,Japan,0,UEFA,AFC,0,0,1,0,1733.21,1854.76,-121.54999999999995,0.3319,0.4,0.5,-0.1,0.8,1.0,1.4,1.0,1.0,0.0,0.0,0.0,0.0,0.0,0.0,10.0,0.5,0,5.0,4.0,1.0,48,2.0,4.0,1.0,3.0,1.0,0.5,2.0,0.0,0.0,,,,,,,,,,,,,0.0,,,1,0,1,Win,2,Full Time,,1.0,1.0,45666.0,1.0,5.0,0.0,0.0,0.0,0.0,0.0,0.0,0.0,0.0,0.0,0.0,0.0,0.0,0.0,0.0,0.0,0.0,26.0,26.0,6.435,9.5,6.435,9.5,0.0,0.0,train,tier3
629,2002,Round of 16,2,1,2002-06-18,Daejeon World Cup Stadium,Korea Republic,Italy,1,AFC,UEFA,0,1,0,0,1500.0,1853.8,-353.79999999999995,0.1154,0.5,0.5,0.0,1.5,1.5,1.2,5.0,14.0,0.0,3.0,0.0,5.0,0.0,7.0,2.2,0.5,0,4.0,5.0,-1.0,49,3.0,4.0,1.0,3.0,2.0,0.667,1.333,0.0,0.0,,,,,,,,,,,,,0.0,,,2,1,1,Win,2,Golden Goal,,0.0,1.0,38588.0,5.0,1.0,0.0,0.0,0.0,0.0,0.0,0.0,0.0,0.0,0.0,0.0,0.0,0.0,0.0,0.0,0.0,0.0,26.0,26.0,6.435,9.5,6.435,9.5,0.0,0.0,train,tier3
629,2002,Round of 16,2,1,2002-06-18,Daejeon World Cup Stadium,Italy,Korea Republic,0,UEFA,AFC,0,0,1,0,1853.8,1500.0,353.79999999999995,0.8846,0.5,0.5,0.0,1.2,1.0,1.5,14.0,5.0,3.0,0.0,5.0,0.0,7.0,0.0,7.5,0.5,0,5.0,4.0,1.0,49,2.0,3.0,1.0,2.0,1.0,0.5,1.5,0.0,0.0,,,,,,,,,,,,,0.0,,,1,2,-1,Loss,0,Golden Goal,,0.0,1.0,38588.0,1.0,5.0,0.0,0.0,0.0,0.0,0.0,0.0,0.0,0.0,0.0,0.0,0.0,0.0,0.0,0.0,0.0,0.0,26.0,26.0,6.435,9.5,6.435,9.5,0.0,0.0,train,tier3
630,2002,Quarter-final,3,1,2002-06-21,Shizuoka Stadium Ecopa,England,Brazil,1,UEFA,CONMEBOL,0,0,0,1,1874.0,1889.3,-15.299999999999956,0.478,0.6,1.0,-0.4,1.0,0.8,3.6,10.0,16.0,1.0,4.0,1.0,5.0,2.0,8.0,6.2,0.0,3,6.0,4.0,2.0,50,4.0,5.0,1.0,4.0,2.0,0.5,1.25,0.0,0.0,,,,,,,,,,,,,0.0,,,1,2,-1,Loss,0,Full Time,,1.0,1.0,47436.0,1.0,2.0,0.0,0.0,0.0,0.0,0.0,0.0,0.0,0.0,0.0,0.0,0.0,0.0,0.0,0.0,0.0,0.0,26.0,26.0,6.435,9.5,6.435,9.5,0.0,0.0,train,tier3
630,2002,Quarter-final,3,1,2002-06-21,Shizuoka Stadium Ecopa,Brazil,England,0,CONMEBOL,UEFA,0,0,0,1,1889.3,1874.0,15.299999999999956,0.522,1.0,0.6,0.4,3.6,0.8,1.0,16.0,10.0,4.0,1.0,5.0,1.0,8.0,2.0,10.81,1.0,3,4.0,6.0,-2.0,50,3.0,11.0,2.0,9.0,3.0,1.0,3.667,0.0,0.0,,,,,,,,,,,,,0.0,,,2,1,1,Win,2,Full Time,,1.0,1.0,47436.0,2.0,1.0,0.0,0.0,0.0,0.0,0.0,0.0,0.0,0.0,0.0,0.0,0.0,0.0,0.0,0.0,0.0,0.0,26.0,26.0,6.435,9.5,6.435,9.5,0.0,0.0,train,tier3
631,2002,Quarter-final,3,1,2002-06-21,Munsu Football Stadium,Germany,USA,1,UEFA,CONCACAF,0,0,0,1,1946.73,1500.0,446.73,0.929,0.7,0.5,0.2,3.4,0.8,1.5,4.0,6.0,0.0,0.0,0.0,0.0,1.0,1.0,7.75,0.5,0,6.0,7.0,-1.0,51,4.0,12.0,1.0,11.0,3.0,0.75,3.0,0.0,0.0,,,,,,,,,,,,,0.0,,,1,0,1,Win,2,Full Time,,1.0,1.0,37337.0,1.0,3.0,0.0,0.0,0.0,0.0,0.0,0.0,0.0,0.0,0.0,0.0,0.0,0.0,0.0,0.0,0.0,0.0,26.0,26.0,6.435,9.5,6.435,9.5,0.0,0.0,train,tier3
631,2002,Quarter-final,3,1,2002-06-21,Munsu Football Stadium,USA,Germany,0,CONCACAF,UEFA,0,0,0,1,1500.0,1946.73,-446.73,0.071,0.5,0.7,-0.2,1.5,1.5,3.4,6.0,4.0,0.0,0.0,0.0,0.0,1.0,1.0,3.0,0.5,0,7.0,6.0,1.0,51,3.0,5.0,6.0,-1.0,1.0,0.333,1.667,0.0,0.0,,,,,,,,,,,,,0.0,,,0,1,-1,Loss,0,Full Time,,0.0,1.0,37337.0,3.0,1.0,0.0,0.0,0.0,0.0,0.0,0.0,0.0,0.0,0.0,0.0,0.0,0.0,0.0,0.0,0.0,0.0,26.0,26.0,6.435,9.5,6.435,9.5,0.0,0.0,train,tier3
632,2002,Quarter-final,3,1,2002-06-22,Osaka Nagai Stadium,Senegal,Turkey,1,CAF,UEFA,0,0,0,1,1833.42,1773.3,60.12000000000012,0.5857,0.6,0.5,0.1,1.6,1.4,1.4,0.0,1.0,0.0,0.0,0.0,0.0,0.0,0.0,0.0,0.5,0,6.0,4.0,2.0,52,3.0,4.0,2.0,2.0,2.0,0.667,1.333,0.0,0.0,,,,,,,,,,,,,0.0,,,0,1,-1,Loss,0,Golden Goal,,0.0,1.0,44233.0,4.0,1.0,0.0,0.0,0.0,0.0,0.0,0.0,0.0,0.0,0.0,0.0,0.0,0.0,0.0,0.0,0.0,0.0,26.0,26.0,6.435,9.5,6.435,9.5,0.0,0.0,train,tier3
632,2002,Quarter-final,3,1,2002-06-22,Osaka Nagai Stadium,Turkey,Senegal,0,UEFA,CAF,0,0,0,1,1773.3,1833.42,-60.12000000000012,0.4143,0.5,0.6,-0.1,1.4,1.0,1.6,1.0,0.0,0.0,0.0,0.0,0.0,0.0,0.0,10.0,0.5,0,4.0,6.0,-2.0,52,3.0,5.0,1.0,4.0,2.0,0.667,1.667,0.0,0.0,,,,,,,,,,,,,0.0,,,1,0,1,Win,2,Golden Goal,,0.0,1.0,44233.0,1.0,4.0,0.0,0.0,0.0,0.0,0.0,0.0,0.0,0.0,0.0,0.0,0.0,0.0,0.0,0.0,0.0,0.0,26.0,26.0,6.435,9.5,6.435,9.5,0.0,0.0,train,tier3
633,2002,Quarter-final,3,1,2002-06-22,Gwangju World Cup Stadium,Spain,Korea Republic,1,UEFA,AFC,0,0,1,1,2100.01,1500.0,600.0100000000002,0.9693,0.8,0.5,0.3,2.8,1.0,1.5,10.0,5.0,0.0,0.0,0.0,0.0,0.0,0.0,6.1,0.5,0,6.0,4.0,2.0,53,3.0,7.0,4.0,3.0,3.0,1.0,2.333,0.0,0.0,,,,,,,,,,,,,0.0,,,0,0,0,Loss,0,Penalties,,0.0,1.0,42114.0,1.0,5.0,0.0,0.0,0.0,0.0,0.0,0.0,0.0,0.0,0.0,0.0,0.0,0.0,0.0,0.0,0.0,0.0,26.0,26.0,6.435,9.5,6.435,9.5,0.0,0.0,train,tier3
633,2002,Quarter-final,3,1,2002-06-22,Gwangju World Cup Stadium,Korea Republic,Spain,0,AFC,UEFA,0,1,0,1,1500.0,2100.01,-600.0100000000002,0.0307,0.5,0.8,-0.3,1.5,1.5,2.8,5.0,10.0,0.0,0.0,0.0,0.0,0.0,0.0,2.2,0.5,0,4.0,6.0,-2.0,53,4.0,6.0,2.0,4.0,3.0,0.75,1.5,0.0,0.0,,,,,,,,,,,,,0.0,,,0,0,0,Win,2,Penalties,,0.0,1.0,42114.0,5.0,1.0,0.0,0.0,0.0,0.0,0.0,0.0,0.0,0.0,0.0,0.0,0.0,0.0,0.0,0.0,0.0,0.0,26.0,26.0,6.435,9.5,6.435,9.5,0.0,0.0,train,tier3
634,2002,Semi-final,4,1,2002-06-25,Seoul World Cup Stadium,Germany,Korea Republic,1,UEFA,AFC,0,0,1,1,1946.73,1500.0,446.73,0.929,0.9,0.5,0.4,3.6,0.6,1.5,4.0,5.0,0.0,0.0,0.0,0.0,1.0,0.0,7.75,0.5,0,4.0,3.0,1.0,54,5.0,13.0,1.0,12.0,4.0,0.8,2.6,0.0,0.0,,,,,,,,,,,,,0.0,,,1,0,1,Win,2,Full Time,,0.0,1.0,65256.0,1.0,5.0,0.0,0.0,0.0,0.0,0.0,0.0,0.0,0.0,0.0,0.0,0.0,0.0,0.0,0.0,0.0,0.0,26.0,26.0,6.435,9.5,6.435,9.5,0.0,0.0,train,tier3
634,2002,Semi-final,4,1,2002-06-25,Seoul World Cup Stadium,Korea Republic,Germany,0,AFC,UEFA,0,1,0,1,1500.0,1946.73,-446.73,0.071,0.5,0.9,-0.4,1.5,1.5,3.6,5.0,4.0,0.0,0.0,0.0,0.0,0.0,1.0,2.2,0.5,0,3.0,4.0,-1.0,54,5.0,6.0,2.0,4.0,4.0,0.8,1.2,0.0,0.0,,,,,,,,,,,,,0.0,,,0,1,-1,Loss,0,Full Time,,0.0,1.0,65256.0,5.0,1.0,0.0,0.0,0.0,0.0,0.0,0.0,0.0,0.0,0.0,0.0,0.0,0.0,0.0,0.0,0.0,0.0,26.0,26.0,6.435,9.5,6.435,9.5,0.0,0.0,train,tier3
635,2002,Semi-final,4,1,2002-06-26,Saitama Stadium 2002,Brazil,Turkey,1,CONMEBOL,UEFA,0,0,0,1,1917.98,1808.44,109.53999999999996,0.6526,1.0,0.5,0.5,3.4,0.6,1.2,16.0,1.0,4.0,0.0,5.0,0.0,8.0,0.0,10.81,1.0,1,5.0,4.0,1.0,55,4.0,13.0,3.0,10.0,4.0,1.0,3.25,0.0,0.0,,,,,,,,,,,,,0.0,,,1,0,1,Win,2,Full Time,,0.0,1.0,61058.0,2.0,1.0,0.0,0.0,0.0,0.0,0.0,0.0,0.0,0.0,0.0,0.0,0.0,0.0,0.0,0.0,0.0,0.0,26.0,26.0,6.435,9.5,6.435,9.5,0.0,0.0,train,tier3
635,2002,Semi-final,4,1,2002-06-26,Saitama Stadium 2002,Turkey,Brazil,0,UEFA,CONMEBOL,0,0,0,1,1808.44,1917.98,-109.53999999999996,0.3474,0.5,1.0,-0.5,1.2,1.0,3.4,1.0,16.0,0.0,4.0,0.0,5.0,0.0,8.0,10.0,0.0,1,4.0,5.0,-1.0,55,4.0,6.0,1.0,5.0,3.0,0.75,1.5,0.0,0.0,,,,,,,,,,,,,0.0,,,0,1,-1,Loss,0,Full Time,,0.0,1.0,61058.0,1.0,2.0,0.0,0.0,0.0,0.0,0.0,0.0,0.0,0.0,0.0,0.0,0.0,0.0,0.0,0.0,0.0,0.0,26.0,26.0,6.435,9.5,6.435,9.5,0.0,0.0,train,tier3
636,2002,Third Place,4,1,2002-06-29,Daegu World Cup Stadium,Korea Republic,Turkey,1,AFC,UEFA,0,1,0,0,1500.0,1920.12,-420.1199999999999,0.0818,0.5,0.7,-0.2,1.5,1.5,1.4,5.0,1.0,0.0,0.0,0.0,0.0,0.0,0.0,2.2,0.5,0,4.0,3.0,1.0,56,6.0,6.0,3.0,3.0,4.0,0.667,1.0,0.0,0.0,,,,,,,,,,,,,0.0,,,2,3,-1,Loss,0,Full Time,,1.0,1.0,63483.0,5.0,1.0,0.0,0.0,0.0,0.0,0.0,0.0,0.0,0.0,0.0,0.0,0.0,0.0,0.0,0.0,0.0,0.0,26.0,26.0,6.435,9.5,6.435,9.5,0.0,0.0,train,tier3
636,2002,Third Place,4,1,2002-06-29,Daegu World Cup Stadium,Turkey,Korea Republic,0,UEFA,AFC,0,0,1,0,1920.12,1500.0,420.1199999999999,0.9182,0.7,0.5,0.2,1.4,0.6,1.5,1.0,5.0,0.0,0.0,0.0,0.0,0.0,0.0,10.0,0.5,0,3.0,4.0,-1.0,56,5.0,6.0,2.0,4.0,3.0,0.6,1.2,0.0,0.0,,,,,,,,,,,,,0.0,,,3,2,1,Win,2,Full Time,,3.0,1.0,63483.0,1.0,5.0,0.0,0.0,0.0,0.0,0.0,0.0,0.0,0.0,0.0,0.0,0.0,0.0,0.0,0.0,0.0,0.0,26.0,26.0,6.435,9.5,6.435,9.5,0.0,0.0,train,tier3
637,2002,Final,5,1,2002-06-30,International Stadium Yokohama,Germany,Brazil,1,UEFA,CONMEBOL,0,0,0,1,1927.24,1938.82,-11.579999999999927,0.4833,0.9,1.0,-0.1,2.6,0.2,3.0,4.0,16.0,0.0,4.0,0.0,5.0,1.0,8.0,7.75,0.5,0,5.0,4.0,1.0,57,6.0,14.0,1.0,13.0,5.0,0.833,2.333,0.0,0.0,,,,,,,,,,,,,0.0,,,0,2,-2,Loss,0,Full Time,,0.0,1.0,69029.0,1.0,2.0,0.0,0.0,0.0,0.0,0.0,0.0,0.0,0.0,0.0,0.0,0.0,0.0,0.0,0.0,0.0,0.0,26.0,26.0,6.435,9.5,6.435,9.5,0.0,0.0,train,tier3
637,2002,Final,5,1,2002-06-30,International Stadium Yokohama,Brazil,Germany,0,CONMEBOL,UEFA,0,0,0,1,1938.82,1927.24,11.579999999999927,0.5167,1.0,0.9,0.1,3.0,0.8,2.6,16.0,4.0,4.0,0.0,5.0,0.0,8.0,1.0,10.81,0.5,0,4.0,5.0,-1.0,57,5.0,14.0,3.0,11.0,5.0,1.0,2.8,0.0,0.0,,,,,,,,,,,,,0.0,,,2,0,2,Win,2,Full Time,,0.0,1.0,69029.0,2.0,1.0,0.0,0.0,0.0,0.0,0.0,0.0,0.0,0.0,0.0,0.0,0.0,0.0,0.0,0.0,0.0,0.0,26.0,26.0,6.435,9.5,6.435,9.5,0.0,0.0,train,tier3
638,2002,Group Stage,1,0,2002-06-01,Munsu Football Stadium,Brazil,Turkey,1,CONMEBOL,UEFA,0,0,0,1,1930.75,1920.12,10.63000000000011,0.5153,0.9,0.7,0.2,2.4,0.6,1.6,16.0,1.0,4.0,0.0,5.0,0.0,8.0,0.0,10.81,0.5,0,4.0,4.0,0.0,58,6.0,16.0,3.0,13.0,6.0,1.0,2.667,0.0,0.0,,,,,,,,,,,,,0.0,,,2,1,1,Win,2,Full Time,,0.0,1.0,33842.0,2.0,1.0,0.0,0.0,0.0,0.0,0.0,0.0,0.0,0.0,0.0,0.0,0.0,0.0,0.0,0.0,0.0,0.0,26.0,26.0,6.435,9.5,6.435,9.5,0.0,0.0,train,tier3
638,2002,Group Stage,1,0,2002-06-01,Munsu Football Stadium,Turkey,Brazil,0,UEFA,CONMEBOL,0,0,0,1,1920.12,1930.75,-10.63000000000011,0.4847,0.7,0.9,-0.2,1.6,0.2,2.4,1.0,16.0,0.0,4.0,0.0,5.0,0.0,8.0,10.0,0.5,0,4.0,4.0,0.0,58,6.0,9.0,4.0,5.0,4.0,0.667,1.5,0.0,0.0,,,,,,,,,,,,,0.0,,,1,2,-1,Loss,0,Full Time,,1.0,1.0,33842.0,1.0,2.0,0.0,0.0,0.0,0.0,0.0,0.0,0.0,0.0,0.0,0.0,0.0,0.0,0.0,0.0,0.0,0.0,26.0,26.0,6.435,9.5,6.435,9.5,0.0,0.0,train,tier3
639,2002,Group Stage,1,0,2002-06-01,Gwangju World Cup Stadium,China PR,Costa Rica,1,AFC,CONCACAF,0,0,0,1,1550.96,1695.55,-144.58999999999992,0.3032,0.4,0.3,0.1,0.6,0.6,1.0,0.0,1.0,0.0,0.0,0.0,0.0,0.0,0.0,0.0,0.5,0,4.0,4.0,0.0,59,2.0,0.0,7.0,-7.0,0.0,0.0,0.0,0.0,0.0,,,,,,,,,,,,,0.0,,,0,2,-2,Loss,0,Full Time,,0.0,1.0,27217.0,5.0,3.0,0.0,0.0,0.0,0.0,0.0,0.0,0.0,0.0,0.0,0.0,0.0,0.0,0.0,0.0,0.0,0.0,26.0,26.0,6.435,9.5,6.435,9.5,0.0,0.0,train,tier3
639,2002,Group Stage,1,0,2002-06-01,Gwangju World Cup Stadium,Costa Rica,China PR,0,CONCACAF,AFC,0,0,0,1,1695.55,1550.96,144.58999999999992,0.6968,0.3,0.4,-0.1,1.0,1.6,0.6,1.0,0.0,0.0,0.0,0.0,0.0,0.0,0.0,4.0,0.5,0,4.0,4.0,0.0,59,2.0,3.0,6.0,-3.0,0.0,0.0,1.5,0.0,0.0,,,,,,,,,,,,,0.0,,,2,0,2,Win,2,Full Time,,0.0,1.0,27217.0,3.0,5.0,0.0,0.0,0.0,0.0,0.0,0.0,0.0,0.0,0.0,0.0,0.0,0.0,0.0,0.0,0.0,0.0,26.0,26.0,6.435,9.5,6.435,9.5,0.0,0.0,train,tier3
640,2002,Group Stage,1,0,2002-06-01,Saitama Stadium 2002,Japan,Belgium,1,AFC,UEFA,0,1,0,0,1929.99,1861.09,68.90000000000009,0.5979,0.6,0.8,-0.2,1.4,1.4,1.0,1.0,10.0,0.0,0.0,0.0,0.0,0.0,1.0,1.0,0.5,0,4.0,4.0,0.0,60,3.0,3.0,1.0,2.0,2.0,0.667,1.0,0.0,0.0,,,,,,,,,,,,,0.0,,,2,2,0,Draw,1,Full Time,,0.0,1.0,55256.0,5.0,1.0,0.0,0.0,0.0,0.0,0.0,0.0,0.0,0.0,0.0,0.0,0.0,0.0,0.0,0.0,0.0,0.0,26.0,26.0,6.435,9.5,6.435,9.5,0.0,0.0,train,tier3
640,2002,Group Stage,1,0,2002-06-01,Saitama Stadium 2002,Belgium,Japan,0,UEFA,AFC,0,0,1,0,1861.09,1929.99,-68.90000000000009,0.4021,0.8,0.6,0.2,1.0,0.4,1.4,10.0,1.0,0.0,0.0,0.0,0.0,1.0,0.0,4.0,0.5,0,4.0,4.0,0.0,60,3.0,4.0,5.0,-1.0,1.0,0.333,1.333,0.0,0.0,,,,,,,,,,,,,0.0,,,2,2,0,Draw,1,Full Time,,0.0,1.0,55256.0,1.0,5.0,0.0,0.0,0.0,0.0,0.0,0.0,0.0,0.0,0.0,0.0,0.0,0.0,0.0,0.0,0.0,0.0,26.0,26.0,6.435,9.5,6.435,9.5,0.0,0.0,train,tier3
641,2002,Group Stage,1,0,2002-06-01,Jeonju World Cup Stadium,Spain,Paraguay,1,UEFA,CONMEBOL,0,0,0,1,2100.01,1865.19,234.82000000000016,0.7944,0.7,0.2,0.5,1.6,0.4,0.8,10.0,5.0,0.0,0.0,0.0,0.0,0.0,0.0,6.1,0.0,1,4.0,4.0,0.0,61,4.0,7.0,4.0,3.0,3.0,0.75,1.75,0.0,0.0,,,,,,,,,,,,,0.0,,,3,1,2,Win,2,Full Time,,0.0,1.0,24000.0,1.0,2.0,0.0,0.0,0.0,0.0,0.0,0.0,0.0,0.0,0.0,0.0,0.0,0.0,0.0,0.0,0.0,0.0,26.0,26.0,6.435,9.5,6.435,9.5,0.0,0.0,train,tier3
641,2002,Group Stage,1,0,2002-06-01,Jeonju World Cup Stadium,Paraguay,Spain,0,CONMEBOL,UEFA,0,0,0,1,1865.19,2100.01,-234.82000000000016,0.2056,0.2,0.7,-0.5,0.8,2.8,1.6,5.0,10.0,0.0,0.0,0.0,0.0,0.0,0.0,3.8,1.0,1,4.0,4.0,0.0,61,3.0,5.0,4.0,1.0,1.0,0.333,1.667,0.0,0.0,,,,,,,,,,,,,0.0,,,1,3,-2,Loss,0,Full Time,,1.0,1.0,24000.0,2.0,1.0,0.0,0.0,0.0,0.0,0.0,0.0,0.0,0.0,0.0,0.0,0.0,0.0,0.0,0.0,0.0,0.0,26.0,26.0,6.435,9.5,6.435,9.5,0.0,0.0,train,tier3
642,2002,Group Stage,1,0,2002-06-01,Kashima Stadium,Italy,Croatia,1,UEFA,UEFA,1,0,0,1,1853.8,1905.19,-51.3900000000001,0.4266,0.8,0.5,0.3,1.2,0.6,0.6,14.0,1.0,3.0,0.0,5.0,0.0,7.0,1.0,7.5,0.5,0,4.0,4.0,0.0,62,3.0,4.0,3.0,1.0,1.0,0.333,1.333,0.0,0.0,,,,,,,,,,,,,0.0,,,1,2,-1,Loss,0,Full Time,,0.0,1.0,36472.0,1.0,1.0,0.0,0.0,0.0,0.0,0.0,0.0,0.0,0.0,0.0,0.0,0.0,0.0,0.0,0.0,0.0,0.0,26.0,26.0,6.435,9.5,6.435,9.5,0.0,0.0,train,tier3
642,2002,Group Stage,1,0,2002-06-01,Kashima Stadium,Croatia,Italy,0,UEFA,UEFA,1,0,0,1,1905.19,1853.8,51.3900000000001,0.5734,0.5,0.8,-0.3,0.6,0.6,1.2,1.0,14.0,0.0,3.0,0.0,5.0,1.0,7.0,11.0,0.5,0,4.0,4.0,0.0,62,2.0,0.0,2.0,-2.0,0.0,0.0,0.0,0.0,0.0,,,,,,,,,,,,,0.0,,,2,1,1,Win,2,Full Time,,0.0,1.0,36472.0,1.0,1.0,0.0,0.0,0.0,0.0,0.0,0.0,0.0,0.0,0.0,0.0,0.0,0.0,0.0,0.0,0.0,0.0,26.0,26.0,6.435,9.5,6.435,9.5,0.0,0.0,train,tier3
643,2002,Group Stage,1,0,2002-06-01,Suwon World Cup Stadium,Senegal,Uruguay,1,CAF,CONMEBOL,0,0,0,1,1853.95,1871.66,-17.710000000000036,0.4745,0.7,0.5,0.2,1.4,1.0,1.6,0.0,9.0,0.0,2.0,0.0,1.0,0.0,3.0,0.0,0.5,0,4.0,4.0,0.0,63,4.0,4.0,3.0,1.0,2.0,0.5,1.0,0.0,0.0,,,,,,,,,,,,,0.0,,,3,3,0,Draw,1,Full Time,,3.0,1.0,33681.0,4.0,2.0,0.0,0.0,0.0,0.0,0.0,0.0,0.0,0.0,0.0,0.0,0.0,0.0,0.0,0.0,0.0,0.0,26.0,26.0,6.435,9.5,6.435,9.5,0.0,0.0,train,tier3
643,2002,Group Stage,1,0,2002-06-01,Suwon World Cup Stadium,Uruguay,Senegal,0,CONMEBOL,CAF,0,0,0,1,1871.66,1853.95,17.710000000000036,0.5255,0.5,0.7,-0.2,1.6,1.4,1.4,9.0,0.0,2.0,0.0,1.0,0.0,3.0,0.0,6.78,0.5,0,4.0,4.0,0.0,63,2.0,1.0,2.0,-1.0,0.0,0.0,0.5,0.0,0.0,,,,,,,,,,,,,0.0,,,3,3,0,Draw,1,Full Time,,0.0,1.0,33681.0,2.0,4.0,0.0,0.0,0.0,0.0,0.0,0.0,0.0,0.0,0.0,0.0,0.0,0.0,0.0,0.0,0.0,0.0,26.0,26.0,6.435,9.5,6.435,9.5,0.0,0.0,train,tier3
644,2002,Round of 16,2,1,2002-06-01,Jeonju World Cup Stadium,Mexico,USA,1,CONCACAF,CONCACAF,1,0,0,1,1887.54,1500.0,387.54,0.903,0.7,0.5,0.2,1.6,0.6,1.5,11.0,6.0,0.0,0.0,0.0,0.0,0.0,1.0,3.55,0.5,0,4.0,4.0,0.0,64,3.0,4.0,2.0,2.0,2.0,0.667,1.333,0.0,0.0,,,,,,,,,,,,,0.0,,,0,2,-2,Loss,0,Full Time,,0.0,1.0,36380.0,3.0,3.0,0.0,0.0,0.0,0.0,0.0,0.0,0.0,0.0,0.0,0.0,0.0,0.0,0.0,0.0,0.0,0.0,26.0,26.0,6.435,9.5,6.435,9.5,0.0,0.0,train,tier3
644,2002,Round of 16,2,1,2002-06-01,Jeonju World Cup Stadium,USA,Mexico,0,CONCACAF,CONCACAF,1,0,0,1,1500.0,1887.54,-387.54,0.097,0.5,0.7,-0.2,1.5,1.5,1.6,6.0,11.0,0.0,0.0,0.0,0.0,1.0,0.0,3.0,0.5,0,4.0,4.0,0.0,64,4.0,5.0,7.0,-2.0,1.0,0.25,1.25,0.0,0.0,,,,,,,,,,,,,0.0,,,2,0,2,Win,2,Full Time,,1.0,1.0,36380.0,3.0,3.0,0.0,0.0,0.0,0.0,0.0,0.0,0.0,0.0,0.0,0.0,0.0,0.0,0.0,0.0,0.0,0.0,26.0,26.0,6.435,9.5,6.435,9.5,0.0,0.0,train,tier3
645,2006,Group Stage,1,0,2006-06-09,"FIFA World Cup Stadium, Munich",Germany,Costa Rica,1,UEFA,CONCACAF,0,1,0,0,1853.05,1701.03,152.01999999999998,0.7058,0.6,0.2,0.4,2.8,1.4,1.0,5.0,2.0,0.0,0.0,1.0,0.0,2.0,0.0,9.0,0.5,0,4.0,4.0,0.0,1,0.0,0.0,0.0,0.0,0.0,0.5,0.0,0.0,0.0,,,,,,,,,,,,,0.0,,,4,2,2,Win,2,Full Time,,2.0,1.0,66000.0,1.0,3.0,0.0,0.0,0.0,0.0,0.0,0.0,0.0,0.0,0.0,0.0,0.0,0.0,0.0,0.0,0.0,0.0,26.0,26.0,6.435,9.5,6.435,9.5,0.0,0.0,train,tier3
645,2006,Group Stage,1,0,2006-06-09,"FIFA World Cup Stadium, Munich",Costa Rica,Germany,0,CONCACAF,UEFA,0,0,1,0,1701.03,1853.05,-152.01999999999998,0.2942,0.2,0.6,-0.4,1.0,2.4,2.8,2.0,5.0,0.0,0.0,0.0,1.0,0.0,2.0,4.5,0.5,0,4.0,4.0,0.0,1,0.0,0.0,0.0,0.0,0.0,0.5,0.0,0.0,0.0,,,,,,,,,,,,,0.0,,,2,4,-2,Loss,0,Full Time,,1.0,1.0,66000.0,3.0,1.0,0.0,0.0,0.0,0.0,0.0,0.0,0.0,0.0,0.0,0.0,0.0,0.0,0.0,0.0,0.0,0.0,26.0,26.0,6.435,9.5,6.435,9.5,0.0,0.0,train,tier3
646,2006,Group Stage,1,0,2006-06-09,"FIFA World Cup Stadium, Gelsenkirchen",Poland,Ecuador,1,UEFA,CONMEBOL,0,0,0,1,1772.02,1691.53,80.49000000000001,0.6138,0.4,0.3,0.1,1.4,1.0,0.6,6.0,1.0,0.0,0.0,0.0,0.0,2.0,0.0,7.0,0.5,0,4.0,4.0,0.0,2,0.0,0.0,0.0,0.0,0.0,0.5,0.0,0.0,0.0,,,,,,,,,,,,,0.0,,,0,2,-2,Loss,0,Full Time,,0.0,1.0,52000.0,1.0,2.0,0.0,0.0,0.0,0.0,0.0,0.0,0.0,0.0,0.0,0.0,0.0,0.0,0.0,0.0,0.0,0.0,26.0,26.0,6.435,9.5,6.435,9.5,0.0,0.0,train,tier3
646,2006,Group Stage,1,0,2006-06-09,"FIFA World Cup Stadium, Gelsenkirchen",Ecuador,Poland,0,CONMEBOL,UEFA,0,0,0,1,1691.53,1772.02,-80.49000000000001,0.3862,0.3,0.4,-0.1,0.6,1.0,1.4,1.0,6.0,0.0,0.0,0.0,0.0,0.0,2.0,2.0,0.5,0,4.0,4.0,0.0,2,0.0,0.0,0.0,0.0,0.0,0.5,0.0,0.0,0.0,,,,,,,,,,,,,0.0,,,2,0,2,Win,2,Full Time,,1.0,1.0,52000.0,2.0,1.0,0.0,0.0,0.0,0.0,0.0,0.0,0.0,0.0,0.0,0.0,0.0,0.0,0.0,0.0,0.0,0.0,26.0,26.0,6.435,9.5,6.435,9.5,0.0,0.0,train,tier3
647,2006,Group Stage,1,0,2006-06-10,"FIFA World Cup Stadium, Frankfurt",England,Paraguay,1,UEFA,CONMEBOL,0,0,0,1,1894.21,1735.84,158.37000000000012,0.7133,1.0,0.4,0.6,2.2,1.0,1.0,11.0,6.0,1.0,0.0,1.0,0.0,2.0,0.0,6.18,1.0,1,4.0,4.0,0.0,3,0.0,0.0,0.0,0.0,0.0,0.5,0.0,0.0,0.0,,,,,,,,,,,,,0.0,,,1,0,1,Win,2,Full Time,,1.0,1.0,48000.0,1.0,2.0,0.0,0.0,0.0,0.0,0.0,0.0,0.0,0.0,0.0,0.0,0.0,0.0,0.0,0.0,0.0,0.0,26.0,26.0,6.435,9.5,6.435,9.5,0.0,0.0,train,tier3
647,2006,Group Stage,1,0,2006-06-10,"FIFA World Cup Stadium, Frankfurt",Paraguay,England,0,CONMEBOL,UEFA,0,0,0,1,1735.84,1894.21,-158.37000000000012,0.2867,0.4,1.0,-0.6,1.0,1.2,2.2,6.0,11.0,0.0,1.0,0.0,1.0,0.0,2.0,4.17,0.0,1,4.0,4.0,0.0,3,0.0,0.0,0.0,0.0,0.0,0.5,0.0,0.0,0.0,,,,,,,,,,,,,0.0,,,0,1,-1,Loss,0,Full Time,,0.0,1.0,48000.0,2.0,1.0,0.0,0.0,0.0,0.0,0.0,0.0,0.0,0.0,0.0,0.0,0.0,0.0,0.0,0.0,0.0,0.0,26.0,26.0,6.435,9.5,6.435,9.5,0.0,0.0,train,tier3
648,2006,Group Stage,1,0,2006-06-10,"FIFA World Cup Stadium, Dortmund",Trinidad and Tobago,Sweden,1,CONCACAF,UEFA,0,0,0,1,1671.35,1784.11,-112.76,0.3432,0.5,0.4,0.1,1.2,1.2,0.6,0.0,10.0,0.0,0.0,0.0,1.0,0.0,3.0,0.0,0.5,0,4.0,4.0,0.0,4,0.0,0.0,0.0,0.0,0.0,0.5,0.0,0.0,0.0,,,,,,,,,,,,,0.0,,,0,0,0,Draw,1,Full Time,,0.0,1.0,62959.0,3.0,1.0,0.0,0.0,0.0,0.0,0.0,0.0,0.0,0.0,0.0,0.0,0.0,0.0,0.0,0.0,0.0,0.0,26.0,26.0,6.435,9.5,6.435,9.5,0.0,0.0,train,tier3
648,2006,Group Stage,1,0,2006-06-10,"FIFA World Cup Stadium, Dortmund",Sweden,Trinidad and Tobago,0,UEFA,CONCACAF,0,0,0,1,1784.11,1671.35,112.76,0.6568,0.4,0.5,-0.1,0.6,1.2,1.2,10.0,0.0,0.0,0.0,1.0,0.0,3.0,0.0,7.1,0.5,0,4.0,4.0,0.0,4,0.0,0.0,0.0,0.0,0.0,0.5,0.0,0.0,0.0,,,,,,,,,,,,,0.0,,,0,0,0,Draw,1,Full Time,,0.0,1.0,62959.0,1.0,3.0,0.0,0.0,0.0,0.0,0.0,0.0,0.0,0.0,0.0,0.0,0.0,0.0,0.0,0.0,0.0,0.0,26.0,26.0,6.435,9.5,6.435,9.5,0.0,0.0,train,tier3
649,2006,Group Stage,1,0,2006-06-10,"FIFA World Cup Stadium, Hamburg",Argentina,Cï¿½te d'Ivoire,1,CONMEBOL,CAF,0,0,0,1,2040.35,1500.0,540.3499999999999,0.9573,0.4,0.5,-0.1,1.8,1.4,1.5,13.0,0.0,2.0,0.0,4.0,0.0,4.0,0.0,7.85,0.5,0,4.0,4.0,0.0,5,0.0,0.0,0.0,0.0,0.0,0.5,0.0,0.0,0.0,,,,,,,,,,,,,0.0,,,2,1,1,Win,2,Full Time,,2.0,1.0,49480.0,2.0,4.0,0.0,0.0,0.0,0.0,0.0,0.0,0.0,0.0,0.0,0.0,0.0,0.0,0.0,0.0,0.0,0.0,26.0,26.0,6.435,9.5,6.435,9.5,0.0,0.0,train,tier3
649,2006,Group Stage,1,0,2006-06-10,"FIFA World Cup Stadium, Hamburg",Cï¿½te d'Ivoire,Argentina,0,CAF,CONMEBOL,0,0,0,1,1500.0,2040.35,-540.3499999999999,0.0427,0.5,0.4,0.1,1.5,1.5,1.8,0.0,13.0,0.0,2.0,0.0,4.0,0.0,4.0,0.0,0.5,0,4.0,4.0,0.0,5,0.0,0.0,0.0,0.0,0.0,0.5,0.0,0.0,0.0,,,,,,,,,,,,,0.0,,,1,2,-1,Loss,0,Full Time,,0.0,1.0,49480.0,4.0,2.0,0.0,0.0,0.0,0.0,0.0,0.0,0.0,0.0,0.0,0.0,0.0,0.0,0.0,0.0,0.0,0.0,26.0,26.0,6.435,9.5,6.435,9.5,0.0,0.0,train,tier3
650,2006,Group Stage,1,0,2006-06-11,Zentralstadion,Serbia and Montenegro,Netherlands,1,UEFA,UEFA,1,0,0,1,1500.0,1938.39,-438.3900000000001,0.0742,0.5,0.7,-0.2,1.5,1.5,1.0,0.0,7.0,0.0,0.0,0.0,2.0,0.0,3.0,0.0,0.5,0,4.0,4.0,0.0,6,0.0,0.0,0.0,0.0,0.0,0.5,0.0,0.0,0.0,,,,,,,,,,,,,0.0,,,0,1,-1,Loss,0,Full Time,,0.0,1.0,43000.0,1.0,1.0,0.0,0.0,0.0,0.0,0.0,0.0,0.0,0.0,0.0,0.0,0.0,0.0,0.0,0.0,0.0,0.0,26.0,26.0,6.435,9.5,6.435,9.5,0.0,0.0,train,tier3
650,2006,Group Stage,1,0,2006-06-11,Zentralstadion,Netherlands,Serbia and Montenegro,0,UEFA,UEFA,1,0,0,1,1938.39,1500.0,438.3900000000001,0.9258,0.7,0.5,0.2,1.0,0.8,1.5,7.0,0.0,0.0,0.0,2.0,0.0,3.0,0.0,8.0,0.5,0,4.0,4.0,0.0,6,0.0,0.0,0.0,0.0,0.0,0.5,0.0,0.0,0.0,,,,,,,,,,,,,0.0,,,1,0,1,Win,2,Full Time,,1.0,1.0,43000.0,1.0,1.0,0.0,0.0,0.0,0.0,0.0,0.0,0.0,0.0,0.0,0.0,0.0,0.0,0.0,0.0,0.0,0.0,26.0,26.0,6.435,9.5,6.435,9.5,0.0,0.0,train,tier3
651,2006,Group Stage,1,0,2006-06-11,Franken-Stadion,Mexico,Iran,1,CONCACAF,AFC,0,0,0,1,1829.21,1862.87,-33.659999999999854,0.4517,0.8,0.7,0.1,1.2,0.6,2.2,12.0,2.0,0.0,0.0,0.0,0.0,0.0,0.0,3.58,0.5,0,4.0,4.0,0.0,7,0.0,0.0,0.0,0.0,0.0,0.5,0.0,0.0,0.0,,,,,,,,,,,,,0.0,,,3,1,2,Win,2,Full Time,,1.0,1.0,41000.0,3.0,5.0,0.0,0.0,0.0,0.0,0.0,0.0,0.0,0.0,0.0,0.0,0.0,0.0,0.0,0.0,0.0,0.0,26.0,26.0,6.435,9.5,6.435,9.5,0.0,0.0,train,tier3
651,2006,Group Stage,1,0,2006-06-11,Franken-Stadion,Iran,Mexico,0,AFC,CONCACAF,0,0,0,1,1862.87,1829.21,33.659999999999854,0.5483,0.7,0.8,-0.1,2.2,1.2,1.2,2.0,12.0,0.0,0.0,0.0,0.0,0.0,0.0,1.5,0.5,0,4.0,4.0,0.0,7,0.0,0.0,0.0,0.0,0.0,0.5,0.0,0.0,0.0,,,,,,,,,,,,,0.0,,,1,3,-2,Loss,0,Full Time,,1.0,1.0,41000.0,5.0,3.0,0.0,0.0,0.0,0.0,0.0,0.0,0.0,0.0,0.0,0.0,0.0,0.0,0.0,0.0,0.0,0.0,26.0,26.0,6.435,9.5,6.435,9.5,0.0,0.0,train,tier3
652,2006,Group Stage,1,0,2006-06-11,"FIFA World Cup Stadium, Cologne",Angola,Portugal,1,CAF,UEFA,0,0,0,1,1656.47,1859.36,-202.88999999999987,0.2372,0.6,0.9,-0.3,2.2,1.4,2.6,0.0,3.0,0.0,0.0,0.0,0.0,0.0,1.0,0.0,0.5,0,4.0,4.0,0.0,8,0.0,0.0,0.0,0.0,0.0,0.5,0.0,0.0,0.0,,,,,,,,,,,,,0.0,,,0,1,-1,Loss,0,Full Time,,0.0,1.0,45000.0,4.0,1.0,0.0,0.0,0.0,0.0,0.0,0.0,0.0,0.0,0.0,0.0,0.0,0.0,0.0,0.0,0.0,0.0,26.0,26.0,6.435,9.5,6.435,9.5,0.0,0.0,train,tier3
652,2006,Group Stage,1,0,2006-06-11,"FIFA World Cup Stadium, Cologne",Portugal,Angola,0,UEFA,CAF,0,0,0,1,1859.36,1656.47,202.88999999999987,0.7628,0.9,0.6,0.3,2.6,0.4,2.2,3.0,0.0,0.0,0.0,0.0,0.0,1.0,0.0,8.33,0.5,0,4.0,4.0,0.0,8,0.0,0.0,0.0,0.0,0.0,0.5,0.0,0.0,0.0,,,,,,,,,,,,,0.0,,,1,0,1,Win,2,Full Time,,1.0,1.0,45000.0,1.0,4.0,0.0,0.0,0.0,0.0,0.0,0.0,0.0,0.0,0.0,0.0,0.0,0.0,0.0,0.0,0.0,0.0,26.0,26.0,6.435,9.5,6.435,9.5,0.0,0.0,train,tier3
653,2006,Group Stage,1,0,2006-06-12,Fritz-Walter-Stadion,Australia,Japan,1,AFC,AFC,1,0,0,1,1857.63,1821.64,35.99000000000001,0.5516,0.7,0.5,0.2,1.2,0.6,1.2,1.0,2.0,0.0,0.0,0.0,0.0,0.0,0.0,0.0,0.5,0,4.0,4.0,0.0,9,0.0,0.0,0.0,0.0,0.0,0.5,0.0,0.0,0.0,,,,,,,,,,,,,0.0,,,3,1,2,Win,2,Full Time,,0.0,1.0,46000.0,5.0,5.0,0.0,0.0,0.0,0.0,0.0,0.0,0.0,0.0,0.0,0.0,0.0,0.0,0.0,0.0,0.0,0.0,26.0,26.0,6.435,9.5,6.435,9.5,0.0,0.0,train,tier3
653,2006,Group Stage,1,0,2006-06-12,Fritz-Walter-Stadion,Japan,Australia,0,AFC,AFC,1,0,0,1,1821.64,1857.63,-35.99000000000001,0.4484,0.5,0.7,-0.2,1.2,1.2,1.2,2.0,1.0,0.0,0.0,0.0,0.0,0.0,0.0,3.0,0.5,0,4.0,4.0,0.0,9,0.0,0.0,0.0,0.0,0.0,0.5,0.0,0.0,0.0,,,,,,,,,,,,,0.0,,,1,3,-2,Loss,0,Full Time,,1.0,1.0,46000.0,5.0,5.0,0.0,0.0,0.0,0.0,0.0,0.0,0.0,0.0,0.0,0.0,0.0,0.0,0.0,0.0,0.0,0.0,26.0,26.0,6.435,9.5,6.435,9.5,0.0,0.0,train,tier3
654,2006,Group Stage,1,0,2006-06-12,"FIFA World Cup Stadium, Gelsenkirchen",USA,Czech Republic,1,CONCACAF,UEFA,0,0,0,1,1500.0,1741.23,-241.23,0.1996,0.5,0.9,-0.4,1.5,1.5,1.4,7.0,0.0,0.0,0.0,0.0,0.0,1.0,0.0,3.57,0.5,0,4.0,4.0,0.0,10,0.0,0.0,0.0,0.0,0.0,0.5,0.0,0.0,0.0,,,,,,,,,,,,,0.0,,,0,3,-3,Loss,0,Full Time,,0.0,1.0,52000.0,3.0,1.0,0.0,0.0,0.0,0.0,0.0,0.0,0.0,0.0,0.0,0.0,0.0,0.0,0.0,0.0,0.0,0.0,26.0,26.0,6.435,9.5,6.435,9.5,0.0,0.0,train,tier3
654,2006,Group Stage,1,0,2006-06-12,"FIFA World Cup Stadium, Gelsenkirchen",Czech Republic,USA,0,UEFA,CONCACAF,0,0,0,1,1741.23,1500.0,241.23,0.8004,0.9,0.5,0.4,1.4,0.4,1.5,0.0,7.0,0.0,0.0,0.0,0.0,0.0,1.0,0.0,0.5,0,4.0,4.0,0.0,10,0.0,0.0,0.0,0.0,0.0,0.5,0.0,0.0,0.0,,,,,,,,,,,,,0.0,,,3,0,3,Win,2,Full Time,,2.0,1.0,52000.0,1.0,3.0,0.0,0.0,0.0,0.0,0.0,0.0,0.0,0.0,0.0,0.0,0.0,0.0,0.0,0.0,0.0,0.0,26.0,26.0,6.435,9.5,6.435,9.5,0.0,0.0,train,tier3
655,2006,Group Stage,1,0,2006-06-12,"FIFA World Cup Stadium, Hanover",Italy,Ghana,1,UEFA,CAF,0,0,0,1,1853.4,1659.41,193.99,0.7534,0.8,0.5,0.3,2.2,1.0,1.4,15.0,0.0,3.0,0.0,5.0,0.0,7.0,0.0,7.33,0.5,0,4.0,4.0,0.0,11,0.0,0.0,0.0,0.0,0.0,0.5,0.0,0.0,0.0,,,,,,,,,,,,,0.0,,,2,0,2,Win,2,Full Time,,1.0,1.0,43000.0,1.0,4.0,0.0,0.0,0.0,0.0,0.0,0.0,0.0,0.0,0.0,0.0,0.0,0.0,0.0,0.0,0.0,0.0,26.0,26.0,6.435,9.5,6.435,9.5,0.0,0.0,train,tier3
655,2006,Group Stage,1,0,2006-06-12,"FIFA World Cup Stadium, Hanover",Ghana,Italy,0,CAF,UEFA,0,0,0,1,1659.41,1853.4,-193.99,0.2466,0.5,0.8,-0.3,1.4,1.0,2.2,0.0,15.0,0.0,3.0,0.0,5.0,0.0,7.0,0.0,0.5,0,4.0,4.0,0.0,11,0.0,0.0,0.0,0.0,0.0,0.5,0.0,0.0,0.0,,,,,,,,,,,,,0.0,,,0,2,-2,Loss,0,Full Time,,0.0,1.0,43000.0,4.0,1.0,0.0,0.0,0.0,0.0,0.0,0.0,0.0,0.0,0.0,0.0,0.0,0.0,0.0,0.0,0.0,0.0,26.0,26.0,6.435,9.5,6.435,9.5,0.0,0.0,train,tier3
656,2006,Group Stage,1,0,2006-06-13,"FIFA World Cup Stadium, Frankfurt",Korea Republic,Togo,1,AFC,CAF,0,0,0,1,1500.0,1465.69,34.309999999999945,0.5492,0.5,0.2,0.3,1.5,1.5,0.6,6.0,0.0,0.0,0.0,0.0,0.0,1.0,0.0,3.17,0.5,0,4.0,4.0,0.0,12,0.0,0.0,0.0,0.0,0.0,0.5,0.0,0.0,0.0,,,,,,,,,,,,,0.0,,,2,1,1,Win,2,Full Time,,0.0,1.0,48000.0,5.0,4.0,0.0,0.0,0.0,0.0,0.0,0.0,0.0,0.0,0.0,0.0,0.0,0.0,0.0,0.0,0.0,0.0,26.0,26.0,6.435,9.5,6.435,9.5,0.0,0.0,train,tier3
656,2006,Group Stage,1,0,2006-06-13,"FIFA World Cup Stadium, Frankfurt",Togo,Korea Republic,0,CAF,AFC,0,0,0,1,1465.69,1500.0,-34.309999999999945,0.4508,0.2,0.5,-0.3,0.6,1.6,1.5,0.0,6.0,0.0,0.0,0.0,0.0,0.0,1.0,0.0,0.5,0,4.0,4.0,0.0,12,0.0,0.0,0.0,0.0,0.0,0.5,0.0,0.0,0.0,,,,,,,,,,,,,0.0,,,1,2,-1,Loss,0,Full Time,,1.0,1.0,48000.0,4.0,5.0,0.0,0.0,0.0,0.0,0.0,0.0,0.0,0.0,0.0,0.0,0.0,0.0,0.0,0.0,0.0,0.0,26.0,26.0,6.435,9.5,6.435,9.5,0.0,0.0,train,tier3
657,2006,Group Stage,1,0,2006-06-13,Gottlieb-Daimler-Stadion,France,Switzerland,1,UEFA,UEFA,1,0,0,1,1898.55,1763.78,134.76999999999998,0.6848,0.7,0.6,0.1,1.4,0.8,1.8,11.0,7.0,1.0,0.0,1.0,0.0,4.0,0.0,7.82,0.5,0,4.0,4.0,0.0,13,0.0,0.0,0.0,0.0,0.0,0.5,0.0,0.0,0.0,,,,,,,,,,,,,0.0,,,0,0,0,Draw,1,Full Time,,0.0,1.0,52000.0,1.0,1.0,0.0,0.0,0.0,0.0,0.0,0.0,0.0,0.0,0.0,0.0,0.0,0.0,0.0,0.0,0.0,0.0,26.0,26.0,6.435,9.5,6.435,9.5,0.0,0.0,train,tier3
657,2006,Group Stage,1,0,2006-06-13,Gottlieb-Daimler-Stadion,Switzerland,France,0,UEFA,UEFA,1,0,0,1,1763.78,1898.55,-134.76999999999998,0.3152,0.6,0.7,-0.1,1.8,1.4,1.4,7.0,11.0,0.0,1.0,0.0,1.0,0.0,4.0,4.71,0.5,0,4.0,4.0,0.0,13,0.0,0.0,0.0,0.0,0.0,0.5,0.0,0.0,0.0,,,,,,,,,,,,,0.0,,,0,0,0,Draw,1,Full Time,,0.0,1.0,52000.0,1.0,1.0,0.0,0.0,0.0,0.0,0.0,0.0,0.0,0.0,0.0,0.0,0.0,0.0,0.0,0.0,0.0,0.0,26.0,26.0,6.435,9.5,6.435,9.5,0.0,0.0,train,tier3
658,2006,Group Stage,1,0,2006-06-13,Olympiastadion,Brazil,Croatia,1,CONMEBOL,UEFA,0,0,0,1,1890.43,1790.55,99.88000000000012,0.6399,0.9,0.7,0.2,3.6,0.2,2.6,17.0,2.0,5.0,0.0,6.0,0.0,9.0,1.0,11.24,0.5,0,4.0,4.0,0.0,14,0.0,0.0,0.0,0.0,0.0,0.5,0.0,0.0,0.0,,,,,,,,,,,,,0.0,,,1,0,1,Win,2,Full Time,,1.0,1.0,72000.0,2.0,1.0,0.0,0.0,0.0,0.0,0.0,0.0,0.0,0.0,0.0,0.0,0.0,0.0,0.0,0.0,0.0,0.0,26.0,26.0,6.435,9.5,6.435,9.5,0.0,0.0,train,tier3
658,2006,Group Stage,1,0,2006-06-13,Olympiastadion,Croatia,Brazil,0,UEFA,CONMEBOL,0,0,0,1,1790.55,1890.43,-99.88000000000012,0.3601,0.7,0.9,-0.2,2.6,1.2,3.6,2.0,17.0,0.0,5.0,0.0,6.0,1.0,9.0,6.5,0.5,0,4.0,4.0,0.0,14,0.0,0.0,0.0,0.0,0.0,0.5,0.0,0.0,0.0,,,,,,,,,,,,,0.0,,,0,1,-1,Loss,0,Full Time,,0.0,1.0,72000.0,1.0,2.0,0.0,0.0,0.0,0.0,0.0,0.0,0.0,0.0,0.0,0.0,0.0,0.0,0.0,0.0,0.0,0.0,26.0,26.0,6.435,9.5,6.435,9.5,0.0,0.0,train,tier3
659,2006,Group Stage,1,0,2006-06-14,Zentralstadion,Spain,Ukraine,1,UEFA,UEFA,1,0,0,1,1871.06,1748.45,122.6099999999999,0.6695,0.8,0.8,0.0,2.2,0.8,1.6,11.0,0.0,0.0,0.0,0.0,0.0,0.0,0.0,6.45,0.5,0,4.0,4.0,0.0,15,0.0,0.0,0.0,0.0,0.0,0.5,0.0,0.0,0.0,,,,,,,,,,,,,0.0,,,4,0,4,Win,2,Full Time,,2.0,1.0,43000.0,1.0,1.0,0.0,0.0,0.0,0.0,0.0,0.0,0.0,0.0,0.0,0.0,0.0,0.0,0.0,0.0,0.0,0.0,26.0,26.0,6.435,9.5,6.435,9.5,0.0,0.0,train,tier3
659,2006,Group Stage,1,0,2006-06-14,Zentralstadion,Ukraine,Spain,0,UEFA,UEFA,1,0,0,1,1748.45,1871.06,-122.6099999999999,0.3305,0.8,0.8,0.0,1.6,0.0,2.2,0.0,11.0,0.0,0.0,0.0,0.0,0.0,0.0,0.0,0.5,0,4.0,4.0,0.0,15,0.0,0.0,0.0,0.0,0.0,0.5,0.0,0.0,0.0,,,,,,,,,,,,,0.0,,,0,4,-4,Loss,0,Full Time,,0.0,1.0,43000.0,1.0,1.0,0.0,0.0,0.0,0.0,0.0,0.0,0.0,0.0,0.0,0.0,0.0,0.0,0.0,0.0,0.0,0.0,26.0,26.0,6.435,9.5,6.435,9.5,0.0,0.0,train,tier3
660,2006,Group Stage,1,0,2006-06-14,"FIFA World Cup Stadium, Munich",Tunisia,Saudi Arabia,1,CAF,AFC,0,0,0,1,1770.84,1697.36,73.48000000000002,0.6042,0.5,0.3,0.2,1.2,1.0,1.0,3.0,3.0,0.0,0.0,0.0,0.0,0.0,0.0,1.67,0.5,0,4.0,4.0,0.0,16,0.0,0.0,0.0,0.0,0.0,0.5,0.0,0.0,0.0,,,,,,,,,,,,,0.0,,,2,2,0,Draw,1,Full Time,,1.0,1.0,66000.0,4.0,5.0,0.0,0.0,0.0,0.0,0.0,0.0,0.0,0.0,0.0,0.0,0.0,0.0,0.0,0.0,0.0,0.0,26.0,26.0,6.435,9.5,6.435,9.5,0.0,0.0,train,tier3
660,2006,Group Stage,1,0,2006-06-14,"FIFA World Cup Stadium, Munich",Saudi Arabia,Tunisia,0,AFC,CAF,0,0,0,1,1697.36,1770.84,-73.48000000000002,0.3958,0.3,0.5,-0.2,1.0,1.6,1.2,3.0,3.0,0.0,0.0,0.0,0.0,0.0,0.0,2.33,0.5,0,4.0,4.0,0.0,16,0.0,0.0,0.0,0.0,0.0,0.5,0.0,0.0,0.0,,,,,,,,,,,,,0.0,,,2,2,0,Draw,1,Full Time,,0.0,1.0,66000.0,5.0,4.0,0.0,0.0,0.0,0.0,0.0,0.0,0.0,0.0,0.0,0.0,0.0,0.0,0.0,0.0,0.0,0.0,26.0,26.0,6.435,9.5,6.435,9.5,0.0,0.0,train,tier3
661,2006,Group Stage,1,0,2006-06-14,"FIFA World Cup Stadium, Dortmund",Germany,Poland,1,UEFA,UEFA,1,1,0,0,1870.7,1735.19,135.51,0.6857,0.7,0.6,0.1,3.4,1.4,1.6,5.0,6.0,0.0,0.0,1.0,0.0,2.0,2.0,9.0,0.5,2,5.0,5.0,0.0,17,1.0,4.0,2.0,2.0,1.0,1.0,4.0,0.0,0.0,,,,,,,,,,,,,0.0,,,1,0,1,Win,2,Full Time,,0.0,1.0,65000.0,1.0,1.0,0.0,0.0,0.0,0.0,0.0,0.0,0.0,0.0,0.0,0.0,0.0,0.0,0.0,0.0,0.0,0.0,26.0,26.0,6.435,9.5,6.435,9.5,0.0,0.0,train,tier3
661,2006,Group Stage,1,0,2006-06-14,"FIFA World Cup Stadium, Dortmund",Poland,Germany,0,UEFA,UEFA,1,0,1,0,1735.19,1870.7,-135.51,0.3143,0.6,0.7,-0.1,1.6,0.8,3.4,6.0,5.0,0.0,0.0,0.0,1.0,2.0,2.0,7.0,0.5,2,5.0,5.0,0.0,17,1.0,0.0,2.0,-2.0,0.0,0.0,0.0,0.0,0.0,,,,,,,,,,,,,0.0,,,0,1,-1,Loss,0,Full Time,,0.0,1.0,65000.0,1.0,1.0,0.0,0.0,0.0,0.0,0.0,0.0,0.0,0.0,0.0,0.0,0.0,0.0,0.0,0.0,0.0,0.0,26.0,26.0,6.435,9.5,6.435,9.5,0.0,0.0,train,tier3
662,2006,Group Stage,1,0,2006-06-15,"FIFA World Cup Stadium, Hamburg",Ecuador,Costa Rica,1,CONMEBOL,CONCACAF,0,0,0,1,1728.36,1683.38,44.97999999999979,0.5644,0.3,0.2,0.1,0.6,1.0,0.6,1.0,2.0,0.0,0.0,0.0,0.0,0.0,0.0,2.0,0.5,0,6.0,6.0,0.0,18,1.0,2.0,0.0,2.0,1.0,1.0,2.0,0.0,0.0,,,,,,,,,,,,,0.0,,,3,0,3,Win,2,Full Time,,1.0,1.0,50000.0,2.0,3.0,0.0,0.0,0.0,0.0,0.0,0.0,0.0,0.0,0.0,0.0,0.0,0.0,0.0,0.0,0.0,0.0,26.0,26.0,6.435,9.5,6.435,9.5,0.0,0.0,train,tier3
662,2006,Group Stage,1,0,2006-06-15,"FIFA World Cup Stadium, Hamburg",Costa Rica,Ecuador,0,CONCACAF,CONMEBOL,0,0,0,1,1683.38,1728.36,-44.97999999999979,0.4356,0.2,0.3,-0.1,0.6,2.0,0.6,2.0,1.0,0.0,0.0,0.0,0.0,0.0,0.0,4.5,0.5,0,6.0,6.0,0.0,18,1.0,2.0,4.0,-2.0,0.0,0.0,2.0,0.0,0.0,,,,,,,,,,,,,0.0,,,0,3,-3,Loss,0,Full Time,,0.0,1.0,50000.0,3.0,2.0,0.0,0.0,0.0,0.0,0.0,0.0,0.0,0.0,0.0,0.0,0.0,0.0,0.0,0.0,0.0,0.0,26.0,26.0,6.435,9.5,6.435,9.5,0.0,0.0,train,tier3
663,2006,Group Stage,1,0,2006-06-15,Franken-Stadion,England,Trinidad and Tobago,1,UEFA,CONCACAF,0,0,0,1,1911.41,1680.76,230.6500000000001,0.7905,1.0,0.3,0.7,3.2,1.0,1.0,11.0,0.0,1.0,0.0,1.0,0.0,2.0,0.0,6.18,0.5,0,5.0,5.0,0.0,19,1.0,1.0,0.0,1.0,1.0,1.0,1.0,0.0,0.0,,,,,,,,,,,,,0.0,,,2,0,2,Win,2,Full Time,,0.0,1.0,41000.0,1.0,3.0,0.0,0.0,0.0,0.0,0.0,0.0,0.0,0.0,0.0,0.0,0.0,0.0,0.0,0.0,0.0,0.0,26.0,26.0,6.435,9.5,6.435,9.5,0.0,0.0,train,tier3
663,2006,Group Stage,1,0,2006-06-15,Franken-Stadion,Trinidad and Tobago,England,0,CONCACAF,UEFA,0,0,0,1,1680.76,1911.41,-230.6500000000001,0.2095,0.3,1.0,-0.7,1.0,1.8,3.2,0.0,11.0,0.0,1.0,0.0,1.0,0.0,2.0,0.0,0.5,0,5.0,5.0,0.0,19,1.0,0.0,0.0,0.0,0.0,0.0,0.0,0.0,0.0,,,,,,,,,,,,,0.0,,,0,2,-2,Loss,0,Full Time,,0.0,1.0,41000.0,3.0,1.0,0.0,0.0,0.0,0.0,0.0,0.0,0.0,0.0,0.0,0.0,0.0,0.0,0.0,0.0,0.0,0.0,26.0,26.0,6.435,9.5,6.435,9.5,0.0,0.0,train,tier3
664,2006,Group Stage,1,0,2006-06-15,Olympiastadion,Sweden,Paraguay,1,UEFA,CONMEBOL,0,0,0,1,1774.7,1718.64,56.059999999999945,0.58,0.4,0.5,-0.1,0.4,1.0,1.0,10.0,6.0,0.0,0.0,1.0,0.0,3.0,0.0,7.1,0.0,1,5.0,5.0,0.0,20,1.0,0.0,0.0,0.0,0.0,0.0,0.0,0.0,0.0,,,,,,,,,,,,,0.0,,,1,0,1,Win,2,Full Time,,0.0,1.0,72000.0,1.0,2.0,0.0,0.0,0.0,0.0,0.0,0.0,0.0,0.0,0.0,0.0,0.0,0.0,0.0,0.0,0.0,0.0,26.0,26.0,6.435,9.5,6.435,9.5,0.0,0.0,train,tier3
664,2006,Group Stage,1,0,2006-06-15,Olympiastadion,Paraguay,Sweden,0,CONMEBOL,UEFA,0,0,0,1,1718.64,1774.7,-56.059999999999945,0.42,0.5,0.4,0.1,1.0,1.0,0.4,6.0,10.0,0.0,0.0,0.0,1.0,0.0,3.0,4.17,1.0,1,5.0,5.0,0.0,20,1.0,0.0,1.0,-1.0,0.0,0.0,0.0,0.0,0.0,,,,,,,,,,,,,0.0,,,0,1,-1,Loss,0,Full Time,,0.0,1.0,72000.0,2.0,1.0,0.0,0.0,0.0,0.0,0.0,0.0,0.0,0.0,0.0,0.0,0.0,0.0,0.0,0.0,0.0,0.0,26.0,26.0,6.435,9.5,6.435,9.5,0.0,0.0,train,tier3
665,2006,Group Stage,1,0,2006-06-16,"FIFA World Cup Stadium, Gelsenkirchen",Argentina,Serbia and Montenegro,1,CONMEBOL,UEFA,0,0,0,1,2040.35,1500.0,540.3499999999999,0.9573,0.4,0.5,-0.1,1.8,1.4,1.5,13.0,0.0,2.0,0.0,4.0,0.0,4.0,0.0,7.85,0.5,0,6.0,5.0,1.0,21,1.0,2.0,1.0,1.0,1.0,1.0,2.0,0.0,0.0,,,,,,,,,,,,,0.0,,,6,0,6,Win,2,Full Time,,3.0,1.0,52000.0,2.0,1.0,0.0,0.0,0.0,0.0,0.0,0.0,0.0,0.0,0.0,0.0,0.0,0.0,0.0,0.0,0.0,0.0,26.0,26.0,6.435,9.5,6.435,9.5,0.0,0.0,train,tier3
665,2006,Group Stage,1,0,2006-06-16,"FIFA World Cup Stadium, Gelsenkirchen",Serbia and Montenegro,Argentina,0,UEFA,CONMEBOL,0,0,0,1,1500.0,2040.35,-540.3499999999999,0.0427,0.5,0.4,0.1,1.5,1.5,1.8,0.0,13.0,0.0,2.0,0.0,4.0,0.0,4.0,0.0,0.5,0,5.0,6.0,-1.0,21,1.0,0.0,1.0,-1.0,0.0,0.0,0.0,0.0,0.0,,,,,,,,,,,,,0.0,,,0,6,-6,Loss,0,Full Time,,0.0,1.0,52000.0,1.0,2.0,0.0,0.0,0.0,0.0,0.0,0.0,0.0,0.0,0.0,0.0,0.0,0.0,0.0,0.0,0.0,0.0,26.0,26.0,6.435,9.5,6.435,9.5,0.0,0.0,train,tier3
666,2006,Group Stage,1,0,2006-06-16,Gottlieb-Daimler-Stadion,Netherlands,Cï¿½te d'Ivoire,1,UEFA,CAF,0,0,0,1,1938.39,1500.0,438.3900000000001,0.9258,0.7,0.5,0.2,1.2,1.0,1.5,7.0,0.0,0.0,0.0,2.0,0.0,3.0,0.0,8.0,0.5,0,5.0,6.0,-1.0,22,1.0,1.0,0.0,1.0,1.0,1.0,1.0,0.0,0.0,,,,,,,,,,,,,0.0,,,2,1,1,Win,2,Full Time,,2.0,1.0,52000.0,1.0,4.0,0.0,0.0,0.0,0.0,0.0,0.0,0.0,0.0,0.0,0.0,0.0,0.0,0.0,0.0,0.0,0.0,26.0,26.0,6.435,9.5,6.435,9.5,0.0,0.0,train,tier3
666,2006,Group Stage,1,0,2006-06-16,Gottlieb-Daimler-Stadion,Cï¿½te d'Ivoire,Netherlands,0,CAF,UEFA,0,0,0,1,1500.0,1938.39,-438.3900000000001,0.0742,0.5,0.7,-0.2,1.5,1.5,1.2,0.0,7.0,0.0,0.0,0.0,2.0,0.0,3.0,0.0,0.5,0,6.0,5.0,1.0,22,1.0,1.0,2.0,-1.0,0.0,0.0,1.0,0.0,0.0,,,,,,,,,,,,,0.0,,,1,2,-1,Loss,0,Full Time,,1.0,1.0,52000.0,4.0,1.0,0.0,0.0,0.0,0.0,0.0,0.0,0.0,0.0,0.0,0.0,0.0,0.0,0.0,0.0,0.0,0.0,26.0,26.0,6.435,9.5,6.435,9.5,0.0,0.0,train,tier3
667,2006,Group Stage,1,0,2006-06-16,"FIFA World Cup Stadium, Hanover",Mexico,Angola,1,CONCACAF,CAF,0,0,0,1,1862.11,1642.24,219.8699999999999,0.78,0.6,0.4,0.2,1.2,1.0,2.0,12.0,0.0,0.0,0.0,0.0,0.0,0.0,0.0,3.58,0.5,0,5.0,5.0,0.0,23,1.0,3.0,1.0,2.0,1.0,1.0,3.0,0.0,0.0,,,,,,,,,,,,,0.0,,,0,0,0,Draw,1,Full Time,,0.0,1.0,43000.0,3.0,4.0,0.0,0.0,0.0,0.0,0.0,0.0,0.0,0.0,0.0,0.0,0.0,0.0,0.0,0.0,0.0,0.0,26.0,26.0,6.435,9.5,6.435,9.5,0.0,0.0,train,tier3
667,2006,Group Stage,1,0,2006-06-16,"FIFA World Cup Stadium, Hanover",Angola,Mexico,0,CAF,CONCACAF,0,0,0,1,1642.24,1862.11,-219.8699999999999,0.22,0.4,0.6,-0.2,2.0,1.6,1.2,0.0,12.0,0.0,0.0,0.0,0.0,0.0,0.0,0.0,0.5,0,5.0,5.0,0.0,23,1.0,0.0,1.0,-1.0,0.0,0.0,0.0,0.0,0.0,,,,,,,,,,,,,0.0,,,0,0,0,Draw,1,Full Time,,0.0,1.0,43000.0,4.0,3.0,0.0,0.0,0.0,0.0,0.0,0.0,0.0,0.0,0.0,0.0,0.0,0.0,0.0,0.0,0.0,0.0,26.0,26.0,6.435,9.5,6.435,9.5,0.0,0.0,train,tier3
668,2006,Group Stage,1,0,2006-06-17,"FIFA World Cup Stadium, Frankfurt",Portugal,IR Iran,1,UEFA,AFC,0,0,0,1,1927.13,1500.0,427.1300000000001,0.9212,0.9,0.5,0.4,2.6,0.4,1.5,3.0,1.0,0.0,0.0,0.0,0.0,1.0,0.0,8.33,0.5,0,6.0,4.0,2.0,24,1.0,1.0,0.0,1.0,1.0,1.0,1.0,0.0,0.0,,,,,,,,,,,,,0.0,,,2,0,2,Win,2,Full Time,,0.0,1.0,48000.0,1.0,5.0,0.0,0.0,0.0,0.0,0.0,0.0,0.0,0.0,0.0,0.0,0.0,0.0,0.0,0.0,0.0,0.0,26.0,26.0,6.435,9.5,6.435,9.5,0.0,0.0,train,tier3
668,2006,Group Stage,1,0,2006-06-17,"FIFA World Cup Stadium, Frankfurt",IR Iran,Portugal,0,AFC,UEFA,0,0,0,1,1500.0,1927.13,-427.1300000000001,0.0788,0.5,0.9,-0.4,1.5,1.5,2.6,1.0,3.0,0.0,0.0,0.0,0.0,0.0,1.0,1.0,0.5,0,4.0,6.0,-2.0,24,0.0,0.0,0.0,0.0,0.0,0.5,0.0,0.0,0.0,,,,,,,,,,,,,0.0,,,0,2,-2,Loss,0,Full Time,,0.0,1.0,48000.0,5.0,1.0,0.0,0.0,0.0,0.0,0.0,0.0,0.0,0.0,0.0,0.0,0.0,0.0,0.0,0.0,0.0,0.0,26.0,26.0,6.435,9.5,6.435,9.5,0.0,0.0,train,tier3
669,2006,Group Stage,1,0,2006-06-17,"FIFA World Cup Stadium, Cologne",Czech Republic,Ghana,1,UEFA,CAF,0,0,0,1,1918.19,1644.61,273.5800000000001,0.8285,0.9,0.5,0.4,1.8,0.4,1.8,0.0,0.0,0.0,0.0,0.0,0.0,0.0,0.0,0.0,0.5,0,5.0,5.0,0.0,25,1.0,3.0,0.0,3.0,1.0,1.0,3.0,0.0,0.0,,,,,,,,,,,,,0.0,,,0,2,-2,Loss,0,Full Time,,0.0,1.0,45000.0,1.0,4.0,0.0,0.0,0.0,0.0,0.0,0.0,0.0,0.0,0.0,0.0,0.0,0.0,0.0,0.0,0.0,0.0,26.0,26.0,6.435,9.5,6.435,9.5,0.0,0.0,train,tier3
669,2006,Group Stage,1,0,2006-06-17,"FIFA World Cup Stadium, Cologne",Ghana,Czech Republic,0,CAF,UEFA,0,0,0,1,1644.61,1918.19,-273.5800000000001,0.1715,0.5,0.9,-0.4,1.8,1.2,1.8,0.0,0.0,0.0,0.0,0.0,0.0,0.0,0.0,0.0,0.5,0,5.0,5.0,0.0,25,1.0,0.0,2.0,-2.0,0.0,0.0,0.0,0.0,0.0,,,,,,,,,,,,,0.0,,,2,0,2,Win,2,Full Time,,1.0,1.0,45000.0,4.0,1.0,0.0,0.0,0.0,0.0,0.0,0.0,0.0,0.0,0.0,0.0,0.0,0.0,0.0,0.0,0.0,0.0,26.0,26.0,6.435,9.5,6.435,9.5,0.0,0.0,train,tier3
670,2006,Group Stage,1,0,2006-06-17,Fritz-Walter-Stadion,Italy,USA,1,UEFA,CONCACAF,0,0,0,1,1853.8,1500.0,353.79999999999995,0.8846,0.7,0.5,0.2,1.8,0.8,1.5,15.0,7.0,3.0,0.0,5.0,0.0,7.0,1.0,7.33,0.5,0,5.0,5.0,0.0,26,1.0,2.0,0.0,2.0,1.0,1.0,2.0,0.0,0.0,,,,,,,,,,,,,0.0,,,1,1,0,Draw,1,Full Time,,1.0,1.0,46000.0,1.0,3.0,0.0,0.0,0.0,0.0,0.0,0.0,0.0,0.0,0.0,0.0,0.0,0.0,0.0,0.0,0.0,0.0,26.0,26.0,6.435,9.5,6.435,9.5,0.0,0.0,train,tier3
670,2006,Group Stage,1,0,2006-06-17,Fritz-Walter-Stadion,USA,Italy,0,CONCACAF,UEFA,0,0,0,1,1500.0,1853.8,-353.79999999999995,0.1154,0.5,0.7,-0.2,1.5,1.5,1.8,7.0,15.0,0.0,3.0,0.0,5.0,1.0,7.0,3.57,0.5,0,5.0,5.0,0.0,26,1.0,0.0,3.0,-3.0,0.0,0.0,0.0,0.0,0.0,,,,,,,,,,,,,0.0,,,1,1,0,Draw,1,Full Time,,1.0,1.0,46000.0,3.0,1.0,0.0,0.0,0.0,0.0,0.0,0.0,0.0,0.0,0.0,0.0,0.0,0.0,0.0,0.0,0.0,0.0,26.0,26.0,6.435,9.5,6.435,9.5,0.0,0.0,train,tier3
671,2006,Group Stage,1,0,2006-06-18,Franken-Stadion,Japan,Croatia,1,AFC,UEFA,0,0,0,1,1794.74,1768.94,25.799999999999955,0.5371,0.6,0.5,0.1,1.0,0.8,2.0,2.0,2.0,0.0,0.0,0.0,0.0,0.0,1.0,3.0,0.0,1,6.0,5.0,1.0,27,1.0,1.0,3.0,-2.0,0.0,0.0,1.0,0.0,0.0,,,,,,,,,,,,,0.0,,,0,0,0,Draw,1,Full Time,,0.0,1.0,41000.0,5.0,1.0,0.0,0.0,0.0,0.0,0.0,0.0,0.0,0.0,0.0,0.0,0.0,0.0,0.0,0.0,0.0,0.0,26.0,26.0,6.435,9.5,6.435,9.5,0.0,0.0,train,tier3
671,2006,Group Stage,1,0,2006-06-18,Franken-Stadion,Croatia,Japan,0,UEFA,AFC,0,0,0,1,1768.94,1794.74,-25.799999999999955,0.4629,0.5,0.6,-0.1,2.0,1.6,1.0,2.0,2.0,0.0,0.0,0.0,0.0,1.0,0.0,6.5,1.0,1,5.0,6.0,-1.0,27,1.0,0.0,1.0,-1.0,0.0,0.0,0.0,0.0,0.0,,,,,,,,,,,,,0.0,,,0,0,0,Draw,1,Full Time,,0.0,1.0,41000.0,1.0,5.0,0.0,0.0,0.0,0.0,0.0,0.0,0.0,0.0,0.0,0.0,0.0,0.0,0.0,0.0,0.0,0.0,26.0,26.0,6.435,9.5,6.435,9.5,0.0,0.0,train,tier3
672,2006,Group Stage,1,0,2006-06-18,"FIFA World Cup Stadium, Munich",Brazil,Australia,1,CONMEBOL,AFC,0,0,0,1,1912.04,1884.53,27.50999999999999,0.5395,0.9,0.9,0.0,3.4,0.2,1.8,17.0,1.0,5.0,0.0,6.0,0.0,9.0,0.0,11.24,0.5,0,5.0,6.0,-1.0,28,1.0,1.0,0.0,1.0,1.0,1.0,1.0,0.0,0.0,,,,,,,,,,,,,0.0,,,2,0,2,Win,2,Full Time,,0.0,1.0,66000.0,2.0,5.0,0.0,0.0,0.0,0.0,0.0,0.0,0.0,0.0,0.0,0.0,0.0,0.0,0.0,0.0,0.0,0.0,26.0,26.0,6.435,9.5,6.435,9.5,0.0,0.0,train,tier3
672,2006,Group Stage,1,0,2006-06-18,"FIFA World Cup Stadium, Munich",Australia,Brazil,0,AFC,CONMEBOL,0,0,0,1,1884.53,1912.04,-27.50999999999999,0.4605,0.9,0.9,0.0,1.8,0.6,3.4,1.0,17.0,0.0,5.0,0.0,6.0,0.0,9.0,0.0,0.5,0,6.0,5.0,1.0,28,1.0,3.0,1.0,2.0,1.0,1.0,3.0,0.0,0.0,,,,,,,,,,,,,0.0,,,0,2,-2,Loss,0,Full Time,,0.0,1.0,66000.0,5.0,2.0,0.0,0.0,0.0,0.0,0.0,0.0,0.0,0.0,0.0,0.0,0.0,0.0,0.0,0.0,0.0,0.0,26.0,26.0,6.435,9.5,6.435,9.5,0.0,0.0,train,tier3
673,2006,Group Stage,1,0,2006-06-18,Zentralstadion,France,Korea Republic,1,UEFA,AFC,0,0,0,1,2034.02,1500.0,534.02,0.9558,0.7,0.5,0.2,1.4,0.6,1.5,11.0,6.0,1.0,0.0,1.0,0.0,4.0,1.0,7.82,0.5,0,5.0,5.0,0.0,29,1.0,0.0,0.0,0.0,0.0,0.0,0.0,0.0,0.0,,,,,,,,,,,,,0.0,,,1,1,0,Draw,1,Full Time,,1.0,1.0,43000.0,1.0,5.0,0.0,0.0,0.0,0.0,0.0,0.0,0.0,0.0,0.0,0.0,0.0,0.0,0.0,0.0,0.0,0.0,26.0,26.0,6.435,9.5,6.435,9.5,0.0,0.0,train,tier3
673,2006,Group Stage,1,0,2006-06-18,Zentralstadion,Korea Republic,France,0,AFC,UEFA,0,0,0,1,1500.0,2034.02,-534.02,0.0442,0.5,0.7,-0.2,1.5,1.5,1.4,6.0,11.0,0.0,1.0,0.0,1.0,1.0,4.0,3.17,0.5,0,5.0,5.0,0.0,29,1.0,2.0,1.0,1.0,1.0,1.0,2.0,0.0,0.0,,,,,,,,,,,,,0.0,,,1,1,0,Draw,1,Full Time,,0.0,1.0,43000.0,5.0,1.0,0.0,0.0,0.0,0.0,0.0,0.0,0.0,0.0,0.0,0.0,0.0,0.0,0.0,0.0,0.0,0.0,26.0,26.0,6.435,9.5,6.435,9.5,0.0,0.0,train,tier3
674,2006,Group Stage,1,0,2006-06-19,"FIFA World Cup Stadium, Dortmund",Togo,Switzerland,1,CAF,UEFA,0,0,0,1,1590.21,1774.87,-184.65999999999983,0.2567,0.2,0.6,-0.4,0.6,1.6,2.2,0.0,7.0,0.0,0.0,0.0,0.0,0.0,0.0,0.0,0.5,0,6.0,6.0,0.0,30,1.0,1.0,2.0,-1.0,0.0,0.0,1.0,0.0,0.0,,,,,,,,,,,,,0.0,,,0,2,-2,Loss,0,Full Time,,0.0,1.0,65000.0,4.0,1.0,0.0,0.0,0.0,0.0,0.0,0.0,0.0,0.0,0.0,0.0,0.0,0.0,0.0,0.0,0.0,0.0,26.0,26.0,6.435,9.5,6.435,9.5,0.0,0.0,train,tier3
674,2006,Group Stage,1,0,2006-06-19,"FIFA World Cup Stadium, Dortmund",Switzerland,Togo,0,UEFA,CAF,0,0,0,1,1774.87,1590.21,184.65999999999983,0.7433,0.6,0.2,0.4,2.2,1.6,0.6,7.0,0.0,0.0,0.0,0.0,0.0,0.0,0.0,4.71,0.5,0,6.0,6.0,0.0,30,1.0,0.0,0.0,0.0,0.0,0.0,0.0,0.0,0.0,,,,,,,,,,,,,0.0,,,2,0,2,Win,2,Full Time,,1.0,1.0,65000.0,1.0,4.0,0.0,0.0,0.0,0.0,0.0,0.0,0.0,0.0,0.0,0.0,0.0,0.0,0.0,0.0,0.0,0.0,26.0,26.0,6.435,9.5,6.435,9.5,0.0,0.0,train,tier3
675,2006,Group Stage,1,0,2006-06-19,"FIFA World Cup Stadium, Hamburg",Saudi Arabia,Ukraine,1,AFC,UEFA,0,0,0,1,1703.61,1728.62,-25.00999999999999,0.4641,0.2,0.8,-0.6,0.6,1.4,2.0,3.0,0.0,0.0,0.0,0.0,0.0,0.0,0.0,2.33,0.5,0,5.0,5.0,0.0,31,1.0,2.0,2.0,0.0,0.0,0.0,2.0,0.0,0.0,,,,,,,,,,,,,0.0,,,0,4,-4,Loss,0,Full Time,,0.0,1.0,50000.0,5.0,1.0,0.0,0.0,0.0,0.0,0.0,0.0,0.0,0.0,0.0,0.0,0.0,0.0,0.0,0.0,0.0,0.0,26.0,26.0,6.435,9.5,6.435,9.5,0.0,0.0,train,tier3
675,2006,Group Stage,1,0,2006-06-19,"FIFA World Cup Stadium, Hamburg",Ukraine,Saudi Arabia,0,UEFA,AFC,0,0,0,1,1728.62,1703.61,25.00999999999999,0.5359,0.8,0.2,0.6,2.0,0.0,0.6,0.0,3.0,0.0,0.0,0.0,0.0,0.0,0.0,0.0,0.5,0,5.0,5.0,0.0,31,1.0,0.0,4.0,-4.0,0.0,0.0,0.0,0.0,0.0,,,,,,,,,,,,,0.0,,,4,0,4,Win,2,Full Time,,2.0,1.0,50000.0,1.0,5.0,0.0,0.0,0.0,0.0,0.0,0.0,0.0,0.0,0.0,0.0,0.0,0.0,0.0,0.0,0.0,0.0,26.0,26.0,6.435,9.5,6.435,9.5,0.0,0.0,train,tier3
676,2006,Group Stage,1,0,2006-06-19,Gottlieb-Daimler-Stadion,Spain,Tunisia,1,UEFA,CAF,0,0,0,1,1890.89,1764.59,126.30000000000018,0.6742,0.8,0.4,0.4,1.6,0.8,0.8,11.0,3.0,0.0,0.0,0.0,0.0,0.0,0.0,6.45,0.5,0,5.0,5.0,0.0,32,1.0,4.0,0.0,4.0,1.0,1.0,4.0,0.0,0.0,,,,,,,,,,,,,0.0,,,3,1,2,Win,2,Full Time,,0.0,1.0,52000.0,1.0,4.0,0.0,0.0,0.0,0.0,0.0,0.0,0.0,0.0,0.0,0.0,0.0,0.0,0.0,0.0,0.0,0.0,26.0,26.0,6.435,9.5,6.435,9.5,0.0,0.0,train,tier3
676,2006,Group Stage,1,0,2006-06-19,Gottlieb-Daimler-Stadion,Tunisia,Spain,0,CAF,UEFA,0,0,0,1,1764.59,1890.89,-126.30000000000018,0.3258,0.4,0.8,-0.4,0.8,1.0,1.6,3.0,11.0,0.0,0.0,0.0,0.0,0.0,0.0,1.67,0.5,0,5.0,5.0,0.0,32,1.0,2.0,2.0,0.0,0.0,0.0,2.0,0.0,0.0,,,,,,,,,,,,,0.0,,,1,3,-2,Loss,0,Full Time,,1.0,1.0,52000.0,4.0,1.0,0.0,0.0,0.0,0.0,0.0,0.0,0.0,0.0,0.0,0.0,0.0,0.0,0.0,0.0,0.0,0.0,26.0,26.0,6.435,9.5,6.435,9.5,0.0,0.0,train,tier3
677,2006,Group Stage,1,0,2006-06-20,Olympiastadion,Ecuador,Germany,1,CONMEBOL,UEFA,0,0,1,1,1942.9,1946.73,-3.8299999999999272,0.4945,0.3,0.9,-0.6,0.8,1.0,4.0,1.0,5.0,0.0,0.0,0.0,1.0,0.0,2.0,2.0,0.5,0,5.0,6.0,-1.0,33,2.0,5.0,0.0,5.0,2.0,1.0,2.5,0.0,0.0,,,,,,,,,,,,,0.0,,,0,3,-3,Loss,0,Full Time,,0.0,1.0,72000.0,2.0,1.0,0.0,0.0,0.0,0.0,0.0,0.0,0.0,0.0,0.0,0.0,0.0,0.0,0.0,0.0,0.0,0.0,26.0,26.0,6.435,9.5,6.435,9.5,0.0,0.0,train,tier3
677,2006,Group Stage,1,0,2006-06-20,Olympiastadion,Germany,Ecuador,0,UEFA,CONMEBOL,0,1,0,1,1946.73,1942.9,3.8299999999999272,0.5055,0.9,0.3,0.6,4.0,1.0,0.8,5.0,1.0,0.0,0.0,1.0,0.0,2.0,0.0,9.0,0.5,0,6.0,5.0,1.0,33,2.0,5.0,2.0,3.0,2.0,1.0,2.5,0.0,0.0,,,,,,,,,,,,,0.0,,,3,0,3,Win,2,Full Time,,2.0,1.0,72000.0,1.0,2.0,0.0,0.0,0.0,0.0,0.0,0.0,0.0,0.0,0.0,0.0,0.0,0.0,0.0,0.0,0.0,0.0,26.0,26.0,6.435,9.5,6.435,9.5,0.0,0.0,train,tier3
678,2006,Group Stage,1,0,2006-06-20,"FIFA World Cup Stadium, Hanover",Costa Rica,Poland,1,CONCACAF,UEFA,0,0,0,1,1657.24,1716.33,-59.08999999999992,0.4158,0.0,0.4,-0.4,0.8,2.8,1.2,2.0,6.0,0.0,0.0,0.0,0.0,0.0,2.0,4.5,0.5,0,5.0,6.0,-1.0,34,2.0,2.0,7.0,-5.0,0.0,0.0,1.0,0.0,0.0,,,,,,,,,,,,,0.0,,,1,2,-1,Loss,0,Full Time,,1.0,1.0,43000.0,3.0,1.0,0.0,0.0,0.0,0.0,0.0,0.0,0.0,0.0,0.0,0.0,0.0,0.0,0.0,0.0,0.0,0.0,26.0,26.0,6.435,9.5,6.435,9.5,0.0,0.0,train,tier3
678,2006,Group Stage,1,0,2006-06-20,"FIFA World Cup Stadium, Hanover",Poland,Costa Rica,0,UEFA,CONCACAF,0,0,0,1,1716.33,1657.24,59.08999999999992,0.5842,0.4,0.0,0.4,1.2,1.0,0.8,6.0,2.0,0.0,0.0,0.0,0.0,2.0,0.0,7.0,0.5,0,6.0,5.0,1.0,34,2.0,0.0,3.0,-3.0,0.0,0.0,0.0,0.0,0.0,,,,,,,,,,,,,0.0,,,2,1,1,Win,2,Full Time,,1.0,1.0,43000.0,1.0,3.0,0.0,0.0,0.0,0.0,0.0,0.0,0.0,0.0,0.0,0.0,0.0,0.0,0.0,0.0,0.0,0.0,26.0,26.0,6.435,9.5,6.435,9.5,0.0,0.0,train,tier3
679,2006,Group Stage,1,0,2006-06-20,"FIFA World Cup Stadium, Cologne",Sweden,England,1,UEFA,UEFA,1,0,0,1,1799.9,1923.98,-124.07999999999991,0.3287,0.4,1.0,-0.6,0.2,0.8,3.0,10.0,11.0,0.0,1.0,1.0,1.0,3.0,2.0,7.1,0.0,1,5.0,5.0,0.0,35,2.0,1.0,0.0,1.0,1.0,0.5,0.5,0.0,0.0,,,,,,,,,,,,,0.0,,,2,2,0,Draw,1,Full Time,,0.0,1.0,45000.0,1.0,1.0,0.0,0.0,0.0,0.0,0.0,0.0,0.0,0.0,0.0,0.0,0.0,0.0,0.0,0.0,0.0,0.0,26.0,26.0,6.435,9.5,6.435,9.5,0.0,0.0,train,tier3
679,2006,Group Stage,1,0,2006-06-20,"FIFA World Cup Stadium, Cologne",England,Sweden,0,UEFA,UEFA,1,0,0,1,1923.98,1799.9,124.07999999999991,0.6713,1.0,0.4,0.6,3.0,0.8,0.2,11.0,10.0,1.0,0.0,1.0,1.0,2.0,3.0,6.18,1.0,1,5.0,5.0,0.0,35,2.0,3.0,0.0,3.0,2.0,1.0,1.5,0.0,0.0,,,,,,,,,,,,,0.0,,,2,2,0,Draw,1,Full Time,,1.0,1.0,45000.0,1.0,1.0,0.0,0.0,0.0,0.0,0.0,0.0,0.0,0.0,0.0,0.0,0.0,0.0,0.0,0.0,0.0,0.0,26.0,26.0,6.435,9.5,6.435,9.5,0.0,0.0,train,tier3
680,2006,Group Stage,1,0,2006-06-20,Fritz-Walter-Stadion,Paraguay,Trinidad and Tobago,1,CONMEBOL,CONCACAF,0,0,0,1,1693.44,1668.19,25.25,0.5363,0.4,0.2,0.2,1.0,1.2,0.6,6.0,0.0,0.0,0.0,0.0,0.0,0.0,0.0,4.17,0.5,0,5.0,5.0,0.0,36,2.0,0.0,2.0,-2.0,0.0,0.0,0.0,0.0,0.0,,,,,,,,,,,,,0.0,,,2,0,2,Win,2,Full Time,,1.0,1.0,46000.0,2.0,3.0,0.0,0.0,0.0,0.0,0.0,0.0,0.0,0.0,0.0,0.0,0.0,0.0,0.0,0.0,0.0,0.0,26.0,26.0,6.435,9.5,6.435,9.5,0.0,0.0,train,tier3
680,2006,Group Stage,1,0,2006-06-20,Fritz-Walter-Stadion,Trinidad and Tobago,Paraguay,0,CONCACAF,CONMEBOL,0,0,0,1,1668.19,1693.44,-25.25,0.4637,0.2,0.4,-0.2,0.6,1.8,1.0,0.0,6.0,0.0,0.0,0.0,0.0,0.0,0.0,0.0,0.5,0,5.0,5.0,0.0,36,2.0,0.0,2.0,-2.0,0.0,0.0,0.0,0.0,0.0,,,,,,,,,,,,,0.0,,,0,2,-2,Loss,0,Full Time,,0.0,1.0,46000.0,3.0,2.0,0.0,0.0,0.0,0.0,0.0,0.0,0.0,0.0,0.0,0.0,0.0,0.0,0.0,0.0,0.0,0.0,26.0,26.0,6.435,9.5,6.435,9.5,0.0,0.0,train,tier3
681,2006,Group Stage,1,0,2006-06-21,Zentralstadion,Iran,Angola,1,AFC,CAF,0,0,0,1,1803.72,1659.04,144.68000000000006,0.697,0.7,0.4,0.3,3.0,1.8,2.0,2.0,0.0,0.0,0.0,0.0,0.0,0.0,0.0,1.5,0.5,0,10.0,5.0,5.0,37,1.0,1.0,3.0,-2.0,0.0,0.0,1.0,0.0,0.0,,,,,,,,,,,,,0.0,,,1,1,0,Draw,1,Full Time,,0.0,1.0,38000.0,5.0,4.0,0.0,0.0,0.0,0.0,0.0,0.0,0.0,0.0,0.0,0.0,0.0,0.0,0.0,0.0,0.0,0.0,26.0,26.0,6.435,9.5,6.435,9.5,0.0,0.0,train,tier3
681,2006,Group Stage,1,0,2006-06-21,Zentralstadion,Angola,Iran,0,CAF,AFC,0,0,0,1,1659.04,1803.72,-144.68000000000006,0.303,0.4,0.7,-0.3,2.0,1.6,3.0,0.0,2.0,0.0,0.0,0.0,0.0,0.0,0.0,0.0,0.5,0,5.0,10.0,-5.0,37,2.0,0.0,1.0,-1.0,0.0,0.0,0.0,0.0,0.0,,,,,,,,,,,,,0.0,,,1,1,0,Draw,1,Full Time,,0.0,1.0,38000.0,4.0,5.0,0.0,0.0,0.0,0.0,0.0,0.0,0.0,0.0,0.0,0.0,0.0,0.0,0.0,0.0,0.0,0.0,26.0,26.0,6.435,9.5,6.435,9.5,0.0,0.0,train,tier3
682,2006,Group Stage,1,0,2006-06-21,"FIFA World Cup Stadium, Gelsenkirchen",Portugal,Mexico,1,UEFA,CONCACAF,0,0,0,1,1899.84,1845.31,54.52999999999997,0.5778,0.9,0.6,0.3,2.4,0.4,1.4,3.0,12.0,0.0,0.0,0.0,0.0,1.0,0.0,8.33,0.5,0,4.0,5.0,-1.0,38,2.0,3.0,0.0,3.0,2.0,1.0,1.5,0.0,0.0,,,,,,,,,,,,,0.0,,,2,1,1,Win,2,Full Time,,2.0,1.0,52000.0,1.0,3.0,0.0,0.0,0.0,0.0,0.0,0.0,0.0,0.0,0.0,0.0,0.0,0.0,0.0,0.0,0.0,0.0,26.0,26.0,6.435,9.5,6.435,9.5,0.0,0.0,train,tier3
682,2006,Group Stage,1,0,2006-06-21,"FIFA World Cup Stadium, Gelsenkirchen",Mexico,Portugal,0,CONCACAF,UEFA,0,0,0,1,1845.31,1899.84,-54.52999999999997,0.4222,0.6,0.9,-0.3,1.4,1.0,2.4,12.0,3.0,0.0,0.0,0.0,0.0,0.0,1.0,3.58,0.5,0,5.0,4.0,1.0,38,2.0,3.0,1.0,2.0,1.0,0.5,1.5,0.0,0.0,,,,,,,,,,,,,0.0,,,1,2,-1,Loss,0,Full Time,,1.0,1.0,52000.0,3.0,1.0,0.0,0.0,0.0,0.0,0.0,0.0,0.0,0.0,0.0,0.0,0.0,0.0,0.0,0.0,0.0,0.0,26.0,26.0,6.435,9.5,6.435,9.5,0.0,0.0,train,tier3
683,2006,Group Stage,1,0,2006-06-21,"FIFA World Cup Stadium, Frankfurt",Netherlands,Argentina,1,UEFA,CONMEBOL,0,0,0,1,1942.32,1880.06,62.25999999999999,0.5887,0.9,0.6,0.3,1.2,0.4,2.2,7.0,13.0,0.0,2.0,2.0,4.0,3.0,4.0,8.0,0.667,3,5.0,5.0,0.0,39,2.0,3.0,1.0,2.0,2.0,1.0,1.5,0.0,0.0,,,,,,,,,,,,,0.0,,,0,0,0,Draw,1,Full Time,,0.0,1.0,48000.0,1.0,2.0,0.0,0.0,0.0,0.0,0.0,0.0,0.0,0.0,0.0,0.0,0.0,0.0,0.0,0.0,0.0,0.0,26.0,26.0,6.435,9.5,6.435,9.5,0.0,0.0,train,tier3
683,2006,Group Stage,1,0,2006-06-21,"FIFA World Cup Stadium, Frankfurt",Argentina,Netherlands,0,CONMEBOL,UEFA,0,0,0,1,1880.06,1942.32,-62.25999999999999,0.4113,0.6,0.9,-0.3,2.2,1.4,1.2,13.0,7.0,2.0,0.0,4.0,2.0,4.0,3.0,7.85,0.3329999999999999,3,5.0,5.0,0.0,39,2.0,8.0,1.0,7.0,2.0,1.0,4.0,0.0,0.0,,,,,,,,,,,,,0.0,,,0,0,0,Draw,1,Full Time,,0.0,1.0,48000.0,2.0,1.0,0.0,0.0,0.0,0.0,0.0,0.0,0.0,0.0,0.0,0.0,0.0,0.0,0.0,0.0,0.0,0.0,26.0,26.0,6.435,9.5,6.435,9.5,0.0,0.0,train,tier3
684,2006,Group Stage,1,0,2006-06-21,"FIFA World Cup Stadium, Munich",Cï¿½te d'Ivoire,Serbia and Montenegro,1,CAF,UEFA,0,0,0,1,1500.0,1500.0,0.0,0.5,0.5,0.5,0.0,1.5,1.5,1.5,0.0,0.0,0.0,0.0,0.0,0.0,0.0,0.0,0.0,0.5,0,5.0,5.0,0.0,40,2.0,2.0,4.0,-2.0,0.0,0.0,1.0,0.0,0.0,,,,,,,,,,,,,0.0,,,3,2,1,Win,2,Full Time,,1.0,1.0,66000.0,4.0,1.0,0.0,0.0,0.0,0.0,0.0,0.0,0.0,0.0,0.0,0.0,0.0,0.0,0.0,0.0,0.0,0.0,26.0,26.0,6.435,9.5,6.435,9.5,0.0,0.0,train,tier3
684,2006,Group Stage,1,0,2006-06-21,"FIFA World Cup Stadium, Munich",Serbia and Montenegro,Cï¿½te d'Ivoire,0,UEFA,CAF,0,0,0,1,1500.0,1500.0,0.0,0.5,0.5,0.5,0.0,1.5,1.5,1.5,0.0,0.0,0.0,0.0,0.0,0.0,0.0,0.0,0.0,0.5,0,5.0,5.0,0.0,40,2.0,0.0,7.0,-7.0,0.0,0.0,0.0,0.0,0.0,,,,,,,,,,,,,0.0,,,2,3,-1,Loss,0,Full Time,,2.0,1.0,66000.0,1.0,4.0,0.0,0.0,0.0,0.0,0.0,0.0,0.0,0.0,0.0,0.0,0.0,0.0,0.0,0.0,0.0,0.0,26.0,26.0,6.435,9.5,6.435,9.5,0.0,0.0,train,tier3
685,2006,Group Stage,1,0,2006-06-22,"FIFA World Cup Stadium, Hamburg",Czech Republic,Italy,1,UEFA,UEFA,1,0,0,1,1868.48,1864.25,4.230000000000018,0.5061,0.9,0.7,0.2,2.2,0.4,1.6,0.0,15.0,0.0,3.0,0.0,5.0,0.0,7.0,0.0,0.5,0,5.0,5.0,0.0,41,2.0,3.0,2.0,1.0,1.0,0.5,1.5,0.0,0.0,,,,,,,,,,,,,0.0,,,0,2,-2,Loss,0,Full Time,,0.0,1.0,50000.0,1.0,1.0,0.0,0.0,0.0,0.0,0.0,0.0,0.0,0.0,0.0,0.0,0.0,0.0,0.0,0.0,0.0,0.0,26.0,26.0,6.435,9.5,6.435,9.5,0.0,0.0,train,tier3
685,2006,Group Stage,1,0,2006-06-22,"FIFA World Cup Stadium, Hamburg",Italy,Czech Republic,0,UEFA,UEFA,1,0,0,1,1864.25,1868.48,-4.230000000000018,0.4939,0.7,0.9,-0.2,1.6,0.6,2.2,15.0,0.0,3.0,0.0,5.0,0.0,7.0,0.0,7.33,0.5,0,5.0,5.0,0.0,41,2.0,3.0,1.0,2.0,1.0,0.5,1.5,0.0,0.0,,,,,,,,,,,,,0.0,,,2,0,2,Win,2,Full Time,,1.0,1.0,50000.0,1.0,1.0,0.0,0.0,0.0,0.0,0.0,0.0,0.0,0.0,0.0,0.0,0.0,0.0,0.0,0.0,0.0,0.0,26.0,26.0,6.435,9.5,6.435,9.5,0.0,0.0,train,tier3
686,2006,Group Stage,1,0,2006-06-22,Franken-Stadion,Ghana,USA,1,CAF,CONCACAF,0,0,0,1,1596.46,1500.0,96.46000000000004,0.6354,0.5,0.5,0.0,1.6,1.2,1.5,0.0,7.0,0.0,0.0,0.0,0.0,0.0,1.0,0.0,0.5,0,5.0,5.0,0.0,42,2.0,2.0,2.0,0.0,1.0,0.5,1.0,0.0,0.0,,,,,,,,,,,,,0.0,,,2,1,1,Win,2,Full Time,,2.0,1.0,41000.0,4.0,3.0,0.0,0.0,0.0,0.0,0.0,0.0,0.0,0.0,0.0,0.0,0.0,0.0,0.0,0.0,0.0,0.0,26.0,26.0,6.435,9.5,6.435,9.5,0.0,0.0,train,tier3
686,2006,Group Stage,1,0,2006-06-22,Franken-Stadion,USA,Ghana,0,CONCACAF,CAF,0,0,0,1,1500.0,1596.46,-96.46000000000004,0.3646,0.5,0.5,0.0,1.5,1.5,1.6,7.0,0.0,0.0,0.0,0.0,0.0,1.0,0.0,3.57,0.5,0,5.0,5.0,0.0,42,2.0,1.0,4.0,-3.0,0.0,0.0,0.5,0.0,0.0,,,,,,,,,,,,,0.0,,,1,2,-1,Loss,0,Full Time,,1.0,1.0,41000.0,3.0,4.0,0.0,0.0,0.0,0.0,0.0,0.0,0.0,0.0,0.0,0.0,0.0,0.0,0.0,0.0,0.0,0.0,26.0,26.0,6.435,9.5,6.435,9.5,0.0,0.0,train,tier3
687,2006,Group Stage,1,0,2006-06-22,"FIFA World Cup Stadium, Dortmund",Japan,Brazil,1,AFC,CONMEBOL,0,0,0,1,1792.52,1939.67,-147.1500000000001,0.3,0.4,1.0,-0.6,1.0,1.4,3.4,2.0,17.0,0.0,5.0,0.0,6.0,0.0,9.0,3.0,0.5,0,4.0,4.0,0.0,43,2.0,1.0,3.0,-2.0,0.0,0.0,0.5,0.0,0.0,,,,,,,,,,,,,0.0,,,1,4,-3,Loss,0,Full Time,,1.0,1.0,65000.0,5.0,2.0,0.0,0.0,0.0,0.0,0.0,0.0,0.0,0.0,0.0,0.0,0.0,0.0,0.0,0.0,0.0,0.0,26.0,26.0,6.435,9.5,6.435,9.5,0.0,0.0,train,tier3
687,2006,Group Stage,1,0,2006-06-22,"FIFA World Cup Stadium, Dortmund",Brazil,Japan,0,CONMEBOL,AFC,0,0,0,1,1939.67,1792.52,147.1500000000001,0.7,1.0,0.4,0.6,3.4,0.0,1.0,17.0,2.0,5.0,0.0,6.0,0.0,9.0,0.0,11.24,0.5,0,4.0,4.0,0.0,43,2.0,3.0,0.0,3.0,2.0,1.0,1.5,0.0,0.0,,,,,,,,,,,,,0.0,,,4,1,3,Win,2,Full Time,,1.0,1.0,65000.0,2.0,5.0,0.0,0.0,0.0,0.0,0.0,0.0,0.0,0.0,0.0,0.0,0.0,0.0,0.0,0.0,0.0,0.0,26.0,26.0,6.435,9.5,6.435,9.5,0.0,0.0,train,tier3
688,2006,Group Stage,1,0,2006-06-22,Gottlieb-Daimler-Stadion,Croatia,Australia,1,UEFA,AFC,0,0,0,1,1771.16,1856.9,-85.74000000000001,0.3791,0.3,0.9,-0.6,1.4,1.4,2.2,2.0,1.0,0.0,0.0,0.0,0.0,1.0,0.0,6.5,0.5,0,4.0,4.0,0.0,44,2.0,0.0,1.0,-1.0,0.0,0.0,0.0,0.0,0.0,,,,,,,,,,,,,0.0,,,2,2,0,Draw,1,Full Time,,1.0,1.0,52000.0,1.0,5.0,0.0,0.0,0.0,0.0,0.0,0.0,0.0,0.0,0.0,0.0,0.0,0.0,0.0,0.0,0.0,0.0,26.0,26.0,6.435,9.5,6.435,9.5,0.0,0.0,train,tier3
688,2006,Group Stage,1,0,2006-06-22,Gottlieb-Daimler-Stadion,Australia,Croatia,0,AFC,UEFA,0,0,0,1,1856.9,1771.16,85.74000000000001,0.6209,0.9,0.3,0.6,2.2,0.8,1.4,1.0,2.0,0.0,0.0,0.0,0.0,0.0,1.0,0.0,0.5,0,4.0,4.0,0.0,44,2.0,3.0,3.0,0.0,1.0,0.5,1.5,0.0,0.0,,,,,,,,,,,,,0.0,,,2,2,0,Draw,1,Full Time,,1.0,1.0,52000.0,5.0,1.0,0.0,0.0,0.0,0.0,0.0,0.0,0.0,0.0,0.0,0.0,0.0,0.0,0.0,0.0,0.0,0.0,26.0,26.0,6.435,9.5,6.435,9.5,0.0,0.0,train,tier3
689,2006,Group Stage,1,0,2006-06-23,Olympiastadion,Ukraine,Tunisia,1,UEFA,CAF,0,0,0,1,1756.46,1745.04,11.420000000000073,0.5164,0.7,0.5,0.2,2.0,0.8,1.2,0.0,3.0,0.0,0.0,0.0,0.0,0.0,0.0,0.0,0.5,0,4.0,4.0,0.0,45,2.0,4.0,4.0,0.0,1.0,0.5,2.0,0.0,0.0,,,,,,,,,,,,,0.0,,,1,0,1,Win,2,Full Time,,0.0,1.0,72000.0,1.0,4.0,0.0,0.0,0.0,0.0,0.0,0.0,0.0,0.0,0.0,0.0,0.0,0.0,0.0,0.0,0.0,0.0,26.0,26.0,6.435,9.5,6.435,9.5,0.0,0.0,train,tier3
689,2006,Group Stage,1,0,2006-06-23,Olympiastadion,Tunisia,Ukraine,0,CAF,UEFA,0,0,0,1,1745.04,1756.46,-11.420000000000073,0.4836,0.5,0.7,-0.2,1.2,0.8,2.0,3.0,0.0,0.0,0.0,0.0,0.0,0.0,0.0,1.67,0.5,0,4.0,4.0,0.0,45,2.0,3.0,5.0,-2.0,0.0,0.0,1.5,0.0,0.0,,,,,,,,,,,,,0.0,,,0,1,-1,Loss,0,Full Time,,0.0,1.0,72000.0,4.0,1.0,0.0,0.0,0.0,0.0,0.0,0.0,0.0,0.0,0.0,0.0,0.0,0.0,0.0,0.0,0.0,0.0,26.0,26.0,6.435,9.5,6.435,9.5,0.0,0.0,train,tier3
690,2006,Group Stage,1,0,2006-06-23,Fritz-Walter-Stadion,Saudi Arabia,Spain,1,AFC,UEFA,0,0,0,1,1675.77,1910.44,-234.67000000000007,0.2057,0.3,0.9,-0.6,0.8,1.4,2.2,3.0,11.0,0.0,0.0,0.0,0.0,0.0,0.0,2.33,0.5,0,4.0,4.0,0.0,46,2.0,2.0,6.0,-4.0,0.0,0.0,1.0,0.0,0.0,,,,,,,,,,,,,0.0,,,0,1,-1,Loss,0,Full Time,,0.0,1.0,46000.0,5.0,1.0,0.0,0.0,0.0,0.0,0.0,0.0,0.0,0.0,0.0,0.0,0.0,0.0,0.0,0.0,0.0,0.0,26.0,26.0,6.435,9.5,6.435,9.5,0.0,0.0,train,tier3
690,2006,Group Stage,1,0,2006-06-23,Fritz-Walter-Stadion,Spain,Saudi Arabia,0,UEFA,AFC,0,0,0,1,1910.44,1675.77,234.67000000000007,0.7943,0.9,0.3,0.6,2.2,0.6,0.8,11.0,3.0,0.0,0.0,0.0,0.0,0.0,0.0,6.45,0.5,0,4.0,4.0,0.0,46,2.0,7.0,1.0,6.0,2.0,1.0,3.5,0.0,0.0,,,,,,,,,,,,,0.0,,,1,0,1,Win,2,Full Time,,1.0,1.0,46000.0,1.0,5.0,0.0,0.0,0.0,0.0,0.0,0.0,0.0,0.0,0.0,0.0,0.0,0.0,0.0,0.0,0.0,0.0,26.0,26.0,6.435,9.5,6.435,9.5,0.0,0.0,train,tier3
691,2006,Group Stage,1,0,2006-06-23,"FIFA World Cup Stadium, Cologne",Togo,France,1,CAF,UEFA,0,0,0,1,1574.81,1878.33,-303.52,0.1484,0.2,0.7,-0.5,0.8,1.6,1.4,0.0,11.0,0.0,1.0,0.0,1.0,0.0,4.0,0.0,0.5,0,4.0,5.0,-1.0,47,2.0,1.0,4.0,-3.0,0.0,0.0,0.5,0.0,0.0,,,,,,,,,,,,,0.0,,,0,2,-2,Loss,0,Full Time,,0.0,1.0,45000.0,4.0,1.0,0.0,0.0,0.0,0.0,0.0,0.0,0.0,0.0,0.0,0.0,0.0,0.0,0.0,0.0,0.0,0.0,26.0,26.0,6.435,9.5,6.435,9.5,0.0,0.0,train,tier3
691,2006,Group Stage,1,0,2006-06-23,"FIFA World Cup Stadium, Cologne",France,Togo,0,UEFA,CAF,0,0,0,1,1878.33,1574.81,303.52,0.8516,0.7,0.2,0.5,1.4,0.6,0.8,11.0,0.0,1.0,0.0,1.0,0.0,4.0,0.0,7.82,0.5,0,5.0,4.0,1.0,47,2.0,1.0,1.0,0.0,0.0,0.0,0.5,0.0,0.0,,,,,,,,,,,,,0.0,,,2,0,2,Win,2,Full Time,,0.0,1.0,45000.0,1.0,4.0,0.0,0.0,0.0,0.0,0.0,0.0,0.0,0.0,0.0,0.0,0.0,0.0,0.0,0.0,0.0,0.0,26.0,26.0,6.435,9.5,6.435,9.5,0.0,0.0,train,tier3
692,2006,Group Stage,1,0,2006-06-23,"FIFA World Cup Stadium, Hanover",Switzerland,Korea Republic,1,UEFA,AFC,0,0,0,1,1872.59,1500.0,372.5899999999999,0.8952,0.7,0.5,0.2,1.8,0.8,1.5,7.0,6.0,0.0,0.0,0.0,0.0,0.0,1.0,4.71,0.5,0,4.0,5.0,-1.0,48,2.0,2.0,0.0,2.0,1.0,0.5,1.0,0.0,0.0,,,,,,,,,,,,,0.0,,,2,0,2,Win,2,Full Time,,1.0,1.0,43000.0,1.0,5.0,0.0,0.0,0.0,0.0,0.0,0.0,0.0,0.0,0.0,0.0,0.0,0.0,0.0,0.0,0.0,0.0,26.0,26.0,6.435,9.5,6.435,9.5,0.0,0.0,train,tier3
692,2006,Group Stage,1,0,2006-06-23,"FIFA World Cup Stadium, Hanover",Korea Republic,Switzerland,0,AFC,UEFA,0,0,0,1,1500.0,1872.59,-372.5899999999999,0.1048,0.5,0.7,-0.2,1.5,1.5,1.8,6.0,7.0,0.0,0.0,0.0,0.0,1.0,0.0,3.17,0.5,0,5.0,4.0,1.0,48,2.0,3.0,2.0,1.0,1.0,0.5,1.5,0.0,0.0,,,,,,,,,,,,,0.0,,,0,2,-2,Loss,0,Full Time,,0.0,1.0,43000.0,5.0,1.0,0.0,0.0,0.0,0.0,0.0,0.0,0.0,0.0,0.0,0.0,0.0,0.0,0.0,0.0,0.0,0.0,26.0,26.0,6.435,9.5,6.435,9.5,0.0,0.0,train,tier3
693,2006,Round of 16,2,1,2006-06-24,"FIFA World Cup Stadium, Munich",Germany,Sweden,1,UEFA,UEFA,1,1,0,0,1908.45,1810.18,98.26999999999998,0.6378,0.9,0.5,0.4,3.4,0.8,0.4,5.0,10.0,0.0,0.0,1.0,1.0,2.0,3.0,9.0,0.667,3,4.0,4.0,0.0,49,3.0,8.0,2.0,6.0,3.0,1.0,2.667,0.0,0.0,,,,,,,,,,,,,0.0,,,2,0,2,Win,2,Full Time,,2.0,1.0,66000.0,1.0,1.0,0.0,0.0,0.0,0.0,0.0,0.0,0.0,0.0,0.0,0.0,0.0,0.0,0.0,0.0,0.0,0.0,26.0,26.0,6.435,9.5,6.435,9.5,0.0,0.0,train,tier3
693,2006,Round of 16,2,1,2006-06-24,"FIFA World Cup Stadium, Munich",Sweden,Germany,0,UEFA,UEFA,1,0,1,0,1810.18,1908.45,-98.26999999999998,0.3622,0.5,0.9,-0.4,0.4,0.8,3.4,10.0,5.0,0.0,0.0,1.0,1.0,3.0,2.0,7.1,0.3329999999999999,3,4.0,4.0,0.0,49,3.0,3.0,2.0,1.0,1.0,0.333,1.0,0.0,0.0,,,,,,,,,,,,,0.0,,,0,2,-2,Loss,0,Full Time,,0.0,1.0,66000.0,1.0,1.0,0.0,0.0,0.0,0.0,0.0,0.0,0.0,0.0,0.0,0.0,0.0,0.0,0.0,0.0,0.0,0.0,26.0,26.0,6.435,9.5,6.435,9.5,0.0,0.0,train,tier3
694,2006,Round of 16,2,1,2006-06-24,Zentralstadion,Argentina,Mexico,1,CONMEBOL,CONCACAF,0,0,0,1,1885.38,1819.98,65.40000000000009,0.593,0.8,0.5,0.3,3.0,0.8,1.2,13.0,12.0,2.0,0.0,4.0,0.0,4.0,0.0,7.85,1.0,1,3.0,3.0,0.0,50,3.0,8.0,1.0,7.0,2.0,0.667,2.667,0.0,0.0,,,,,,,,,,,,,0.0,,,2,1,1,Win,2,Extra Time,,0.0,1.0,43000.0,2.0,3.0,0.0,0.0,0.0,0.0,0.0,0.0,0.0,0.0,0.0,0.0,0.0,0.0,0.0,0.0,0.0,0.0,26.0,26.0,6.435,9.5,6.435,9.5,0.0,0.0,train,tier3
694,2006,Round of 16,2,1,2006-06-24,Zentralstadion,Mexico,Argentina,0,CONCACAF,CONMEBOL,0,0,0,1,1819.98,1885.38,-65.40000000000009,0.407,0.5,0.8,-0.3,1.2,1.0,3.0,12.0,13.0,0.0,2.0,0.0,4.0,0.0,4.0,3.58,0.0,1,3.0,3.0,0.0,50,3.0,4.0,3.0,1.0,1.0,0.333,1.333,0.0,0.0,,,,,,,,,,,,,0.0,,,1,2,-1,Loss,0,Extra Time,,0.0,1.0,43000.0,3.0,2.0,0.0,0.0,0.0,0.0,0.0,0.0,0.0,0.0,0.0,0.0,0.0,0.0,0.0,0.0,0.0,0.0,26.0,26.0,6.435,9.5,6.435,9.5,0.0,0.0,train,tier3
695,2006,Round of 16,2,1,2006-06-25,Gottlieb-Daimler-Stadion,England,Ecuador,1,UEFA,CONMEBOL,0,0,0,1,1913.7,1735.61,178.09000000000017,0.736,1.0,0.5,0.5,2.8,0.4,1.4,11.0,1.0,1.0,0.0,1.0,0.0,2.0,0.0,6.18,0.5,0,5.0,5.0,0.0,51,3.0,5.0,2.0,3.0,2.0,0.667,1.667,0.0,0.0,,,,,,,,,,,,,0.0,,,1,0,1,Win,2,Full Time,,0.0,1.0,52000.0,1.0,2.0,0.0,0.0,0.0,0.0,0.0,0.0,0.0,0.0,0.0,0.0,0.0,0.0,0.0,0.0,0.0,0.0,26.0,26.0,6.435,9.5,6.435,9.5,0.0,0.0,train,tier3
695,2006,Round of 16,2,1,2006-06-25,Gottlieb-Daimler-Stadion,Ecuador,England,0,CONMEBOL,UEFA,0,0,0,1,1735.61,1913.7,-178.09000000000017,0.264,0.5,1.0,-0.5,1.4,0.8,2.8,1.0,11.0,0.0,1.0,0.0,1.0,0.0,2.0,2.0,0.5,0,5.0,5.0,0.0,51,3.0,5.0,3.0,2.0,2.0,0.667,1.667,0.0,0.0,,,,,,,,,,,,,0.0,,,0,1,-1,Loss,0,Full Time,,0.0,1.0,52000.0,2.0,1.0,0.0,0.0,0.0,0.0,0.0,0.0,0.0,0.0,0.0,0.0,0.0,0.0,0.0,0.0,0.0,0.0,26.0,26.0,6.435,9.5,6.435,9.5,0.0,0.0,train,tier3
696,2006,Round of 16,2,1,2006-06-25,Franken-Stadion,Portugal,Netherlands,1,UEFA,UEFA,1,0,0,1,1925.17,1937.0,-11.829999999999927,0.483,1.0,0.9,0.1,2.6,0.2,1.4,3.0,7.0,0.0,0.0,0.0,2.0,1.0,3.0,8.33,0.5,0,4.0,4.0,0.0,52,3.0,5.0,1.0,4.0,3.0,1.0,1.667,0.0,0.0,,,,,,,,,,,,,0.0,,,1,0,1,Win,2,Full Time,,1.0,1.0,41000.0,1.0,1.0,0.0,0.0,0.0,0.0,0.0,0.0,0.0,0.0,0.0,0.0,0.0,0.0,0.0,0.0,0.0,0.0,26.0,26.0,6.435,9.5,6.435,9.5,0.0,0.0,train,tier3
696,2006,Round of 16,2,1,2006-06-25,Franken-Stadion,Netherlands,Portugal,0,UEFA,UEFA,1,0,0,1,1937.0,1925.17,11.829999999999927,0.517,0.9,1.0,-0.1,1.4,0.6,2.6,7.0,3.0,0.0,0.0,2.0,0.0,3.0,1.0,8.0,0.5,0,4.0,4.0,0.0,52,3.0,3.0,1.0,2.0,2.0,0.667,1.0,0.0,0.0,,,,,,,,,,,,,0.0,,,0,1,-1,Loss,0,Full Time,,0.0,1.0,41000.0,1.0,1.0,0.0,0.0,0.0,0.0,0.0,0.0,0.0,0.0,0.0,0.0,0.0,0.0,0.0,0.0,0.0,0.0,26.0,26.0,6.435,9.5,6.435,9.5,0.0,0.0,train,tier3
697,2006,Round of 16,2,1,2006-06-26,Fritz-Walter-Stadion,Italy,Australia,1,UEFA,AFC,0,0,0,1,1894.62,1849.64,44.97999999999979,0.5644,0.7,0.7,0.0,1.6,0.6,1.6,15.0,1.0,3.0,0.0,5.0,0.0,7.0,0.0,7.33,0.5,0,4.0,4.0,0.0,53,3.0,5.0,1.0,4.0,2.0,0.667,1.667,0.0,0.0,,,,,,,,,,,,,0.0,,,1,0,1,Win,2,Full Time,,0.0,1.0,46000.0,1.0,5.0,0.0,0.0,0.0,0.0,0.0,0.0,0.0,0.0,0.0,0.0,0.0,0.0,0.0,0.0,0.0,0.0,26.0,26.0,6.435,9.5,6.435,9.5,0.0,0.0,train,tier3
697,2006,Round of 16,2,1,2006-06-26,Fritz-Walter-Stadion,Australia,Italy,0,AFC,UEFA,0,0,0,1,1849.64,1894.62,-44.97999999999979,0.4356,0.7,0.7,0.0,1.6,1.0,1.6,1.0,15.0,0.0,3.0,0.0,5.0,0.0,7.0,0.0,0.5,0,4.0,4.0,0.0,53,3.0,5.0,5.0,0.0,1.0,0.333,1.667,0.0,0.0,,,,,,,,,,,,,0.0,,,0,1,-1,Loss,0,Full Time,,0.0,1.0,46000.0,5.0,1.0,0.0,0.0,0.0,0.0,0.0,0.0,0.0,0.0,0.0,0.0,0.0,0.0,0.0,0.0,0.0,0.0,26.0,26.0,6.435,9.5,6.435,9.5,0.0,0.0,train,tier3
698,2006,Round of 16,2,1,2006-06-26,"FIFA World Cup Stadium, Cologne",Switzerland,Ukraine,1,UEFA,UEFA,1,0,0,1,1820.02,1785.47,34.549999999999955,0.5496,0.7,0.7,0.0,1.6,0.6,2.0,7.0,0.0,0.0,0.0,0.0,0.0,0.0,0.0,4.71,0.5,0,3.0,3.0,0.0,54,3.0,4.0,0.0,4.0,2.0,0.667,1.333,0.0,0.0,,,,,,,,,,,,,0.0,,,0,0,0,Loss,0,Penalties,,0.0,1.0,45000.0,1.0,1.0,0.0,0.0,0.0,0.0,0.0,0.0,0.0,0.0,0.0,0.0,0.0,0.0,0.0,0.0,0.0,0.0,26.0,26.0,6.435,9.5,6.435,9.5,0.0,0.0,train,tier3
698,2006,Round of 16,2,1,2006-06-26,"FIFA World Cup Stadium, Cologne",Ukraine,Switzerland,0,UEFA,UEFA,1,0,0,1,1785.47,1820.02,-34.549999999999955,0.4504,0.7,0.7,0.0,2.0,0.8,1.6,0.0,7.0,0.0,0.0,0.0,0.0,0.0,0.0,0.0,0.5,0,3.0,3.0,0.0,54,3.0,5.0,4.0,1.0,2.0,0.667,1.667,0.0,0.0,,,,,,,,,,,,,0.0,,,0,0,0,Win,2,Penalties,,0.0,1.0,45000.0,1.0,1.0,0.0,0.0,0.0,0.0,0.0,0.0,0.0,0.0,0.0,0.0,0.0,0.0,0.0,0.0,0.0,0.0,26.0,26.0,6.435,9.5,6.435,9.5,0.0,0.0,train,tier3
699,2006,Round of 16,2,1,2006-06-27,"FIFA World Cup Stadium, Dortmund",Brazil,Ghana,1,CONMEBOL,CAF,0,0,0,1,1957.67,1735.18,222.49,0.7826,1.0,0.7,0.3,3.2,0.0,2.0,17.0,0.0,5.0,0.0,6.0,0.0,9.0,0.0,11.24,0.5,0,5.0,5.0,0.0,55,3.0,7.0,1.0,6.0,3.0,1.0,2.333,0.0,0.0,,,,,,,,,,,,,0.0,,,3,0,3,Win,2,Full Time,,2.0,1.0,65000.0,2.0,4.0,0.0,0.0,0.0,0.0,0.0,0.0,0.0,0.0,0.0,0.0,0.0,0.0,0.0,0.0,0.0,0.0,26.0,26.0,6.435,9.5,6.435,9.5,0.0,0.0,train,tier3
699,2006,Round of 16,2,1,2006-06-27,"FIFA World Cup Stadium, Dortmund",Ghana,Brazil,0,CAF,CONMEBOL,0,0,0,1,1735.18,1957.67,-222.49,0.2174,0.7,1.0,-0.3,2.0,1.0,3.2,0.0,17.0,0.0,5.0,0.0,6.0,0.0,9.0,0.0,0.5,0,5.0,5.0,0.0,55,3.0,4.0,3.0,1.0,2.0,0.667,1.333,0.0,0.0,,,,,,,,,,,,,0.0,,,0,3,-3,Loss,0,Full Time,,0.0,1.0,65000.0,4.0,2.0,0.0,0.0,0.0,0.0,0.0,0.0,0.0,0.0,0.0,0.0,0.0,0.0,0.0,0.0,0.0,0.0,26.0,26.0,6.435,9.5,6.435,9.5,0.0,0.0,train,tier3
700,2006,Round of 16,2,1,2006-06-27,"FIFA World Cup Stadium, Hanover",Spain,France,1,UEFA,UEFA,1,0,0,1,1922.78,1887.23,35.549999999999955,0.551,0.9,0.8,0.1,2.2,0.4,1.4,11.0,11.0,0.0,1.0,0.0,1.0,0.0,4.0,6.45,0.5,0,4.0,4.0,0.0,56,3.0,8.0,1.0,7.0,3.0,1.0,2.667,0.0,0.0,,,,,,,,,,,,,0.0,,,1,3,-2,Loss,0,Full Time,,1.0,1.0,43000.0,1.0,1.0,0.0,0.0,0.0,0.0,0.0,0.0,0.0,0.0,0.0,0.0,0.0,0.0,0.0,0.0,0.0,0.0,26.0,26.0,6.435,9.5,6.435,9.5,0.0,0.0,train,tier3
700,2006,Round of 16,2,1,2006-06-27,"FIFA World Cup Stadium, Hanover",France,Spain,0,UEFA,UEFA,1,0,0,1,1887.23,1922.78,-35.549999999999955,0.449,0.8,0.9,-0.1,1.4,0.4,2.2,11.0,11.0,1.0,0.0,1.0,0.0,4.0,0.0,7.82,0.5,0,4.0,4.0,0.0,56,3.0,3.0,1.0,2.0,1.0,0.333,1.0,0.0,0.0,,,,,,,,,,,,,0.0,,,3,1,2,Win,2,Full Time,,1.0,1.0,43000.0,1.0,1.0,0.0,0.0,0.0,0.0,0.0,0.0,0.0,0.0,0.0,0.0,0.0,0.0,0.0,0.0,0.0,0.0,26.0,26.0,6.435,9.5,6.435,9.5,0.0,0.0,train,tier3
701,2006,Quarter-final,3,1,2006-06-30,Olympiastadion,Germany,Argentina,1,UEFA,CONMEBOL,0,1,0,0,1930.18,1909.8,20.38000000000011,0.5293,0.9,0.7,0.2,2.6,0.8,2.4,5.0,13.0,0.0,2.0,1.0,4.0,2.0,4.0,9.0,0.5,4,6.0,6.0,0.0,57,4.0,10.0,2.0,8.0,4.0,1.0,2.5,0.0,0.0,,,,,,,,,,,,,0.0,,,1,1,0,Win,2,Penalties,,0.0,1.0,72000.0,1.0,2.0,0.0,0.0,0.0,0.0,0.0,0.0,0.0,0.0,0.0,0.0,0.0,0.0,0.0,0.0,0.0,0.0,26.0,26.0,6.435,9.5,6.435,9.5,0.0,0.0,train,tier3
701,2006,Quarter-final,3,1,2006-06-30,Olympiastadion,Argentina,Germany,0,CONMEBOL,UEFA,0,0,1,0,1909.8,1930.18,-20.38000000000011,0.4707,0.7,0.9,-0.2,2.4,0.8,2.6,13.0,5.0,2.0,0.0,4.0,1.0,4.0,2.0,7.85,0.5,4,6.0,6.0,0.0,57,4.0,10.0,2.0,8.0,3.0,0.75,2.5,0.0,0.0,,,,,,,,,,,,,0.0,,,1,1,0,Loss,0,Penalties,,0.0,1.0,72000.0,2.0,1.0,0.0,0.0,0.0,0.0,0.0,0.0,0.0,0.0,0.0,0.0,0.0,0.0,0.0,0.0,0.0,0.0,26.0,26.0,6.435,9.5,6.435,9.5,0.0,0.0,train,tier3
702,2006,Quarter-final,3,1,2006-06-30,"FIFA World Cup Stadium, Hamburg",Italy,Ukraine,1,UEFA,UEFA,1,0,0,1,1920.76,1788.44,132.31999999999994,0.6817,0.7,0.8,-0.1,1.2,0.4,2.2,15.0,0.0,3.0,0.0,5.0,0.0,7.0,0.0,7.33,0.5,0,4.0,4.0,0.0,58,4.0,6.0,1.0,5.0,3.0,0.75,1.5,0.0,0.0,,,,,,,,,,,,,0.0,,,3,0,3,Win,2,Full Time,,1.0,1.0,50000.0,1.0,1.0,0.0,0.0,0.0,0.0,0.0,0.0,0.0,0.0,0.0,0.0,0.0,0.0,0.0,0.0,0.0,0.0,26.0,26.0,6.435,9.5,6.435,9.5,0.0,0.0,train,tier3
702,2006,Quarter-final,3,1,2006-06-30,"FIFA World Cup Stadium, Hamburg",Ukraine,Italy,0,UEFA,UEFA,1,0,0,1,1788.44,1920.76,-132.31999999999994,0.3183,0.8,0.7,0.1,2.2,0.8,1.2,0.0,15.0,0.0,3.0,0.0,5.0,0.0,7.0,0.0,0.5,0,4.0,4.0,0.0,58,4.0,5.0,4.0,1.0,3.0,0.75,1.25,0.0,0.0,,,,,,,,,,,,,0.0,,,0,3,-3,Loss,0,Full Time,,0.0,1.0,50000.0,1.0,1.0,0.0,0.0,0.0,0.0,0.0,0.0,0.0,0.0,0.0,0.0,0.0,0.0,0.0,0.0,0.0,0.0,26.0,26.0,6.435,9.5,6.435,9.5,0.0,0.0,train,tier3
703,2006,Quarter-final,3,1,2006-07-01,"FIFA World Cup Stadium, Gelsenkirchen",England,Portugal,1,UEFA,UEFA,1,0,0,1,1929.54,1956.19,-26.65000000000009,0.4617,0.9,1.0,-0.1,2.8,0.6,2.4,11.0,3.0,1.0,0.0,1.0,0.0,2.0,1.0,6.18,0.5,2,6.0,6.0,0.0,59,4.0,6.0,2.0,4.0,3.0,0.75,1.5,0.0,0.0,,,,,,,,,,,,,0.0,,,0,0,0,Loss,0,Penalties,,0.0,1.0,52000.0,1.0,1.0,0.0,0.0,0.0,0.0,0.0,0.0,0.0,0.0,0.0,0.0,0.0,0.0,0.0,0.0,0.0,0.0,26.0,26.0,6.435,9.5,6.435,9.5,0.0,0.0,train,tier3
703,2006,Quarter-final,3,1,2006-07-01,"FIFA World Cup Stadium, Gelsenkirchen",Portugal,England,0,UEFA,UEFA,1,0,0,1,1956.19,1929.54,26.65000000000009,0.5383,1.0,0.9,0.1,2.4,0.4,2.8,3.0,11.0,0.0,1.0,0.0,1.0,1.0,2.0,8.33,0.5,2,6.0,6.0,0.0,59,4.0,6.0,1.0,5.0,4.0,1.0,1.5,0.0,0.0,,,,,,,,,,,,,0.0,,,0,0,0,Win,2,Penalties,,0.0,1.0,52000.0,1.0,1.0,0.0,0.0,0.0,0.0,0.0,0.0,0.0,0.0,0.0,0.0,0.0,0.0,0.0,0.0,0.0,0.0,26.0,26.0,6.435,9.5,6.435,9.5,0.0,0.0,train,tier3
704,2006,Quarter-final,3,1,2006-07-01,"FIFA World Cup Stadium, Frankfurt",Brazil,France,1,CONMEBOL,UEFA,0,0,0,1,1970.72,1920.29,50.430000000000064,0.5721,1.0,0.8,0.2,2.4,0.2,1.6,17.0,11.0,5.0,1.0,6.0,1.0,9.0,4.0,11.24,0.333,3,4.0,4.0,0.0,60,4.0,10.0,1.0,9.0,4.0,1.0,2.5,0.0,0.0,,,,,,,,,,,,,0.0,,,0,1,-1,Loss,0,Full Time,,0.0,1.0,48000.0,2.0,1.0,0.0,0.0,0.0,0.0,0.0,0.0,0.0,0.0,0.0,0.0,0.0,0.0,0.0,0.0,0.0,0.0,26.0,26.0,6.435,9.5,6.435,9.5,0.0,0.0,train,tier3
704,2006,Quarter-final,3,1,2006-07-01,"FIFA World Cup Stadium, Frankfurt",France,Brazil,0,UEFA,CONMEBOL,0,0,0,1,1920.29,1970.72,-50.430000000000064,0.4279,0.8,1.0,-0.2,1.6,0.4,2.4,11.0,17.0,1.0,5.0,1.0,6.0,4.0,9.0,7.82,0.667,3,4.0,4.0,0.0,60,4.0,6.0,2.0,4.0,2.0,0.5,1.5,0.0,0.0,,,,,,,,,,,,,0.0,,,1,0,1,Win,2,Full Time,,0.0,1.0,48000.0,1.0,2.0,0.0,0.0,0.0,0.0,0.0,0.0,0.0,0.0,0.0,0.0,0.0,0.0,0.0,0.0,0.0,0.0,26.0,26.0,6.435,9.5,6.435,9.5,0.0,0.0,train,tier3
705,2006,Semi-final,4,1,2006-07-04,"FIFA World Cup Stadium, Dortmund",Germany,Italy,1,UEFA,UEFA,1,1,0,0,1928.42,1939.86,-11.439999999999827,0.4835,1.0,0.8,0.2,2.6,0.4,1.2,5.0,15.0,0.0,3.0,1.0,5.0,2.0,7.0,9.0,0.0,4,4.0,4.0,0.0,61,5.0,11.0,3.0,8.0,5.0,1.0,2.2,0.0,0.0,,,,,,,,,,,,,0.0,,,0,2,-2,Loss,0,Extra Time,,0.0,1.0,65000.0,1.0,1.0,0.0,0.0,0.0,0.0,0.0,0.0,0.0,0.0,0.0,0.0,0.0,0.0,0.0,0.0,0.0,0.0,26.0,26.0,6.435,9.5,6.435,9.5,0.0,0.0,train,tier3
705,2006,Semi-final,4,1,2006-07-04,"FIFA World Cup Stadium, Dortmund",Italy,Germany,0,UEFA,UEFA,1,0,1,0,1939.86,1928.42,11.439999999999827,0.5165,0.8,1.0,-0.2,1.2,0.2,2.6,15.0,5.0,3.0,0.0,5.0,1.0,7.0,2.0,7.33,1.0,4,4.0,4.0,0.0,61,5.0,9.0,1.0,8.0,4.0,0.8,1.8,0.0,0.0,,,,,,,,,,,,,0.0,,,2,0,2,Win,2,Extra Time,,0.0,1.0,65000.0,1.0,1.0,0.0,0.0,0.0,0.0,0.0,0.0,0.0,0.0,0.0,0.0,0.0,0.0,0.0,0.0,0.0,0.0,26.0,26.0,6.435,9.5,6.435,9.5,0.0,0.0,train,tier3
706,2006,Semi-final,4,1,2006-07-05,"FIFA World Cup Stadium, Munich",Portugal,France,1,UEFA,UEFA,1,0,0,1,1953.89,1954.61,-0.7199999999997999,0.499,1.0,0.8,0.2,1.8,0.2,1.8,3.0,11.0,0.0,1.0,0.0,1.0,1.0,4.0,8.33,0.5,0,4.0,4.0,0.0,62,5.0,6.0,1.0,5.0,5.0,1.0,1.2,0.0,0.0,,,,,,,,,,,,,0.0,,,0,1,-1,Loss,0,Full Time,,0.0,1.0,66000.0,1.0,1.0,0.0,0.0,0.0,0.0,0.0,0.0,0.0,0.0,0.0,0.0,0.0,0.0,0.0,0.0,0.0,0.0,26.0,26.0,6.435,9.5,6.435,9.5,0.0,0.0,train,tier3
706,2006,Semi-final,4,1,2006-07-05,"FIFA World Cup Stadium, Munich",France,Portugal,0,UEFA,UEFA,1,0,0,1,1954.61,1953.89,0.7199999999997999,0.501,0.8,1.0,-0.2,1.8,0.6,1.8,11.0,3.0,1.0,0.0,1.0,0.0,4.0,1.0,7.82,0.5,0,4.0,4.0,0.0,62,5.0,7.0,2.0,5.0,3.0,0.6,1.4,0.0,0.0,,,,,,,,,,,,,0.0,,,1,0,1,Win,2,Full Time,,1.0,1.0,66000.0,1.0,1.0,0.0,0.0,0.0,0.0,0.0,0.0,0.0,0.0,0.0,0.0,0.0,0.0,0.0,0.0,0.0,0.0,26.0,26.0,6.435,9.5,6.435,9.5,0.0,0.0,train,tier3
707,2006,Third Place,4,1,2006-07-08,Gottlieb-Daimler-Stadion,Germany,Portugal,1,UEFA,UEFA,1,1,0,0,1899.41,1923.95,-24.539999999999964,0.4647,0.9,0.9,0.0,2.2,0.6,1.2,5.0,3.0,0.0,0.0,1.0,0.0,2.0,1.0,9.0,0.5,0,4.0,3.0,1.0,63,6.0,11.0,5.0,6.0,5.0,0.833,1.833,0.0,0.0,,,,,,,,,,,,,0.0,,,3,1,2,Win,2,Full Time,,0.0,1.0,52000.0,1.0,1.0,0.0,0.0,0.0,0.0,0.0,0.0,0.0,0.0,0.0,0.0,0.0,0.0,0.0,0.0,0.0,0.0,26.0,26.0,6.435,9.5,6.435,9.5,0.0,0.0,train,tier3
707,2006,Third Place,4,1,2006-07-08,Gottlieb-Daimler-Stadion,Portugal,Germany,0,UEFA,UEFA,1,0,1,0,1923.95,1899.41,24.539999999999964,0.5353,0.9,0.9,0.0,1.2,0.2,2.2,3.0,5.0,0.0,0.0,0.0,1.0,1.0,2.0,8.33,0.5,0,3.0,4.0,-1.0,63,6.0,6.0,2.0,4.0,5.0,0.833,1.0,0.0,0.0,,,,,,,,,,,,,0.0,,,1,3,-2,Loss,0,Full Time,,0.0,1.0,52000.0,1.0,1.0,0.0,0.0,0.0,0.0,0.0,0.0,0.0,0.0,0.0,0.0,0.0,0.0,0.0,0.0,0.0,0.0,26.0,26.0,6.435,9.5,6.435,9.5,0.0,0.0,train,tier3
708,2006,Final,5,1,2006-07-09,Olympiastadion,Italy,France,1,UEFA,UEFA,1,0,0,1,1968.87,1984.55,-15.680000000000064,0.4774,0.9,0.8,0.1,1.8,0.2,1.4,15.0,11.0,3.0,1.0,5.0,1.0,7.0,4.0,7.33,0.5,4,5.0,4.0,1.0,64,6.0,11.0,1.0,10.0,5.0,0.833,1.833,0.0,0.0,,,,,,,,,,,,,0.0,,,1,1,0,Win,2,Penalties,,0.0,1.0,69000.0,1.0,1.0,0.0,0.0,0.0,0.0,0.0,0.0,0.0,0.0,0.0,0.0,0.0,0.0,0.0,0.0,0.0,0.0,26.0,26.0,6.435,9.5,6.435,9.5,0.0,0.0,train,tier3
708,2006,Final,5,1,2006-07-09,Olympiastadion,France,Italy,0,UEFA,UEFA,1,0,0,1,1984.55,1968.87,15.680000000000064,0.5226,0.8,0.9,-0.1,1.4,0.4,1.8,11.0,15.0,1.0,3.0,1.0,5.0,4.0,7.0,7.82,0.5,4,4.0,5.0,-1.0,64,6.0,8.0,2.0,6.0,4.0,0.667,1.333,0.0,0.0,,,,,,,,,,,,,0.0,,,1,1,0,Loss,0,Penalties,,0.0,1.0,69000.0,1.0,1.0,0.0,0.0,0.0,0.0,0.0,0.0,0.0,0.0,0.0,0.0,0.0,0.0,0.0,0.0,0.0,0.0,26.0,26.0,6.435,9.5,6.435,9.5,0.0,0.0,train,tier3
709,2010,Group Stage,1,0,2010-06-11,Soccer City Stadium,South Africa,Mexico,1,CAF,CONCACAF,0,1,0,0,1658.88,1851.34,-192.4599999999998,0.2483,0.9,0.6,0.3,2.8,0.4,1.8,2.0,13.0,0.0,0.0,0.0,0.0,0.0,0.0,4.0,0.5,0,4.0,4.0,0.0,1,0.0,0.0,0.0,0.0,0.0,0.5,0.0,0.0,0.0,,,,,,,,,,,,,0.0,,,1,1,0,Draw,1,Full Time,,0.0,1.0,84490.0,4.0,3.0,0.0,0.0,0.0,0.0,0.0,0.0,0.0,0.0,0.0,0.0,0.0,0.0,0.0,0.0,0.0,0.0,26.0,26.0,6.435,9.5,6.435,9.5,0.0,0.0,train,tier3
709,2010,Group Stage,1,0,2010-06-11,Soccer City Stadium,Mexico,South Africa,0,CONCACAF,CAF,0,0,1,0,1851.34,1658.88,192.4599999999998,0.7517,0.6,0.9,-0.3,1.8,1.2,2.8,13.0,2.0,0.0,0.0,0.0,0.0,0.0,0.0,3.69,0.5,0,4.0,4.0,0.0,1,0.0,0.0,0.0,0.0,0.0,0.5,0.0,0.0,0.0,,,,,,,,,,,,,0.0,,,1,1,0,Draw,1,Full Time,,0.0,1.0,84490.0,3.0,4.0,0.0,0.0,0.0,0.0,0.0,0.0,0.0,0.0,0.0,0.0,0.0,0.0,0.0,0.0,0.0,0.0,26.0,26.0,6.435,9.5,6.435,9.5,0.0,0.0,train,tier3
710,2010,Group Stage,1,0,2010-06-11,Cape Town Stadium,Uruguay,France,1,CONMEBOL,UEFA,0,0,0,1,1782.83,1846.7,-63.87000000000012,0.4091,0.7,0.6,0.1,1.4,0.8,1.0,10.0,12.0,2.0,1.0,1.0,2.0,3.0,5.0,6.5,0.5,2,4.0,4.0,0.0,2,0.0,0.0,0.0,0.0,0.0,0.5,0.0,0.0,0.0,,,,,,,,,,,,,0.0,,,0,0,0,Draw,1,Full Time,,0.0,1.0,64100.0,2.0,1.0,0.0,0.0,0.0,0.0,0.0,0.0,0.0,0.0,0.0,0.0,0.0,0.0,0.0,0.0,0.0,0.0,26.0,26.0,6.435,9.5,6.435,9.5,0.0,0.0,train,tier3
710,2010,Group Stage,1,0,2010-06-11,Cape Town Stadium,France,Uruguay,0,UEFA,CONMEBOL,0,0,0,1,1846.7,1782.83,63.87000000000012,0.5909,0.6,0.7,-0.1,1.0,1.0,1.4,12.0,10.0,1.0,2.0,2.0,1.0,5.0,3.0,7.92,0.5,2,4.0,4.0,0.0,2,0.0,0.0,0.0,0.0,0.0,0.5,0.0,0.0,0.0,,,,,,,,,,,,,0.0,,,0,0,0,Draw,1,Full Time,,0.0,1.0,64100.0,1.0,2.0,0.0,0.0,0.0,0.0,0.0,0.0,0.0,0.0,0.0,0.0,0.0,0.0,0.0,0.0,0.0,0.0,26.0,26.0,6.435,9.5,6.435,9.5,0.0,0.0,train,tier3
711,2010,Group Stage,1,0,2010-06-12,Port Elizabeth Stadium,Korea Republic,Greece,1,AFC,UEFA,0,0,0,1,1500.0,1738.05,-238.04999999999995,0.2026,0.5,0.6,-0.1,1.5,1.5,1.0,7.0,1.0,0.0,0.0,0.0,0.0,1.0,0.0,3.14,0.5,0,4.0,4.0,0.0,3,0.0,0.0,0.0,0.0,0.0,0.5,0.0,0.0,0.0,,,,,,,,,,,,,0.0,,,2,0,2,Win,2,Full Time,,1.0,1.0,31513.0,5.0,1.0,0.0,0.0,0.0,0.0,0.0,0.0,0.0,0.0,0.0,0.0,0.0,0.0,0.0,0.0,0.0,0.0,26.0,26.0,6.435,9.5,6.435,9.5,0.0,0.0,train,tier3
711,2010,Group Stage,1,0,2010-06-12,Port Elizabeth Stadium,Greece,Korea Republic,0,UEFA,AFC,0,0,0,1,1738.05,1500.0,238.04999999999995,0.7974,0.6,0.5,0.1,1.0,1.0,1.5,1.0,7.0,0.0,0.0,0.0,0.0,0.0,1.0,0.0,0.5,0,4.0,4.0,0.0,3,0.0,0.0,0.0,0.0,0.0,0.5,0.0,0.0,0.0,,,,,,,,,,,,,0.0,,,0,2,-2,Loss,0,Full Time,,0.0,1.0,31513.0,1.0,5.0,0.0,0.0,0.0,0.0,0.0,0.0,0.0,0.0,0.0,0.0,0.0,0.0,0.0,0.0,0.0,0.0,26.0,26.0,6.435,9.5,6.435,9.5,0.0,0.0,train,tier3
712,2010,Group Stage,1,0,2010-06-12,Ellis Park Stadium,Argentina,Nigeria,1,CONMEBOL,CAF,0,0,0,1,1836.4,1771.84,64.56000000000017,0.5919,0.8,0.6,0.2,2.4,1.4,1.4,14.0,3.0,2.0,0.0,4.0,0.0,4.0,0.0,8.07,1.0,2,4.0,4.0,0.0,4,0.0,0.0,0.0,0.0,0.0,0.5,0.0,0.0,0.0,,,,,,,,,,,,,0.0,,,1,0,1,Win,2,Full Time,,1.0,1.0,55686.0,2.0,4.0,0.0,0.0,0.0,0.0,0.0,0.0,0.0,0.0,0.0,0.0,0.0,0.0,0.0,0.0,0.0,0.0,26.0,26.0,6.435,9.5,6.435,9.5,0.0,0.0,train,tier3
712,2010,Group Stage,1,0,2010-06-12,Ellis Park Stadium,Nigeria,Argentina,0,CAF,CONMEBOL,0,0,0,1,1771.84,1836.4,-64.56000000000017,0.4081,0.6,0.8,-0.2,1.4,0.8,2.4,3.0,14.0,0.0,2.0,0.0,4.0,0.0,4.0,4.67,0.0,2,4.0,4.0,0.0,4,0.0,0.0,0.0,0.0,0.0,0.5,0.0,0.0,0.0,,,,,,,,,,,,,0.0,,,0,1,-1,Loss,0,Full Time,,0.0,1.0,55686.0,4.0,2.0,0.0,0.0,0.0,0.0,0.0,0.0,0.0,0.0,0.0,0.0,0.0,0.0,0.0,0.0,0.0,0.0,26.0,26.0,6.435,9.5,6.435,9.5,0.0,0.0,train,tier3
713,2010,Group Stage,1,0,2010-06-12,Royal Bafokeng Sports Palace,England,USA,1,UEFA,CONCACAF,0,0,0,1,1991.02,1500.0,491.02,0.9441,0.6,0.5,0.1,1.8,0.8,1.5,12.0,8.0,1.0,0.0,1.0,0.0,2.0,1.0,6.17,0.5,0,4.0,4.0,0.0,5,0.0,0.0,0.0,0.0,0.0,0.5,0.0,0.0,0.0,,,,,,,,,,,,,0.0,,,1,1,0,Draw,1,Full Time,,1.0,1.0,38646.0,1.0,3.0,0.0,0.0,0.0,0.0,0.0,0.0,0.0,0.0,0.0,0.0,0.0,0.0,0.0,0.0,0.0,0.0,26.0,26.0,6.435,9.5,6.435,9.5,0.0,0.0,train,tier3
713,2010,Group Stage,1,0,2010-06-12,Royal Bafokeng Sports Palace,USA,England,0,CONCACAF,UEFA,0,0,0,1,1500.0,1991.02,-491.02,0.0559,0.5,0.6,-0.1,1.5,1.5,1.8,8.0,12.0,0.0,1.0,0.0,1.0,1.0,2.0,3.38,0.5,0,4.0,4.0,0.0,5,0.0,0.0,0.0,0.0,0.0,0.5,0.0,0.0,0.0,,,,,,,,,,,,,0.0,,,1,1,0,Draw,1,Full Time,,1.0,1.0,38646.0,3.0,1.0,0.0,0.0,0.0,0.0,0.0,0.0,0.0,0.0,0.0,0.0,0.0,0.0,0.0,0.0,0.0,0.0,26.0,26.0,6.435,9.5,6.435,9.5,0.0,0.0,train,tier3
714,2010,Group Stage,1,0,2010-06-13,Peter Mokaba Stadium,Algeria,Slovenia,1,CAF,UEFA,0,0,0,1,1660.7,1685.84,-25.13999999999988,0.4639,0.2,0.8,-0.6,0.6,2.6,2.2,2.0,1.0,0.0,0.0,0.0,0.0,0.0,0.0,3.0,0.5,0,4.0,4.0,0.0,6,0.0,0.0,0.0,0.0,0.0,0.5,0.0,0.0,0.0,,,,,,,,,,,,,0.0,,,0,1,-1,Loss,0,Full Time,,0.0,1.0,30325.0,4.0,1.0,0.0,0.0,0.0,0.0,0.0,0.0,0.0,0.0,0.0,0.0,0.0,0.0,0.0,0.0,0.0,0.0,26.0,26.0,6.435,9.5,6.435,9.5,0.0,0.0,train,tier3
714,2010,Group Stage,1,0,2010-06-13,Peter Mokaba Stadium,Slovenia,Algeria,0,UEFA,CAF,0,0,0,1,1685.84,1660.7,25.13999999999988,0.5361,0.8,0.2,0.6,2.2,0.6,0.6,1.0,2.0,0.0,0.0,0.0,0.0,0.0,0.0,2.0,0.5,0,4.0,4.0,0.0,6,0.0,0.0,0.0,0.0,0.0,0.5,0.0,0.0,0.0,,,,,,,,,,,,,0.0,,,1,0,1,Win,2,Full Time,,0.0,1.0,30325.0,1.0,4.0,0.0,0.0,0.0,0.0,0.0,0.0,0.0,0.0,0.0,0.0,0.0,0.0,0.0,0.0,0.0,0.0,26.0,26.0,6.435,9.5,6.435,9.5,0.0,0.0,train,tier3
715,2010,Group Stage,1,0,2010-06-13,Loftus Versfeld Stadium,Serbia,Ghana,1,UEFA,CAF,0,0,0,1,1783.07,1712.06,71.00999999999999,0.6008,0.7,0.4,0.3,1.4,0.2,0.8,0.0,1.0,0.0,0.0,0.0,0.0,0.0,0.0,0.0,0.5,0,4.0,4.0,0.0,7,0.0,0.0,0.0,0.0,0.0,0.5,0.0,0.0,0.0,,,,,,,,,,,,,0.0,,,0,1,-1,Loss,0,Full Time,,0.0,1.0,38833.0,1.0,4.0,0.0,0.0,0.0,0.0,0.0,0.0,0.0,0.0,0.0,0.0,0.0,0.0,0.0,0.0,0.0,0.0,26.0,26.0,6.435,9.5,6.435,9.5,0.0,0.0,train,tier3
715,2010,Group Stage,1,0,2010-06-13,Loftus Versfeld Stadium,Ghana,Serbia,0,CAF,UEFA,0,0,0,1,1712.06,1783.07,-71.00999999999999,0.3992,0.4,0.7,-0.3,0.8,1.4,1.4,1.0,0.0,0.0,0.0,0.0,0.0,0.0,0.0,4.0,0.5,0,4.0,4.0,0.0,7,0.0,0.0,0.0,0.0,0.0,0.5,0.0,0.0,0.0,,,,,,,,,,,,,0.0,,,1,0,1,Win,2,Full Time,,0.0,1.0,38833.0,4.0,1.0,0.0,0.0,0.0,0.0,0.0,0.0,0.0,0.0,0.0,0.0,0.0,0.0,0.0,0.0,0.0,0.0,26.0,26.0,6.435,9.5,6.435,9.5,0.0,0.0,train,tier3
716,2010,Group Stage,1,0,2010-06-13,Durban Stadium,Germany,Australia,1,UEFA,AFC,0,0,0,1,1913.88,1837.89,75.99000000000001,0.6076,0.6,0.9,-0.3,1.8,0.8,1.6,6.0,2.0,0.0,0.0,1.0,0.0,3.0,0.0,9.83,1.0,1,4.0,4.0,0.0,8,0.0,0.0,0.0,0.0,0.0,0.5,0.0,0.0,0.0,,,,,,,,,,,,,0.0,,,4,0,4,Win,2,Full Time,,2.0,1.0,62660.0,1.0,5.0,0.0,0.0,0.0,0.0,0.0,0.0,0.0,0.0,0.0,0.0,0.0,0.0,0.0,0.0,0.0,0.0,26.0,26.0,6.435,9.5,6.435,9.5,0.0,0.0,train,tier3
716,2010,Group Stage,1,0,2010-06-13,Durban Stadium,Australia,Germany,0,AFC,UEFA,0,0,0,1,1837.89,1913.88,-75.99000000000001,0.3924,0.9,0.6,0.3,1.6,0.8,1.8,2.0,6.0,0.0,0.0,0.0,1.0,0.0,3.0,2.5,0.0,1,4.0,4.0,0.0,8,0.0,0.0,0.0,0.0,0.0,0.5,0.0,0.0,0.0,,,,,,,,,,,,,0.0,,,0,4,-4,Loss,0,Full Time,,0.0,1.0,62660.0,5.0,1.0,0.0,0.0,0.0,0.0,0.0,0.0,0.0,0.0,0.0,0.0,0.0,0.0,0.0,0.0,0.0,0.0,26.0,26.0,6.435,9.5,6.435,9.5,0.0,0.0,train,tier3
717,2010,Group Stage,1,0,2010-06-14,Soccer City Stadium,Netherlands,Denmark,1,UEFA,UEFA,1,0,0,1,1972.92,1727.8,245.1200000000001,0.8039,0.8,0.5,0.3,1.6,0.6,1.2,8.0,3.0,0.0,0.0,2.0,0.0,3.0,0.0,7.38,0.5,0,4.0,4.0,0.0,9,0.0,0.0,0.0,0.0,0.0,0.5,0.0,0.0,0.0,,,,,,,,,,,,,0.0,,,2,0,2,Win,2,Full Time,,0.0,1.0,83465.0,1.0,1.0,0.0,0.0,0.0,0.0,0.0,0.0,0.0,0.0,0.0,0.0,0.0,0.0,0.0,0.0,0.0,0.0,26.0,26.0,6.435,9.5,6.435,9.5,0.0,0.0,train,tier3
717,2010,Group Stage,1,0,2010-06-14,Soccer City Stadium,Denmark,Netherlands,0,UEFA,UEFA,1,0,0,1,1727.8,1972.92,-245.1200000000001,0.1961,0.5,0.8,-0.3,1.2,0.8,1.6,3.0,8.0,0.0,0.0,0.0,2.0,0.0,3.0,8.0,0.5,0,4.0,4.0,0.0,9,0.0,0.0,0.0,0.0,0.0,0.5,0.0,0.0,0.0,,,,,,,,,,,,,0.0,,,0,2,-2,Loss,0,Full Time,,0.0,1.0,83465.0,1.0,1.0,0.0,0.0,0.0,0.0,0.0,0.0,0.0,0.0,0.0,0.0,0.0,0.0,0.0,0.0,0.0,0.0,26.0,26.0,6.435,9.5,6.435,9.5,0.0,0.0,train,tier3
718,2010,Group Stage,1,0,2010-06-14,Free State Stadium,Japan,Cameroon,1,AFC,CAF,0,0,0,1,1773.84,1724.88,48.95999999999981,0.57,0.2,0.3,-0.1,0.8,2.0,0.6,3.0,5.0,0.0,0.0,0.0,0.0,0.0,0.0,2.67,0.5,0,4.0,4.0,0.0,10,0.0,0.0,0.0,0.0,0.0,0.5,0.0,0.0,0.0,,,,,,,,,,,,,0.0,,,1,0,1,Win,2,Full Time,,1.0,1.0,30620.0,5.0,4.0,0.0,0.0,0.0,0.0,0.0,0.0,0.0,0.0,0.0,0.0,0.0,0.0,0.0,0.0,0.0,0.0,26.0,26.0,6.435,9.5,6.435,9.5,0.0,0.0,train,tier3
718,2010,Group Stage,1,0,2010-06-14,Free State Stadium,Cameroon,Japan,0,CAF,AFC,0,0,0,1,1724.88,1773.84,-48.95999999999981,0.43,0.3,0.2,0.1,0.6,1.4,0.8,5.0,3.0,0.0,0.0,0.0,0.0,0.0,0.0,3.0,0.5,0,4.0,4.0,0.0,10,0.0,0.0,0.0,0.0,0.0,0.5,0.0,0.0,0.0,,,,,,,,,,,,,0.0,,,0,1,-1,Loss,0,Full Time,,0.0,1.0,30620.0,4.0,5.0,0.0,0.0,0.0,0.0,0.0,0.0,0.0,0.0,0.0,0.0,0.0,0.0,0.0,0.0,0.0,0.0,26.0,26.0,6.435,9.5,6.435,9.5,0.0,0.0,train,tier3
719,2010,Group Stage,1,0,2010-06-14,Cape Town Stadium,Italy,Paraguay,1,UEFA,CONMEBOL,0,0,0,1,1897.33,1758.7,138.62999999999988,0.6896,0.6,0.5,0.1,1.0,0.8,1.0,16.0,7.0,4.0,0.0,6.0,0.0,8.0,0.0,7.62,1.0,1,4.0,4.0,0.0,11,0.0,0.0,0.0,0.0,0.0,0.5,0.0,0.0,0.0,,,,,,,,,,,,,0.0,,,1,1,0,Draw,1,Full Time,,0.0,1.0,62869.0,1.0,2.0,0.0,0.0,0.0,0.0,0.0,0.0,0.0,0.0,0.0,0.0,0.0,0.0,0.0,0.0,0.0,0.0,26.0,26.0,6.435,9.5,6.435,9.5,0.0,0.0,train,tier3
719,2010,Group Stage,1,0,2010-06-14,Cape Town Stadium,Paraguay,Italy,0,CONMEBOL,UEFA,0,0,0,1,1758.7,1897.33,-138.62999999999988,0.3104,0.5,0.6,-0.1,1.0,1.0,1.0,7.0,16.0,0.0,4.0,0.0,6.0,0.0,8.0,3.86,0.0,1,4.0,4.0,0.0,11,0.0,0.0,0.0,0.0,0.0,0.5,0.0,0.0,0.0,,,,,,,,,,,,,0.0,,,1,1,0,Draw,1,Full Time,,1.0,1.0,62869.0,2.0,1.0,0.0,0.0,0.0,0.0,0.0,0.0,0.0,0.0,0.0,0.0,0.0,0.0,0.0,0.0,0.0,0.0,26.0,26.0,6.435,9.5,6.435,9.5,0.0,0.0,train,tier3
720,2010,Group Stage,1,0,2010-06-15,Royal Bafokeng Sports Palace,New Zealand,Slovakia,1,OFC,UEFA,0,0,0,1,1648.12,1680.91,-32.79000000000019,0.453,0.5,0.5,0.0,0.6,0.8,0.8,1.0,0.0,0.0,0.0,0.0,0.0,0.0,0.0,2.0,0.5,0,4.0,4.0,0.0,12,0.0,0.0,0.0,0.0,0.0,0.5,0.0,0.0,0.0,,,,,,,,,,,,,0.0,,,1,1,0,Draw,1,Full Time,,0.0,1.0,23871.0,6.0,1.0,0.0,0.0,0.0,0.0,0.0,0.0,0.0,0.0,0.0,0.0,0.0,0.0,0.0,0.0,0.0,0.0,26.0,26.0,6.435,9.5,6.435,9.5,0.0,0.0,train,tier3
720,2010,Group Stage,1,0,2010-06-15,Royal Bafokeng Sports Palace,Slovakia,New Zealand,0,UEFA,OFC,0,0,0,1,1680.91,1648.12,32.79000000000019,0.547,0.5,0.5,0.0,0.8,0.8,0.6,0.0,1.0,0.0,0.0,0.0,0.0,0.0,0.0,0.0,0.5,0,4.0,4.0,0.0,12,0.0,0.0,0.0,0.0,0.0,0.5,0.0,0.0,0.0,,,,,,,,,,,,,0.0,,,1,1,0,Draw,1,Full Time,,0.0,1.0,23871.0,1.0,6.0,0.0,0.0,0.0,0.0,0.0,0.0,0.0,0.0,0.0,0.0,0.0,0.0,0.0,0.0,0.0,0.0,26.0,26.0,6.435,9.5,6.435,9.5,0.0,0.0,train,tier3
721,2010,Group Stage,1,0,2010-06-15,Port Elizabeth Stadium,Cï¿½te d'Ivoire,Portugal,1,CAF,UEFA,0,0,0,1,1500.0,1927.13,-427.1300000000001,0.0788,0.5,0.9,-0.4,1.5,1.5,1.4,1.0,4.0,0.0,0.0,0.0,0.0,0.0,2.0,5.0,0.5,0,4.0,4.0,0.0,13,0.0,0.0,0.0,0.0,0.0,0.5,0.0,0.0,0.0,,,,,,,,,,,,,0.0,,,0,0,0,Draw,1,Full Time,,0.0,1.0,37034.0,4.0,1.0,0.0,0.0,0.0,0.0,0.0,0.0,0.0,0.0,0.0,0.0,0.0,0.0,0.0,0.0,0.0,0.0,26.0,26.0,6.435,9.5,6.435,9.5,0.0,0.0,train,tier3
721,2010,Group Stage,1,0,2010-06-15,Port Elizabeth Stadium,Portugal,Cï¿½te d'Ivoire,0,UEFA,CAF,0,0,0,1,1927.13,1500.0,427.1300000000001,0.9212,0.9,0.5,0.4,1.4,0.2,1.5,4.0,1.0,0.0,0.0,0.0,0.0,2.0,0.0,8.0,0.5,0,4.0,4.0,0.0,13,0.0,0.0,0.0,0.0,0.0,0.5,0.0,0.0,0.0,,,,,,,,,,,,,0.0,,,0,0,0,Draw,1,Full Time,,0.0,1.0,37034.0,1.0,4.0,0.0,0.0,0.0,0.0,0.0,0.0,0.0,0.0,0.0,0.0,0.0,0.0,0.0,0.0,0.0,0.0,26.0,26.0,6.435,9.5,6.435,9.5,0.0,0.0,train,tier3
722,2010,Group Stage,1,0,2010-06-15,Ellis Park Stadium,Brazil,Korea DPR,1,CONMEBOL,AFC,0,0,0,1,1930.75,1500.0,430.75,0.9227,0.9,0.5,0.4,1.6,0.0,1.5,18.0,1.0,5.0,0.0,6.0,0.0,9.0,0.0,11.17,0.5,0,4.0,4.0,0.0,14,0.0,0.0,0.0,0.0,0.0,0.5,0.0,0.0,0.0,,,,,,,,,,,,,0.0,,,2,1,1,Win,2,Full Time,,0.0,1.0,54331.0,2.0,5.0,0.0,0.0,0.0,0.0,0.0,0.0,0.0,0.0,0.0,0.0,0.0,0.0,0.0,0.0,0.0,0.0,26.0,26.0,6.435,9.5,6.435,9.5,0.0,0.0,train,tier3
722,2010,Group Stage,1,0,2010-06-15,Ellis Park Stadium,Korea DPR,Brazil,0,AFC,CONMEBOL,0,0,0,1,1500.0,1930.75,-430.75,0.0773,0.5,0.9,-0.4,1.5,1.5,1.6,1.0,18.0,0.0,5.0,0.0,6.0,0.0,9.0,5.0,0.5,0,4.0,4.0,0.0,14,0.0,0.0,0.0,0.0,0.0,0.5,0.0,0.0,0.0,,,,,,,,,,,,,0.0,,,1,2,-1,Loss,0,Full Time,,0.0,1.0,54331.0,5.0,2.0,0.0,0.0,0.0,0.0,0.0,0.0,0.0,0.0,0.0,0.0,0.0,0.0,0.0,0.0,0.0,0.0,26.0,26.0,6.435,9.5,6.435,9.5,0.0,0.0,train,tier3
723,2010,Group Stage,1,0,2010-06-16,Mbombela Stadium,Honduras,Chile,1,CONCACAF,CONMEBOL,0,0,0,1,1722.41,1861.18,-138.76999999999998,0.3103,0.4,0.7,-0.3,1.0,1.2,1.6,1.0,7.0,0.0,0.0,0.0,0.0,0.0,1.0,2.0,0.5,0,4.0,4.0,0.0,15,0.0,0.0,0.0,0.0,0.0,0.5,0.0,0.0,0.0,,,,,,,,,,,,,0.0,,,0,1,-1,Loss,0,Full Time,,0.0,1.0,32664.0,3.0,2.0,0.0,0.0,0.0,0.0,0.0,0.0,0.0,0.0,0.0,0.0,0.0,0.0,0.0,0.0,0.0,0.0,26.0,26.0,6.435,9.5,6.435,9.5,0.0,0.0,train,tier3
723,2010,Group Stage,1,0,2010-06-16,Mbombela Stadium,Chile,Honduras,0,CONMEBOL,CONCACAF,0,0,0,1,1861.18,1722.41,138.76999999999998,0.6897,0.7,0.4,0.3,1.6,0.2,1.0,7.0,1.0,0.0,0.0,0.0,0.0,1.0,0.0,4.43,0.5,0,4.0,4.0,0.0,15,0.0,0.0,0.0,0.0,0.0,0.5,0.0,0.0,0.0,,,,,,,,,,,,,0.0,,,1,0,1,Win,2,Full Time,,1.0,1.0,32664.0,2.0,3.0,0.0,0.0,0.0,0.0,0.0,0.0,0.0,0.0,0.0,0.0,0.0,0.0,0.0,0.0,0.0,0.0,26.0,26.0,6.435,9.5,6.435,9.5,0.0,0.0,train,tier3
724,2010,Group Stage,1,0,2010-06-16,Durban Stadium,Spain,Switzerland,1,UEFA,UEFA,1,0,0,1,2068.36,1752.95,315.4100000000001,0.86,1.0,0.3,0.7,2.6,0.8,0.8,12.0,8.0,0.0,0.0,0.0,0.0,0.0,0.0,6.67,1.0,2,4.0,4.0,0.0,16,0.0,0.0,0.0,0.0,0.0,0.5,0.0,0.0,0.0,,,,,,,,,,,,,0.0,,,0,1,-1,Loss,0,Full Time,,0.0,1.0,62453.0,1.0,1.0,0.0,0.0,0.0,0.0,0.0,0.0,0.0,0.0,0.0,0.0,0.0,0.0,0.0,0.0,0.0,0.0,26.0,26.0,6.435,9.5,6.435,9.5,0.0,0.0,train,tier3
724,2010,Group Stage,1,0,2010-06-16,Durban Stadium,Switzerland,Spain,0,UEFA,UEFA,1,0,0,1,1752.95,2068.36,-315.4100000000001,0.14,0.3,1.0,-0.7,0.8,1.0,2.6,8.0,12.0,0.0,0.0,0.0,0.0,0.0,0.0,4.62,0.0,2,4.0,4.0,0.0,16,0.0,0.0,0.0,0.0,0.0,0.5,0.0,0.0,0.0,,,,,,,,,,,,,0.0,,,1,0,1,Win,2,Full Time,,0.0,1.0,62453.0,1.0,1.0,0.0,0.0,0.0,0.0,0.0,0.0,0.0,0.0,0.0,0.0,0.0,0.0,0.0,0.0,0.0,0.0,26.0,26.0,6.435,9.5,6.435,9.5,0.0,0.0,train,tier3
725,2010,Group Stage,1,0,2010-06-16,Loftus Versfeld Stadium,South Africa,Uruguay,1,CAF,CONMEBOL,0,1,0,0,1673.98,1788.28,-114.29999999999995,0.3412,0.9,0.7,0.2,2.6,0.4,1.8,2.0,10.0,0.0,2.0,0.0,1.0,0.0,3.0,4.0,0.5,0,5.0,5.0,0.0,17,1.0,1.0,1.0,0.0,0.0,0.0,1.0,0.0,0.0,,,,,,,,,,,,,0.0,,,0,3,-3,Loss,0,Full Time,,0.0,1.0,42658.0,4.0,2.0,0.0,0.0,0.0,0.0,0.0,0.0,0.0,0.0,0.0,0.0,0.0,0.0,0.0,0.0,0.0,0.0,26.0,26.0,6.435,9.5,6.435,9.5,0.0,0.0,train,tier3
725,2010,Group Stage,1,0,2010-06-16,Loftus Versfeld Stadium,Uruguay,South Africa,0,CONMEBOL,CAF,0,0,1,0,1788.28,1673.98,114.29999999999995,0.6588,0.7,0.9,-0.2,1.8,0.8,2.6,10.0,2.0,2.0,0.0,1.0,0.0,3.0,0.0,6.5,0.5,0,5.0,5.0,0.0,17,1.0,0.0,0.0,0.0,0.0,0.0,0.0,0.0,0.0,,,,,,,,,,,,,0.0,,,3,0,3,Win,2,Full Time,,1.0,1.0,42658.0,2.0,4.0,0.0,0.0,0.0,0.0,0.0,0.0,0.0,0.0,0.0,0.0,0.0,0.0,0.0,0.0,0.0,0.0,26.0,26.0,6.435,9.5,6.435,9.5,0.0,0.0,train,tier3
726,2010,Group Stage,1,0,2010-06-17,Soccer City Stadium,Argentina,Korea Republic,1,CONMEBOL,AFC,0,0,0,1,2040.35,1500.0,540.3499999999999,0.9573,1.0,0.5,0.5,3.0,0.6,1.5,14.0,7.0,2.0,0.0,4.0,0.0,4.0,1.0,8.07,0.5,0,5.0,5.0,0.0,18,1.0,1.0,0.0,1.0,1.0,1.0,1.0,0.0,0.0,,,,,,,,,,,,,0.0,,,4,1,3,Win,2,Full Time,,2.0,1.0,82174.0,2.0,5.0,0.0,0.0,0.0,0.0,0.0,0.0,0.0,0.0,0.0,0.0,0.0,0.0,0.0,0.0,0.0,0.0,26.0,26.0,6.435,9.5,6.435,9.5,0.0,0.0,train,tier3
726,2010,Group Stage,1,0,2010-06-17,Soccer City Stadium,Korea Republic,Argentina,0,AFC,CONMEBOL,0,0,0,1,1500.0,2040.35,-540.3499999999999,0.0427,0.5,1.0,-0.5,1.5,1.5,3.0,7.0,14.0,0.0,2.0,0.0,4.0,1.0,4.0,3.14,0.5,0,5.0,5.0,0.0,18,1.0,2.0,0.0,2.0,1.0,1.0,2.0,0.0,0.0,,,,,,,,,,,,,0.0,,,1,4,-3,Loss,0,Full Time,,1.0,1.0,82174.0,5.0,2.0,0.0,0.0,0.0,0.0,0.0,0.0,0.0,0.0,0.0,0.0,0.0,0.0,0.0,0.0,0.0,0.0,26.0,26.0,6.435,9.5,6.435,9.5,0.0,0.0,train,tier3
727,2010,Group Stage,1,0,2010-06-17,Free State Stadium,Greece,Nigeria,1,UEFA,CAF,0,0,0,1,1716.88,1747.35,-30.4699999999998,0.4563,0.4,0.8,-0.4,0.6,1.2,2.0,1.0,3.0,0.0,0.0,0.0,0.0,0.0,0.0,0.0,0.0,1,5.0,5.0,0.0,19,1.0,0.0,2.0,-2.0,0.0,0.0,0.0,0.0,0.0,,,,,,,,,,,,,0.0,,,2,1,1,Win,2,Full Time,,1.0,1.0,31593.0,1.0,4.0,0.0,0.0,0.0,0.0,0.0,0.0,0.0,0.0,0.0,0.0,0.0,0.0,0.0,0.0,0.0,0.0,26.0,26.0,6.435,9.5,6.435,9.5,0.0,0.0,train,tier3
727,2010,Group Stage,1,0,2010-06-17,Free State Stadium,Nigeria,Greece,0,CAF,UEFA,0,0,0,1,1747.35,1716.88,30.4699999999998,0.5437,0.8,0.4,0.4,2.0,0.8,0.6,3.0,1.0,0.0,0.0,0.0,0.0,0.0,0.0,4.67,1.0,1,5.0,5.0,0.0,19,1.0,0.0,1.0,-1.0,0.0,0.0,0.0,0.0,0.0,,,,,,,,,,,,,0.0,,,1,2,-1,Loss,0,Full Time,,1.0,1.0,31593.0,4.0,1.0,0.0,0.0,0.0,0.0,0.0,0.0,0.0,0.0,0.0,0.0,0.0,0.0,0.0,0.0,0.0,0.0,26.0,26.0,6.435,9.5,6.435,9.5,0.0,0.0,train,tier3
728,2010,Group Stage,1,0,2010-06-17,Peter Mokaba Stadium,France,Mexico,1,UEFA,CONCACAF,0,0,0,1,1841.25,1836.24,5.009999999999991,0.5072,0.4,0.6,-0.2,0.8,1.2,2.0,12.0,13.0,1.0,0.0,2.0,0.0,5.0,0.0,7.92,0.667,3,6.0,6.0,0.0,20,1.0,0.0,0.0,0.0,0.0,0.0,0.0,0.0,0.0,,,,,,,,,,,,,0.0,,,0,2,-2,Loss,0,Full Time,,0.0,1.0,35370.0,1.0,3.0,0.0,0.0,0.0,0.0,0.0,0.0,0.0,0.0,0.0,0.0,0.0,0.0,0.0,0.0,0.0,0.0,26.0,26.0,6.435,9.5,6.435,9.5,0.0,0.0,train,tier3
728,2010,Group Stage,1,0,2010-06-17,Peter Mokaba Stadium,Mexico,France,0,CONCACAF,UEFA,0,0,0,1,1836.24,1841.25,-5.009999999999991,0.4928,0.6,0.4,0.2,2.0,1.4,0.8,13.0,12.0,0.0,1.0,0.0,2.0,0.0,5.0,3.69,0.3329999999999999,3,6.0,6.0,0.0,20,1.0,1.0,1.0,0.0,0.0,0.0,1.0,0.0,0.0,,,,,,,,,,,,,0.0,,,2,0,2,Win,2,Full Time,,0.0,1.0,35370.0,3.0,1.0,0.0,0.0,0.0,0.0,0.0,0.0,0.0,0.0,0.0,0.0,0.0,0.0,0.0,0.0,0.0,0.0,26.0,26.0,6.435,9.5,6.435,9.5,0.0,0.0,train,tier3
729,2010,Group Stage,1,0,2010-06-18,Port Elizabeth Stadium,Germany,Serbia,1,UEFA,UEFA,1,0,0,1,1937.42,1747.02,190.4000000000001,0.7495,0.7,0.7,0.0,2.2,0.8,2.0,6.0,0.0,0.0,0.0,1.0,0.0,3.0,0.0,9.83,0.0,1,5.0,5.0,0.0,21,1.0,4.0,0.0,4.0,1.0,1.0,4.0,0.0,0.0,,,,,,,,,,,,,0.0,,,0,1,-1,Loss,0,Full Time,,0.0,1.0,38294.0,1.0,1.0,0.0,0.0,0.0,0.0,0.0,0.0,0.0,0.0,0.0,0.0,0.0,0.0,0.0,0.0,0.0,0.0,26.0,26.0,6.435,9.5,6.435,9.5,0.0,0.0,train,tier3
729,2010,Group Stage,1,0,2010-06-18,Port Elizabeth Stadium,Serbia,Germany,0,UEFA,UEFA,1,0,0,1,1747.02,1937.42,-190.4000000000001,0.2505,0.7,0.7,0.0,2.0,0.8,2.2,0.0,6.0,0.0,0.0,0.0,1.0,0.0,3.0,0.0,1.0,1,5.0,5.0,0.0,21,1.0,0.0,1.0,-1.0,0.0,0.0,0.0,0.0,0.0,,,,,,,,,,,,,0.0,,,1,0,1,Win,2,Full Time,,1.0,1.0,38294.0,1.0,1.0,0.0,0.0,0.0,0.0,0.0,0.0,0.0,0.0,0.0,0.0,0.0,0.0,0.0,0.0,0.0,0.0,26.0,26.0,6.435,9.5,6.435,9.5,0.0,0.0,train,tier3
730,2010,Group Stage,1,0,2010-06-18,Ellis Park Stadium,Slovenia,USA,1,UEFA,CONCACAF,0,0,0,1,1706.26,1500.0,206.26,0.7663,0.8,0.5,0.3,2.4,0.8,1.5,1.0,8.0,0.0,0.0,0.0,0.0,0.0,1.0,2.0,0.5,0,5.0,6.0,-1.0,22,1.0,1.0,0.0,1.0,1.0,1.0,1.0,0.0,0.0,,,,,,,,,,,,,0.0,,,2,2,0,Draw,1,Full Time,,2.0,1.0,45573.0,1.0,3.0,0.0,0.0,0.0,0.0,0.0,0.0,0.0,0.0,0.0,0.0,0.0,0.0,0.0,0.0,0.0,0.0,26.0,26.0,6.435,9.5,6.435,9.5,0.0,0.0,train,tier3
730,2010,Group Stage,1,0,2010-06-18,Ellis Park Stadium,USA,Slovenia,0,CONCACAF,UEFA,0,0,0,1,1500.0,1706.26,-206.26,0.2337,0.5,0.8,-0.3,1.5,1.5,2.4,8.0,1.0,0.0,0.0,0.0,0.0,1.0,0.0,3.38,0.5,0,6.0,5.0,1.0,22,1.0,1.0,1.0,0.0,0.0,0.0,1.0,0.0,0.0,,,,,,,,,,,,,0.0,,,2,2,0,Draw,1,Full Time,,0.0,1.0,45573.0,3.0,1.0,0.0,0.0,0.0,0.0,0.0,0.0,0.0,0.0,0.0,0.0,0.0,0.0,0.0,0.0,0.0,0.0,26.0,26.0,6.435,9.5,6.435,9.5,0.0,0.0,train,tier3
731,2010,Group Stage,1,0,2010-06-18,Cape Town Stadium,England,Algeria,1,UEFA,CAF,0,0,0,1,1919.96,1632.87,287.09000000000015,0.8392,0.8,0.2,0.6,2.2,0.8,0.2,12.0,2.0,1.0,0.0,1.0,0.0,2.0,0.0,6.17,0.5,0,6.0,5.0,1.0,23,1.0,1.0,1.0,0.0,0.0,0.0,1.0,0.0,0.0,,,,,,,,,,,,,0.0,,,0,0,0,Draw,1,Full Time,,0.0,1.0,64100.0,1.0,4.0,0.0,0.0,0.0,0.0,0.0,0.0,0.0,0.0,0.0,0.0,0.0,0.0,0.0,0.0,0.0,0.0,26.0,26.0,6.435,9.5,6.435,9.5,0.0,0.0,train,tier3
731,2010,Group Stage,1,0,2010-06-18,Cape Town Stadium,Algeria,England,0,CAF,UEFA,0,0,0,1,1632.87,1919.96,-287.09000000000015,0.1608,0.2,0.8,-0.6,0.2,2.2,2.2,2.0,12.0,0.0,1.0,0.0,1.0,0.0,2.0,3.0,0.5,0,5.0,6.0,-1.0,23,1.0,0.0,1.0,-1.0,0.0,0.0,0.0,0.0,0.0,,,,,,,,,,,,,0.0,,,0,0,0,Draw,1,Full Time,,0.0,1.0,64100.0,4.0,1.0,0.0,0.0,0.0,0.0,0.0,0.0,0.0,0.0,0.0,0.0,0.0,0.0,0.0,0.0,0.0,0.0,26.0,26.0,6.435,9.5,6.435,9.5,0.0,0.0,train,tier3
732,2010,Group Stage,1,0,2010-06-19,Durban Stadium,Netherlands,Japan,1,UEFA,AFC,0,0,0,1,1984.68,1799.64,185.04,0.7437,0.9,0.2,0.7,2.8,0.8,0.6,8.0,3.0,0.0,0.0,2.0,0.0,3.0,0.0,7.38,0.5,0,5.0,5.0,0.0,24,1.0,2.0,0.0,2.0,1.0,1.0,2.0,0.0,0.0,,,,,,,,,,,,,0.0,,,1,0,1,Win,2,Full Time,,0.0,1.0,62010.0,1.0,5.0,0.0,0.0,0.0,0.0,0.0,0.0,0.0,0.0,0.0,0.0,0.0,0.0,0.0,0.0,0.0,0.0,26.0,26.0,6.435,9.5,6.435,9.5,0.0,0.0,train,tier3
732,2010,Group Stage,1,0,2010-06-19,Durban Stadium,Japan,Netherlands,0,AFC,UEFA,0,0,0,1,1799.64,1984.68,-185.04,0.2563,0.2,0.9,-0.7,0.6,1.8,2.8,3.0,8.0,0.0,0.0,0.0,2.0,0.0,3.0,2.67,0.5,0,5.0,5.0,0.0,24,1.0,1.0,0.0,1.0,1.0,1.0,1.0,0.0,0.0,,,,,,,,,,,,,0.0,,,0,1,-1,Loss,0,Full Time,,0.0,1.0,62010.0,5.0,1.0,0.0,0.0,0.0,0.0,0.0,0.0,0.0,0.0,0.0,0.0,0.0,0.0,0.0,0.0,0.0,0.0,26.0,26.0,6.435,9.5,6.435,9.5,0.0,0.0,train,tier3
733,2010,Group Stage,1,0,2010-06-19,Royal Bafokeng Sports Palace,Ghana,Australia,1,CAF,AFC,0,0,0,1,1748.11,1814.35,-66.24000000000001,0.4058,0.4,0.7,-0.3,0.8,1.4,1.4,1.0,2.0,0.0,0.0,0.0,0.0,0.0,0.0,4.0,0.5,0,6.0,6.0,0.0,25,1.0,1.0,0.0,1.0,1.0,1.0,1.0,0.0,0.0,,,,,,,,,,,,,0.0,,,1,1,0,Draw,1,Full Time,,1.0,1.0,34812.0,4.0,5.0,0.0,0.0,0.0,0.0,0.0,0.0,0.0,0.0,0.0,0.0,0.0,0.0,0.0,0.0,0.0,0.0,26.0,26.0,6.435,9.5,6.435,9.5,0.0,0.0,train,tier3
733,2010,Group Stage,1,0,2010-06-19,Royal Bafokeng Sports Palace,Australia,Ghana,0,AFC,CAF,0,0,0,1,1814.35,1748.11,66.24000000000001,0.5942,0.7,0.4,0.3,1.4,1.2,0.8,2.0,1.0,0.0,0.0,0.0,0.0,0.0,0.0,2.5,0.5,0,6.0,6.0,0.0,25,1.0,0.0,4.0,-4.0,0.0,0.0,0.0,0.0,0.0,,,,,,,,,,,,,0.0,,,1,1,0,Draw,1,Full Time,,1.0,1.0,34812.0,5.0,4.0,0.0,0.0,0.0,0.0,0.0,0.0,0.0,0.0,0.0,0.0,0.0,0.0,0.0,0.0,0.0,0.0,26.0,26.0,6.435,9.5,6.435,9.5,0.0,0.0,train,tier3
734,2010,Group Stage,1,0,2010-06-19,Loftus Versfeld Stadium,Cameroon,Denmark,1,CAF,UEFA,0,0,0,1,1699.08,1716.04,-16.960000000000036,0.4756,0.3,0.4,-0.1,1.0,1.6,1.2,5.0,3.0,0.0,0.0,0.0,0.0,0.0,0.0,3.0,0.5,0,5.0,5.0,0.0,26,1.0,0.0,1.0,-1.0,0.0,0.0,0.0,0.0,0.0,,,,,,,,,,,,,0.0,,,1,2,-1,Loss,0,Full Time,,1.0,1.0,38074.0,4.0,1.0,0.0,0.0,0.0,0.0,0.0,0.0,0.0,0.0,0.0,0.0,0.0,0.0,0.0,0.0,0.0,0.0,26.0,26.0,6.435,9.5,6.435,9.5,0.0,0.0,train,tier3
734,2010,Group Stage,1,0,2010-06-19,Loftus Versfeld Stadium,Denmark,Cameroon,0,UEFA,CAF,0,0,0,1,1716.04,1699.08,16.960000000000036,0.5244,0.4,0.3,0.1,1.2,1.0,1.0,3.0,5.0,0.0,0.0,0.0,0.0,0.0,0.0,8.0,0.5,0,5.0,5.0,0.0,26,1.0,0.0,2.0,-2.0,0.0,0.0,0.0,0.0,0.0,,,,,,,,,,,,,0.0,,,2,1,1,Win,2,Full Time,,1.0,1.0,38074.0,1.0,4.0,0.0,0.0,0.0,0.0,0.0,0.0,0.0,0.0,0.0,0.0,0.0,0.0,0.0,0.0,0.0,0.0,26.0,26.0,6.435,9.5,6.435,9.5,0.0,0.0,train,tier3
735,2010,Group Stage,1,0,2010-06-20,Free State Stadium,Slovakia,Paraguay,1,UEFA,CONMEBOL,0,0,0,1,1678.09,1770.07,-91.98000000000002,0.3706,0.5,0.6,-0.1,1.2,0.8,1.4,0.0,7.0,0.0,0.0,0.0,0.0,0.0,0.0,0.0,0.5,0,5.0,6.0,-1.0,27,1.0,1.0,1.0,0.0,0.0,0.0,1.0,0.0,0.0,,,,,,,,,,,,,0.0,,,0,2,-2,Loss,0,Full Time,,0.0,1.0,26643.0,1.0,2.0,0.0,0.0,0.0,0.0,0.0,0.0,0.0,0.0,0.0,0.0,0.0,0.0,0.0,0.0,0.0,0.0,26.0,26.0,6.435,9.5,6.435,9.5,0.0,0.0,train,tier3
735,2010,Group Stage,1,0,2010-06-20,Free State Stadium,Paraguay,Slovakia,0,CONMEBOL,UEFA,0,0,0,1,1770.07,1678.09,91.98000000000002,0.6294,0.6,0.5,0.1,1.4,1.0,1.2,7.0,0.0,0.0,0.0,0.0,0.0,0.0,0.0,3.86,0.5,0,6.0,5.0,1.0,27,1.0,1.0,1.0,0.0,0.0,0.0,1.0,0.0,0.0,,,,,,,,,,,,,0.0,,,2,0,2,Win,2,Full Time,,1.0,1.0,26643.0,2.0,1.0,0.0,0.0,0.0,0.0,0.0,0.0,0.0,0.0,0.0,0.0,0.0,0.0,0.0,0.0,0.0,0.0,26.0,26.0,6.435,9.5,6.435,9.5,0.0,0.0,train,tier3
736,2010,Group Stage,1,0,2010-06-20,Mbombela Stadium,Italy,New Zealand,1,UEFA,OFC,0,0,0,1,1885.96,1650.94,235.02,0.7946,0.5,0.4,0.1,0.6,0.6,0.8,16.0,1.0,4.0,0.0,6.0,0.0,8.0,0.0,7.62,0.5,0,6.0,5.0,1.0,28,1.0,1.0,1.0,0.0,0.0,0.0,1.0,0.0,0.0,,,,,,,,,,,,,0.0,,,1,1,0,Draw,1,Full Time,,1.0,1.0,38229.0,1.0,6.0,0.0,0.0,0.0,0.0,0.0,0.0,0.0,0.0,0.0,0.0,0.0,0.0,0.0,0.0,0.0,0.0,26.0,26.0,6.435,9.5,6.435,9.5,0.0,0.0,train,tier3
736,2010,Group Stage,1,0,2010-06-20,Mbombela Stadium,New Zealand,Italy,0,OFC,UEFA,0,0,0,1,1650.94,1885.96,-235.02,0.2054,0.4,0.5,-0.1,0.8,1.4,0.6,1.0,16.0,0.0,4.0,0.0,6.0,0.0,8.0,2.0,0.5,0,5.0,6.0,-1.0,28,1.0,1.0,1.0,0.0,0.0,0.0,1.0,0.0,0.0,,,,,,,,,,,,,0.0,,,1,1,0,Draw,1,Full Time,,1.0,1.0,38229.0,6.0,1.0,0.0,0.0,0.0,0.0,0.0,0.0,0.0,0.0,0.0,0.0,0.0,0.0,0.0,0.0,0.0,0.0,26.0,26.0,6.435,9.5,6.435,9.5,0.0,0.0,train,tier3
737,2010,Group Stage,1,0,2010-06-20,Soccer City Stadium,Brazil,Cï¿½te d'Ivoire,1,CONMEBOL,CAF,0,0,0,1,1930.75,1500.0,430.75,0.9227,1.0,0.5,0.5,2.6,0.2,1.5,18.0,1.0,5.0,0.0,6.0,0.0,9.0,0.0,11.17,0.5,0,5.0,5.0,0.0,29,1.0,2.0,1.0,1.0,1.0,1.0,2.0,0.0,0.0,,,,,,,,,,,,,0.0,,,3,1,2,Win,2,Full Time,,1.0,1.0,84455.0,2.0,4.0,0.0,0.0,0.0,0.0,0.0,0.0,0.0,0.0,0.0,0.0,0.0,0.0,0.0,0.0,0.0,0.0,26.0,26.0,6.435,9.5,6.435,9.5,0.0,0.0,train,tier3
737,2010,Group Stage,1,0,2010-06-20,Soccer City Stadium,Cï¿½te d'Ivoire,Brazil,0,CAF,CONMEBOL,0,0,0,1,1500.0,1930.75,-430.75,0.0773,0.5,1.0,-0.5,1.5,1.5,2.6,1.0,18.0,0.0,5.0,0.0,6.0,0.0,9.0,5.0,0.5,0,5.0,5.0,0.0,29,1.0,0.0,0.0,0.0,0.0,0.0,0.0,0.0,0.0,,,,,,,,,,,,,0.0,,,1,3,-2,Loss,0,Full Time,,0.0,1.0,84455.0,4.0,2.0,0.0,0.0,0.0,0.0,0.0,0.0,0.0,0.0,0.0,0.0,0.0,0.0,0.0,0.0,0.0,0.0,26.0,26.0,6.435,9.5,6.435,9.5,0.0,0.0,train,tier3
738,2010,Group Stage,1,0,2010-06-21,Cape Town Stadium,Portugal,Korea DPR,1,UEFA,AFC,0,0,0,1,1927.13,1500.0,427.1300000000001,0.9212,0.9,0.5,0.4,1.8,0.2,1.5,4.0,1.0,0.0,0.0,0.0,0.0,2.0,0.0,8.0,0.5,0,6.0,6.0,0.0,30,1.0,0.0,0.0,0.0,0.0,0.0,0.0,0.0,0.0,,,,,,,,,,,,,0.0,,,7,0,7,Win,2,Full Time,,1.0,1.0,63644.0,1.0,5.0,0.0,0.0,0.0,0.0,0.0,0.0,0.0,0.0,0.0,0.0,0.0,0.0,0.0,0.0,0.0,0.0,26.0,26.0,6.435,9.5,6.435,9.5,0.0,0.0,train,tier3
738,2010,Group Stage,1,0,2010-06-21,Cape Town Stadium,Korea DPR,Portugal,0,AFC,UEFA,0,0,0,1,1500.0,1927.13,-427.1300000000001,0.0788,0.5,0.9,-0.4,1.5,1.5,1.8,1.0,4.0,0.0,0.0,0.0,0.0,0.0,2.0,5.0,0.5,0,6.0,6.0,0.0,30,1.0,1.0,2.0,-1.0,0.0,0.0,1.0,0.0,0.0,,,,,,,,,,,,,0.0,,,0,7,-7,Loss,0,Full Time,,0.0,1.0,63644.0,5.0,1.0,0.0,0.0,0.0,0.0,0.0,0.0,0.0,0.0,0.0,0.0,0.0,0.0,0.0,0.0,0.0,0.0,26.0,26.0,6.435,9.5,6.435,9.5,0.0,0.0,train,tier3
739,2010,Group Stage,1,0,2010-06-21,Port Elizabeth Stadium,Chile,Switzerland,1,CONMEBOL,UEFA,0,0,0,1,1879.8,1804.55,75.25,0.6066,0.8,0.2,0.6,1.8,0.2,0.4,7.0,8.0,0.0,0.0,0.0,0.0,1.0,0.0,4.43,1.0,1,5.0,5.0,0.0,31,1.0,1.0,0.0,1.0,1.0,1.0,1.0,0.0,0.0,,,,,,,,,,,,,0.0,,,1,0,1,Win,2,Full Time,,0.0,1.0,34872.0,2.0,1.0,0.0,0.0,0.0,0.0,0.0,0.0,0.0,0.0,0.0,0.0,0.0,0.0,0.0,0.0,0.0,0.0,26.0,26.0,6.435,9.5,6.435,9.5,0.0,0.0,train,tier3
739,2010,Group Stage,1,0,2010-06-21,Port Elizabeth Stadium,Switzerland,Chile,0,UEFA,CONMEBOL,0,0,0,1,1804.55,1879.8,-75.25,0.3934,0.2,0.8,-0.6,0.4,1.2,1.8,8.0,7.0,0.0,0.0,0.0,0.0,0.0,1.0,4.62,0.0,1,5.0,5.0,0.0,31,1.0,1.0,0.0,1.0,1.0,1.0,1.0,0.0,0.0,,,,,,,,,,,,,0.0,,,0,1,-1,Loss,0,Full Time,,0.0,1.0,34872.0,1.0,2.0,0.0,0.0,0.0,0.0,0.0,0.0,0.0,0.0,0.0,0.0,0.0,0.0,0.0,0.0,0.0,0.0,26.0,26.0,6.435,9.5,6.435,9.5,0.0,0.0,train,tier3
740,2010,Group Stage,1,0,2010-06-21,Ellis Park Stadium,Spain,Honduras,1,UEFA,CONCACAF,0,0,0,1,2016.76,1703.79,312.97,0.8583,1.0,0.2,0.8,3.4,0.6,0.4,12.0,1.0,0.0,0.0,0.0,0.0,0.0,0.0,6.67,0.0,1,5.0,5.0,0.0,32,1.0,0.0,1.0,-1.0,0.0,0.0,0.0,0.0,0.0,,,,,,,,,,,,,0.0,,,2,0,2,Win,2,Full Time,,1.0,1.0,54386.0,1.0,3.0,0.0,0.0,0.0,0.0,0.0,0.0,0.0,0.0,0.0,0.0,0.0,0.0,0.0,0.0,0.0,0.0,26.0,26.0,6.435,9.5,6.435,9.5,0.0,0.0,train,tier3
740,2010,Group Stage,1,0,2010-06-21,Ellis Park Stadium,Honduras,Spain,0,CONCACAF,UEFA,0,0,0,1,1703.79,2016.76,-312.97,0.1417,0.2,1.0,-0.8,0.4,1.6,3.4,1.0,12.0,0.0,0.0,0.0,0.0,0.0,0.0,2.0,1.0,1,5.0,5.0,0.0,32,1.0,0.0,1.0,-1.0,0.0,0.0,0.0,0.0,0.0,,,,,,,,,,,,,0.0,,,0,2,-2,Loss,0,Full Time,,0.0,1.0,54386.0,3.0,1.0,0.0,0.0,0.0,0.0,0.0,0.0,0.0,0.0,0.0,0.0,0.0,0.0,0.0,0.0,0.0,0.0,26.0,26.0,6.435,9.5,6.435,9.5,0.0,0.0,train,tier3
741,2010,Group Stage,1,0,2010-06-22,Royal Bafokeng Sports Palace,Mexico,Uruguay,1,CONCACAF,CONMEBOL,0,0,0,1,1866.67,1808.75,57.92000000000007,0.5826,0.5,0.8,-0.3,2.0,1.6,1.8,13.0,10.0,0.0,2.0,0.0,1.0,0.0,3.0,3.69,0.0,1,5.0,6.0,-1.0,33,2.0,3.0,1.0,2.0,1.0,0.5,1.5,0.0,0.0,,,,,,,,,,,,,0.0,,,0,1,-1,Loss,0,Full Time,,0.0,1.0,33425.0,3.0,2.0,0.0,0.0,0.0,0.0,0.0,0.0,0.0,0.0,0.0,0.0,0.0,0.0,0.0,0.0,0.0,0.0,26.0,26.0,6.435,9.5,6.435,9.5,0.0,0.0,train,tier3
741,2010,Group Stage,1,0,2010-06-22,Royal Bafokeng Sports Palace,Uruguay,Mexico,0,CONMEBOL,CONCACAF,0,0,0,1,1808.75,1866.67,-57.92000000000007,0.4174,0.8,0.5,0.3,1.8,0.6,2.0,10.0,13.0,2.0,0.0,1.0,0.0,3.0,0.0,6.5,1.0,1,6.0,5.0,1.0,33,2.0,3.0,0.0,3.0,1.0,0.5,1.5,0.0,0.0,,,,,,,,,,,,,0.0,,,1,0,1,Win,2,Full Time,,1.0,1.0,33425.0,2.0,3.0,0.0,0.0,0.0,0.0,0.0,0.0,0.0,0.0,0.0,0.0,0.0,0.0,0.0,0.0,0.0,0.0,26.0,26.0,6.435,9.5,6.435,9.5,0.0,0.0,train,tier3
742,2010,Group Stage,1,0,2010-06-22,Free State Stadium,France,South Africa,1,UEFA,CAF,0,0,1,1,2034.02,1633.59,400.43000000000006,0.9093,0.4,0.8,-0.4,0.6,1.0,2.0,12.0,2.0,1.0,0.0,2.0,0.0,5.0,0.0,7.92,1.0,1,5.0,6.0,-1.0,34,2.0,0.0,2.0,-2.0,0.0,0.0,0.0,0.0,0.0,,,,,,,,,,,,,0.0,,,1,2,-1,Loss,0,Full Time,,0.0,1.0,39415.0,1.0,4.0,0.0,0.0,0.0,0.0,0.0,0.0,0.0,0.0,0.0,0.0,0.0,0.0,0.0,0.0,0.0,0.0,26.0,26.0,6.435,9.5,6.435,9.5,0.0,0.0,train,tier3
742,2010,Group Stage,1,0,2010-06-22,Free State Stadium,South Africa,France,0,CAF,UEFA,0,1,0,1,1633.59,2034.02,-400.43000000000006,0.0907,0.8,0.4,0.4,2.0,0.6,0.6,2.0,12.0,0.0,1.0,0.0,2.0,0.0,5.0,4.0,0.0,1,6.0,5.0,1.0,34,2.0,1.0,4.0,-3.0,0.0,0.0,0.5,0.0,0.0,,,,,,,,,,,,,0.0,,,2,1,1,Win,2,Full Time,,2.0,1.0,39415.0,4.0,1.0,0.0,0.0,0.0,0.0,0.0,0.0,0.0,0.0,0.0,0.0,0.0,0.0,0.0,0.0,0.0,0.0,26.0,26.0,6.435,9.5,6.435,9.5,0.0,0.0,train,tier3
743,2010,Group Stage,1,0,2010-06-22,Durban Stadium,Nigeria,Korea Republic,1,CAF,AFC,0,0,0,1,1818.03,1500.0,318.03,0.8618,0.6,0.5,0.1,1.8,1.0,1.5,3.0,7.0,0.0,0.0,0.0,0.0,0.0,1.0,4.67,0.5,0,5.0,5.0,0.0,35,2.0,1.0,3.0,-2.0,0.0,0.0,0.5,0.0,0.0,,,,,,,,,,,,,0.0,,,2,2,0,Draw,1,Full Time,,1.0,1.0,61874.0,4.0,5.0,0.0,0.0,0.0,0.0,0.0,0.0,0.0,0.0,0.0,0.0,0.0,0.0,0.0,0.0,0.0,0.0,26.0,26.0,6.435,9.5,6.435,9.5,0.0,0.0,train,tier3
743,2010,Group Stage,1,0,2010-06-22,Durban Stadium,Korea Republic,Nigeria,0,AFC,CAF,0,0,0,1,1500.0,1818.03,-318.03,0.1382,0.5,0.6,-0.1,1.5,1.5,1.8,7.0,3.0,0.0,0.0,0.0,0.0,1.0,0.0,3.14,0.5,0,5.0,5.0,0.0,35,2.0,3.0,4.0,-1.0,1.0,0.5,1.5,0.0,0.0,,,,,,,,,,,,,0.0,,,2,2,0,Draw,1,Full Time,,1.0,1.0,61874.0,5.0,4.0,0.0,0.0,0.0,0.0,0.0,0.0,0.0,0.0,0.0,0.0,0.0,0.0,0.0,0.0,0.0,0.0,26.0,26.0,6.435,9.5,6.435,9.5,0.0,0.0,train,tier3
744,2010,Group Stage,1,0,2010-06-22,Peter Mokaba Stadium,Greece,Argentina,1,UEFA,CONMEBOL,0,0,0,1,1749.5,1888.66,-139.16000000000008,0.3098,0.3,1.0,-0.7,0.6,1.6,2.6,1.0,14.0,0.0,2.0,0.0,4.0,0.0,4.0,0.0,0.0,1,5.0,5.0,0.0,36,2.0,2.0,3.0,-1.0,1.0,0.5,1.0,0.0,0.0,,,,,,,,,,,,,0.0,,,0,2,-2,Loss,0,Full Time,,0.0,1.0,38891.0,1.0,2.0,0.0,0.0,0.0,0.0,0.0,0.0,0.0,0.0,0.0,0.0,0.0,0.0,0.0,0.0,0.0,0.0,26.0,26.0,6.435,9.5,6.435,9.5,0.0,0.0,train,tier3
744,2010,Group Stage,1,0,2010-06-22,Peter Mokaba Stadium,Argentina,Greece,0,CONMEBOL,UEFA,0,0,0,1,1888.66,1749.5,139.16000000000008,0.6902,1.0,0.3,0.7,2.6,0.2,0.6,14.0,1.0,2.0,0.0,4.0,0.0,4.0,0.0,8.07,1.0,1,5.0,5.0,0.0,36,2.0,5.0,1.0,4.0,2.0,1.0,2.5,0.0,0.0,,,,,,,,,,,,,0.0,,,2,0,2,Win,2,Full Time,,0.0,1.0,38891.0,2.0,1.0,0.0,0.0,0.0,0.0,0.0,0.0,0.0,0.0,0.0,0.0,0.0,0.0,0.0,0.0,0.0,0.0,26.0,26.0,6.435,9.5,6.435,9.5,0.0,0.0,train,tier3
745,2010,Group Stage,1,0,2010-06-23,Port Elizabeth Stadium,Slovenia,England,1,UEFA,UEFA,1,0,0,1,1722.46,1899.61,-177.14999999999986,0.2651,0.8,0.7,0.1,2.0,0.8,1.8,1.0,12.0,0.0,1.0,0.0,1.0,0.0,2.0,2.0,0.5,0,5.0,5.0,0.0,37,2.0,3.0,2.0,1.0,1.0,0.5,1.5,0.0,0.0,,,,,,,,,,,,,0.0,,,0,1,-1,Loss,0,Full Time,,0.0,1.0,36893.0,1.0,1.0,0.0,0.0,0.0,0.0,0.0,0.0,0.0,0.0,0.0,0.0,0.0,0.0,0.0,0.0,0.0,0.0,26.0,26.0,6.435,9.5,6.435,9.5,0.0,0.0,train,tier3
745,2010,Group Stage,1,0,2010-06-23,Port Elizabeth Stadium,England,Slovenia,0,UEFA,UEFA,1,0,0,1,1899.61,1722.46,177.14999999999986,0.7349,0.7,0.8,-0.1,1.8,1.0,2.0,12.0,1.0,1.0,0.0,1.0,0.0,2.0,0.0,6.17,0.5,0,5.0,5.0,0.0,37,2.0,1.0,1.0,0.0,0.0,0.0,0.5,0.0,0.0,,,,,,,,,,,,,0.0,,,1,0,1,Win,2,Full Time,,1.0,1.0,36893.0,1.0,1.0,0.0,0.0,0.0,0.0,0.0,0.0,0.0,0.0,0.0,0.0,0.0,0.0,0.0,0.0,0.0,0.0,26.0,26.0,6.435,9.5,6.435,9.5,0.0,0.0,train,tier3
746,2010,Group Stage,1,0,2010-06-23,Loftus Versfeld Stadium,USA,Algeria,1,CONCACAF,CAF,0,0,0,1,1500.0,1808.9,-308.9000000000001,0.1445,0.5,0.2,0.3,1.5,1.5,0.2,8.0,2.0,0.0,0.0,0.0,0.0,1.0,0.0,3.38,0.5,0,5.0,5.0,0.0,38,2.0,3.0,3.0,0.0,0.0,0.0,1.5,0.0,0.0,,,,,,,,,,,,,0.0,,,1,0,1,Win,2,Full Time,,0.0,1.0,35827.0,3.0,4.0,0.0,0.0,0.0,0.0,0.0,0.0,0.0,0.0,0.0,0.0,0.0,0.0,0.0,0.0,0.0,0.0,26.0,26.0,6.435,9.5,6.435,9.5,0.0,0.0,train,tier3
746,2010,Group Stage,1,0,2010-06-23,Loftus Versfeld Stadium,Algeria,USA,0,CAF,CONCACAF,0,0,0,1,1808.9,1500.0,308.9000000000001,0.8555,0.2,0.5,-0.3,0.2,1.6,1.5,2.0,8.0,0.0,0.0,0.0,0.0,0.0,1.0,3.0,0.5,0,5.0,5.0,0.0,38,2.0,0.0,1.0,-1.0,0.0,0.0,0.0,0.0,0.0,,,,,,,,,,,,,0.0,,,0,1,-1,Loss,0,Full Time,,0.0,1.0,35827.0,4.0,3.0,0.0,0.0,0.0,0.0,0.0,0.0,0.0,0.0,0.0,0.0,0.0,0.0,0.0,0.0,0.0,0.0,26.0,26.0,6.435,9.5,6.435,9.5,0.0,0.0,train,tier3
747,2010,Group Stage,1,0,2010-06-23,Soccer City Stadium,Ghana,Germany,1,CAF,UEFA,0,0,0,1,1753.76,1892.45,-138.69000000000003,0.3104,0.4,0.8,-0.4,0.8,1.4,2.6,1.0,6.0,0.0,0.0,0.0,1.0,0.0,3.0,4.0,0.5,0,4.0,5.0,-1.0,39,2.0,2.0,1.0,1.0,1.0,0.5,1.0,0.0,0.0,,,,,,,,,,,,,0.0,,,0,1,-1,Loss,0,Full Time,,0.0,1.0,83391.0,4.0,1.0,0.0,0.0,0.0,0.0,0.0,0.0,0.0,0.0,0.0,0.0,0.0,0.0,0.0,0.0,0.0,0.0,26.0,26.0,6.435,9.5,6.435,9.5,0.0,0.0,train,tier3
747,2010,Group Stage,1,0,2010-06-23,Soccer City Stadium,Germany,Ghana,0,UEFA,CAF,0,0,0,1,1892.45,1753.76,138.69000000000003,0.6896,0.8,0.4,0.4,2.6,0.4,0.8,6.0,1.0,0.0,0.0,1.0,0.0,3.0,0.0,9.83,0.5,0,5.0,4.0,1.0,39,2.0,4.0,1.0,3.0,1.0,0.5,2.0,0.0,0.0,,,,,,,,,,,,,0.0,,,1,0,1,Win,2,Full Time,,0.0,1.0,83391.0,1.0,4.0,0.0,0.0,0.0,0.0,0.0,0.0,0.0,0.0,0.0,0.0,0.0,0.0,0.0,0.0,0.0,0.0,26.0,26.0,6.435,9.5,6.435,9.5,0.0,0.0,train,tier3
748,2010,Group Stage,1,0,2010-06-23,Mbombela Stadium,Australia,Serbia,1,AFC,UEFA,0,0,0,1,1808.7,1791.99,16.710000000000036,0.524,0.6,0.5,0.1,1.0,1.6,1.4,2.0,0.0,0.0,0.0,0.0,0.0,0.0,0.0,2.5,0.5,0,4.0,5.0,-1.0,40,2.0,1.0,5.0,-4.0,0.0,0.0,0.5,0.0,0.0,,,,,,,,,,,,,0.0,,,2,1,1,Win,2,Full Time,,0.0,1.0,37836.0,5.0,1.0,0.0,0.0,0.0,0.0,0.0,0.0,0.0,0.0,0.0,0.0,0.0,0.0,0.0,0.0,0.0,0.0,26.0,26.0,6.435,9.5,6.435,9.5,0.0,0.0,train,tier3
748,2010,Group Stage,1,0,2010-06-23,Mbombela Stadium,Serbia,Australia,0,UEFA,AFC,0,0,0,1,1791.99,1808.7,-16.710000000000036,0.476,0.5,0.6,-0.1,1.4,1.0,1.0,0.0,2.0,0.0,0.0,0.0,0.0,0.0,0.0,0.0,0.5,0,5.0,4.0,1.0,40,2.0,1.0,1.0,0.0,1.0,0.5,0.5,0.0,0.0,,,,,,,,,,,,,0.0,,,1,2,-1,Loss,0,Full Time,,0.0,1.0,37836.0,1.0,5.0,0.0,0.0,0.0,0.0,0.0,0.0,0.0,0.0,0.0,0.0,0.0,0.0,0.0,0.0,0.0,0.0,26.0,26.0,6.435,9.5,6.435,9.5,0.0,0.0,train,tier3
749,2010,Group Stage,1,0,2010-06-24,Ellis Park Stadium,Slovakia,Italy,1,UEFA,UEFA,1,0,0,1,1655.85,1868.28,-212.4300000000001,0.2274,0.4,0.5,-0.1,1.2,1.0,0.8,0.0,16.0,0.0,4.0,0.0,6.0,0.0,8.0,0.0,0.5,0,4.0,4.0,0.0,41,2.0,1.0,3.0,-2.0,0.0,0.0,0.5,0.0,0.0,,,,,,,,,,,,,0.0,,,3,2,1,Win,2,Full Time,,1.0,1.0,53412.0,1.0,1.0,0.0,0.0,0.0,0.0,0.0,0.0,0.0,0.0,0.0,0.0,0.0,0.0,0.0,0.0,0.0,0.0,26.0,26.0,6.435,9.5,6.435,9.5,0.0,0.0,train,tier3
749,2010,Group Stage,1,0,2010-06-24,Ellis Park Stadium,Italy,Slovakia,0,UEFA,UEFA,1,0,0,1,1868.28,1655.85,212.4300000000001,0.7726,0.5,0.4,0.1,0.8,0.8,1.2,16.0,0.0,4.0,0.0,6.0,0.0,8.0,0.0,7.62,0.5,0,4.0,4.0,0.0,41,2.0,2.0,2.0,0.0,0.0,0.0,1.0,0.0,0.0,,,,,,,,,,,,,0.0,,,2,3,-1,Loss,0,Full Time,,0.0,1.0,53412.0,1.0,1.0,0.0,0.0,0.0,0.0,0.0,0.0,0.0,0.0,0.0,0.0,0.0,0.0,0.0,0.0,0.0,0.0,26.0,26.0,6.435,9.5,6.435,9.5,0.0,0.0,train,tier3
750,2010,Group Stage,1,0,2010-06-24,Peter Mokaba Stadium,Paraguay,New Zealand,1,CONMEBOL,OFC,0,0,0,1,1792.31,1668.62,123.69000000000004,0.6708,0.6,0.3,0.3,1.4,1.0,0.8,7.0,1.0,0.0,0.0,0.0,0.0,0.0,0.0,3.86,0.5,0,4.0,4.0,0.0,42,2.0,3.0,1.0,2.0,1.0,0.5,1.5,0.0,0.0,,,,,,,,,,,,,0.0,,,0,0,0,Draw,1,Full Time,,0.0,1.0,34850.0,2.0,6.0,0.0,0.0,0.0,0.0,0.0,0.0,0.0,0.0,0.0,0.0,0.0,0.0,0.0,0.0,0.0,0.0,26.0,26.0,6.435,9.5,6.435,9.5,0.0,0.0,train,tier3
750,2010,Group Stage,1,0,2010-06-24,Peter Mokaba Stadium,New Zealand,Paraguay,0,OFC,CONMEBOL,0,0,0,1,1668.62,1792.31,-123.69000000000004,0.3292,0.3,0.6,-0.3,0.8,1.6,1.4,1.0,7.0,0.0,0.0,0.0,0.0,0.0,0.0,2.0,0.5,0,4.0,4.0,0.0,42,2.0,2.0,2.0,0.0,0.0,0.0,1.0,0.0,0.0,,,,,,,,,,,,,0.0,,,0,0,0,Draw,1,Full Time,,0.0,1.0,34850.0,6.0,2.0,0.0,0.0,0.0,0.0,0.0,0.0,0.0,0.0,0.0,0.0,0.0,0.0,0.0,0.0,0.0,0.0,26.0,26.0,6.435,9.5,6.435,9.5,0.0,0.0,train,tier3
751,2010,Group Stage,1,0,2010-06-24,Royal Bafokeng Sports Palace,Denmark,Japan,1,UEFA,AFC,0,0,0,1,1744.58,1784.26,-39.680000000000064,0.4431,0.2,0.2,0.0,0.6,1.2,0.4,3.0,3.0,0.0,0.0,0.0,0.0,0.0,0.0,8.0,0.5,0,5.0,5.0,0.0,43,2.0,2.0,3.0,-1.0,1.0,0.5,1.0,0.0,0.0,,,,,,,,,,,,,0.0,,,1,3,-2,Loss,0,Full Time,,0.0,1.0,27967.0,1.0,5.0,0.0,0.0,0.0,0.0,0.0,0.0,0.0,0.0,0.0,0.0,0.0,0.0,0.0,0.0,0.0,0.0,26.0,26.0,6.435,9.5,6.435,9.5,0.0,0.0,train,tier3
751,2010,Group Stage,1,0,2010-06-24,Royal Bafokeng Sports Palace,Japan,Denmark,0,AFC,UEFA,0,0,0,1,1784.26,1744.58,39.680000000000064,0.5569,0.2,0.2,0.0,0.4,1.8,0.6,3.0,3.0,0.0,0.0,0.0,0.0,0.0,0.0,2.67,0.5,0,5.0,5.0,0.0,43,2.0,1.0,1.0,0.0,1.0,0.5,0.5,0.0,0.0,,,,,,,,,,,,,0.0,,,3,1,2,Win,2,Full Time,,2.0,1.0,27967.0,5.0,1.0,0.0,0.0,0.0,0.0,0.0,0.0,0.0,0.0,0.0,0.0,0.0,0.0,0.0,0.0,0.0,0.0,26.0,26.0,6.435,9.5,6.435,9.5,0.0,0.0,train,tier3
752,2010,Group Stage,1,0,2010-06-24,Cape Town Stadium,Cameroon,Netherlands,1,CAF,UEFA,0,0,0,1,1670.54,2000.06,-329.52,0.1305,0.2,1.0,-0.8,1.0,1.8,3.2,5.0,8.0,0.0,0.0,0.0,2.0,0.0,3.0,3.0,0.5,0,5.0,5.0,0.0,44,2.0,1.0,3.0,-2.0,0.0,0.0,0.5,0.0,0.0,,,,,,,,,,,,,0.0,,,1,2,-1,Loss,0,Full Time,,0.0,1.0,63093.0,4.0,1.0,0.0,0.0,0.0,0.0,0.0,0.0,0.0,0.0,0.0,0.0,0.0,0.0,0.0,0.0,0.0,0.0,26.0,26.0,6.435,9.5,6.435,9.5,0.0,0.0,train,tier3
752,2010,Group Stage,1,0,2010-06-24,Cape Town Stadium,Netherlands,Cameroon,0,UEFA,CAF,0,0,0,1,2000.06,1670.54,329.52,0.8695,1.0,0.2,0.8,3.2,0.8,1.0,8.0,5.0,0.0,0.0,2.0,0.0,3.0,0.0,7.38,0.5,0,5.0,5.0,0.0,44,2.0,3.0,0.0,3.0,2.0,1.0,1.5,0.0,0.0,,,,,,,,,,,,,0.0,,,2,1,1,Win,2,Full Time,,1.0,1.0,63093.0,1.0,4.0,0.0,0.0,0.0,0.0,0.0,0.0,0.0,0.0,0.0,0.0,0.0,0.0,0.0,0.0,0.0,0.0,26.0,26.0,6.435,9.5,6.435,9.5,0.0,0.0,train,tier3
753,2010,Group Stage,1,0,2010-06-25,Durban Stadium,Portugal,Brazil,1,UEFA,CONMEBOL,0,0,0,1,1845.31,1983.12,-137.80999999999997,0.3115,0.8,1.0,-0.2,1.6,0.2,2.8,4.0,18.0,0.0,5.0,0.0,6.0,2.0,9.0,8.0,1.0,1,4.0,5.0,-1.0,45,2.0,7.0,0.0,7.0,1.0,0.5,3.5,0.0,0.0,,,,,,,,,,,,,0.0,,,0,0,0,Draw,1,Full Time,,0.0,1.0,62712.0,1.0,2.0,0.0,0.0,0.0,0.0,0.0,0.0,0.0,0.0,0.0,0.0,0.0,0.0,0.0,0.0,0.0,0.0,26.0,26.0,6.435,9.5,6.435,9.5,0.0,0.0,train,tier3
753,2010,Group Stage,1,0,2010-06-25,Durban Stadium,Brazil,Portugal,0,CONMEBOL,UEFA,0,0,0,1,1983.12,1845.31,137.80999999999997,0.6885,1.0,0.8,0.2,2.8,0.4,1.6,18.0,4.0,5.0,0.0,6.0,0.0,9.0,2.0,11.17,0.0,1,5.0,4.0,1.0,45,2.0,5.0,2.0,3.0,2.0,1.0,2.5,0.0,0.0,,,,,,,,,,,,,0.0,,,0,0,0,Draw,1,Full Time,,0.0,1.0,62712.0,2.0,1.0,0.0,0.0,0.0,0.0,0.0,0.0,0.0,0.0,0.0,0.0,0.0,0.0,0.0,0.0,0.0,0.0,26.0,26.0,6.435,9.5,6.435,9.5,0.0,0.0,train,tier3
754,2010,Group Stage,1,0,2010-06-25,Mbombela Stadium,Korea DPR,Cï¿½te d'Ivoire,1,AFC,CAF,0,0,0,1,1500.0,1500.0,0.0,0.5,0.5,0.5,0.0,1.5,1.5,1.5,1.0,1.0,0.0,0.0,0.0,0.0,0.0,0.0,5.0,0.5,0,4.0,5.0,-1.0,46,2.0,1.0,9.0,-8.0,0.0,0.0,0.5,0.0,0.0,,,,,,,,,,,,,0.0,,,0,3,-3,Loss,0,Full Time,,0.0,1.0,34763.0,5.0,4.0,0.0,0.0,0.0,0.0,0.0,0.0,0.0,0.0,0.0,0.0,0.0,0.0,0.0,0.0,0.0,0.0,26.0,26.0,6.435,9.5,6.435,9.5,0.0,0.0,train,tier3
754,2010,Group Stage,1,0,2010-06-25,Mbombela Stadium,Cï¿½te d'Ivoire,Korea DPR,0,CAF,AFC,0,0,0,1,1500.0,1500.0,0.0,0.5,0.5,0.5,0.0,1.5,1.5,1.5,1.0,1.0,0.0,0.0,0.0,0.0,0.0,0.0,5.0,0.5,0,5.0,4.0,1.0,46,2.0,1.0,3.0,-2.0,0.0,0.0,0.5,0.0,0.0,,,,,,,,,,,,,0.0,,,3,0,3,Win,2,Full Time,,2.0,1.0,34763.0,4.0,5.0,0.0,0.0,0.0,0.0,0.0,0.0,0.0,0.0,0.0,0.0,0.0,0.0,0.0,0.0,0.0,0.0,26.0,26.0,6.435,9.5,6.435,9.5,0.0,0.0,train,tier3
755,2010,Group Stage,1,0,2010-06-25,Loftus Versfeld Stadium,Chile,Spain,1,CONMEBOL,UEFA,0,0,0,1,1903.4,2025.26,-121.8599999999999,0.3315,0.8,0.8,0.0,1.6,0.2,2.4,7.0,12.0,0.0,0.0,0.0,0.0,1.0,0.0,4.43,0.0,1,4.0,4.0,0.0,47,2.0,2.0,0.0,2.0,2.0,1.0,1.0,0.0,0.0,,,,,,,,,,,,,0.0,,,1,2,-1,Loss,0,Full Time,,0.0,1.0,41958.0,2.0,1.0,0.0,0.0,0.0,0.0,0.0,0.0,0.0,0.0,0.0,0.0,0.0,0.0,0.0,0.0,0.0,0.0,26.0,26.0,6.435,9.5,6.435,9.5,0.0,0.0,train,tier3
755,2010,Group Stage,1,0,2010-06-25,Loftus Versfeld Stadium,Spain,Chile,0,UEFA,CONMEBOL,0,0,0,1,2025.26,1903.4,121.8599999999999,0.6685,0.8,0.8,0.0,2.4,0.6,1.6,12.0,7.0,0.0,0.0,0.0,0.0,0.0,1.0,6.67,1.0,1,4.0,4.0,0.0,47,2.0,2.0,1.0,1.0,1.0,0.5,1.0,0.0,0.0,,,,,,,,,,,,,0.0,,,2,1,1,Win,2,Full Time,,2.0,1.0,41958.0,1.0,2.0,0.0,0.0,0.0,0.0,0.0,0.0,0.0,0.0,0.0,0.0,0.0,0.0,0.0,0.0,0.0,0.0,26.0,26.0,6.435,9.5,6.435,9.5,0.0,0.0,train,tier3
756,2010,Group Stage,1,0,2010-06-25,Free State Stadium,Switzerland,Honduras,1,UEFA,CONCACAF,0,0,0,1,1780.95,1695.29,85.66000000000008,0.6208,0.3,0.2,0.1,0.6,1.2,0.4,8.0,1.0,0.0,0.0,0.0,0.0,0.0,0.0,4.62,0.5,0,4.0,4.0,0.0,48,2.0,1.0,1.0,0.0,1.0,0.5,0.5,0.0,0.0,,,,,,,,,,,,,0.0,,,0,0,0,Draw,1,Full Time,,0.0,1.0,28042.0,1.0,3.0,0.0,0.0,0.0,0.0,0.0,0.0,0.0,0.0,0.0,0.0,0.0,0.0,0.0,0.0,0.0,0.0,26.0,26.0,6.435,9.5,6.435,9.5,0.0,0.0,train,tier3
756,2010,Group Stage,1,0,2010-06-25,Free State Stadium,Honduras,Switzerland,0,CONCACAF,UEFA,0,0,0,1,1695.29,1780.95,-85.66000000000008,0.3792,0.2,0.3,-0.1,0.4,1.4,0.6,1.0,8.0,0.0,0.0,0.0,0.0,0.0,0.0,2.0,0.5,0,4.0,4.0,0.0,48,2.0,0.0,3.0,-3.0,0.0,0.0,0.0,0.0,0.0,,,,,,,,,,,,,0.0,,,0,0,0,Draw,1,Full Time,,0.0,1.0,28042.0,3.0,1.0,0.0,0.0,0.0,0.0,0.0,0.0,0.0,0.0,0.0,0.0,0.0,0.0,0.0,0.0,0.0,0.0,26.0,26.0,6.435,9.5,6.435,9.5,0.0,0.0,train,tier3
757,2010,Round of 16,2,1,2010-06-26,Port Elizabeth Stadium,Uruguay,Korea Republic,1,CONMEBOL,AFC,0,0,0,1,1871.66,1500.0,371.6600000000001,0.8947,0.8,0.5,0.3,2.2,0.6,1.5,10.0,7.0,2.0,0.0,1.0,0.0,3.0,1.0,6.5,0.5,0,4.0,4.0,0.0,49,3.0,4.0,0.0,4.0,2.0,0.667,1.333,0.0,0.0,,,,,,,,,,,,,0.0,,,2,1,1,Win,2,Full Time,,1.0,1.0,30597.0,2.0,5.0,0.0,0.0,0.0,0.0,0.0,0.0,0.0,0.0,0.0,0.0,0.0,0.0,0.0,0.0,0.0,0.0,26.0,26.0,6.435,9.5,6.435,9.5,0.0,0.0,train,tier3
757,2010,Round of 16,2,1,2010-06-26,Port Elizabeth Stadium,Korea Republic,Uruguay,0,AFC,CONMEBOL,0,0,0,1,1500.0,1871.66,-371.6600000000001,0.1053,0.5,0.8,-0.3,1.5,1.5,2.2,7.0,10.0,0.0,2.0,0.0,1.0,1.0,3.0,3.14,0.5,0,4.0,4.0,0.0,49,3.0,5.0,6.0,-1.0,1.0,0.333,1.667,0.0,0.0,,,,,,,,,,,,,0.0,,,1,2,-1,Loss,0,Full Time,,0.0,1.0,30597.0,5.0,2.0,0.0,0.0,0.0,0.0,0.0,0.0,0.0,0.0,0.0,0.0,0.0,0.0,0.0,0.0,0.0,0.0,26.0,26.0,6.435,9.5,6.435,9.5,0.0,0.0,train,tier3
758,2010,Round of 16,2,1,2010-06-26,Royal Bafokeng Sports Palace,USA,Ghana,1,CONCACAF,CAF,0,0,0,1,1500.0,1596.46,-96.46000000000004,0.3646,0.5,0.5,0.0,1.5,1.5,1.0,8.0,1.0,0.0,0.0,0.0,0.0,1.0,0.0,3.38,0.5,0,3.0,3.0,0.0,50,3.0,4.0,3.0,1.0,1.0,0.333,1.333,0.0,0.0,,,,,,,,,,,,,0.0,,,1,2,-1,Loss,0,Extra Time,,0.0,1.0,34976.0,3.0,4.0,0.0,0.0,0.0,0.0,0.0,0.0,0.0,0.0,0.0,0.0,0.0,0.0,0.0,0.0,0.0,0.0,26.0,26.0,6.435,9.5,6.435,9.5,0.0,0.0,train,tier3
758,2010,Round of 16,2,1,2010-06-26,Royal Bafokeng Sports Palace,Ghana,USA,0,CAF,CONCACAF,0,0,0,1,1596.46,1500.0,96.46000000000004,0.6354,0.5,0.5,0.0,1.0,1.4,1.5,1.0,8.0,0.0,0.0,0.0,0.0,0.0,1.0,4.0,0.5,0,3.0,3.0,0.0,50,3.0,2.0,2.0,0.0,1.0,0.333,0.667,0.0,0.0,,,,,,,,,,,,,0.0,,,2,1,1,Win,2,Extra Time,,0.0,1.0,34976.0,4.0,3.0,0.0,0.0,0.0,0.0,0.0,0.0,0.0,0.0,0.0,0.0,0.0,0.0,0.0,0.0,0.0,0.0,26.0,26.0,6.435,9.5,6.435,9.5,0.0,0.0,train,tier3
759,2010,Round of 16,2,1,2010-06-27,Free State Stadium,Germany,England,1,UEFA,UEFA,1,0,0,1,1911.07,1915.51,-4.440000000000055,0.4936,0.8,0.8,0.0,2.6,0.4,1.8,6.0,12.0,0.0,1.0,1.0,1.0,3.0,2.0,9.83,0.25,4,4.0,4.0,0.0,51,3.0,5.0,1.0,4.0,2.0,0.667,1.667,0.0,0.0,,,,,,,,,,,,,0.0,,,4,1,3,Win,2,Full Time,,2.0,1.0,40510.0,1.0,1.0,0.0,0.0,0.0,0.0,0.0,0.0,0.0,0.0,0.0,0.0,0.0,0.0,0.0,0.0,0.0,0.0,26.0,26.0,6.435,9.5,6.435,9.5,0.0,0.0,train,tier3
759,2010,Round of 16,2,1,2010-06-27,Free State Stadium,England,Germany,0,UEFA,UEFA,1,0,0,1,1915.51,1911.07,4.440000000000055,0.5064,0.8,0.8,0.0,1.8,0.8,2.6,12.0,6.0,1.0,0.0,1.0,1.0,2.0,3.0,6.17,0.75,4,4.0,4.0,0.0,51,3.0,2.0,1.0,1.0,1.0,0.333,0.667,0.0,0.0,,,,,,,,,,,,,0.0,,,1,4,-3,Loss,0,Full Time,,1.0,1.0,40510.0,1.0,1.0,0.0,0.0,0.0,0.0,0.0,0.0,0.0,0.0,0.0,0.0,0.0,0.0,0.0,0.0,0.0,0.0,26.0,26.0,6.435,9.5,6.435,9.5,0.0,0.0,train,tier3
760,2010,Round of 16,2,1,2010-06-27,Soccer City Stadium,Argentina,Mexico,1,CONMEBOL,CONCACAF,0,0,0,1,1907.25,1831.71,75.53999999999996,0.607,1.0,0.7,0.3,3.0,0.2,2.2,14.0,13.0,2.0,0.0,4.0,0.0,4.0,0.0,8.07,1.0,2,5.0,5.0,0.0,52,3.0,7.0,1.0,6.0,3.0,1.0,2.333,0.0,0.0,,,,,,,,,,,,,0.0,,,3,1,2,Win,2,Full Time,,2.0,1.0,84377.0,2.0,3.0,0.0,0.0,0.0,0.0,0.0,0.0,0.0,0.0,0.0,0.0,0.0,0.0,0.0,0.0,0.0,0.0,26.0,26.0,6.435,9.5,6.435,9.5,0.0,0.0,train,tier3
760,2010,Round of 16,2,1,2010-06-27,Soccer City Stadium,Mexico,Argentina,0,CONCACAF,CONMEBOL,0,0,0,1,1831.71,1907.25,-75.53999999999996,0.393,0.7,1.0,-0.3,2.2,1.0,3.0,13.0,14.0,0.0,2.0,0.0,4.0,0.0,4.0,3.69,0.0,2,5.0,5.0,0.0,52,3.0,3.0,2.0,1.0,1.0,0.333,1.0,0.0,0.0,,,,,,,,,,,,,0.0,,,1,3,-2,Loss,0,Full Time,,0.0,1.0,84377.0,3.0,2.0,0.0,0.0,0.0,0.0,0.0,0.0,0.0,0.0,0.0,0.0,0.0,0.0,0.0,0.0,0.0,0.0,26.0,26.0,6.435,9.5,6.435,9.5,0.0,0.0,train,tier3
761,2010,Round of 16,2,1,2010-06-28,Durban Stadium,Netherlands,Slovakia,1,UEFA,UEFA,1,0,0,1,2007.89,1702.2,305.69000000000005,0.8532,1.0,0.4,0.6,3.0,0.6,1.0,8.0,0.0,0.0,0.0,2.0,0.0,3.0,0.0,7.38,0.5,0,4.0,4.0,0.0,53,3.0,5.0,1.0,4.0,3.0,1.0,1.667,0.0,0.0,,,,,,,,,,,,,0.0,,,2,1,1,Win,2,Full Time,,1.0,1.0,61962.0,1.0,1.0,0.0,0.0,0.0,0.0,0.0,0.0,0.0,0.0,0.0,0.0,0.0,0.0,0.0,0.0,0.0,0.0,26.0,26.0,6.435,9.5,6.435,9.5,0.0,0.0,train,tier3
761,2010,Round of 16,2,1,2010-06-28,Durban Stadium,Slovakia,Netherlands,0,UEFA,UEFA,1,0,0,1,1702.2,2007.89,-305.69000000000005,0.1468,0.4,1.0,-0.6,1.0,1.0,3.0,0.0,8.0,0.0,0.0,0.0,2.0,0.0,3.0,0.0,0.5,0,4.0,4.0,0.0,53,3.0,4.0,5.0,-1.0,1.0,0.333,1.333,0.0,0.0,,,,,,,,,,,,,0.0,,,1,2,-1,Loss,0,Full Time,,0.0,1.0,61962.0,1.0,1.0,0.0,0.0,0.0,0.0,0.0,0.0,0.0,0.0,0.0,0.0,0.0,0.0,0.0,0.0,0.0,0.0,26.0,26.0,6.435,9.5,6.435,9.5,0.0,0.0,train,tier3
762,2010,Round of 16,2,1,2010-06-28,Ellis Park Stadium,Brazil,Chile,1,CONMEBOL,CONMEBOL,1,0,0,1,1971.81,1883.51,88.29999999999995,0.6244,1.0,1.0,0.0,3.0,0.6,1.8,18.0,7.0,5.0,0.0,6.0,0.0,9.0,1.0,11.17,1.0,2,3.0,3.0,0.0,54,3.0,5.0,2.0,3.0,2.0,0.667,1.667,0.0,0.0,,,,,,,,,,,,,0.0,,,3,0,3,Win,2,Full Time,,2.0,1.0,54096.0,2.0,2.0,0.0,0.0,0.0,0.0,0.0,0.0,0.0,0.0,0.0,0.0,0.0,0.0,0.0,0.0,0.0,0.0,26.0,26.0,6.435,9.5,6.435,9.5,0.0,0.0,train,tier3
762,2010,Round of 16,2,1,2010-06-28,Ellis Park Stadium,Chile,Brazil,0,CONMEBOL,CONMEBOL,1,0,0,1,1883.51,1971.81,-88.29999999999995,0.3756,1.0,1.0,0.0,1.8,0.0,3.0,7.0,18.0,0.0,5.0,0.0,6.0,1.0,9.0,4.43,0.0,2,3.0,3.0,0.0,54,3.0,3.0,2.0,1.0,2.0,0.667,1.0,0.0,0.0,,,,,,,,,,,,,0.0,,,0,3,-3,Loss,0,Full Time,,0.0,1.0,54096.0,2.0,2.0,0.0,0.0,0.0,0.0,0.0,0.0,0.0,0.0,0.0,0.0,0.0,0.0,0.0,0.0,0.0,0.0,26.0,26.0,6.435,9.5,6.435,9.5,0.0,0.0,train,tier3
763,2010,Round of 16,2,1,2010-06-29,Loftus Versfeld Stadium,Paraguay,Japan,1,CONMEBOL,AFC,0,0,0,1,1782.06,1810.85,-28.789999999999964,0.4587,0.6,0.2,0.4,1.6,1.0,0.4,7.0,3.0,0.0,0.0,0.0,0.0,0.0,0.0,3.86,0.5,0,5.0,5.0,0.0,55,3.0,3.0,1.0,2.0,1.0,0.333,1.0,0.0,0.0,,,,,,,,,,,,,0.0,,,0,0,0,Win,2,Penalties,,0.0,1.0,36742.0,2.0,5.0,0.0,0.0,0.0,0.0,0.0,0.0,0.0,0.0,0.0,0.0,0.0,0.0,0.0,0.0,0.0,0.0,26.0,26.0,6.435,9.5,6.435,9.5,0.0,0.0,train,tier3
763,2010,Round of 16,2,1,2010-06-29,Loftus Versfeld Stadium,Japan,Paraguay,0,AFC,CONMEBOL,0,0,0,1,1810.85,1782.06,28.789999999999964,0.5413,0.2,0.6,-0.4,0.4,1.4,1.6,3.0,7.0,0.0,0.0,0.0,0.0,0.0,0.0,2.67,0.5,0,5.0,5.0,0.0,55,3.0,4.0,2.0,2.0,2.0,0.667,1.333,0.0,0.0,,,,,,,,,,,,,0.0,,,0,0,0,Loss,0,Penalties,,0.0,1.0,36742.0,5.0,2.0,0.0,0.0,0.0,0.0,0.0,0.0,0.0,0.0,0.0,0.0,0.0,0.0,0.0,0.0,0.0,0.0,26.0,26.0,6.435,9.5,6.435,9.5,0.0,0.0,train,tier3
764,2010,Round of 16,2,1,2010-06-29,Cape Town Stadium,Spain,Portugal,1,UEFA,UEFA,1,0,0,1,2045.15,1856.62,188.5300000000002,0.7475,0.8,0.8,0.0,2.4,0.6,2.6,12.0,4.0,0.0,0.0,0.0,0.0,0.0,2.0,6.67,0.5,0,4.0,4.0,0.0,56,3.0,4.0,2.0,2.0,2.0,0.667,1.333,0.0,0.0,,,,,,,,,,,,,0.0,,,1,0,1,Win,2,Full Time,,0.0,1.0,62955.0,1.0,1.0,0.0,0.0,0.0,0.0,0.0,0.0,0.0,0.0,0.0,0.0,0.0,0.0,0.0,0.0,0.0,0.0,26.0,26.0,6.435,9.5,6.435,9.5,0.0,0.0,train,tier3
764,2010,Round of 16,2,1,2010-06-29,Cape Town Stadium,Portugal,Spain,0,UEFA,UEFA,1,0,0,1,1856.62,2045.15,-188.5300000000002,0.2525,0.8,0.8,0.0,2.6,0.2,2.4,4.0,12.0,0.0,0.0,0.0,0.0,2.0,0.0,8.0,0.5,0,4.0,4.0,0.0,56,3.0,7.0,0.0,7.0,1.0,0.333,2.333,0.0,0.0,,,,,,,,,,,,,0.0,,,0,1,-1,Loss,0,Full Time,,0.0,1.0,62955.0,1.0,1.0,0.0,0.0,0.0,0.0,0.0,0.0,0.0,0.0,0.0,0.0,0.0,0.0,0.0,0.0,0.0,0.0,26.0,26.0,6.435,9.5,6.435,9.5,0.0,0.0,train,tier3
765,2010,Quarter-final,3,1,2010-07-02,Port Elizabeth Stadium,Netherlands,Brazil,1,UEFA,CONMEBOL,0,0,0,1,2016.7,1994.35,22.350000000000136,0.5321,1.0,0.9,0.1,3.0,0.6,2.6,8.0,18.0,0.0,5.0,2.0,6.0,3.0,9.0,7.38,0.333,3,4.0,4.0,0.0,57,4.0,7.0,2.0,5.0,4.0,1.0,1.75,0.0,0.0,,,,,,,,,,,,,0.0,,,2,1,1,Win,2,Full Time,,0.0,1.0,40186.0,1.0,2.0,0.0,0.0,0.0,0.0,0.0,0.0,0.0,0.0,0.0,0.0,0.0,0.0,0.0,0.0,0.0,0.0,26.0,26.0,6.435,9.5,6.435,9.5,0.0,0.0,train,tier3
765,2010,Quarter-final,3,1,2010-07-02,Port Elizabeth Stadium,Brazil,Netherlands,0,CONMEBOL,UEFA,0,0,0,1,1994.35,2016.7,-22.350000000000136,0.4679,0.9,1.0,-0.1,2.6,0.6,3.0,18.0,8.0,5.0,0.0,6.0,2.0,9.0,3.0,11.17,0.667,3,4.0,4.0,0.0,57,4.0,8.0,2.0,6.0,3.0,0.75,2.0,0.0,0.0,,,,,,,,,,,,,0.0,,,1,2,-1,Loss,0,Full Time,,1.0,1.0,40186.0,2.0,1.0,0.0,0.0,0.0,0.0,0.0,0.0,0.0,0.0,0.0,0.0,0.0,0.0,0.0,0.0,0.0,0.0,26.0,26.0,6.435,9.5,6.435,9.5,0.0,0.0,train,tier3
766,2010,Quarter-final,3,1,2010-07-02,Soccer City Stadium,Uruguay,Ghana,1,CONMEBOL,CAF,0,0,0,1,1869.91,1772.9,97.01,0.6361,0.9,0.5,0.4,2.2,0.4,0.8,10.0,1.0,2.0,0.0,1.0,0.0,3.0,0.0,6.5,0.5,0,6.0,6.0,0.0,58,4.0,6.0,1.0,5.0,3.0,0.75,1.5,0.0,0.0,,,,,,,,,,,,,0.0,,,1,1,0,Win,2,Penalties,,0.0,1.0,84017.0,2.0,4.0,0.0,0.0,0.0,0.0,0.0,0.0,0.0,0.0,0.0,0.0,0.0,0.0,0.0,0.0,0.0,0.0,26.0,26.0,6.435,9.5,6.435,9.5,0.0,0.0,train,tier3
766,2010,Quarter-final,3,1,2010-07-02,Soccer City Stadium,Ghana,Uruguay,0,CAF,CONMEBOL,0,0,0,1,1772.9,1869.91,-97.01,0.3639,0.5,0.9,-0.4,0.8,1.2,2.2,1.0,10.0,0.0,2.0,0.0,1.0,0.0,3.0,4.0,0.5,0,6.0,6.0,0.0,58,4.0,4.0,3.0,1.0,2.0,0.5,1.0,0.0,0.0,,,,,,,,,,,,,0.0,,,1,1,0,Loss,0,Penalties,,0.0,1.0,84017.0,4.0,2.0,0.0,0.0,0.0,0.0,0.0,0.0,0.0,0.0,0.0,0.0,0.0,0.0,0.0,0.0,0.0,0.0,26.0,26.0,6.435,9.5,6.435,9.5,0.0,0.0,train,tier3
767,2010,Quarter-final,3,1,2010-07-03,Cape Town Stadium,Argentina,Germany,1,CONMEBOL,UEFA,0,0,0,1,1930.83,1941.45,-10.620000000000118,0.4847,1.0,0.8,0.2,3.2,0.2,2.2,14.0,6.0,2.0,0.0,4.0,1.0,4.0,3.0,8.07,0.2,5,6.0,6.0,0.0,59,4.0,10.0,2.0,8.0,4.0,1.0,2.5,0.0,0.0,,,,,,,,,,,,,0.0,,,0,4,-4,Loss,0,Full Time,,0.0,1.0,64100.0,2.0,1.0,0.0,0.0,0.0,0.0,0.0,0.0,0.0,0.0,0.0,0.0,0.0,0.0,0.0,0.0,0.0,0.0,26.0,26.0,6.435,9.5,6.435,9.5,0.0,0.0,train,tier3
767,2010,Quarter-final,3,1,2010-07-03,Cape Town Stadium,Germany,Argentina,0,UEFA,CONMEBOL,0,0,0,1,1941.45,1930.83,10.620000000000118,0.5153,0.8,1.0,-0.2,2.2,0.4,3.2,6.0,14.0,0.0,2.0,1.0,4.0,3.0,4.0,9.83,0.8,5,6.0,6.0,0.0,59,4.0,9.0,2.0,7.0,3.0,0.75,2.25,0.0,0.0,,,,,,,,,,,,,0.0,,,4,0,4,Win,2,Full Time,,1.0,1.0,64100.0,1.0,2.0,0.0,0.0,0.0,0.0,0.0,0.0,0.0,0.0,0.0,0.0,0.0,0.0,0.0,0.0,0.0,0.0,26.0,26.0,6.435,9.5,6.435,9.5,0.0,0.0,train,tier3
768,2010,Quarter-final,3,1,2010-07-03,Ellis Park Stadium,Paraguay,Spain,1,CONMEBOL,UEFA,0,0,0,1,1784.54,2060.3,-275.7600000000002,0.1697,0.7,0.8,-0.1,1.4,0.6,2.2,7.0,12.0,0.0,0.0,0.0,0.0,0.0,0.0,3.86,0.0,2,4.0,4.0,0.0,60,4.0,3.0,1.0,2.0,2.0,0.5,0.75,0.0,0.0,,,,,,,,,,,,,0.0,,,0,1,-1,Loss,0,Full Time,,0.0,1.0,55359.0,2.0,1.0,0.0,0.0,0.0,0.0,0.0,0.0,0.0,0.0,0.0,0.0,0.0,0.0,0.0,0.0,0.0,0.0,26.0,26.0,6.435,9.5,6.435,9.5,0.0,0.0,train,tier3
768,2010,Quarter-final,3,1,2010-07-03,Ellis Park Stadium,Spain,Paraguay,0,UEFA,CONMEBOL,0,0,0,1,2060.3,1784.54,275.7600000000002,0.8303,0.8,0.7,0.1,2.2,0.4,1.4,12.0,7.0,0.0,0.0,0.0,0.0,0.0,0.0,6.67,1.0,2,4.0,4.0,0.0,60,4.0,5.0,2.0,3.0,3.0,0.75,1.25,0.0,0.0,,,,,,,,,,,,,0.0,,,1,0,1,Win,2,Full Time,,0.0,1.0,55359.0,1.0,2.0,0.0,0.0,0.0,0.0,0.0,0.0,0.0,0.0,0.0,0.0,0.0,0.0,0.0,0.0,0.0,0.0,26.0,26.0,6.435,9.5,6.435,9.5,0.0,0.0,train,tier3
769,2010,Semi-final,4,1,2010-07-06,Cape Town Stadium,Uruguay,Netherlands,1,CONMEBOL,UEFA,0,0,0,1,1861.74,2044.77,-183.03,0.2585,0.9,1.0,-0.1,2.0,0.4,2.6,10.0,8.0,2.0,0.0,1.0,2.0,3.0,3.0,6.5,0.0,1,4.0,4.0,0.0,61,5.0,7.0,2.0,5.0,4.0,0.8,1.4,0.0,0.0,,,,,,,,,,,,,0.0,,,2,3,-1,Loss,0,Full Time,,1.0,1.0,62479.0,2.0,1.0,0.0,0.0,0.0,0.0,0.0,0.0,0.0,0.0,0.0,0.0,0.0,0.0,0.0,0.0,0.0,0.0,26.0,26.0,6.435,9.5,6.435,9.5,0.0,0.0,train,tier3
769,2010,Semi-final,4,1,2010-07-06,Cape Town Stadium,Netherlands,Uruguay,0,UEFA,CONMEBOL,0,0,0,1,2044.77,1861.74,183.03,0.7415,1.0,0.9,0.1,2.6,0.6,2.0,8.0,10.0,0.0,2.0,2.0,1.0,3.0,3.0,7.38,1.0,1,4.0,4.0,0.0,61,5.0,9.0,3.0,6.0,5.0,1.0,1.8,0.0,0.0,,,,,,,,,,,,,0.0,,,3,2,1,Win,2,Full Time,,1.0,1.0,62479.0,1.0,2.0,0.0,0.0,0.0,0.0,0.0,0.0,0.0,0.0,0.0,0.0,0.0,0.0,0.0,0.0,0.0,0.0,26.0,26.0,6.435,9.5,6.435,9.5,0.0,0.0,train,tier3
770,2010,Semi-final,4,1,2010-07-07,Durban Stadium,Germany,Spain,1,UEFA,UEFA,1,0,0,1,1970.53,2070.48,-99.95000000000005,0.36,0.8,0.8,0.0,2.4,0.6,2.2,6.0,12.0,0.0,0.0,1.0,0.0,3.0,0.0,9.83,0.667,3,4.0,4.0,0.0,62,5.0,13.0,2.0,11.0,4.0,0.8,2.6,0.0,0.0,,,,,,,,,,,,,0.0,,,0,1,-1,Loss,0,Full Time,,0.0,1.0,60960.0,1.0,1.0,0.0,0.0,0.0,0.0,0.0,0.0,0.0,0.0,0.0,0.0,0.0,0.0,0.0,0.0,0.0,0.0,26.0,26.0,6.435,9.5,6.435,9.5,0.0,0.0,train,tier3
770,2010,Semi-final,4,1,2010-07-07,Durban Stadium,Spain,Germany,0,UEFA,UEFA,1,0,0,1,2070.48,1970.53,99.95000000000005,0.64,0.8,0.8,0.0,2.2,0.4,2.4,12.0,6.0,0.0,0.0,0.0,1.0,0.0,3.0,6.67,0.3329999999999999,3,4.0,4.0,0.0,62,5.0,6.0,2.0,4.0,4.0,0.8,1.2,0.0,0.0,,,,,,,,,,,,,0.0,,,1,0,1,Win,2,Full Time,,0.0,1.0,60960.0,1.0,1.0,0.0,0.0,0.0,0.0,0.0,0.0,0.0,0.0,0.0,0.0,0.0,0.0,0.0,0.0,0.0,0.0,26.0,26.0,6.435,9.5,6.435,9.5,0.0,0.0,train,tier3
771,2010,Third Place,4,1,2010-07-10,Port Elizabeth Stadium,Uruguay,Germany,1,CONMEBOL,UEFA,0,0,0,1,1846.23,1948.93,-102.70000000000005,0.3564,0.8,0.8,0.0,1.4,0.4,2.6,10.0,6.0,2.0,0.0,1.0,1.0,3.0,3.0,6.5,0.0,3,4.0,3.0,1.0,63,6.0,9.0,5.0,4.0,4.0,0.667,1.5,0.0,0.0,,,,,,,,,,,,,0.0,,,2,3,-1,Loss,0,Full Time,,1.0,1.0,36254.0,2.0,1.0,0.0,0.0,0.0,0.0,0.0,0.0,0.0,0.0,0.0,0.0,0.0,0.0,0.0,0.0,0.0,0.0,26.0,26.0,6.435,9.5,6.435,9.5,0.0,0.0,train,tier3
771,2010,Third Place,4,1,2010-07-10,Port Elizabeth Stadium,Germany,Uruguay,0,UEFA,CONMEBOL,0,0,0,1,1948.93,1846.23,102.70000000000005,0.6436,0.8,0.8,0.0,2.6,0.4,1.4,6.0,10.0,0.0,2.0,1.0,1.0,3.0,3.0,9.83,1.0,3,3.0,4.0,-1.0,63,6.0,13.0,3.0,10.0,4.0,0.667,2.167,0.0,0.0,,,,,,,,,,,,,0.0,,,3,2,1,Win,2,Full Time,,1.0,1.0,36254.0,1.0,2.0,0.0,0.0,0.0,0.0,0.0,0.0,0.0,0.0,0.0,0.0,0.0,0.0,0.0,0.0,0.0,0.0,26.0,26.0,6.435,9.5,6.435,9.5,0.0,0.0,train,tier3
772,2010,Final,5,1,2010-07-11,Soccer City Stadium,Netherlands,Spain,1,UEFA,UEFA,1,0,0,1,2060.28,2092.08,-31.799999999999727,0.4544,1.0,0.8,0.2,1.8,0.6,1.2,8.0,12.0,0.0,0.0,2.0,0.0,3.0,0.0,7.38,0.5,0,5.0,4.0,1.0,64,6.0,12.0,5.0,7.0,6.0,1.0,2.0,0.0,0.0,,,,,,,,,,,,,0.0,,,0,1,-1,Loss,0,Extra Time,,0.0,1.0,84490.0,1.0,1.0,0.0,0.0,0.0,0.0,0.0,0.0,0.0,0.0,0.0,0.0,0.0,0.0,0.0,0.0,0.0,0.0,26.0,26.0,6.435,9.5,6.435,9.5,0.0,0.0,train,tier3
772,2010,Final,5,1,2010-07-11,Soccer City Stadium,Spain,Netherlands,0,UEFA,UEFA,1,0,0,1,2092.08,2060.28,31.799999999999727,0.5456,0.8,1.0,-0.2,1.2,0.4,1.8,12.0,8.0,0.0,0.0,0.0,2.0,0.0,3.0,6.67,0.5,0,4.0,5.0,-1.0,64,6.0,7.0,2.0,5.0,5.0,0.833,1.167,0.0,0.0,,,,,,,,,,,,,0.0,,,1,0,1,Win,2,Extra Time,,0.0,1.0,84490.0,1.0,1.0,0.0,0.0,0.0,0.0,0.0,0.0,0.0,0.0,0.0,0.0,0.0,0.0,0.0,0.0,0.0,0.0,26.0,26.0,6.435,9.5,6.435,9.5,0.0,0.0,train,tier3
773,2014,Group Stage,1,0,2014-06-12,Arena de Sao Paulo,Brazil,Croatia,1,CONMEBOL,UEFA,0,1,0,0,2025.15,1760.63,264.52,0.8209,1.0,0.6,0.4,3.6,0.2,1.2,19.0,3.0,5.0,0.0,6.0,0.0,9.0,1.0,11.05,1.0,1,4.0,4.0,0.0,1,0.0,0.0,0.0,0.0,0.0,0.5,0.0,0.0,0.0,,,,,,,,,,,,,0.0,,,3,1,2,Win,2,Full Time,,1.0,1.0,62103.0,2.0,1.0,0.0,0.0,0.0,0.0,0.0,0.0,0.0,0.0,0.0,0.0,0.0,0.0,0.0,0.0,0.0,0.0,26.0,26.0,6.435,9.5,6.435,9.5,0.0,0.0,train,tier3
773,2014,Group Stage,1,0,2014-06-12,Arena de Sao Paulo,Croatia,Brazil,0,UEFA,CONMEBOL,0,0,1,0,1760.63,2025.15,-264.52,0.1791,0.6,1.0,-0.4,1.2,1.0,3.6,3.0,19.0,0.0,5.0,0.0,6.0,1.0,9.0,5.0,0.0,1,4.0,4.0,0.0,1,0.0,0.0,0.0,0.0,0.0,0.5,0.0,0.0,0.0,,,,,,,,,,,,,0.0,,,1,3,-2,Loss,0,Full Time,,1.0,1.0,62103.0,1.0,2.0,0.0,0.0,0.0,0.0,0.0,0.0,0.0,0.0,0.0,0.0,0.0,0.0,0.0,0.0,0.0,0.0,26.0,26.0,6.435,9.5,6.435,9.5,0.0,0.0,train,tier3
774,2014,Group Stage,1,0,2014-06-13,Estadio das Dunas,Mexico,Cameroon,1,CONCACAF,CAF,0,0,0,1,1800.82,1704.08,96.74,0.6357,0.8,0.5,0.3,3.2,1.0,2.0,14.0,6.0,0.0,0.0,0.0,0.0,0.0,0.0,3.71,0.5,0,4.0,4.0,0.0,2,0.0,0.0,0.0,0.0,0.0,0.5,0.0,0.0,0.0,,,,,,,,,,,,,0.0,,,1,0,1,Win,2,Full Time,,0.0,1.0,39216.0,3.0,4.0,0.0,0.0,0.0,0.0,0.0,0.0,0.0,0.0,0.0,0.0,0.0,0.0,0.0,0.0,0.0,0.0,26.0,26.0,6.435,9.5,6.435,9.5,0.0,0.0,train,tier3
774,2014,Group Stage,1,0,2014-06-13,Estadio das Dunas,Cameroon,Mexico,0,CAF,CONCACAF,0,0,0,1,1704.08,1800.82,-96.74,0.3643,0.5,0.8,-0.3,2.0,2.0,3.2,6.0,14.0,0.0,0.0,0.0,0.0,0.0,0.0,2.83,0.5,0,4.0,4.0,0.0,2,0.0,0.0,0.0,0.0,0.0,0.5,0.0,0.0,0.0,,,,,,,,,,,,,0.0,,,0,1,-1,Loss,0,Full Time,,0.0,1.0,39216.0,4.0,3.0,0.0,0.0,0.0,0.0,0.0,0.0,0.0,0.0,0.0,0.0,0.0,0.0,0.0,0.0,0.0,0.0,26.0,26.0,6.435,9.5,6.435,9.5,0.0,0.0,train,tier3
775,2014,Group Stage,1,0,2014-06-13,Arena Fonte Nova,Spain,Netherlands,1,UEFA,UEFA,1,0,0,1,2058.98,1929.48,129.5,0.6782,0.8,0.5,0.3,1.4,0.4,0.8,13.0,9.0,1.0,0.0,1.0,3.0,1.0,4.0,6.77,1.0,1,4.0,4.0,0.0,3,0.0,0.0,0.0,0.0,0.0,0.5,0.0,0.0,0.0,,,,,,,,,,,,,0.0,,,1,5,-4,Loss,0,Full Time,,1.0,1.0,48173.0,1.0,1.0,0.0,0.0,0.0,0.0,0.0,0.0,0.0,0.0,0.0,0.0,0.0,0.0,0.0,0.0,0.0,0.0,26.0,26.0,6.435,9.5,6.435,9.5,0.0,0.0,train,tier3
775,2014,Group Stage,1,0,2014-06-13,Arena Fonte Nova,Netherlands,Spain,0,UEFA,UEFA,1,0,0,1,1929.48,2058.98,-129.5,0.3218,0.5,0.8,-0.3,0.8,1.0,1.4,9.0,13.0,0.0,1.0,3.0,1.0,4.0,1.0,7.89,0.0,1,4.0,4.0,0.0,3,0.0,0.0,0.0,0.0,0.0,0.5,0.0,0.0,0.0,,,,,,,,,,,,,0.0,,,5,1,4,Win,2,Full Time,,1.0,1.0,48173.0,1.0,1.0,0.0,0.0,0.0,0.0,0.0,0.0,0.0,0.0,0.0,0.0,0.0,0.0,0.0,0.0,0.0,0.0,26.0,26.0,6.435,9.5,6.435,9.5,0.0,0.0,train,tier3
776,2014,Group Stage,1,0,2014-06-13,Arena Pantanal,Chile,Australia,1,CONMEBOL,AFC,0,0,0,1,1882.61,1757.01,125.59999999999992,0.6733,0.7,0.5,0.2,2.4,1.2,1.6,8.0,3.0,0.0,0.0,0.0,0.0,1.0,0.0,4.25,0.0,1,4.0,4.0,0.0,4,0.0,0.0,0.0,0.0,0.0,0.5,0.0,0.0,0.0,,,,,,,,,,,,,0.0,,,3,1,2,Win,2,Full Time,,2.0,1.0,40275.0,2.0,5.0,0.0,0.0,0.0,0.0,0.0,0.0,0.0,0.0,0.0,0.0,0.0,0.0,0.0,0.0,0.0,0.0,26.0,26.0,6.435,9.5,6.435,9.5,0.0,0.0,train,tier3
776,2014,Group Stage,1,0,2014-06-13,Arena Pantanal,Australia,Chile,0,AFC,CONMEBOL,0,0,0,1,1757.01,1882.61,-125.59999999999992,0.3267,0.5,0.7,-0.2,1.6,2.2,2.4,3.0,8.0,0.0,0.0,0.0,0.0,0.0,1.0,2.67,1.0,1,4.0,4.0,0.0,4,0.0,0.0,0.0,0.0,0.0,0.5,0.0,0.0,0.0,,,,,,,,,,,,,0.0,,,1,3,-2,Loss,0,Full Time,,1.0,1.0,40275.0,5.0,2.0,0.0,0.0,0.0,0.0,0.0,0.0,0.0,0.0,0.0,0.0,0.0,0.0,0.0,0.0,0.0,0.0,26.0,26.0,6.435,9.5,6.435,9.5,0.0,0.0,train,tier3
777,2014,Group Stage,1,0,2014-06-14,Estadio Mineirao,Colombia,Greece,1,CONMEBOL,UEFA,0,0,0,1,1874.69,1827.99,46.700000000000045,0.5668,0.7,0.5,0.2,1.4,0.8,0.8,4.0,2.0,0.0,0.0,0.0,0.0,0.0,0.0,3.5,0.5,0,4.0,4.0,0.0,5,0.0,0.0,0.0,0.0,0.0,0.5,0.0,0.0,0.0,,,,,,,,,,,,,0.0,,,3,0,3,Win,2,Full Time,,1.0,1.0,57174.0,2.0,1.0,0.0,0.0,0.0,0.0,0.0,0.0,0.0,0.0,0.0,0.0,0.0,0.0,0.0,0.0,0.0,0.0,26.0,26.0,6.435,9.5,6.435,9.5,0.0,0.0,train,tier3
777,2014,Group Stage,1,0,2014-06-14,Estadio Mineirao,Greece,Colombia,0,UEFA,CONMEBOL,0,0,0,1,1827.99,1874.69,-46.700000000000045,0.4332,0.5,0.7,-0.2,0.8,0.8,1.4,2.0,4.0,0.0,0.0,0.0,0.0,0.0,0.0,1.0,0.5,0,4.0,4.0,0.0,5,0.0,0.0,0.0,0.0,0.0,0.5,0.0,0.0,0.0,,,,,,,,,,,,,0.0,,,0,3,-3,Loss,0,Full Time,,0.0,1.0,57174.0,1.0,2.0,0.0,0.0,0.0,0.0,0.0,0.0,0.0,0.0,0.0,0.0,0.0,0.0,0.0,0.0,0.0,0.0,26.0,26.0,6.435,9.5,6.435,9.5,0.0,0.0,train,tier3
778,2014,Group Stage,1,0,2014-06-14,Estadio Castelao,Uruguay,Costa Rica,1,CONMEBOL,CONCACAF,0,0,0,1,1872.58,1745.17,127.40999999999984,0.6756,0.8,0.2,0.6,2.0,0.6,0.6,11.0,3.0,2.0,0.0,1.0,0.0,4.0,0.0,6.91,0.5,0,4.0,4.0,0.0,6,0.0,0.0,0.0,0.0,0.0,0.5,0.0,0.0,0.0,,,,,,,,,,,,,0.0,,,1,3,-2,Loss,0,Full Time,,1.0,1.0,58679.0,2.0,3.0,0.0,0.0,0.0,0.0,0.0,0.0,0.0,0.0,0.0,0.0,0.0,0.0,0.0,0.0,0.0,0.0,26.0,26.0,6.435,9.5,6.435,9.5,0.0,0.0,train,tier3
778,2014,Group Stage,1,0,2014-06-14,Estadio Castelao,Costa Rica,Uruguay,0,CONCACAF,CONMEBOL,0,0,0,1,1745.17,1872.58,-127.40999999999984,0.3244,0.2,0.8,-0.6,0.6,2.0,2.0,3.0,11.0,0.0,2.0,0.0,1.0,0.0,4.0,4.0,0.5,0,4.0,4.0,0.0,6,0.0,0.0,0.0,0.0,0.0,0.5,0.0,0.0,0.0,,,,,,,,,,,,,0.0,,,3,1,2,Win,2,Full Time,,0.0,1.0,58679.0,3.0,2.0,0.0,0.0,0.0,0.0,0.0,0.0,0.0,0.0,0.0,0.0,0.0,0.0,0.0,0.0,0.0,0.0,26.0,26.0,6.435,9.5,6.435,9.5,0.0,0.0,train,tier3
779,2014,Group Stage,1,0,2014-06-14,Arena Amazonia,England,Italy,1,UEFA,UEFA,1,0,0,1,1894.68,1851.95,42.73000000000002,0.5612,0.5,0.4,0.1,1.2,1.0,1.0,13.0,17.0,1.0,4.0,1.0,6.0,2.0,8.0,5.92,0.0,1,4.0,4.0,0.0,7,0.0,0.0,0.0,0.0,0.0,0.5,0.0,0.0,0.0,,,,,,,,,,,,,0.0,,,1,2,-1,Loss,0,Full Time,,1.0,1.0,39800.0,1.0,1.0,0.0,0.0,0.0,0.0,0.0,0.0,0.0,0.0,0.0,0.0,0.0,0.0,0.0,0.0,0.0,0.0,26.0,26.0,6.435,9.5,6.435,9.5,0.0,0.0,train,tier3
779,2014,Group Stage,1,0,2014-06-14,Arena Amazonia,Italy,England,0,UEFA,UEFA,1,0,0,1,1851.95,1894.68,-42.73000000000002,0.4388,0.4,0.5,-0.1,1.0,1.2,1.2,17.0,13.0,4.0,1.0,6.0,1.0,8.0,2.0,7.41,1.0,1,4.0,4.0,0.0,7,0.0,0.0,0.0,0.0,0.0,0.5,0.0,0.0,0.0,,,,,,,,,,,,,0.0,,,2,1,1,Win,2,Full Time,,1.0,1.0,39800.0,1.0,1.0,0.0,0.0,0.0,0.0,0.0,0.0,0.0,0.0,0.0,0.0,0.0,0.0,0.0,0.0,0.0,0.0,26.0,26.0,6.435,9.5,6.435,9.5,0.0,0.0,train,tier3
780,2014,Group Stage,1,0,2014-06-14,Arena Pernambuco,Cï¿½te d'Ivoire,Japan,1,CAF,AFC,0,0,0,1,1500.0,1929.99,-429.99,0.0776,0.5,0.9,-0.4,1.5,1.5,2.6,2.0,4.0,0.0,0.0,0.0,0.0,0.0,0.0,4.5,0.5,0,4.0,4.0,0.0,8,0.0,0.0,0.0,0.0,0.0,0.5,0.0,0.0,0.0,,,,,,,,,,,,,0.0,,,2,1,1,Win,2,Full Time,,0.0,1.0,40267.0,4.0,5.0,0.0,0.0,0.0,0.0,0.0,0.0,0.0,0.0,0.0,0.0,0.0,0.0,0.0,0.0,0.0,0.0,26.0,26.0,6.435,9.5,6.435,9.5,0.0,0.0,train,tier3
780,2014,Group Stage,1,0,2014-06-14,Arena Pernambuco,Japan,Cï¿½te d'Ivoire,0,AFC,CAF,0,0,0,1,1929.99,1500.0,429.99,0.9224,0.9,0.5,0.4,2.6,1.4,1.5,4.0,2.0,0.0,0.0,0.0,0.0,0.0,0.0,3.0,0.5,0,4.0,4.0,0.0,8,0.0,0.0,0.0,0.0,0.0,0.5,0.0,0.0,0.0,,,,,,,,,,,,,0.0,,,1,2,-1,Loss,0,Full Time,,1.0,1.0,40267.0,5.0,4.0,0.0,0.0,0.0,0.0,0.0,0.0,0.0,0.0,0.0,0.0,0.0,0.0,0.0,0.0,0.0,0.0,26.0,26.0,6.435,9.5,6.435,9.5,0.0,0.0,train,tier3
781,2014,Group Stage,1,0,2014-06-15,Estadio Nacional,Switzerland,Ecuador,1,UEFA,CONMEBOL,0,0,0,1,1823.62,1797.54,26.079999999999927,0.5375,0.7,0.5,0.2,1.4,1.0,1.6,9.0,2.0,0.0,0.0,0.0,0.0,0.0,0.0,4.22,0.5,0,4.0,4.0,0.0,9,0.0,0.0,0.0,0.0,0.0,0.5,0.0,0.0,0.0,,,,,,,,,,,,,0.0,,,2,1,1,Win,2,Full Time,,0.0,1.0,68351.0,1.0,2.0,0.0,0.0,0.0,0.0,0.0,0.0,0.0,0.0,0.0,0.0,0.0,0.0,0.0,0.0,0.0,0.0,26.0,26.0,6.435,9.5,6.435,9.5,0.0,0.0,train,tier3
781,2014,Group Stage,1,0,2014-06-15,Estadio Nacional,Ecuador,Switzerland,0,CONMEBOL,UEFA,0,0,0,1,1797.54,1823.62,-26.079999999999927,0.4625,0.5,0.7,-0.2,1.6,1.8,1.4,2.0,9.0,0.0,0.0,0.0,0.0,0.0,0.0,3.5,0.5,0,4.0,4.0,0.0,9,0.0,0.0,0.0,0.0,0.0,0.5,0.0,0.0,0.0,,,,,,,,,,,,,0.0,,,1,2,-1,Loss,0,Full Time,,1.0,1.0,68351.0,2.0,1.0,0.0,0.0,0.0,0.0,0.0,0.0,0.0,0.0,0.0,0.0,0.0,0.0,0.0,0.0,0.0,0.0,26.0,26.0,6.435,9.5,6.435,9.5,0.0,0.0,train,tier3
782,2014,Group Stage,1,0,2014-06-15,Estadio Beira-Rio,France,Honduras,1,UEFA,CONCACAF,0,0,0,1,1858.17,1734.86,123.31000000000016,0.6704,0.7,0.4,0.3,2.0,0.6,1.4,13.0,2.0,1.0,0.0,2.0,0.0,5.0,0.0,7.38,0.5,0,4.0,4.0,0.0,10,0.0,0.0,0.0,0.0,0.0,0.5,0.0,0.0,0.0,,,,,,,,,,,,,0.0,,,3,0,3,Win,2,Full Time,,1.0,1.0,43012.0,1.0,3.0,0.0,0.0,0.0,0.0,0.0,0.0,0.0,0.0,0.0,0.0,0.0,0.0,0.0,0.0,0.0,0.0,26.0,26.0,6.435,9.5,6.435,9.5,0.0,0.0,train,tier3
782,2014,Group Stage,1,0,2014-06-15,Estadio Beira-Rio,Honduras,France,0,CONCACAF,UEFA,0,0,0,1,1734.86,1858.17,-123.31000000000016,0.3296,0.4,0.7,-0.3,1.4,2.6,2.0,2.0,13.0,0.0,1.0,0.0,2.0,0.0,5.0,1.0,0.5,0,4.0,4.0,0.0,10,0.0,0.0,0.0,0.0,0.0,0.5,0.0,0.0,0.0,,,,,,,,,,,,,0.0,,,0,3,-3,Loss,0,Full Time,,0.0,1.0,43012.0,3.0,1.0,0.0,0.0,0.0,0.0,0.0,0.0,0.0,0.0,0.0,0.0,0.0,0.0,0.0,0.0,0.0,0.0,26.0,26.0,6.435,9.5,6.435,9.5,0.0,0.0,train,tier3
783,2014,Group Stage,1,0,2014-06-15,Estadio do Maracana,Argentina,Bosnia and Herzegovina,1,CONMEBOL,UEFA,0,0,0,1,1924.89,1774.71,150.18000000000006,0.7036,0.6,0.6,0.0,1.4,0.6,1.4,15.0,0.0,2.0,0.0,4.0,0.0,4.0,0.0,8.2,0.5,0,4.0,4.0,0.0,11,0.0,0.0,0.0,0.0,0.0,0.5,0.0,0.0,0.0,,,,,,,,,,,,,0.0,,,2,1,1,Win,2,Full Time,,1.0,1.0,74738.0,2.0,1.0,0.0,0.0,0.0,0.0,0.0,0.0,0.0,0.0,0.0,0.0,0.0,0.0,0.0,0.0,0.0,0.0,26.0,26.0,6.435,9.5,6.435,9.5,0.0,0.0,train,tier3
783,2014,Group Stage,1,0,2014-06-15,Estadio do Maracana,Bosnia and Herzegovina,Argentina,0,UEFA,CONMEBOL,0,0,0,1,1774.71,1924.89,-150.18000000000006,0.2964,0.6,0.6,0.0,1.4,1.2,1.4,0.0,15.0,0.0,2.0,0.0,4.0,0.0,4.0,0.0,0.5,0,4.0,4.0,0.0,11,0.0,0.0,0.0,0.0,0.0,0.5,0.0,0.0,0.0,,,,,,,,,,,,,0.0,,,1,2,-1,Loss,0,Full Time,,0.0,1.0,74738.0,1.0,2.0,0.0,0.0,0.0,0.0,0.0,0.0,0.0,0.0,0.0,0.0,0.0,0.0,0.0,0.0,0.0,0.0,26.0,26.0,6.435,9.5,6.435,9.5,0.0,0.0,train,tier3
784,2014,Group Stage,1,0,2014-06-16,Arena Fonte Nova,Germany,Portugal,1,UEFA,UEFA,1,0,0,1,2008.85,1911.42,97.42999999999984,0.6366,0.7,0.9,-0.2,1.0,0.6,2.0,7.0,5.0,0.0,0.0,1.0,0.0,4.0,2.0,10.71,1.0,1,4.0,4.0,0.0,12,0.0,0.0,0.0,0.0,0.0,0.5,0.0,0.0,0.0,,,,,,,,,,,,,0.0,,,4,0,4,Win,2,Full Time,,3.0,1.0,51081.0,1.0,1.0,0.0,0.0,0.0,0.0,0.0,0.0,0.0,0.0,0.0,0.0,0.0,0.0,0.0,0.0,0.0,0.0,26.0,26.0,6.435,9.5,6.435,9.5,0.0,0.0,train,tier3
784,2014,Group Stage,1,0,2014-06-16,Arena Fonte Nova,Portugal,Germany,0,UEFA,UEFA,1,0,0,1,1911.42,2008.85,-97.42999999999984,0.3634,0.9,0.7,0.2,2.0,0.6,1.0,5.0,7.0,0.0,0.0,0.0,1.0,2.0,4.0,7.8,0.0,1,4.0,4.0,0.0,12,0.0,0.0,0.0,0.0,0.0,0.5,0.0,0.0,0.0,,,,,,,,,,,,,0.0,,,0,4,-4,Loss,0,Full Time,,0.0,1.0,51081.0,1.0,1.0,0.0,0.0,0.0,0.0,0.0,0.0,0.0,0.0,0.0,0.0,0.0,0.0,0.0,0.0,0.0,0.0,26.0,26.0,6.435,9.5,6.435,9.5,0.0,0.0,train,tier3
785,2014,Group Stage,1,0,2014-06-16,Arena da Baixada,IR Iran,Nigeria,1,AFC,CAF,0,0,0,1,1500.0,1818.03,-318.03,0.1382,0.5,0.7,-0.2,1.5,1.5,1.6,2.0,4.0,0.0,0.0,0.0,0.0,0.0,0.0,0.5,0.5,0,4.0,4.0,0.0,13,0.0,0.0,0.0,0.0,0.0,0.5,0.0,0.0,0.0,,,,,,,,,,,,,0.0,,,0,0,0,Draw,1,Full Time,,0.0,1.0,39081.0,5.0,4.0,0.0,0.0,0.0,0.0,0.0,0.0,0.0,0.0,0.0,0.0,0.0,0.0,0.0,0.0,0.0,0.0,26.0,26.0,6.435,9.5,6.435,9.5,0.0,0.0,train,tier3
785,2014,Group Stage,1,0,2014-06-16,Arena da Baixada,Nigeria,IR Iran,0,CAF,AFC,0,0,0,1,1818.03,1500.0,318.03,0.8618,0.7,0.5,0.2,1.6,1.0,1.5,4.0,2.0,0.0,0.0,0.0,0.0,0.0,0.0,4.25,0.5,0,4.0,4.0,0.0,13,0.0,0.0,0.0,0.0,0.0,0.5,0.0,0.0,0.0,,,,,,,,,,,,,0.0,,,0,0,0,Draw,1,Full Time,,0.0,1.0,39081.0,4.0,5.0,0.0,0.0,0.0,0.0,0.0,0.0,0.0,0.0,0.0,0.0,0.0,0.0,0.0,0.0,0.0,0.0,26.0,26.0,6.435,9.5,6.435,9.5,0.0,0.0,train,tier3
786,2014,Group Stage,1,0,2014-06-16,Estadio das Dunas,Ghana,USA,1,CAF,CONCACAF,0,0,0,1,1596.46,1500.0,96.46000000000004,0.6354,0.4,0.5,-0.1,1.6,1.0,1.5,2.0,9.0,0.0,0.0,0.0,0.0,0.0,1.0,4.5,0.5,0,4.0,4.0,0.0,14,0.0,0.0,0.0,0.0,0.0,0.5,0.0,0.0,0.0,,,,,,,,,,,,,0.0,,,1,2,-1,Loss,0,Full Time,,0.0,1.0,39760.0,4.0,3.0,0.0,0.0,0.0,0.0,0.0,0.0,0.0,0.0,0.0,0.0,0.0,0.0,0.0,0.0,0.0,0.0,26.0,26.0,6.435,9.5,6.435,9.5,0.0,0.0,train,tier3
786,2014,Group Stage,1,0,2014-06-16,Estadio das Dunas,USA,Ghana,0,CONCACAF,CAF,0,0,0,1,1500.0,1596.46,-96.46000000000004,0.3646,0.5,0.4,0.1,1.5,1.5,1.6,9.0,2.0,0.0,0.0,0.0,0.0,1.0,0.0,3.56,0.5,0,4.0,4.0,0.0,14,0.0,0.0,0.0,0.0,0.0,0.5,0.0,0.0,0.0,,,,,,,,,,,,,0.0,,,2,1,1,Win,2,Full Time,,1.0,1.0,39760.0,3.0,4.0,0.0,0.0,0.0,0.0,0.0,0.0,0.0,0.0,0.0,0.0,0.0,0.0,0.0,0.0,0.0,0.0,26.0,26.0,6.435,9.5,6.435,9.5,0.0,0.0,train,tier3
787,2014,Group Stage,1,0,2014-06-17,Estadio Mineirao,Belgium,Algeria,1,UEFA,CAF,0,0,0,1,1821.98,1717.07,104.91000000000008,0.6466,0.5,0.8,-0.3,2.2,1.6,1.8,11.0,3.0,0.0,0.0,0.0,0.0,1.0,0.0,4.18,0.5,0,4.0,4.0,0.0,15,0.0,0.0,0.0,0.0,0.0,0.5,0.0,0.0,0.0,,,,,,,,,,,,,0.0,,,2,1,1,Win,2,Full Time,,0.0,1.0,56800.0,1.0,4.0,0.0,0.0,0.0,0.0,0.0,0.0,0.0,0.0,0.0,0.0,0.0,0.0,0.0,0.0,0.0,0.0,26.0,26.0,6.435,9.5,6.435,9.5,0.0,0.0,train,tier3
787,2014,Group Stage,1,0,2014-06-17,Estadio Mineirao,Algeria,Belgium,0,CAF,UEFA,0,0,0,1,1717.07,1821.98,-104.91000000000008,0.3534,0.8,0.5,0.3,1.8,0.8,2.2,3.0,11.0,0.0,0.0,0.0,0.0,0.0,1.0,2.0,0.5,0,4.0,4.0,0.0,15,0.0,0.0,0.0,0.0,0.0,0.5,0.0,0.0,0.0,,,,,,,,,,,,,0.0,,,1,2,-1,Loss,0,Full Time,,1.0,1.0,56800.0,4.0,1.0,0.0,0.0,0.0,0.0,0.0,0.0,0.0,0.0,0.0,0.0,0.0,0.0,0.0,0.0,0.0,0.0,26.0,26.0,6.435,9.5,6.435,9.5,0.0,0.0,train,tier3
788,2014,Group Stage,1,0,2014-06-17,Estadio Castelao,Brazil,Mexico,1,CONMEBOL,CONCACAF,0,1,0,0,2035.89,1822.68,213.21000000000004,0.7734,1.0,0.6,0.4,3.4,0.2,2.2,19.0,14.0,5.0,0.0,6.0,0.0,9.0,0.0,11.05,1.0,3,5.0,4.0,1.0,16,1.0,3.0,1.0,2.0,1.0,1.0,3.0,0.0,0.0,,,,,,,,,,,,,0.0,,,0,0,0,Draw,1,Full Time,,0.0,1.0,60342.0,2.0,3.0,0.0,0.0,0.0,0.0,0.0,0.0,0.0,0.0,0.0,0.0,0.0,0.0,0.0,0.0,0.0,0.0,26.0,26.0,6.435,9.5,6.435,9.5,0.0,0.0,train,tier3
788,2014,Group Stage,1,0,2014-06-17,Estadio Castelao,Mexico,Brazil,0,CONCACAF,CONMEBOL,0,0,1,0,1822.68,2035.89,-213.21000000000004,0.2266,0.6,1.0,-0.4,2.2,1.0,3.4,14.0,19.0,0.0,5.0,0.0,6.0,0.0,9.0,3.71,0.0,3,4.0,5.0,-1.0,16,1.0,1.0,0.0,1.0,1.0,1.0,1.0,0.0,0.0,,,,,,,,,,,,,0.0,,,0,0,0,Draw,1,Full Time,,0.0,1.0,60342.0,3.0,2.0,0.0,0.0,0.0,0.0,0.0,0.0,0.0,0.0,0.0,0.0,0.0,0.0,0.0,0.0,0.0,0.0,26.0,26.0,6.435,9.5,6.435,9.5,0.0,0.0,train,tier3
789,2014,Group Stage,1,0,2014-06-17,Arena Pantanal,Russia,Korea Republic,1,UEFA,AFC,0,0,0,1,1795.87,1500.0,295.8699999999999,0.8459,0.8,0.5,0.3,1.4,0.6,1.5,2.0,8.0,0.0,0.0,0.0,0.0,0.0,1.0,5.5,0.5,0,4.0,4.0,0.0,17,0.0,0.0,0.0,0.0,0.0,0.5,0.0,0.0,0.0,,,,,,,,,,,,,0.0,,,1,1,0,Draw,1,Full Time,,0.0,1.0,37603.0,1.0,5.0,0.0,0.0,0.0,0.0,0.0,0.0,0.0,0.0,0.0,0.0,0.0,0.0,0.0,0.0,0.0,0.0,26.0,26.0,6.435,9.5,6.435,9.5,0.0,0.0,train,tier3
789,2014,Group Stage,1,0,2014-06-17,Arena Pantanal,Korea Republic,Russia,0,AFC,UEFA,0,0,0,1,1500.0,1795.87,-295.8699999999999,0.1541,0.5,0.8,-0.3,1.5,1.5,1.4,8.0,2.0,0.0,0.0,0.0,0.0,1.0,0.0,3.5,0.5,0,4.0,4.0,0.0,17,0.0,0.0,0.0,0.0,0.0,0.5,0.0,0.0,0.0,,,,,,,,,,,,,0.0,,,1,1,0,Draw,1,Full Time,,0.0,1.0,37603.0,5.0,1.0,0.0,0.0,0.0,0.0,0.0,0.0,0.0,0.0,0.0,0.0,0.0,0.0,0.0,0.0,0.0,0.0,26.0,26.0,6.435,9.5,6.435,9.5,0.0,0.0,train,tier3
790,2014,Group Stage,1,0,2014-06-18,Estadio Beira-Rio,Australia,Netherlands,1,AFC,UEFA,0,0,0,1,1737.41,1970.17,-232.76,0.2075,0.5,0.6,-0.1,1.6,1.2,0.8,3.0,9.0,0.0,0.0,0.0,3.0,0.0,4.0,2.67,0.5,0,5.0,5.0,0.0,18,1.0,1.0,3.0,-2.0,0.0,0.0,1.0,0.0,0.0,,,,,,,,,,,,,0.0,,,2,3,-1,Loss,0,Full Time,,1.0,1.0,42877.0,5.0,1.0,0.0,0.0,0.0,0.0,0.0,0.0,0.0,0.0,0.0,0.0,0.0,0.0,0.0,0.0,0.0,0.0,26.0,26.0,6.435,9.5,6.435,9.5,0.0,0.0,train,tier3
790,2014,Group Stage,1,0,2014-06-18,Estadio Beira-Rio,Netherlands,Australia,0,UEFA,AFC,0,0,0,1,1970.17,1737.41,232.76,0.7925,0.6,0.5,0.1,0.8,0.6,1.6,9.0,3.0,0.0,0.0,3.0,0.0,4.0,0.0,7.89,0.5,0,5.0,5.0,0.0,18,1.0,5.0,1.0,4.0,1.0,1.0,5.0,0.0,0.0,,,,,,,,,,,,,0.0,,,3,2,1,Win,2,Full Time,,1.0,1.0,42877.0,1.0,5.0,0.0,0.0,0.0,0.0,0.0,0.0,0.0,0.0,0.0,0.0,0.0,0.0,0.0,0.0,0.0,0.0,26.0,26.0,6.435,9.5,6.435,9.5,0.0,0.0,train,tier3
791,2014,Group Stage,1,0,2014-06-18,Estadio do Maracana,Spain,Chile,1,UEFA,CONMEBOL,0,0,0,1,2018.29,1902.21,116.07999999999991,0.6611,0.8,0.6,0.2,1.4,0.4,1.8,13.0,8.0,1.0,0.0,1.0,0.0,1.0,1.0,6.77,1.0,2,5.0,5.0,0.0,19,1.0,1.0,5.0,-4.0,0.0,0.0,1.0,0.0,0.0,,,,,,,,,,,,,0.0,,,0,2,-2,Loss,0,Full Time,,0.0,1.0,74101.0,1.0,2.0,0.0,0.0,0.0,0.0,0.0,0.0,0.0,0.0,0.0,0.0,0.0,0.0,0.0,0.0,0.0,0.0,26.0,26.0,6.435,9.5,6.435,9.5,0.0,0.0,train,tier3
791,2014,Group Stage,1,0,2014-06-18,Estadio do Maracana,Chile,Spain,0,CONMEBOL,UEFA,0,0,0,1,1902.21,2018.29,-116.07999999999991,0.3389,0.6,0.8,-0.2,1.8,0.8,1.4,8.0,13.0,0.0,1.0,0.0,1.0,1.0,1.0,4.25,0.0,2,5.0,5.0,0.0,19,1.0,3.0,1.0,2.0,1.0,1.0,3.0,0.0,0.0,,,,,,,,,,,,,0.0,,,2,0,2,Win,2,Full Time,,2.0,1.0,74101.0,2.0,1.0,0.0,0.0,0.0,0.0,0.0,0.0,0.0,0.0,0.0,0.0,0.0,0.0,0.0,0.0,0.0,0.0,26.0,26.0,6.435,9.5,6.435,9.5,0.0,0.0,train,tier3
792,2014,Group Stage,1,0,2014-06-18,Arena Amazonia,Cameroon,Croatia,1,CAF,UEFA,0,0,0,1,1682.22,1749.89,-67.67000000000007,0.4038,0.5,0.8,-0.3,1.4,1.8,1.4,6.0,3.0,0.0,0.0,0.0,0.0,0.0,1.0,2.83,0.5,0,5.0,6.0,-1.0,20,1.0,0.0,1.0,-1.0,0.0,0.0,0.0,0.0,0.0,,,,,,,,,,,,,0.0,,,0,4,-4,Loss,0,Full Time,,0.0,1.0,39982.0,4.0,1.0,0.0,0.0,0.0,0.0,0.0,0.0,0.0,0.0,0.0,0.0,0.0,0.0,0.0,0.0,0.0,0.0,26.0,26.0,6.435,9.5,6.435,9.5,0.0,0.0,train,tier3
792,2014,Group Stage,1,0,2014-06-18,Arena Amazonia,Croatia,Cameroon,0,UEFA,CAF,0,0,0,1,1749.89,1682.22,67.67000000000007,0.5962,0.8,0.5,0.3,1.4,0.6,1.4,3.0,6.0,0.0,0.0,0.0,0.0,1.0,0.0,5.0,0.5,0,6.0,5.0,1.0,20,1.0,1.0,3.0,-2.0,0.0,0.0,1.0,0.0,0.0,,,,,,,,,,,,,0.0,,,4,0,4,Win,2,Full Time,,1.0,1.0,39982.0,1.0,4.0,0.0,0.0,0.0,0.0,0.0,0.0,0.0,0.0,0.0,0.0,0.0,0.0,0.0,0.0,0.0,0.0,26.0,26.0,6.435,9.5,6.435,9.5,0.0,0.0,train,tier3
793,2014,Group Stage,1,0,2014-06-19,Estadio Nacional,Colombia,Cï¿½te d'Ivoire,1,CONMEBOL,CAF,0,0,0,1,1923.91,1500.0,423.9100000000001,0.9198,0.7,0.5,0.2,1.6,0.6,1.5,4.0,2.0,0.0,0.0,0.0,0.0,0.0,0.0,3.5,0.5,0,5.0,5.0,0.0,21,1.0,3.0,0.0,3.0,1.0,1.0,3.0,0.0,0.0,,,,,,,,,,,,,0.0,,,2,1,1,Win,2,Full Time,,0.0,1.0,68748.0,2.0,4.0,0.0,0.0,0.0,0.0,0.0,0.0,0.0,0.0,0.0,0.0,0.0,0.0,0.0,0.0,0.0,0.0,26.0,26.0,6.435,9.5,6.435,9.5,0.0,0.0,train,tier3
793,2014,Group Stage,1,0,2014-06-19,Estadio Nacional,Cï¿½te d'Ivoire,Colombia,0,CAF,CONMEBOL,0,0,0,1,1500.0,1923.91,-423.9100000000001,0.0802,0.5,0.7,-0.2,1.5,1.5,1.6,2.0,4.0,0.0,0.0,0.0,0.0,0.0,0.0,4.5,0.5,0,5.0,5.0,0.0,21,1.0,2.0,1.0,1.0,1.0,1.0,2.0,0.0,0.0,,,,,,,,,,,,,0.0,,,1,2,-1,Loss,0,Full Time,,0.0,1.0,68748.0,4.0,2.0,0.0,0.0,0.0,0.0,0.0,0.0,0.0,0.0,0.0,0.0,0.0,0.0,0.0,0.0,0.0,0.0,26.0,26.0,6.435,9.5,6.435,9.5,0.0,0.0,train,tier3
794,2014,Group Stage,1,0,2014-06-19,Arena de Sao Paulo,Uruguay,England,1,CONMEBOL,UEFA,0,0,0,1,1832.05,1861.01,-28.96000000000004,0.4584,0.8,0.6,0.2,1.8,0.2,1.2,11.0,13.0,2.0,1.0,1.0,1.0,4.0,2.0,6.91,0.5,2,5.0,5.0,0.0,22,1.0,1.0,3.0,-2.0,0.0,0.0,1.0,0.0,0.0,,,,,,,,,,,,,0.0,,,2,1,1,Win,2,Full Time,,1.0,1.0,62575.0,2.0,1.0,0.0,0.0,0.0,0.0,0.0,0.0,0.0,0.0,0.0,0.0,0.0,0.0,0.0,0.0,0.0,0.0,26.0,26.0,6.435,9.5,6.435,9.5,0.0,0.0,train,tier3
794,2014,Group Stage,1,0,2014-06-19,Arena de Sao Paulo,England,Uruguay,0,UEFA,CONMEBOL,0,0,0,1,1861.01,1832.05,28.96000000000004,0.5416,0.6,0.8,-0.2,1.2,0.6,1.8,13.0,11.0,1.0,2.0,1.0,1.0,2.0,4.0,5.92,0.5,2,5.0,5.0,0.0,22,1.0,1.0,2.0,-1.0,0.0,0.0,1.0,0.0,0.0,,,,,,,,,,,,,0.0,,,1,2,-1,Loss,0,Full Time,,0.0,1.0,62575.0,1.0,2.0,0.0,0.0,0.0,0.0,0.0,0.0,0.0,0.0,0.0,0.0,0.0,0.0,0.0,0.0,0.0,0.0,26.0,26.0,6.435,9.5,6.435,9.5,0.0,0.0,train,tier3
795,2014,Group Stage,1,0,2014-06-19,Estadio das Dunas,Japan,Greece,1,AFC,UEFA,0,0,0,1,1784.91,1802.0,-17.089999999999918,0.4754,1.0,0.5,0.5,3.0,1.6,0.6,4.0,2.0,0.0,0.0,0.0,0.0,0.0,0.0,3.0,0.5,0,5.0,5.0,0.0,23,1.0,1.0,2.0,-1.0,0.0,0.0,1.0,0.0,0.0,,,,,,,,,,,,,0.0,,,0,0,0,Draw,1,Full Time,,0.0,1.0,39485.0,5.0,1.0,0.0,0.0,0.0,0.0,0.0,0.0,0.0,0.0,0.0,0.0,0.0,0.0,0.0,0.0,0.0,0.0,26.0,26.0,6.435,9.5,6.435,9.5,0.0,0.0,train,tier3
795,2014,Group Stage,1,0,2014-06-19,Estadio das Dunas,Greece,Japan,0,UEFA,AFC,0,0,0,1,1802.0,1784.91,17.089999999999918,0.5246,0.5,1.0,-0.5,0.6,0.8,3.0,2.0,4.0,0.0,0.0,0.0,0.0,0.0,0.0,1.0,0.5,0,5.0,5.0,0.0,23,1.0,0.0,3.0,-3.0,0.0,0.0,0.0,0.0,0.0,,,,,,,,,,,,,0.0,,,0,0,0,Draw,1,Full Time,,0.0,1.0,39485.0,1.0,5.0,0.0,0.0,0.0,0.0,0.0,0.0,0.0,0.0,0.0,0.0,0.0,0.0,0.0,0.0,0.0,0.0,26.0,26.0,6.435,9.5,6.435,9.5,0.0,0.0,train,tier3
796,2014,Group Stage,1,0,2014-06-20,Arena Pernambuco,Italy,Costa Rica,1,UEFA,CONCACAF,0,0,0,1,1885.62,1785.7,99.91999999999985,0.64,0.4,0.1,0.3,0.8,1.0,0.4,17.0,3.0,4.0,0.0,6.0,0.0,8.0,0.0,7.41,0.5,0,6.0,6.0,0.0,24,1.0,2.0,1.0,1.0,1.0,1.0,2.0,0.0,0.0,,,,,,,,,,,,,0.0,,,0,1,-1,Loss,0,Full Time,,0.0,1.0,40285.0,1.0,3.0,0.0,0.0,0.0,0.0,0.0,0.0,0.0,0.0,0.0,0.0,0.0,0.0,0.0,0.0,0.0,0.0,26.0,26.0,6.435,9.5,6.435,9.5,0.0,0.0,train,tier3
796,2014,Group Stage,1,0,2014-06-20,Arena Pernambuco,Costa Rica,Italy,0,CONCACAF,UEFA,0,0,0,1,1785.7,1885.62,-99.91999999999985,0.36,0.1,0.4,-0.3,0.4,2.0,0.8,3.0,17.0,0.0,4.0,0.0,6.0,0.0,8.0,4.0,0.5,0,6.0,6.0,0.0,24,1.0,3.0,1.0,2.0,1.0,1.0,3.0,0.0,0.0,,,,,,,,,,,,,0.0,,,1,0,1,Win,2,Full Time,,1.0,1.0,40285.0,3.0,1.0,0.0,0.0,0.0,0.0,0.0,0.0,0.0,0.0,0.0,0.0,0.0,0.0,0.0,0.0,0.0,0.0,26.0,26.0,6.435,9.5,6.435,9.5,0.0,0.0,train,tier3
797,2014,Group Stage,1,0,2014-06-20,Arena Fonte Nova,Switzerland,France,1,UEFA,UEFA,1,0,0,1,1851.37,1877.95,-26.580000000000155,0.4618,0.7,0.9,-0.2,1.4,0.8,3.6,9.0,13.0,0.0,1.0,0.0,2.0,0.0,5.0,4.22,0.0,1,5.0,5.0,0.0,25,1.0,2.0,1.0,1.0,1.0,1.0,2.0,0.0,0.0,,,,,,,,,,,,,0.0,,,2,5,-3,Loss,0,Full Time,,0.0,1.0,51003.0,1.0,1.0,0.0,0.0,0.0,0.0,0.0,0.0,0.0,0.0,0.0,0.0,0.0,0.0,0.0,0.0,0.0,0.0,26.0,26.0,6.435,9.5,6.435,9.5,0.0,0.0,train,tier3
797,2014,Group Stage,1,0,2014-06-20,Arena Fonte Nova,France,Switzerland,0,UEFA,UEFA,1,0,0,1,1877.95,1851.37,26.580000000000155,0.5382,0.9,0.7,0.2,3.6,0.2,1.4,13.0,9.0,1.0,0.0,2.0,0.0,5.0,0.0,7.38,1.0,1,5.0,5.0,0.0,25,1.0,3.0,0.0,3.0,1.0,1.0,3.0,0.0,0.0,,,,,,,,,,,,,0.0,,,5,2,3,Win,2,Full Time,,3.0,1.0,51003.0,1.0,1.0,0.0,0.0,0.0,0.0,0.0,0.0,0.0,0.0,0.0,0.0,0.0,0.0,0.0,0.0,0.0,0.0,26.0,26.0,6.435,9.5,6.435,9.5,0.0,0.0,train,tier3
798,2014,Group Stage,1,0,2014-06-20,Arena da Baixada,Honduras,Ecuador,1,CONCACAF,CONMEBOL,0,0,0,1,1715.08,1769.79,-54.71000000000004,0.4219,0.3,0.5,-0.2,1.2,2.6,2.0,2.0,2.0,0.0,0.0,0.0,0.0,0.0,0.0,1.0,0.5,0,5.0,5.0,0.0,26,1.0,0.0,3.0,-3.0,0.0,0.0,0.0,0.0,0.0,,,,,,,,,,,,,0.0,,,1,2,-1,Loss,0,Full Time,,1.0,1.0,39224.0,3.0,2.0,0.0,0.0,0.0,0.0,0.0,0.0,0.0,0.0,0.0,0.0,0.0,0.0,0.0,0.0,0.0,0.0,26.0,26.0,6.435,9.5,6.435,9.5,0.0,0.0,train,tier3
798,2014,Group Stage,1,0,2014-06-20,Arena da Baixada,Ecuador,Honduras,0,CONMEBOL,CONCACAF,0,0,0,1,1769.79,1715.08,54.71000000000004,0.5781,0.5,0.3,0.2,2.0,2.2,1.2,2.0,2.0,0.0,0.0,0.0,0.0,0.0,0.0,3.5,0.5,0,5.0,5.0,0.0,26,1.0,1.0,2.0,-1.0,0.0,0.0,1.0,0.0,0.0,,,,,,,,,,,,,0.0,,,2,1,1,Win,2,Full Time,,1.0,1.0,39224.0,2.0,3.0,0.0,0.0,0.0,0.0,0.0,0.0,0.0,0.0,0.0,0.0,0.0,0.0,0.0,0.0,0.0,0.0,26.0,26.0,6.435,9.5,6.435,9.5,0.0,0.0,train,tier3
799,2014,Group Stage,1,0,2014-06-21,Estadio Mineirao,Argentina,IR Iran,1,CONMEBOL,AFC,0,0,0,1,2040.35,1500.0,540.3499999999999,0.9573,0.8,0.5,0.3,1.4,0.0,1.5,15.0,2.0,2.0,0.0,4.0,0.0,4.0,0.0,8.2,0.5,0,6.0,5.0,1.0,27,1.0,2.0,1.0,1.0,1.0,1.0,2.0,0.0,0.0,,,,,,,,,,,,,0.0,,,1,0,1,Win,2,Full Time,,0.0,1.0,57698.0,2.0,5.0,0.0,0.0,0.0,0.0,0.0,0.0,0.0,0.0,0.0,0.0,0.0,0.0,0.0,0.0,0.0,0.0,26.0,26.0,6.435,9.5,6.435,9.5,0.0,0.0,train,tier3
799,2014,Group Stage,1,0,2014-06-21,Estadio Mineirao,IR Iran,Argentina,0,AFC,CONMEBOL,0,0,0,1,1500.0,2040.35,-540.3499999999999,0.0427,0.5,0.8,-0.3,1.5,1.5,1.4,2.0,15.0,0.0,2.0,0.0,4.0,0.0,4.0,0.5,0.5,0,5.0,6.0,-1.0,27,1.0,0.0,0.0,0.0,0.0,0.0,0.0,0.0,0.0,,,,,,,,,,,,,0.0,,,0,1,-1,Loss,0,Full Time,,0.0,1.0,57698.0,5.0,2.0,0.0,0.0,0.0,0.0,0.0,0.0,0.0,0.0,0.0,0.0,0.0,0.0,0.0,0.0,0.0,0.0,26.0,26.0,6.435,9.5,6.435,9.5,0.0,0.0,train,tier3
800,2014,Group Stage,1,0,2014-06-21,Estadio Castelao,Germany,Ghana,1,UEFA,CAF,0,0,0,1,2030.65,1722.66,307.99,0.8548,0.8,0.4,0.4,2.0,0.6,1.2,7.0,2.0,0.0,0.0,1.0,0.0,4.0,0.0,10.71,1.0,1,5.0,5.0,0.0,28,1.0,4.0,0.0,4.0,1.0,1.0,4.0,0.0,0.0,,,,,,,,,,,,,0.0,,,2,2,0,Draw,1,Full Time,,0.0,1.0,59621.0,1.0,4.0,0.0,0.0,0.0,0.0,0.0,0.0,0.0,0.0,0.0,0.0,0.0,0.0,0.0,0.0,0.0,0.0,26.0,26.0,6.435,9.5,6.435,9.5,0.0,0.0,train,tier3
800,2014,Group Stage,1,0,2014-06-21,Estadio Castelao,Ghana,Germany,0,CAF,UEFA,0,0,0,1,1722.66,2030.65,-307.99,0.1452,0.4,0.8,-0.4,1.2,0.8,2.0,2.0,7.0,0.0,0.0,0.0,1.0,0.0,4.0,4.5,0.0,1,5.0,5.0,0.0,28,1.0,1.0,2.0,-1.0,0.0,0.0,1.0,0.0,0.0,,,,,,,,,,,,,0.0,,,2,2,0,Draw,1,Full Time,,0.0,1.0,59621.0,4.0,1.0,0.0,0.0,0.0,0.0,0.0,0.0,0.0,0.0,0.0,0.0,0.0,0.0,0.0,0.0,0.0,0.0,26.0,26.0,6.435,9.5,6.435,9.5,0.0,0.0,train,tier3
801,2014,Group Stage,1,0,2014-06-21,Arena Pantanal,Nigeria,Bosnia and Herzegovina,1,CAF,UEFA,0,0,0,1,1755.82,1756.93,-1.110000000000127,0.4984,0.5,0.6,-0.1,1.4,1.4,0.8,4.0,0.0,0.0,0.0,0.0,0.0,0.0,0.0,4.25,0.5,0,5.0,6.0,-1.0,29,1.0,0.0,0.0,0.0,0.0,0.0,0.0,0.0,0.0,,,,,,,,,,,,,0.0,,,1,0,1,Win,2,Full Time,,1.0,1.0,40499.0,4.0,1.0,0.0,0.0,0.0,0.0,0.0,0.0,0.0,0.0,0.0,0.0,0.0,0.0,0.0,0.0,0.0,0.0,26.0,26.0,6.435,9.5,6.435,9.5,0.0,0.0,train,tier3
801,2014,Group Stage,1,0,2014-06-21,Arena Pantanal,Bosnia and Herzegovina,Nigeria,0,UEFA,CAF,0,0,0,1,1756.93,1755.82,1.110000000000127,0.5016,0.6,0.5,0.1,0.8,1.0,1.4,0.0,4.0,0.0,0.0,0.0,0.0,0.0,0.0,0.0,0.5,0,6.0,5.0,1.0,29,1.0,1.0,2.0,-1.0,0.0,0.0,1.0,0.0,0.0,,,,,,,,,,,,,0.0,,,0,1,-1,Loss,0,Full Time,,0.0,1.0,40499.0,1.0,4.0,0.0,0.0,0.0,0.0,0.0,0.0,0.0,0.0,0.0,0.0,0.0,0.0,0.0,0.0,0.0,0.0,26.0,26.0,6.435,9.5,6.435,9.5,0.0,0.0,train,tier3
802,2014,Group Stage,1,0,2014-06-22,Estadio do Maracana,Belgium,Russia,1,UEFA,UEFA,1,0,0,1,1843.19,1786.47,56.72000000000003,0.5809,0.7,0.9,-0.2,2.4,1.2,1.6,11.0,2.0,0.0,0.0,0.0,0.0,1.0,0.0,4.18,0.5,4,5.0,5.0,0.0,30,1.0,2.0,1.0,1.0,1.0,1.0,2.0,0.0,0.0,,,,,,,,,,,,,0.0,,,1,0,1,Win,2,Full Time,,0.0,1.0,73819.0,1.0,1.0,0.0,0.0,0.0,0.0,0.0,0.0,0.0,0.0,0.0,0.0,0.0,0.0,0.0,0.0,0.0,0.0,26.0,26.0,6.435,9.5,6.435,9.5,0.0,0.0,train,tier3
802,2014,Group Stage,1,0,2014-06-22,Estadio do Maracana,Russia,Belgium,0,UEFA,UEFA,1,0,0,1,1786.47,1843.19,-56.72000000000003,0.4191,0.9,0.7,0.2,1.6,0.4,2.4,2.0,11.0,0.0,0.0,0.0,0.0,0.0,1.0,5.5,0.5,4,5.0,5.0,0.0,30,1.0,1.0,1.0,0.0,0.0,0.0,1.0,0.0,0.0,,,,,,,,,,,,,0.0,,,0,1,-1,Loss,0,Full Time,,0.0,1.0,73819.0,1.0,1.0,0.0,0.0,0.0,0.0,0.0,0.0,0.0,0.0,0.0,0.0,0.0,0.0,0.0,0.0,0.0,0.0,26.0,26.0,6.435,9.5,6.435,9.5,0.0,0.0,train,tier3
803,2014,Group Stage,1,0,2014-06-22,Estadio Beira-Rio,Korea Republic,Algeria,1,AFC,CAF,0,0,0,1,1500.0,1808.9,-308.9000000000001,0.1445,0.5,0.8,-0.3,1.5,1.5,2.0,8.0,3.0,0.0,0.0,0.0,0.0,1.0,0.0,3.5,0.5,0,5.0,5.0,0.0,31,1.0,1.0,1.0,0.0,0.0,0.0,1.0,0.0,0.0,,,,,,,,,,,,,0.0,,,2,4,-2,Loss,0,Full Time,,0.0,1.0,42732.0,5.0,4.0,0.0,0.0,0.0,0.0,0.0,0.0,0.0,0.0,0.0,0.0,0.0,0.0,0.0,0.0,0.0,0.0,26.0,26.0,6.435,9.5,6.435,9.5,0.0,0.0,train,tier3
803,2014,Group Stage,1,0,2014-06-22,Estadio Beira-Rio,Algeria,Korea Republic,0,CAF,AFC,0,0,0,1,1808.9,1500.0,308.9000000000001,0.8555,0.8,0.5,0.3,2.0,1.0,1.5,3.0,8.0,0.0,0.0,0.0,0.0,0.0,1.0,2.0,0.5,0,5.0,5.0,0.0,31,1.0,1.0,2.0,-1.0,0.0,0.0,1.0,0.0,0.0,,,,,,,,,,,,,0.0,,,4,2,2,Win,2,Full Time,,3.0,1.0,42732.0,4.0,5.0,0.0,0.0,0.0,0.0,0.0,0.0,0.0,0.0,0.0,0.0,0.0,0.0,0.0,0.0,0.0,0.0,26.0,26.0,6.435,9.5,6.435,9.5,0.0,0.0,train,tier3
804,2014,Group Stage,1,0,2014-06-22,Arena Amazonia,USA,Portugal,1,CONCACAF,UEFA,0,0,0,1,1500.0,1927.13,-427.1300000000001,0.0788,0.5,0.9,-0.4,1.5,1.5,2.8,9.0,5.0,0.0,0.0,0.0,0.0,1.0,2.0,3.56,0.5,0,6.0,6.0,0.0,32,1.0,2.0,1.0,1.0,1.0,1.0,2.0,0.0,0.0,,,,,,,,,,,,,0.0,,,2,2,0,Draw,1,Full Time,,0.0,1.0,40123.0,3.0,1.0,0.0,0.0,0.0,0.0,0.0,0.0,0.0,0.0,0.0,0.0,0.0,0.0,0.0,0.0,0.0,0.0,26.0,26.0,6.435,9.5,6.435,9.5,0.0,0.0,train,tier3
804,2014,Group Stage,1,0,2014-06-22,Arena Amazonia,Portugal,USA,0,UEFA,CONCACAF,0,0,0,1,1927.13,1500.0,427.1300000000001,0.9212,0.9,0.5,0.4,2.8,0.8,1.5,5.0,9.0,0.0,0.0,0.0,0.0,2.0,1.0,7.8,0.5,0,6.0,6.0,0.0,32,1.0,0.0,4.0,-4.0,0.0,0.0,0.0,0.0,0.0,,,,,,,,,,,,,0.0,,,2,2,0,Draw,1,Full Time,,1.0,1.0,40123.0,1.0,3.0,0.0,0.0,0.0,0.0,0.0,0.0,0.0,0.0,0.0,0.0,0.0,0.0,0.0,0.0,0.0,0.0,26.0,26.0,6.435,9.5,6.435,9.5,0.0,0.0,train,tier3
805,2014,Group Stage,1,0,2014-06-23,Arena da Baixada,Australia,Spain,1,AFC,UEFA,0,0,0,1,1724.96,1978.62,-253.65999999999983,0.1884,0.3,0.6,-0.3,1.2,1.8,1.2,3.0,13.0,0.0,1.0,0.0,1.0,0.0,1.0,2.67,0.5,0,5.0,5.0,0.0,33,2.0,3.0,6.0,-3.0,0.0,0.0,1.5,0.0,0.0,,,,,,,,,,,,,0.0,,,0,3,-3,Loss,0,Full Time,,0.0,1.0,39375.0,5.0,1.0,0.0,0.0,0.0,0.0,0.0,0.0,0.0,0.0,0.0,0.0,0.0,0.0,0.0,0.0,0.0,0.0,26.0,26.0,6.435,9.5,6.435,9.5,0.0,0.0,train,tier3
805,2014,Group Stage,1,0,2014-06-23,Arena da Baixada,Spain,Australia,0,UEFA,AFC,0,0,0,1,1978.62,1724.96,253.65999999999983,0.8116,0.6,0.3,0.3,1.2,1.2,1.2,13.0,3.0,1.0,0.0,1.0,0.0,1.0,0.0,6.77,0.5,0,5.0,5.0,0.0,33,2.0,1.0,7.0,-6.0,0.0,0.0,0.5,0.0,0.0,,,,,,,,,,,,,0.0,,,3,0,3,Win,2,Full Time,,1.0,1.0,39375.0,1.0,5.0,0.0,0.0,0.0,0.0,0.0,0.0,0.0,0.0,0.0,0.0,0.0,0.0,0.0,0.0,0.0,0.0,26.0,26.0,6.435,9.5,6.435,9.5,0.0,0.0,train,tier3
806,2014,Group Stage,1,0,2014-06-23,Arena de Sao Paulo,Netherlands,Chile,1,UEFA,CONMEBOL,0,0,0,1,1982.62,1941.88,40.73999999999978,0.5584,0.7,0.6,0.1,1.8,0.8,2.0,9.0,8.0,0.0,0.0,3.0,0.0,4.0,1.0,7.89,0.5,0,5.0,5.0,0.0,34,2.0,8.0,3.0,5.0,2.0,1.0,4.0,0.0,0.0,,,,,,,,,,,,,0.0,,,2,0,2,Win,2,Full Time,,0.0,1.0,62996.0,1.0,2.0,0.0,0.0,0.0,0.0,0.0,0.0,0.0,0.0,0.0,0.0,0.0,0.0,0.0,0.0,0.0,0.0,26.0,26.0,6.435,9.5,6.435,9.5,0.0,0.0,train,tier3
806,2014,Group Stage,1,0,2014-06-23,Arena de Sao Paulo,Chile,Netherlands,0,CONMEBOL,UEFA,0,0,0,1,1941.88,1982.62,-40.73999999999978,0.4416,0.6,0.7,-0.1,2.0,0.8,1.8,8.0,9.0,0.0,0.0,0.0,3.0,1.0,4.0,4.25,0.5,0,5.0,5.0,0.0,34,2.0,5.0,1.0,4.0,2.0,1.0,2.5,0.0,0.0,,,,,,,,,,,,,0.0,,,0,2,-2,Loss,0,Full Time,,0.0,1.0,62996.0,2.0,1.0,0.0,0.0,0.0,0.0,0.0,0.0,0.0,0.0,0.0,0.0,0.0,0.0,0.0,0.0,0.0,0.0,26.0,26.0,6.435,9.5,6.435,9.5,0.0,0.0,train,tier3
807,2014,Group Stage,1,0,2014-06-23,Estadio Nacional,Cameroon,Brazil,1,CAF,CONMEBOL,0,0,1,1,1682.98,1930.75,-247.77,0.1937,0.5,1.0,-0.5,1.2,1.0,3.0,6.0,19.0,0.0,5.0,0.0,6.0,0.0,9.0,2.83,0.0,1,5.0,6.0,-1.0,35,2.0,0.0,5.0,-5.0,0.0,0.0,0.0,0.0,0.0,,,,,,,,,,,,,0.0,,,1,4,-3,Loss,0,Full Time,,1.0,1.0,69112.0,4.0,2.0,0.0,0.0,0.0,0.0,0.0,0.0,0.0,0.0,0.0,0.0,0.0,0.0,0.0,0.0,0.0,0.0,26.0,26.0,6.435,9.5,6.435,9.5,0.0,0.0,train,tier3
807,2014,Group Stage,1,0,2014-06-23,Estadio Nacional,Brazil,Cameroon,0,CONMEBOL,CAF,0,1,0,1,1930.75,1682.98,247.77,0.8063,1.0,0.5,0.5,3.0,0.4,1.2,19.0,6.0,5.0,0.0,6.0,0.0,9.0,0.0,11.05,1.0,1,6.0,5.0,1.0,35,2.0,3.0,1.0,2.0,1.0,0.5,1.5,0.0,0.0,,,,,,,,,,,,,0.0,,,4,1,3,Win,2,Full Time,,2.0,1.0,69112.0,2.0,4.0,0.0,0.0,0.0,0.0,0.0,0.0,0.0,0.0,0.0,0.0,0.0,0.0,0.0,0.0,0.0,0.0,26.0,26.0,6.435,9.5,6.435,9.5,0.0,0.0,train,tier3
808,2014,Group Stage,1,0,2014-06-23,Arena Pernambuco,Croatia,Mexico,1,UEFA,CONCACAF,0,0,0,1,1774.12,1839.08,-64.96000000000004,0.4076,0.7,0.6,0.1,1.6,1.2,1.6,3.0,14.0,0.0,0.0,0.0,0.0,1.0,0.0,5.0,0.0,1,5.0,6.0,-1.0,36,2.0,5.0,3.0,2.0,1.0,0.5,2.5,0.0,0.0,,,,,,,,,,,,,0.0,,,1,3,-2,Loss,0,Full Time,,0.0,1.0,41212.0,1.0,3.0,0.0,0.0,0.0,0.0,0.0,0.0,0.0,0.0,0.0,0.0,0.0,0.0,0.0,0.0,0.0,0.0,26.0,26.0,6.435,9.5,6.435,9.5,0.0,0.0,train,tier3
808,2014,Group Stage,1,0,2014-06-23,Arena Pernambuco,Mexico,Croatia,0,CONCACAF,UEFA,0,0,0,1,1839.08,1774.12,64.96000000000004,0.5924,0.6,0.7,-0.1,1.6,0.6,1.6,14.0,3.0,0.0,0.0,0.0,0.0,0.0,1.0,3.71,1.0,1,6.0,5.0,1.0,36,2.0,1.0,0.0,1.0,1.0,0.5,0.5,0.0,0.0,,,,,,,,,,,,,0.0,,,3,1,2,Win,2,Full Time,,0.0,1.0,41212.0,3.0,1.0,0.0,0.0,0.0,0.0,0.0,0.0,0.0,0.0,0.0,0.0,0.0,0.0,0.0,0.0,0.0,0.0,26.0,26.0,6.435,9.5,6.435,9.5,0.0,0.0,train,tier3
809,2014,Group Stage,1,0,2014-06-24,Estadio das Dunas,Italy,Uruguay,1,UEFA,CONMEBOL,0,0,0,1,1847.22,1864.54,-17.319999999999936,0.4751,0.5,0.6,-0.1,1.0,1.0,1.0,17.0,11.0,4.0,2.0,6.0,1.0,8.0,4.0,7.41,0.5,2,4.0,5.0,-1.0,37,2.0,2.0,2.0,0.0,1.0,0.5,1.0,0.0,0.0,,,,,,,,,,,,,0.0,,,0,1,-1,Loss,0,Full Time,,0.0,1.0,39706.0,1.0,2.0,0.0,0.0,0.0,0.0,0.0,0.0,0.0,0.0,0.0,0.0,0.0,0.0,0.0,0.0,0.0,0.0,26.0,26.0,6.435,9.5,6.435,9.5,0.0,0.0,train,tier3
809,2014,Group Stage,1,0,2014-06-24,Estadio das Dunas,Uruguay,Italy,0,CONMEBOL,UEFA,0,0,0,1,1864.54,1847.22,17.319999999999936,0.5249,0.6,0.5,0.1,1.0,0.8,1.0,11.0,17.0,2.0,4.0,1.0,6.0,4.0,8.0,6.91,0.5,2,5.0,4.0,1.0,37,2.0,3.0,4.0,-1.0,1.0,0.5,1.5,0.0,0.0,,,,,,,,,,,,,0.0,,,1,0,1,Win,2,Full Time,,0.0,1.0,39706.0,2.0,1.0,0.0,0.0,0.0,0.0,0.0,0.0,0.0,0.0,0.0,0.0,0.0,0.0,0.0,0.0,0.0,0.0,26.0,26.0,6.435,9.5,6.435,9.5,0.0,0.0,train,tier3
810,2014,Group Stage,1,0,2014-06-24,Estadio Mineirao,Costa Rica,England,1,CONCACAF,UEFA,0,0,0,1,1824.1,1828.52,-4.420000000000073,0.4936,0.3,0.6,-0.3,1.0,2.0,1.4,3.0,13.0,0.0,1.0,0.0,1.0,0.0,2.0,4.0,0.5,0,4.0,5.0,-1.0,38,2.0,4.0,1.0,3.0,2.0,1.0,2.0,0.0,0.0,,,,,,,,,,,,,0.0,,,0,0,0,Draw,1,Full Time,,0.0,1.0,57823.0,3.0,1.0,0.0,0.0,0.0,0.0,0.0,0.0,0.0,0.0,0.0,0.0,0.0,0.0,0.0,0.0,0.0,0.0,26.0,26.0,6.435,9.5,6.435,9.5,0.0,0.0,train,tier3
810,2014,Group Stage,1,0,2014-06-24,Estadio Mineirao,England,Costa Rica,0,UEFA,CONCACAF,0,0,0,1,1828.52,1824.1,4.420000000000073,0.5064,0.6,0.3,0.3,1.4,0.8,1.0,13.0,3.0,1.0,0.0,1.0,0.0,2.0,0.0,5.92,0.5,0,5.0,4.0,1.0,38,2.0,2.0,4.0,-2.0,0.0,0.0,1.0,0.0,0.0,,,,,,,,,,,,,0.0,,,0,0,0,Draw,1,Full Time,,0.0,1.0,57823.0,1.0,3.0,0.0,0.0,0.0,0.0,0.0,0.0,0.0,0.0,0.0,0.0,0.0,0.0,0.0,0.0,0.0,0.0,26.0,26.0,6.435,9.5,6.435,9.5,0.0,0.0,train,tier3
811,2014,Group Stage,1,0,2014-06-24,Arena Pantanal,Japan,Colombia,1,AFC,CONMEBOL,0,0,0,1,1786.38,1924.14,-137.76,0.3115,0.8,0.7,0.1,2.6,1.6,1.8,4.0,4.0,0.0,0.0,0.0,0.0,0.0,0.0,3.0,0.5,0,5.0,5.0,0.0,39,2.0,1.0,2.0,-1.0,0.0,0.0,0.5,0.0,0.0,,,,,,,,,,,,,0.0,,,1,4,-3,Loss,0,Full Time,,1.0,1.0,40340.0,5.0,2.0,0.0,0.0,0.0,0.0,0.0,0.0,0.0,0.0,0.0,0.0,0.0,0.0,0.0,0.0,0.0,0.0,26.0,26.0,6.435,9.5,6.435,9.5,0.0,0.0,train,tier3
811,2014,Group Stage,1,0,2014-06-24,Arena Pantanal,Colombia,Japan,0,CONMEBOL,AFC,0,0,0,1,1924.14,1786.38,137.76,0.6885,0.7,0.8,-0.1,1.8,0.6,2.6,4.0,4.0,0.0,0.0,0.0,0.0,0.0,0.0,3.5,0.5,0,5.0,5.0,0.0,39,2.0,5.0,1.0,4.0,2.0,1.0,2.5,0.0,0.0,,,,,,,,,,,,,0.0,,,4,1,3,Win,2,Full Time,,1.0,1.0,40340.0,2.0,5.0,0.0,0.0,0.0,0.0,0.0,0.0,0.0,0.0,0.0,0.0,0.0,0.0,0.0,0.0,0.0,0.0,26.0,26.0,6.435,9.5,6.435,9.5,0.0,0.0,train,tier3
812,2014,Group Stage,1,0,2014-06-24,Estadio Castelao,Greece,Cï¿½te d'Ivoire,1,UEFA,CAF,0,0,0,1,1738.05,1500.0,238.04999999999995,0.7974,0.4,0.5,-0.1,0.4,1.2,1.5,2.0,2.0,0.0,0.0,0.0,0.0,0.0,0.0,1.0,0.5,0,5.0,5.0,0.0,40,2.0,0.0,3.0,-3.0,0.0,0.0,0.0,0.0,0.0,,,,,,,,,,,,,0.0,,,2,1,1,Win,2,Full Time,,1.0,1.0,59095.0,1.0,4.0,0.0,0.0,0.0,0.0,0.0,0.0,0.0,0.0,0.0,0.0,0.0,0.0,0.0,0.0,0.0,0.0,26.0,26.0,6.435,9.5,6.435,9.5,0.0,0.0,train,tier3
812,2014,Group Stage,1,0,2014-06-24,Estadio Castelao,Cï¿½te d'Ivoire,Greece,0,CAF,UEFA,0,0,0,1,1500.0,1738.05,-238.04999999999995,0.2026,0.5,0.4,0.1,1.5,1.5,0.4,2.0,2.0,0.0,0.0,0.0,0.0,0.0,0.0,4.5,0.5,0,5.0,5.0,0.0,40,2.0,3.0,3.0,0.0,1.0,0.5,1.5,0.0,0.0,,,,,,,,,,,,,0.0,,,1,2,-1,Loss,0,Full Time,,0.0,1.0,59095.0,4.0,1.0,0.0,0.0,0.0,0.0,0.0,0.0,0.0,0.0,0.0,0.0,0.0,0.0,0.0,0.0,0.0,0.0,26.0,26.0,6.435,9.5,6.435,9.5,0.0,0.0,train,tier3
813,2014,Group Stage,1,0,2014-06-25,Estadio Beira-Rio,Nigeria,Argentina,1,CAF,CONMEBOL,0,0,0,1,1785.92,1959.94,-174.01999999999998,0.2686,0.5,0.9,-0.4,1.0,1.0,1.8,4.0,15.0,0.0,2.0,0.0,4.0,0.0,4.0,4.25,0.0,3,4.0,4.0,0.0,41,2.0,1.0,0.0,1.0,1.0,0.5,0.5,0.0,0.0,,,,,,,,,,,,,0.0,,,2,3,-1,Loss,0,Full Time,,1.0,1.0,43285.0,4.0,2.0,0.0,0.0,0.0,0.0,0.0,0.0,0.0,0.0,0.0,0.0,0.0,0.0,0.0,0.0,0.0,0.0,26.0,26.0,6.435,9.5,6.435,9.5,0.0,0.0,train,tier3
813,2014,Group Stage,1,0,2014-06-25,Estadio Beira-Rio,Argentina,Nigeria,0,CONMEBOL,CAF,0,0,0,1,1959.94,1785.92,174.01999999999998,0.7314,0.9,0.5,0.4,1.8,0.2,1.0,15.0,4.0,2.0,0.0,4.0,0.0,4.0,0.0,8.2,1.0,3,4.0,4.0,0.0,41,2.0,3.0,1.0,2.0,2.0,1.0,1.5,0.0,0.0,,,,,,,,,,,,,0.0,,,3,2,1,Win,2,Full Time,,2.0,1.0,43285.0,2.0,4.0,0.0,0.0,0.0,0.0,0.0,0.0,0.0,0.0,0.0,0.0,0.0,0.0,0.0,0.0,0.0,0.0,26.0,26.0,6.435,9.5,6.435,9.5,0.0,0.0,train,tier3
814,2014,Group Stage,1,0,2014-06-25,Arena Fonte Nova,Bosnia and Herzegovina,IR Iran,1,UEFA,AFC,0,0,0,1,1645.35,1500.0,145.3499999999999,0.6978,0.4,0.5,-0.1,0.8,1.4,1.5,0.0,2.0,0.0,0.0,0.0,0.0,0.0,0.0,0.0,0.5,0,4.0,4.0,0.0,42,2.0,1.0,3.0,-2.0,0.0,0.0,0.5,0.0,0.0,,,,,,,,,,,,,0.0,,,3,1,2,Win,2,Full Time,,1.0,1.0,48011.0,1.0,5.0,0.0,0.0,0.0,0.0,0.0,0.0,0.0,0.0,0.0,0.0,0.0,0.0,0.0,0.0,0.0,0.0,26.0,26.0,6.435,9.5,6.435,9.5,0.0,0.0,train,tier3
814,2014,Group Stage,1,0,2014-06-25,Arena Fonte Nova,IR Iran,Bosnia and Herzegovina,0,AFC,UEFA,0,0,0,1,1500.0,1645.35,-145.3499999999999,0.3022,0.5,0.4,0.1,1.5,1.5,0.8,2.0,0.0,0.0,0.0,0.0,0.0,0.0,0.0,0.5,0.5,0,4.0,4.0,0.0,42,2.0,0.0,1.0,-1.0,0.0,0.0,0.0,0.0,0.0,,,,,,,,,,,,,0.0,,,1,3,-2,Loss,0,Full Time,,0.0,1.0,48011.0,5.0,1.0,0.0,0.0,0.0,0.0,0.0,0.0,0.0,0.0,0.0,0.0,0.0,0.0,0.0,0.0,0.0,0.0,26.0,26.0,6.435,9.5,6.435,9.5,0.0,0.0,train,tier3
815,2014,Group Stage,1,0,2014-06-25,Arena Amazonia,Honduras,Switzerland,1,CONCACAF,UEFA,0,0,0,1,1689.77,1823.66,-133.8900000000001,0.3163,0.2,0.7,-0.5,0.8,2.8,1.6,2.0,9.0,0.0,0.0,0.0,0.0,0.0,0.0,1.0,0.0,1,5.0,5.0,0.0,43,2.0,1.0,5.0,-4.0,0.0,0.0,0.5,0.0,0.0,,,,,,,,,,,,,0.0,,,0,3,-3,Loss,0,Full Time,,0.0,1.0,40322.0,3.0,1.0,0.0,0.0,0.0,0.0,0.0,0.0,0.0,0.0,0.0,0.0,0.0,0.0,0.0,0.0,0.0,0.0,26.0,26.0,6.435,9.5,6.435,9.5,0.0,0.0,train,tier3
815,2014,Group Stage,1,0,2014-06-25,Arena Amazonia,Switzerland,Honduras,0,UEFA,CONCACAF,0,0,0,1,1823.66,1689.77,133.8900000000001,0.6837,0.7,0.2,0.5,1.6,1.0,0.8,9.0,2.0,0.0,0.0,0.0,0.0,0.0,0.0,4.22,1.0,1,5.0,5.0,0.0,43,2.0,4.0,6.0,-2.0,1.0,0.5,2.0,0.0,0.0,,,,,,,,,,,,,0.0,,,3,0,3,Win,2,Full Time,,2.0,1.0,40322.0,1.0,3.0,0.0,0.0,0.0,0.0,0.0,0.0,0.0,0.0,0.0,0.0,0.0,0.0,0.0,0.0,0.0,0.0,26.0,26.0,6.435,9.5,6.435,9.5,0.0,0.0,train,tier3
816,2014,Group Stage,1,0,2014-06-25,Estadio do Maracana,Ecuador,France,1,CONMEBOL,UEFA,0,0,0,1,1795.1,1905.66,-110.56000000000016,0.3461,0.4,0.9,-0.5,1.8,2.2,3.6,2.0,13.0,0.0,1.0,0.0,2.0,0.0,5.0,3.5,0.5,0,5.0,5.0,0.0,44,2.0,3.0,3.0,0.0,1.0,0.5,1.5,0.0,0.0,,,,,,,,,,,,,0.0,,,0,0,0,Draw,1,Full Time,,0.0,1.0,73749.0,2.0,1.0,0.0,0.0,0.0,0.0,0.0,0.0,0.0,0.0,0.0,0.0,0.0,0.0,0.0,0.0,0.0,0.0,26.0,26.0,6.435,9.5,6.435,9.5,0.0,0.0,train,tier3
816,2014,Group Stage,1,0,2014-06-25,Estadio do Maracana,France,Ecuador,0,UEFA,CONMEBOL,0,0,0,1,1905.66,1795.1,110.56000000000016,0.6539,0.9,0.4,0.5,3.6,0.2,1.8,13.0,2.0,1.0,0.0,2.0,0.0,5.0,0.0,7.38,0.5,0,5.0,5.0,0.0,44,2.0,8.0,2.0,6.0,2.0,1.0,4.0,0.0,0.0,,,,,,,,,,,,,0.0,,,0,0,0,Draw,1,Full Time,,0.0,1.0,73749.0,1.0,2.0,0.0,0.0,0.0,0.0,0.0,0.0,0.0,0.0,0.0,0.0,0.0,0.0,0.0,0.0,0.0,0.0,26.0,26.0,6.435,9.5,6.435,9.5,0.0,0.0,train,tier3
817,2014,Group Stage,1,0,2014-06-26,Arena Pernambuco,USA,Germany,1,CONCACAF,UEFA,0,0,0,1,1500.0,1946.73,-446.73,0.071,0.5,0.8,-0.3,1.5,1.5,2.6,9.0,7.0,0.0,0.0,0.0,1.0,1.0,4.0,3.56,0.5,0,4.0,5.0,-1.0,45,2.0,4.0,3.0,1.0,1.0,0.5,2.0,0.0,0.0,,,,,,,,,,,,,0.0,,,0,1,-1,Loss,0,Full Time,,0.0,1.0,41876.0,3.0,1.0,0.0,0.0,0.0,0.0,0.0,0.0,0.0,0.0,0.0,0.0,0.0,0.0,0.0,0.0,0.0,0.0,26.0,26.0,6.435,9.5,6.435,9.5,0.0,0.0,train,tier3
817,2014,Group Stage,1,0,2014-06-26,Arena Pernambuco,Germany,USA,0,UEFA,CONCACAF,0,0,0,1,1946.73,1500.0,446.73,0.929,0.8,0.5,0.3,2.6,0.6,1.5,7.0,9.0,0.0,0.0,1.0,0.0,4.0,1.0,10.71,0.5,0,5.0,4.0,1.0,45,2.0,6.0,2.0,4.0,1.0,0.5,3.0,0.0,0.0,,,,,,,,,,,,,0.0,,,1,0,1,Win,2,Full Time,,0.0,1.0,41876.0,1.0,3.0,0.0,0.0,0.0,0.0,0.0,0.0,0.0,0.0,0.0,0.0,0.0,0.0,0.0,0.0,0.0,0.0,26.0,26.0,6.435,9.5,6.435,9.5,0.0,0.0,train,tier3
818,2014,Group Stage,1,0,2014-06-26,Estadio Nacional,Portugal,Ghana,1,UEFA,CAF,0,0,0,1,1891.37,1743.95,147.41999999999985,0.7003,0.7,0.4,0.3,2.2,1.2,1.2,5.0,2.0,0.0,0.0,0.0,0.0,2.0,0.0,7.8,0.5,0,4.0,5.0,-1.0,46,2.0,2.0,6.0,-4.0,0.0,0.0,1.0,0.0,0.0,,,,,,,,,,,,,0.0,,,2,1,1,Win,2,Full Time,,1.0,1.0,67540.0,1.0,4.0,0.0,0.0,0.0,0.0,0.0,0.0,0.0,0.0,0.0,0.0,0.0,0.0,0.0,0.0,0.0,0.0,26.0,26.0,6.435,9.5,6.435,9.5,0.0,0.0,train,tier3
818,2014,Group Stage,1,0,2014-06-26,Estadio Nacional,Ghana,Portugal,0,CAF,UEFA,0,0,0,1,1743.95,1891.37,-147.41999999999985,0.2997,0.4,0.7,-0.3,1.2,0.8,2.2,2.0,5.0,0.0,0.0,0.0,0.0,0.0,2.0,4.5,0.5,0,5.0,4.0,1.0,46,2.0,3.0,4.0,-1.0,0.0,0.0,1.5,0.0,0.0,,,,,,,,,,,,,0.0,,,1,2,-1,Loss,0,Full Time,,0.0,1.0,67540.0,4.0,1.0,0.0,0.0,0.0,0.0,0.0,0.0,0.0,0.0,0.0,0.0,0.0,0.0,0.0,0.0,0.0,0.0,26.0,26.0,6.435,9.5,6.435,9.5,0.0,0.0,train,tier3
819,2014,Group Stage,1,0,2014-06-26,Arena de Sao Paulo,Korea Republic,Belgium,1,AFC,UEFA,0,0,0,1,1500.0,1861.09,-361.0899999999999,0.1112,0.5,0.9,-0.4,1.5,1.5,2.4,8.0,11.0,0.0,0.0,0.0,0.0,1.0,1.0,3.5,0.5,0,4.0,4.0,0.0,47,2.0,3.0,5.0,-2.0,0.0,0.0,1.5,0.0,0.0,,,,,,,,,,,,,0.0,,,0,1,-1,Loss,0,Full Time,,0.0,1.0,61397.0,5.0,1.0,0.0,0.0,0.0,0.0,0.0,0.0,0.0,0.0,0.0,0.0,0.0,0.0,0.0,0.0,0.0,0.0,26.0,26.0,6.435,9.5,6.435,9.5,0.0,0.0,train,tier3
819,2014,Group Stage,1,0,2014-06-26,Arena de Sao Paulo,Belgium,Korea Republic,0,UEFA,AFC,0,0,0,1,1861.09,1500.0,361.0899999999999,0.8888,0.9,0.5,0.4,2.4,0.8,1.5,11.0,8.0,0.0,0.0,0.0,0.0,1.0,1.0,4.18,0.5,0,4.0,4.0,0.0,47,2.0,3.0,1.0,2.0,2.0,1.0,1.5,0.0,0.0,,,,,,,,,,,,,0.0,,,1,0,1,Win,2,Full Time,,0.0,1.0,61397.0,1.0,5.0,0.0,0.0,0.0,0.0,0.0,0.0,0.0,0.0,0.0,0.0,0.0,0.0,0.0,0.0,0.0,0.0,26.0,26.0,6.435,9.5,6.435,9.5,0.0,0.0,train,tier3
820,2014,Group Stage,1,0,2014-06-26,Arena da Baixada,Algeria,Russia,1,CAF,UEFA,0,0,0,1,1729.19,1761.32,-32.12999999999988,0.4539,0.8,0.8,0.0,1.8,0.8,1.4,3.0,2.0,0.0,0.0,0.0,0.0,0.0,0.0,2.0,0.5,0,4.0,4.0,0.0,48,2.0,5.0,4.0,1.0,1.0,0.5,2.5,0.0,0.0,,,,,,,,,,,,,0.0,,,1,1,0,Draw,1,Full Time,,0.0,1.0,39311.0,4.0,1.0,0.0,0.0,0.0,0.0,0.0,0.0,0.0,0.0,0.0,0.0,0.0,0.0,0.0,0.0,0.0,0.0,26.0,26.0,6.435,9.5,6.435,9.5,0.0,0.0,train,tier3
820,2014,Group Stage,1,0,2014-06-26,Arena da Baixada,Russia,Algeria,0,UEFA,CAF,0,0,0,1,1761.32,1729.19,32.12999999999988,0.5461,0.8,0.8,0.0,1.4,0.4,1.8,2.0,3.0,0.0,0.0,0.0,0.0,0.0,0.0,5.5,0.5,0,4.0,4.0,0.0,48,2.0,1.0,2.0,-1.0,0.0,0.0,0.5,0.0,0.0,,,,,,,,,,,,,0.0,,,1,1,0,Draw,1,Full Time,,1.0,1.0,39311.0,1.0,4.0,0.0,0.0,0.0,0.0,0.0,0.0,0.0,0.0,0.0,0.0,0.0,0.0,0.0,0.0,0.0,0.0,26.0,26.0,6.435,9.5,6.435,9.5,0.0,0.0,train,tier3
821,2014,Round of 16,2,1,2014-06-28,Estadio Mineirao,Brazil,Chile,1,CONMEBOL,CONMEBOL,1,1,0,0,2026.15,1915.38,110.76999999999998,0.6542,0.9,0.6,0.3,2.6,0.2,2.0,19.0,8.0,5.0,0.0,6.0,0.0,9.0,1.0,11.05,1.0,3,5.0,5.0,0.0,49,3.0,7.0,2.0,5.0,2.0,0.667,2.333,0.0,0.0,,,,,,,,,,,,,0.0,,,1,1,0,Win,2,Penalties,,0.0,1.0,57714.0,2.0,2.0,0.0,0.0,0.0,0.0,0.0,0.0,0.0,0.0,0.0,0.0,0.0,0.0,0.0,0.0,0.0,0.0,26.0,26.0,6.435,9.5,6.435,9.5,0.0,0.0,train,tier3
821,2014,Round of 16,2,1,2014-06-28,Estadio Mineirao,Chile,Brazil,0,CONMEBOL,CONMEBOL,1,0,1,0,1915.38,2026.15,-110.76999999999998,0.3458,0.6,0.9,-0.3,2.0,0.8,2.6,8.0,19.0,0.0,5.0,0.0,6.0,1.0,9.0,4.25,0.0,3,5.0,5.0,0.0,49,3.0,5.0,3.0,2.0,2.0,0.667,1.667,0.0,0.0,,,,,,,,,,,,,0.0,,,1,1,0,Loss,0,Penalties,,0.0,1.0,57714.0,2.0,2.0,0.0,0.0,0.0,0.0,0.0,0.0,0.0,0.0,0.0,0.0,0.0,0.0,0.0,0.0,0.0,0.0,26.0,26.0,6.435,9.5,6.435,9.5,0.0,0.0,train,tier3
822,2014,Round of 16,2,1,2014-06-28,Estadio do Maracana,Colombia,Uruguay,1,CONMEBOL,CONMEBOL,1,0,0,1,1942.83,1893.05,49.77999999999997,0.5712,0.8,0.7,0.1,2.2,0.8,1.4,4.0,11.0,0.0,2.0,0.0,1.0,0.0,4.0,3.5,0.0,1,4.0,4.0,0.0,50,3.0,9.0,2.0,7.0,3.0,1.0,3.0,0.0,0.0,,,,,,,,,,,,,0.0,,,2,0,2,Win,2,Full Time,,1.0,1.0,73804.0,2.0,2.0,0.0,0.0,0.0,0.0,0.0,0.0,0.0,0.0,0.0,0.0,0.0,0.0,0.0,0.0,0.0,0.0,26.0,26.0,6.435,9.5,6.435,9.5,0.0,0.0,train,tier3
822,2014,Round of 16,2,1,2014-06-28,Estadio do Maracana,Uruguay,Colombia,0,CONMEBOL,CONMEBOL,1,0,0,1,1893.05,1942.83,-49.77999999999997,0.4288,0.7,0.8,-0.1,1.4,1.0,2.2,11.0,4.0,2.0,0.0,1.0,0.0,4.0,0.0,6.91,1.0,1,4.0,4.0,0.0,50,3.0,4.0,4.0,0.0,2.0,0.667,1.333,0.0,0.0,,,,,,,,,,,,,0.0,,,0,2,-2,Loss,0,Full Time,,0.0,1.0,73804.0,2.0,2.0,0.0,0.0,0.0,0.0,0.0,0.0,0.0,0.0,0.0,0.0,0.0,0.0,0.0,0.0,0.0,0.0,26.0,26.0,6.435,9.5,6.435,9.5,0.0,0.0,train,tier3
823,2014,Round of 16,2,1,2014-06-28,Estadio Mineirao,Brazil,Chile,1,CONMEBOL,CONMEBOL,1,1,0,0,2026.15,1915.38,110.76999999999998,0.6542,0.9,0.6,0.3,2.6,0.2,2.0,19.0,8.0,5.0,0.0,6.0,0.0,9.0,1.0,11.05,1.0,3,0.0,0.0,0.0,51,4.0,8.0,3.0,5.0,3.0,0.75,2.0,0.0,0.0,,,,,,,,,,,,,0.0,,,1,1,0,Win,2,Penalties,,0.0,1.0,57714.0,2.0,2.0,0.0,0.0,0.0,0.0,0.0,0.0,0.0,0.0,0.0,0.0,0.0,0.0,0.0,0.0,0.0,0.0,26.0,26.0,6.435,9.5,6.435,9.5,0.0,0.0,train,tier3
823,2014,Round of 16,2,1,2014-06-28,Estadio Mineirao,Chile,Brazil,0,CONMEBOL,CONMEBOL,1,0,1,0,1915.38,2026.15,-110.76999999999998,0.3458,0.6,0.9,-0.3,2.0,0.8,2.6,8.0,19.0,0.0,5.0,0.0,6.0,1.0,9.0,4.25,0.0,3,0.0,0.0,0.0,51,4.0,6.0,4.0,2.0,2.0,0.5,1.5,0.0,0.0,,,,,,,,,,,,,0.0,,,1,1,0,Loss,0,Penalties,,0.0,1.0,57714.0,2.0,2.0,0.0,0.0,0.0,0.0,0.0,0.0,0.0,0.0,0.0,0.0,0.0,0.0,0.0,0.0,0.0,0.0,26.0,26.0,6.435,9.5,6.435,9.5,0.0,0.0,train,tier3
824,2014,Round of 16,2,1,2014-06-28,Estadio do Maracana,Colombia,Uruguay,1,CONMEBOL,CONMEBOL,1,0,0,1,1942.83,1893.05,49.77999999999997,0.5712,0.8,0.7,0.1,2.2,0.8,1.4,4.0,11.0,0.0,2.0,0.0,1.0,0.0,4.0,3.5,0.0,1,0.0,0.0,0.0,52,4.0,11.0,2.0,9.0,4.0,1.0,2.75,0.0,0.0,,,,,,,,,,,,,0.0,,,2,0,2,Win,2,Full Time,,1.0,1.0,73804.0,2.0,2.0,0.0,0.0,0.0,0.0,0.0,0.0,0.0,0.0,0.0,0.0,0.0,0.0,0.0,0.0,0.0,0.0,26.0,26.0,6.435,9.5,6.435,9.5,0.0,0.0,train,tier3
824,2014,Round of 16,2,1,2014-06-28,Estadio do Maracana,Uruguay,Colombia,0,CONMEBOL,CONMEBOL,1,0,0,1,1893.05,1942.83,-49.77999999999997,0.4288,0.7,0.8,-0.1,1.4,1.0,2.2,11.0,4.0,2.0,0.0,1.0,0.0,4.0,0.0,6.91,1.0,1,0.0,0.0,0.0,52,4.0,4.0,6.0,-2.0,2.0,0.5,1.0,0.0,0.0,,,,,,,,,,,,,0.0,,,0,2,-2,Loss,0,Full Time,,0.0,1.0,73804.0,2.0,2.0,0.0,0.0,0.0,0.0,0.0,0.0,0.0,0.0,0.0,0.0,0.0,0.0,0.0,0.0,0.0,0.0,26.0,26.0,6.435,9.5,6.435,9.5,0.0,0.0,train,tier3
825,2014,Round of 16,2,1,2014-06-29,Estadio Castelao,Netherlands,Mexico,1,UEFA,CONCACAF,0,0,0,1,2009.12,1863.54,145.57999999999993,0.698,0.9,0.5,0.4,2.4,0.8,0.8,9.0,14.0,0.0,0.0,3.0,0.0,4.0,0.0,7.89,0.0,1,6.0,6.0,0.0,53,3.0,10.0,3.0,7.0,3.0,1.0,3.333,0.0,0.0,,,,,,,,,,,,,0.0,,,2,1,1,Win,2,Full Time,,0.0,1.0,58817.0,1.0,3.0,0.0,0.0,0.0,0.0,0.0,0.0,0.0,0.0,0.0,0.0,0.0,0.0,0.0,0.0,0.0,0.0,26.0,26.0,6.435,9.5,6.435,9.5,0.0,0.0,train,tier3
825,2014,Round of 16,2,1,2014-06-29,Estadio Castelao,Mexico,Netherlands,0,CONCACAF,UEFA,0,0,0,1,1863.54,2009.12,-145.57999999999993,0.302,0.5,0.9,-0.4,0.8,0.6,2.4,14.0,9.0,0.0,0.0,0.0,3.0,0.0,4.0,3.71,1.0,1,6.0,6.0,0.0,53,3.0,4.0,1.0,3.0,2.0,0.667,1.333,0.0,0.0,,,,,,,,,,,,,0.0,,,1,2,-1,Loss,0,Full Time,,0.0,1.0,58817.0,3.0,1.0,0.0,0.0,0.0,0.0,0.0,0.0,0.0,0.0,0.0,0.0,0.0,0.0,0.0,0.0,0.0,0.0,26.0,26.0,6.435,9.5,6.435,9.5,0.0,0.0,train,tier3
826,2014,Round of 16,2,1,2014-06-29,Arena Pernambuco,Costa Rica,Greece,1,CONCACAF,UEFA,0,0,0,1,1824.48,1830.5,-6.019999999999982,0.4913,0.5,0.5,0.0,1.2,1.2,0.4,3.0,2.0,0.0,0.0,0.0,0.0,0.0,0.0,4.0,0.5,0,5.0,5.0,0.0,54,3.0,4.0,1.0,3.0,2.0,0.667,1.333,0.0,0.0,,,,,,,,,,,,,0.0,,,1,1,0,Win,2,Penalties,,0.0,1.0,41242.0,3.0,1.0,0.0,0.0,0.0,0.0,0.0,0.0,0.0,0.0,0.0,0.0,0.0,0.0,0.0,0.0,0.0,0.0,26.0,26.0,6.435,9.5,6.435,9.5,0.0,0.0,train,tier3
826,2014,Round of 16,2,1,2014-06-29,Arena Pernambuco,Greece,Costa Rica,0,UEFA,CONCACAF,0,0,0,1,1830.5,1824.48,6.019999999999982,0.5087,0.5,0.5,0.0,0.4,0.8,1.2,2.0,3.0,0.0,0.0,0.0,0.0,0.0,0.0,1.0,0.5,0,5.0,5.0,0.0,54,3.0,2.0,4.0,-2.0,1.0,0.333,0.667,0.0,0.0,,,,,,,,,,,,,0.0,,,1,1,0,Loss,0,Penalties,,0.0,1.0,41242.0,1.0,3.0,0.0,0.0,0.0,0.0,0.0,0.0,0.0,0.0,0.0,0.0,0.0,0.0,0.0,0.0,0.0,0.0,26.0,26.0,6.435,9.5,6.435,9.5,0.0,0.0,train,tier3
827,2014,Round of 16,2,1,2014-06-29,Estadio Castelao,Netherlands,Mexico,1,UEFA,CONCACAF,0,0,0,1,2009.12,1863.54,145.57999999999993,0.698,0.9,0.5,0.4,2.4,0.8,0.8,9.0,14.0,0.0,0.0,3.0,0.0,4.0,0.0,7.89,0.0,1,0.0,0.0,0.0,55,4.0,12.0,4.0,8.0,4.0,1.0,3.0,0.0,0.0,,,,,,,,,,,,,0.0,,,2,1,1,Win,2,Full Time,,0.0,1.0,58817.0,1.0,3.0,0.0,0.0,0.0,0.0,0.0,0.0,0.0,0.0,0.0,0.0,0.0,0.0,0.0,0.0,0.0,0.0,26.0,26.0,6.435,9.5,6.435,9.5,0.0,0.0,train,tier3
827,2014,Round of 16,2,1,2014-06-29,Estadio Castelao,Mexico,Netherlands,0,CONCACAF,UEFA,0,0,0,1,1863.54,2009.12,-145.57999999999993,0.302,0.5,0.9,-0.4,0.8,0.6,2.4,14.0,9.0,0.0,0.0,0.0,3.0,0.0,4.0,3.71,1.0,1,0.0,0.0,0.0,55,4.0,5.0,3.0,2.0,2.0,0.5,1.25,0.0,0.0,,,,,,,,,,,,,0.0,,,1,2,-1,Loss,0,Full Time,,0.0,1.0,58817.0,3.0,1.0,0.0,0.0,0.0,0.0,0.0,0.0,0.0,0.0,0.0,0.0,0.0,0.0,0.0,0.0,0.0,0.0,26.0,26.0,6.435,9.5,6.435,9.5,0.0,0.0,train,tier3
828,2014,Round of 16,2,1,2014-06-29,Arena Pernambuco,Costa Rica,Greece,1,CONCACAF,UEFA,0,0,0,1,1824.48,1830.5,-6.019999999999982,0.4913,0.5,0.5,0.0,1.2,1.2,0.4,3.0,2.0,0.0,0.0,0.0,0.0,0.0,0.0,4.0,0.5,0,0.0,0.0,0.0,56,4.0,5.0,2.0,3.0,3.0,0.75,1.25,0.0,0.0,,,,,,,,,,,,,0.0,,,1,1,0,Win,2,Penalties,,0.0,1.0,41242.0,3.0,1.0,0.0,0.0,0.0,0.0,0.0,0.0,0.0,0.0,0.0,0.0,0.0,0.0,0.0,0.0,0.0,0.0,26.0,26.0,6.435,9.5,6.435,9.5,0.0,0.0,train,tier3
828,2014,Round of 16,2,1,2014-06-29,Arena Pernambuco,Greece,Costa Rica,0,UEFA,CONCACAF,0,0,0,1,1830.5,1824.48,6.019999999999982,0.5087,0.5,0.5,0.0,0.4,0.8,1.2,2.0,3.0,0.0,0.0,0.0,0.0,0.0,0.0,1.0,0.5,0,0.0,0.0,0.0,56,4.0,3.0,5.0,-2.0,1.0,0.25,0.75,0.0,0.0,,,,,,,,,,,,,0.0,,,1,1,0,Loss,0,Penalties,,0.0,1.0,41242.0,1.0,3.0,0.0,0.0,0.0,0.0,0.0,0.0,0.0,0.0,0.0,0.0,0.0,0.0,0.0,0.0,0.0,0.0,26.0,26.0,6.435,9.5,6.435,9.5,0.0,0.0,train,tier3
829,2014,Round of 16,2,1,2014-06-30,Estadio Nacional,France,Nigeria,1,UEFA,CAF,0,0,0,1,1896.42,1769.8,126.62000000000012,0.6746,0.9,0.5,0.4,4.2,0.6,0.8,13.0,4.0,1.0,0.0,2.0,0.0,5.0,0.0,7.38,0.5,0,5.0,5.0,0.0,57,3.0,8.0,2.0,6.0,2.0,0.667,2.667,0.0,0.0,,,,,,,,,,,,,0.0,,,2,0,2,Win,2,Full Time,,0.0,1.0,67882.0,1.0,4.0,0.0,0.0,0.0,0.0,0.0,0.0,0.0,0.0,0.0,0.0,0.0,0.0,0.0,0.0,0.0,0.0,26.0,26.0,6.435,9.5,6.435,9.5,0.0,0.0,train,tier3
829,2014,Round of 16,2,1,2014-06-30,Estadio Nacional,Nigeria,France,0,CAF,UEFA,0,0,0,1,1769.8,1896.42,-126.62000000000012,0.3254,0.5,0.9,-0.4,0.8,0.8,4.2,4.0,13.0,0.0,1.0,0.0,2.0,0.0,5.0,4.25,0.5,0,5.0,5.0,0.0,57,3.0,3.0,3.0,0.0,1.0,0.333,1.0,0.0,0.0,,,,,,,,,,,,,0.0,,,0,2,-2,Loss,0,Full Time,,0.0,1.0,67882.0,4.0,1.0,0.0,0.0,0.0,0.0,0.0,0.0,0.0,0.0,0.0,0.0,0.0,0.0,0.0,0.0,0.0,0.0,26.0,26.0,6.435,9.5,6.435,9.5,0.0,0.0,train,tier3
830,2014,Round of 16,2,1,2014-06-30,Estadio Beira-Rio,Germany,Algeria,1,UEFA,CAF,0,0,0,1,2030.86,1731.96,298.89999999999986,0.8482,0.7,0.8,-0.1,2.8,1.0,2.4,7.0,3.0,0.0,0.0,1.0,0.0,4.0,0.0,10.71,0.0,1,4.0,4.0,0.0,58,3.0,7.0,2.0,5.0,2.0,0.667,2.333,0.0,0.0,,,,,,,,,,,,,0.0,,,2,1,1,Win,2,Extra Time,,0.0,1.0,57768.5,1.0,4.0,0.0,0.0,0.0,0.0,0.0,0.0,0.0,0.0,0.0,0.0,0.0,0.0,0.0,0.0,0.0,0.0,26.0,26.0,6.435,9.5,6.435,9.5,0.0,0.0,train,tier3
830,2014,Round of 16,2,1,2014-06-30,Estadio Beira-Rio,Algeria,Germany,0,CAF,UEFA,0,0,0,1,1731.96,2030.86,-298.89999999999986,0.1518,0.8,0.7,0.1,2.4,1.2,2.8,3.0,7.0,0.0,0.0,0.0,1.0,0.0,4.0,2.0,1.0,1,4.0,4.0,0.0,58,3.0,6.0,5.0,1.0,1.0,0.333,2.0,0.0,0.0,,,,,,,,,,,,,0.0,,,1,2,-1,Loss,0,Extra Time,,0.0,1.0,57768.5,4.0,1.0,0.0,0.0,0.0,0.0,0.0,0.0,0.0,0.0,0.0,0.0,0.0,0.0,0.0,0.0,0.0,0.0,26.0,26.0,6.435,9.5,6.435,9.5,0.0,0.0,train,tier3
831,2014,Round of 16,2,1,2014-06-30,Estadio Nacional,France,Nigeria,1,UEFA,CAF,0,0,0,1,1896.42,1769.8,126.62000000000012,0.6746,0.9,0.5,0.4,4.2,0.6,0.8,13.0,4.0,1.0,0.0,2.0,0.0,5.0,0.0,7.38,0.5,0,0.0,0.0,0.0,59,4.0,10.0,2.0,8.0,3.0,0.75,2.5,0.0,0.0,,,,,,,,,,,,,0.0,,,2,0,2,Win,2,Full Time,,0.0,1.0,67882.0,1.0,4.0,0.0,0.0,0.0,0.0,0.0,0.0,0.0,0.0,0.0,0.0,0.0,0.0,0.0,0.0,0.0,0.0,26.0,26.0,6.435,9.5,6.435,9.5,0.0,0.0,train,tier3
831,2014,Round of 16,2,1,2014-06-30,Estadio Nacional,Nigeria,France,0,CAF,UEFA,0,0,0,1,1769.8,1896.42,-126.62000000000012,0.3254,0.5,0.9,-0.4,0.8,0.8,4.2,4.0,13.0,0.0,1.0,0.0,2.0,0.0,5.0,4.25,0.5,0,0.0,0.0,0.0,59,4.0,3.0,5.0,-2.0,1.0,0.25,0.75,0.0,0.0,,,,,,,,,,,,,0.0,,,0,2,-2,Loss,0,Full Time,,0.0,1.0,67882.0,4.0,1.0,0.0,0.0,0.0,0.0,0.0,0.0,0.0,0.0,0.0,0.0,0.0,0.0,0.0,0.0,0.0,0.0,26.0,26.0,6.435,9.5,6.435,9.5,0.0,0.0,train,tier3
832,2014,Round of 16,2,1,2014-06-30,Estadio Beira-Rio,Germany,Algeria,1,UEFA,CAF,0,0,0,1,2030.86,1731.96,298.89999999999986,0.8482,0.7,0.8,-0.1,2.8,1.0,2.4,7.0,3.0,0.0,0.0,1.0,0.0,4.0,0.0,10.71,0.0,1,0.0,0.0,0.0,60,4.0,9.0,3.0,6.0,3.0,0.75,2.25,0.0,0.0,,,,,,,,,,,,,0.0,,,2,1,1,Win,2,Extra Time,,0.0,1.0,57768.5,1.0,4.0,0.0,0.0,0.0,0.0,0.0,0.0,0.0,0.0,0.0,0.0,0.0,0.0,0.0,0.0,0.0,0.0,26.0,26.0,6.435,9.5,6.435,9.5,0.0,0.0,train,tier3
832,2014,Round of 16,2,1,2014-06-30,Estadio Beira-Rio,Algeria,Germany,0,CAF,UEFA,0,0,0,1,1731.96,2030.86,-298.89999999999986,0.1518,0.8,0.7,0.1,2.4,1.2,2.8,3.0,7.0,0.0,0.0,0.0,1.0,0.0,4.0,2.0,1.0,1,0.0,0.0,0.0,60,4.0,7.0,7.0,0.0,1.0,0.25,1.75,0.0,0.0,,,,,,,,,,,,,0.0,,,1,2,-1,Loss,0,Extra Time,,0.0,1.0,57768.5,4.0,1.0,0.0,0.0,0.0,0.0,0.0,0.0,0.0,0.0,0.0,0.0,0.0,0.0,0.0,0.0,0.0,0.0,26.0,26.0,6.435,9.5,6.435,9.5,0.0,0.0,train,tier3
833,2014,Round of 16,2,1,2014-07-01,Arena de Sao Paulo,Argentina,Switzerland,1,CONMEBOL,UEFA,0,0,0,1,1976.06,1842.64,133.41999999999985,0.6831,0.9,0.7,0.2,1.6,0.2,1.8,15.0,9.0,2.0,0.0,4.0,0.0,4.0,0.0,8.2,1.0,1,6.0,6.0,0.0,61,3.0,6.0,3.0,3.0,3.0,1.0,2.0,0.0,0.0,,,,,,,,,,,,,0.0,,,1,0,1,Win,2,Extra Time,,0.0,1.0,63255.0,2.0,1.0,0.0,0.0,0.0,0.0,0.0,0.0,0.0,0.0,0.0,0.0,0.0,0.0,0.0,0.0,0.0,0.0,26.0,26.0,6.435,9.5,6.435,9.5,0.0,0.0,train,tier3
833,2014,Round of 16,2,1,2014-07-01,Arena de Sao Paulo,Switzerland,Argentina,0,UEFA,CONMEBOL,0,0,0,1,1842.64,1976.06,-133.41999999999985,0.3169,0.7,0.9,-0.2,1.8,1.6,1.6,9.0,15.0,0.0,2.0,0.0,4.0,0.0,4.0,4.22,0.0,1,6.0,6.0,0.0,61,3.0,7.0,6.0,1.0,2.0,0.667,2.333,0.0,0.0,,,,,,,,,,,,,0.0,,,0,1,-1,Loss,0,Extra Time,,0.0,1.0,63255.0,1.0,2.0,0.0,0.0,0.0,0.0,0.0,0.0,0.0,0.0,0.0,0.0,0.0,0.0,0.0,0.0,0.0,0.0,26.0,26.0,6.435,9.5,6.435,9.5,0.0,0.0,train,tier3
834,2014,Round of 16,2,1,2014-07-01,Arena Fonte Nova,Belgium,USA,1,UEFA,CONCACAF,0,0,0,1,1861.09,1500.0,361.0899999999999,0.8888,1.0,0.5,0.5,2.2,0.4,1.5,11.0,9.0,0.0,0.0,0.0,0.0,1.0,1.0,4.18,0.5,0,5.0,5.0,0.0,62,3.0,4.0,1.0,3.0,3.0,1.0,1.333,0.0,0.0,,,,,,,,,,,,,0.0,,,2,1,1,Win,2,Extra Time,,0.0,1.0,51227.0,1.0,3.0,0.0,0.0,0.0,0.0,0.0,0.0,0.0,0.0,0.0,0.0,0.0,0.0,0.0,0.0,0.0,0.0,26.0,26.0,6.435,9.5,6.435,9.5,0.0,0.0,train,tier3
834,2014,Round of 16,2,1,2014-07-01,Arena Fonte Nova,USA,Belgium,0,CONCACAF,UEFA,0,0,0,1,1500.0,1861.09,-361.0899999999999,0.1112,0.5,1.0,-0.5,1.5,1.5,2.2,9.0,11.0,0.0,0.0,0.0,0.0,1.0,1.0,3.56,0.5,0,5.0,5.0,0.0,62,3.0,4.0,4.0,0.0,1.0,0.333,1.333,0.0,0.0,,,,,,,,,,,,,0.0,,,1,2,-1,Loss,0,Extra Time,,0.0,1.0,51227.0,3.0,1.0,0.0,0.0,0.0,0.0,0.0,0.0,0.0,0.0,0.0,0.0,0.0,0.0,0.0,0.0,0.0,0.0,26.0,26.0,6.435,9.5,6.435,9.5,0.0,0.0,train,tier3
835,2014,Round of 16,2,1,2014-07-01,Arena de Sao Paulo,Argentina,Switzerland,1,CONMEBOL,UEFA,0,0,0,1,1976.06,1842.64,133.41999999999985,0.6831,0.9,0.7,0.2,1.6,0.2,1.8,15.0,9.0,2.0,0.0,4.0,0.0,4.0,0.0,8.2,1.0,1,0.0,0.0,0.0,63,4.0,7.0,3.0,4.0,4.0,1.0,1.75,0.0,0.0,,,,,,,,,,,,,0.0,,,1,0,1,Win,2,Extra Time,,0.0,1.0,63255.0,2.0,1.0,0.0,0.0,0.0,0.0,0.0,0.0,0.0,0.0,0.0,0.0,0.0,0.0,0.0,0.0,0.0,0.0,26.0,26.0,6.435,9.5,6.435,9.5,0.0,0.0,train,tier3
835,2014,Round of 16,2,1,2014-07-01,Arena de Sao Paulo,Switzerland,Argentina,0,UEFA,CONMEBOL,0,0,0,1,1842.64,1976.06,-133.41999999999985,0.3169,0.7,0.9,-0.2,1.8,1.6,1.6,9.0,15.0,0.0,2.0,0.0,4.0,0.0,4.0,4.22,0.0,1,0.0,0.0,0.0,63,4.0,7.0,7.0,0.0,2.0,0.5,1.75,0.0,0.0,,,,,,,,,,,,,0.0,,,0,1,-1,Loss,0,Extra Time,,0.0,1.0,63255.0,1.0,2.0,0.0,0.0,0.0,0.0,0.0,0.0,0.0,0.0,0.0,0.0,0.0,0.0,0.0,0.0,0.0,0.0,26.0,26.0,6.435,9.5,6.435,9.5,0.0,0.0,train,tier3
836,2014,Round of 16,2,1,2014-07-01,Arena Fonte Nova,Belgium,USA,1,UEFA,CONCACAF,0,0,0,1,1861.09,1500.0,361.0899999999999,0.8888,1.0,0.5,0.5,2.2,0.4,1.5,11.0,9.0,0.0,0.0,0.0,0.0,1.0,1.0,4.18,0.5,0,0.0,0.0,0.0,64,4.0,6.0,2.0,4.0,4.0,1.0,1.5,0.0,0.0,,,,,,,,,,,,,0.0,,,2,1,1,Win,2,Extra Time,,0.0,1.0,51227.0,1.0,3.0,0.0,0.0,0.0,0.0,0.0,0.0,0.0,0.0,0.0,0.0,0.0,0.0,0.0,0.0,0.0,0.0,26.0,26.0,6.435,9.5,6.435,9.5,0.0,0.0,train,tier3
836,2014,Round of 16,2,1,2014-07-01,Arena Fonte Nova,USA,Belgium,0,CONCACAF,UEFA,0,0,0,1,1500.0,1861.09,-361.0899999999999,0.1112,0.5,1.0,-0.5,1.5,1.5,2.2,9.0,11.0,0.0,0.0,0.0,0.0,1.0,1.0,3.56,0.5,0,0.0,0.0,0.0,64,4.0,5.0,6.0,-1.0,1.0,0.25,1.25,0.0,0.0,,,,,,,,,,,,,0.0,,,1,2,-1,Loss,0,Extra Time,,0.0,1.0,51227.0,3.0,1.0,0.0,0.0,0.0,0.0,0.0,0.0,0.0,0.0,0.0,0.0,0.0,0.0,0.0,0.0,0.0,0.0,26.0,26.0,6.435,9.5,6.435,9.5,0.0,0.0,train,tier3
837,2014,Quarter-final,3,1,2014-07-04,Estadio Castelao,Brazil,Colombia,1,CONMEBOL,CONMEBOL,1,1,0,0,2016.9,1968.56,48.34000000000015,0.5691,0.9,0.9,0.0,2.4,0.4,2.8,19.0,4.0,5.0,0.0,6.0,0.0,9.0,0.0,11.05,0.5,0,6.0,6.0,0.0,65,5.0,9.0,4.0,5.0,4.0,0.8,1.8,0.0,0.0,,,,,,,,,,,,,0.0,,,2,1,1,Win,2,Full Time,,1.0,1.0,60342.0,2.0,2.0,0.0,0.0,0.0,0.0,0.0,0.0,0.0,0.0,0.0,0.0,0.0,0.0,0.0,0.0,0.0,0.0,26.0,26.0,6.435,9.5,6.435,9.5,0.0,0.0,train,tier3
837,2014,Quarter-final,3,1,2014-07-04,Estadio Castelao,Colombia,Brazil,0,CONMEBOL,CONMEBOL,1,0,1,0,1968.56,2016.9,-48.34000000000015,0.4309,0.9,0.9,0.0,2.8,0.8,2.4,4.0,19.0,0.0,5.0,0.0,6.0,0.0,9.0,3.5,0.5,0,6.0,6.0,0.0,65,5.0,13.0,2.0,11.0,5.0,1.0,2.6,0.0,0.0,,,,,,,,,,,,,0.0,,,1,2,-1,Loss,0,Full Time,,0.0,1.0,60342.0,2.0,2.0,0.0,0.0,0.0,0.0,0.0,0.0,0.0,0.0,0.0,0.0,0.0,0.0,0.0,0.0,0.0,0.0,26.0,26.0,6.435,9.5,6.435,9.5,0.0,0.0,train,tier3
838,2014,Quarter-final,3,1,2014-07-04,Estadio do Maracana,France,Germany,1,UEFA,UEFA,1,0,0,1,1915.95,2039.97,-124.01999999999998,0.3287,0.8,0.8,0.0,3.4,0.6,3.0,13.0,7.0,1.0,0.0,2.0,1.0,5.0,4.0,7.38,0.333,3,4.0,4.0,0.0,66,5.0,12.0,2.0,10.0,4.0,0.8,2.4,0.0,0.0,,,,,,,,,,,,,0.0,,,0,1,-1,Loss,0,Full Time,,0.0,1.0,74240.0,1.0,1.0,0.0,0.0,0.0,0.0,0.0,0.0,0.0,0.0,0.0,0.0,0.0,0.0,0.0,0.0,0.0,0.0,26.0,26.0,6.435,9.5,6.435,9.5,0.0,0.0,train,tier3
838,2014,Quarter-final,3,1,2014-07-04,Estadio do Maracana,Germany,France,0,UEFA,UEFA,1,0,0,1,2039.97,1915.95,124.01999999999998,0.6713,0.8,0.8,0.0,3.0,1.0,3.4,7.0,13.0,0.0,1.0,1.0,2.0,4.0,5.0,10.71,0.667,3,4.0,4.0,0.0,66,5.0,11.0,4.0,7.0,4.0,0.8,2.2,0.0,0.0,,,,,,,,,,,,,0.0,,,1,0,1,Win,2,Full Time,,1.0,1.0,74240.0,1.0,1.0,0.0,0.0,0.0,0.0,0.0,0.0,0.0,0.0,0.0,0.0,0.0,0.0,0.0,0.0,0.0,0.0,26.0,26.0,6.435,9.5,6.435,9.5,0.0,0.0,train,tier3
839,2014,Quarter-final,3,1,2014-07-04,Estadio do Maracana,France,Germany,1,UEFA,UEFA,1,0,0,1,1915.95,2039.97,-124.01999999999998,0.3287,0.8,0.8,0.0,3.4,0.6,3.0,13.0,7.0,1.0,0.0,2.0,1.0,5.0,4.0,7.38,0.333,3,0.0,0.0,0.0,67,6.0,12.0,3.0,9.0,4.0,0.667,2.0,0.0,0.0,,,,,,,,,,,,,0.0,,,0,1,-1,Loss,0,Full Time,,0.0,1.0,74240.0,1.0,1.0,0.0,0.0,0.0,0.0,0.0,0.0,0.0,0.0,0.0,0.0,0.0,0.0,0.0,0.0,0.0,0.0,26.0,26.0,6.435,9.5,6.435,9.5,0.0,0.0,train,tier3
839,2014,Quarter-final,3,1,2014-07-04,Estadio do Maracana,Germany,France,0,UEFA,UEFA,1,0,0,1,2039.97,1915.95,124.01999999999998,0.6713,0.8,0.8,0.0,3.0,1.0,3.4,7.0,13.0,0.0,1.0,1.0,2.0,4.0,5.0,10.71,0.667,3,0.0,0.0,0.0,67,6.0,12.0,4.0,8.0,5.0,0.833,2.0,0.0,0.0,,,,,,,,,,,,,0.0,,,1,0,1,Win,2,Full Time,,1.0,1.0,74240.0,1.0,1.0,0.0,0.0,0.0,0.0,0.0,0.0,0.0,0.0,0.0,0.0,0.0,0.0,0.0,0.0,0.0,0.0,26.0,26.0,6.435,9.5,6.435,9.5,0.0,0.0,train,tier3
840,2014,Quarter-final,3,1,2014-07-04,Estadio Castelao,Brazil,Colombia,1,CONMEBOL,CONMEBOL,1,1,0,0,2016.9,1968.56,48.34000000000015,0.5691,0.9,0.9,0.0,2.4,0.4,2.8,19.0,4.0,5.0,0.0,6.0,0.0,9.0,0.0,11.05,0.5,0,0.0,0.0,0.0,68,6.0,11.0,5.0,6.0,5.0,0.833,1.833,0.0,0.0,,,,,,,,,,,,,0.0,,,2,1,1,Win,2,Full Time,,1.0,1.0,60342.0,2.0,2.0,0.0,0.0,0.0,0.0,0.0,0.0,0.0,0.0,0.0,0.0,0.0,0.0,0.0,0.0,0.0,0.0,26.0,26.0,6.435,9.5,6.435,9.5,0.0,0.0,train,tier3
840,2014,Quarter-final,3,1,2014-07-04,Estadio Castelao,Colombia,Brazil,0,CONMEBOL,CONMEBOL,1,0,1,0,1968.56,2016.9,-48.34000000000015,0.4309,0.9,0.9,0.0,2.8,0.8,2.4,4.0,19.0,0.0,5.0,0.0,6.0,0.0,9.0,3.5,0.5,0,0.0,0.0,0.0,68,6.0,14.0,4.0,10.0,5.0,0.833,2.333,0.0,0.0,,,,,,,,,,,,,0.0,,,1,2,-1,Loss,0,Full Time,,0.0,1.0,60342.0,2.0,2.0,0.0,0.0,0.0,0.0,0.0,0.0,0.0,0.0,0.0,0.0,0.0,0.0,0.0,0.0,0.0,0.0,26.0,26.0,6.435,9.5,6.435,9.5,0.0,0.0,train,tier3
841,2014,Quarter-final,3,1,2014-07-05,Arena Fonte Nova,Netherlands,Costa Rica,1,UEFA,CONCACAF,0,0,0,1,2027.24,1825.0,202.24,0.7621,1.0,0.6,0.4,2.6,0.6,1.2,9.0,3.0,0.0,0.0,3.0,0.0,4.0,0.0,7.89,0.5,0,6.0,6.0,0.0,69,5.0,14.0,5.0,9.0,5.0,1.0,2.8,0.0,0.0,,,,,,,,,,,,,0.0,,,0,0,0,Win,2,Penalties,,0.0,1.0,51179.0,1.0,3.0,0.0,0.0,0.0,0.0,0.0,0.0,0.0,0.0,0.0,0.0,0.0,0.0,0.0,0.0,0.0,0.0,26.0,26.0,6.435,9.5,6.435,9.5,0.0,0.0,train,tier3
841,2014,Quarter-final,3,1,2014-07-05,Arena Fonte Nova,Costa Rica,Netherlands,0,CONCACAF,UEFA,0,0,0,1,1825.0,2027.24,-202.24,0.2379,0.6,1.0,-0.4,1.2,1.0,2.6,3.0,9.0,0.0,0.0,0.0,3.0,0.0,4.0,4.0,0.5,0,6.0,6.0,0.0,69,5.0,6.0,3.0,3.0,4.0,0.8,1.2,0.0,0.0,,,,,,,,,,,,,0.0,,,0,0,0,Loss,0,Penalties,,0.0,1.0,51179.0,3.0,1.0,0.0,0.0,0.0,0.0,0.0,0.0,0.0,0.0,0.0,0.0,0.0,0.0,0.0,0.0,0.0,0.0,26.0,26.0,6.435,9.5,6.435,9.5,0.0,0.0,train,tier3
842,2014,Quarter-final,3,1,2014-07-05,Estadio Nacional,Argentina,Belgium,1,CONMEBOL,UEFA,0,0,0,1,1995.07,1915.08,79.99000000000001,0.6131,1.0,1.0,0.0,2.2,0.6,1.4,15.0,11.0,2.0,0.0,4.0,0.0,4.0,1.0,8.2,0.5,2,4.0,4.0,0.0,70,5.0,8.0,3.0,5.0,5.0,1.0,1.6,0.0,0.0,,,,,,,,,,,,,0.0,,,1,0,1,Win,2,Full Time,,1.0,1.0,68551.0,2.0,1.0,0.0,0.0,0.0,0.0,0.0,0.0,0.0,0.0,0.0,0.0,0.0,0.0,0.0,0.0,0.0,0.0,26.0,26.0,6.435,9.5,6.435,9.5,0.0,0.0,train,tier3
842,2014,Quarter-final,3,1,2014-07-05,Estadio Nacional,Belgium,Argentina,0,UEFA,CONMEBOL,0,0,0,1,1915.08,1995.07,-79.99000000000001,0.3869,1.0,1.0,0.0,1.4,0.2,2.2,11.0,15.0,0.0,2.0,0.0,4.0,1.0,4.0,4.18,0.5,2,4.0,4.0,0.0,70,5.0,8.0,3.0,5.0,5.0,1.0,1.6,0.0,0.0,,,,,,,,,,,,,0.0,,,0,1,-1,Loss,0,Full Time,,0.0,1.0,68551.0,1.0,2.0,0.0,0.0,0.0,0.0,0.0,0.0,0.0,0.0,0.0,0.0,0.0,0.0,0.0,0.0,0.0,0.0,26.0,26.0,6.435,9.5,6.435,9.5,0.0,0.0,train,tier3
843,2014,Quarter-final,3,1,2014-07-05,Estadio Nacional,Argentina,Belgium,1,CONMEBOL,UEFA,0,0,0,1,1995.07,1915.08,79.99000000000001,0.6131,1.0,1.0,0.0,2.2,0.6,1.4,15.0,11.0,2.0,0.0,4.0,0.0,4.0,1.0,8.2,0.5,2,0.0,0.0,0.0,71,6.0,9.0,3.0,6.0,6.0,1.0,1.5,0.0,0.0,,,,,,,,,,,,,0.0,,,1,0,1,Win,2,Full Time,,1.0,1.0,68551.0,2.0,1.0,0.0,0.0,0.0,0.0,0.0,0.0,0.0,0.0,0.0,0.0,0.0,0.0,0.0,0.0,0.0,0.0,26.0,26.0,6.435,9.5,6.435,9.5,0.0,0.0,train,tier3
843,2014,Quarter-final,3,1,2014-07-05,Estadio Nacional,Belgium,Argentina,0,UEFA,CONMEBOL,0,0,0,1,1915.08,1995.07,-79.99000000000001,0.3869,1.0,1.0,0.0,1.4,0.2,2.2,11.0,15.0,0.0,2.0,0.0,4.0,1.0,4.0,4.18,0.5,2,0.0,0.0,0.0,71,6.0,8.0,4.0,4.0,5.0,0.833,1.333,0.0,0.0,,,,,,,,,,,,,0.0,,,0,1,-1,Loss,0,Full Time,,0.0,1.0,68551.0,1.0,2.0,0.0,0.0,0.0,0.0,0.0,0.0,0.0,0.0,0.0,0.0,0.0,0.0,0.0,0.0,0.0,0.0,26.0,26.0,6.435,9.5,6.435,9.5,0.0,0.0,train,tier3
844,2014,Quarter-final,3,1,2014-07-05,Arena Fonte Nova,Netherlands,Costa Rica,1,UEFA,CONCACAF,0,0,0,1,2027.24,1825.0,202.24,0.7621,1.0,0.6,0.4,2.6,0.6,1.2,9.0,3.0,0.0,0.0,3.0,0.0,4.0,0.0,7.89,0.5,0,0.0,0.0,0.0,72,6.0,14.0,5.0,9.0,6.0,1.0,2.333,0.0,0.0,,,,,,,,,,,,,0.0,,,0,0,0,Win,2,Penalties,,0.0,1.0,51179.0,1.0,3.0,0.0,0.0,0.0,0.0,0.0,0.0,0.0,0.0,0.0,0.0,0.0,0.0,0.0,0.0,0.0,0.0,26.0,26.0,6.435,9.5,6.435,9.5,0.0,0.0,train,tier3
844,2014,Quarter-final,3,1,2014-07-05,Arena Fonte Nova,Costa Rica,Netherlands,0,CONCACAF,UEFA,0,0,0,1,1825.0,2027.24,-202.24,0.2379,0.6,1.0,-0.4,1.2,1.0,2.6,3.0,9.0,0.0,0.0,0.0,3.0,0.0,4.0,4.0,0.5,0,0.0,0.0,0.0,72,6.0,6.0,3.0,3.0,4.0,0.667,1.0,0.0,0.0,,,,,,,,,,,,,0.0,,,0,0,0,Loss,0,Penalties,,0.0,1.0,51179.0,3.0,1.0,0.0,0.0,0.0,0.0,0.0,0.0,0.0,0.0,0.0,0.0,0.0,0.0,0.0,0.0,0.0,0.0,26.0,26.0,6.435,9.5,6.435,9.5,0.0,0.0,train,tier3
845,2014,Semi-final,4,1,2014-07-08,Estadio Mineirao,Brazil,Germany,1,CONMEBOL,UEFA,0,1,0,0,2042.75,2059.69,-16.940000000000055,0.4756,0.8,0.9,-0.1,1.8,0.6,3.0,19.0,7.0,5.0,0.0,6.0,1.0,9.0,4.0,11.05,1.0,1,4.0,4.0,0.0,73,7.0,13.0,6.0,7.0,6.0,0.857,1.857,0.0,0.0,,,,,,,,,,,,,0.0,,,1,7,-6,Loss,0,Full Time,,0.0,1.0,58141.0,2.0,1.0,0.0,0.0,0.0,0.0,0.0,0.0,0.0,0.0,0.0,0.0,0.0,0.0,0.0,0.0,0.0,0.0,26.0,26.0,6.435,9.5,6.435,9.5,0.0,0.0,train,tier3
845,2014,Semi-final,4,1,2014-07-08,Estadio Mineirao,Germany,Brazil,0,UEFA,CONMEBOL,0,0,1,0,2059.69,2042.75,16.940000000000055,0.5244,0.9,0.8,0.1,3.0,0.8,1.8,7.0,19.0,0.0,5.0,1.0,6.0,4.0,9.0,10.71,0.0,1,4.0,4.0,0.0,73,7.0,13.0,4.0,9.0,6.0,0.857,1.857,0.0,0.0,,,,,,,,,,,,,0.0,,,7,1,6,Win,2,Full Time,,5.0,1.0,58141.0,1.0,2.0,0.0,0.0,0.0,0.0,0.0,0.0,0.0,0.0,0.0,0.0,0.0,0.0,0.0,0.0,0.0,0.0,26.0,26.0,6.435,9.5,6.435,9.5,0.0,0.0,train,tier3
846,2014,Semi-final,4,1,2014-07-08,Estadio Mineirao,Brazil,Germany,1,CONMEBOL,UEFA,0,1,0,0,2042.75,2059.69,-16.940000000000055,0.4756,0.8,0.9,-0.1,1.8,0.6,3.0,19.0,7.0,5.0,0.0,6.0,1.0,9.0,4.0,11.05,1.0,1,0.0,0.0,0.0,74,8.0,14.0,13.0,1.0,6.0,0.75,1.75,0.0,0.0,,,,,,,,,,,,,0.0,,,1,7,-6,Loss,0,Full Time,,0.0,1.0,58141.0,2.0,1.0,0.0,0.0,0.0,0.0,0.0,0.0,0.0,0.0,0.0,0.0,0.0,0.0,0.0,0.0,0.0,0.0,26.0,26.0,6.435,9.5,6.435,9.5,0.0,0.0,train,tier3
846,2014,Semi-final,4,1,2014-07-08,Estadio Mineirao,Germany,Brazil,0,UEFA,CONMEBOL,0,0,1,0,2059.69,2042.75,16.940000000000055,0.5244,0.9,0.8,0.1,3.0,0.8,1.8,7.0,19.0,0.0,5.0,1.0,6.0,4.0,9.0,10.71,0.0,1,0.0,0.0,0.0,74,8.0,20.0,5.0,15.0,7.0,0.875,2.5,0.0,0.0,,,,,,,,,,,,,0.0,,,7,1,6,Win,2,Full Time,,5.0,1.0,58141.0,1.0,2.0,0.0,0.0,0.0,0.0,0.0,0.0,0.0,0.0,0.0,0.0,0.0,0.0,0.0,0.0,0.0,0.0,26.0,26.0,6.435,9.5,6.435,9.5,0.0,0.0,train,tier3
847,2014,Semi-final,4,1,2014-07-09,Arena de Sao Paulo,Netherlands,Argentina,1,UEFA,CONMEBOL,0,0,0,1,2011.51,2018.28,-6.769999999999982,0.4903,1.0,1.0,0.0,2.8,0.8,1.8,9.0,15.0,0.0,2.0,3.0,4.0,4.0,4.0,7.89,0.5,4,4.0,4.0,0.0,75,7.0,14.0,5.0,9.0,7.0,1.0,2.0,0.0,0.0,,,,,,,,,,,,,0.0,,,0,0,0,Loss,0,Penalties,,0.0,1.0,63267.0,1.0,2.0,0.0,0.0,0.0,0.0,0.0,0.0,0.0,0.0,0.0,0.0,0.0,0.0,0.0,0.0,0.0,0.0,26.0,26.0,6.435,9.5,6.435,9.5,0.0,0.0,train,tier3
847,2014,Semi-final,4,1,2014-07-09,Arena de Sao Paulo,Argentina,Netherlands,0,CONMEBOL,UEFA,0,0,0,1,2018.28,2011.51,6.769999999999982,0.5097,1.0,1.0,0.0,1.8,0.6,2.8,15.0,9.0,2.0,0.0,4.0,3.0,4.0,4.0,8.2,0.5,4,4.0,4.0,0.0,75,7.0,10.0,3.0,7.0,7.0,1.0,1.429,0.0,0.0,,,,,,,,,,,,,0.0,,,0,0,0,Win,2,Penalties,,0.0,1.0,63267.0,2.0,1.0,0.0,0.0,0.0,0.0,0.0,0.0,0.0,0.0,0.0,0.0,0.0,0.0,0.0,0.0,0.0,0.0,26.0,26.0,6.435,9.5,6.435,9.5,0.0,0.0,train,tier3
848,2014,Semi-final,4,1,2014-07-09,Arena de Sao Paulo,Netherlands,Argentina,1,UEFA,CONMEBOL,0,0,0,1,2011.51,2018.28,-6.769999999999982,0.4903,1.0,1.0,0.0,2.8,0.8,1.8,9.0,15.0,0.0,2.0,3.0,4.0,4.0,4.0,7.89,0.5,4,0.0,0.0,0.0,76,8.0,14.0,5.0,9.0,7.0,0.875,1.75,0.0,0.0,,,,,,,,,,,,,0.0,,,0,0,0,Loss,0,Penalties,,0.0,1.0,63267.0,1.0,2.0,0.0,0.0,0.0,0.0,0.0,0.0,0.0,0.0,0.0,0.0,0.0,0.0,0.0,0.0,0.0,0.0,26.0,26.0,6.435,9.5,6.435,9.5,0.0,0.0,train,tier3
848,2014,Semi-final,4,1,2014-07-09,Arena de Sao Paulo,Argentina,Netherlands,0,CONMEBOL,UEFA,0,0,0,1,2018.28,2011.51,6.769999999999982,0.5097,1.0,1.0,0.0,1.8,0.6,2.8,15.0,9.0,2.0,0.0,4.0,3.0,4.0,4.0,8.2,0.5,4,0.0,0.0,0.0,76,8.0,10.0,3.0,7.0,8.0,1.0,1.25,0.0,0.0,,,,,,,,,,,,,0.0,,,0,0,0,Win,2,Penalties,,0.0,1.0,63267.0,2.0,1.0,0.0,0.0,0.0,0.0,0.0,0.0,0.0,0.0,0.0,0.0,0.0,0.0,0.0,0.0,0.0,0.0,26.0,26.0,6.435,9.5,6.435,9.5,0.0,0.0,train,tier3
849,2014,Third Place,4,1,2014-07-12,Estadio Nacional,Brazil,Netherlands,1,CONMEBOL,UEFA,0,1,0,0,2014.21,2012.09,2.1200000000001182,0.5031,0.8,0.9,-0.1,2.0,0.8,2.4,19.0,9.0,5.0,0.0,6.0,3.0,9.0,4.0,11.05,0.25,4,4.0,3.0,1.0,77,9.0,15.0,20.0,-5.0,6.0,0.667,1.667,0.0,0.0,,,,,,,,,,,,,0.0,,,0,3,-3,Loss,0,Full Time,,0.0,1.0,68034.0,2.0,1.0,0.0,0.0,0.0,0.0,0.0,0.0,0.0,0.0,0.0,0.0,0.0,0.0,0.0,0.0,0.0,0.0,26.0,26.0,6.435,9.5,6.435,9.5,0.0,0.0,train,tier3
849,2014,Third Place,4,1,2014-07-12,Estadio Nacional,Netherlands,Brazil,0,UEFA,CONMEBOL,0,0,1,0,2012.09,2014.21,-2.1200000000001182,0.4969,0.9,0.8,0.1,2.4,0.8,2.0,9.0,19.0,0.0,5.0,3.0,6.0,4.0,9.0,7.89,0.75,4,3.0,4.0,-1.0,77,9.0,14.0,5.0,9.0,7.0,0.778,1.556,0.0,0.0,,,,,,,,,,,,,0.0,,,3,0,3,Win,2,Full Time,,2.0,1.0,68034.0,1.0,2.0,0.0,0.0,0.0,0.0,0.0,0.0,0.0,0.0,0.0,0.0,0.0,0.0,0.0,0.0,0.0,0.0,26.0,26.0,6.435,9.5,6.435,9.5,0.0,0.0,train,tier3
850,2014,Third Place,4,1,2014-07-12,Estadio Nacional,Brazil,Netherlands,1,CONMEBOL,UEFA,0,1,0,0,2014.21,2012.09,2.1200000000001182,0.5031,0.8,0.9,-0.1,2.0,0.8,2.4,19.0,9.0,5.0,0.0,6.0,3.0,9.0,4.0,11.05,0.25,4,0.0,0.0,0.0,78,10.0,15.0,23.0,-8.0,6.0,0.6,1.5,0.0,0.0,,,,,,,,,,,,,0.0,,,0,3,-3,Loss,0,Full Time,,0.0,1.0,68034.0,2.0,1.0,0.0,0.0,0.0,0.0,0.0,0.0,0.0,0.0,0.0,0.0,0.0,0.0,0.0,0.0,0.0,0.0,26.0,26.0,6.435,9.5,6.435,9.5,0.0,0.0,train,tier3
850,2014,Third Place,4,1,2014-07-12,Estadio Nacional,Netherlands,Brazil,0,UEFA,CONMEBOL,0,0,1,0,2012.09,2014.21,-2.1200000000001182,0.4969,0.9,0.8,0.1,2.4,0.8,2.0,9.0,19.0,0.0,5.0,3.0,6.0,4.0,9.0,7.89,0.75,4,0.0,0.0,0.0,78,10.0,17.0,5.0,12.0,8.0,0.8,1.7,0.0,0.0,,,,,,,,,,,,,0.0,,,3,0,3,Win,2,Full Time,,2.0,1.0,68034.0,1.0,2.0,0.0,0.0,0.0,0.0,0.0,0.0,0.0,0.0,0.0,0.0,0.0,0.0,0.0,0.0,0.0,0.0,26.0,26.0,6.435,9.5,6.435,9.5,0.0,0.0,train,tier3
851,2014,Final,5,1,2014-07-13,Estadio do Maracana,Germany,Argentina,1,UEFA,CONMEBOL,0,0,0,1,2088.23,2017.7,70.52999999999997,0.6001,0.9,1.0,-0.1,2.0,0.6,1.6,7.0,15.0,0.0,2.0,1.0,4.0,4.0,4.0,10.71,0.5,6,5.0,4.0,1.0,79,9.0,27.0,6.0,21.0,8.0,0.889,3.0,0.0,0.0,,,,,,,,,,,,,0.0,,,1,0,1,Win,2,Extra Time,,0.0,1.0,74738.0,1.0,2.0,0.0,0.0,0.0,0.0,0.0,0.0,0.0,0.0,0.0,0.0,0.0,0.0,0.0,0.0,0.0,0.0,26.0,26.0,6.435,9.5,6.435,9.5,0.0,0.0,train,tier3
851,2014,Final,5,1,2014-07-13,Estadio do Maracana,Argentina,Germany,0,CONMEBOL,UEFA,0,0,0,1,2017.7,2088.23,-70.52999999999997,0.3999,1.0,0.9,0.1,1.6,0.6,2.0,15.0,7.0,2.0,0.0,4.0,1.0,4.0,4.0,8.2,0.5,6,4.0,5.0,-1.0,79,9.0,10.0,3.0,7.0,9.0,1.0,1.111,0.0,0.0,,,,,,,,,,,,,0.0,,,0,1,-1,Loss,0,Extra Time,,0.0,1.0,74738.0,2.0,1.0,0.0,0.0,0.0,0.0,0.0,0.0,0.0,0.0,0.0,0.0,0.0,0.0,0.0,0.0,0.0,0.0,26.0,26.0,6.435,9.5,6.435,9.5,0.0,0.0,train,tier3
852,2014,Final,5,1,2014-07-13,Estadio do Maracana,Germany,Argentina,1,UEFA,CONMEBOL,0,0,0,1,2088.23,2017.7,70.52999999999997,0.6001,0.9,1.0,-0.1,2.0,0.6,1.6,7.0,15.0,0.0,2.0,1.0,4.0,4.0,4.0,10.71,0.5,6,0.0,0.0,0.0,80,10.0,28.0,6.0,22.0,9.0,0.9,2.8,0.0,0.0,,,,,,,,,,,,,0.0,,,1,0,1,Win,2,Extra Time,,0.0,1.0,74738.0,1.0,2.0,0.0,0.0,0.0,0.0,0.0,0.0,0.0,0.0,0.0,0.0,0.0,0.0,0.0,0.0,0.0,0.0,26.0,26.0,6.435,9.5,6.435,9.5,0.0,0.0,train,tier3
852,2014,Final,5,1,2014-07-13,Estadio do Maracana,Argentina,Germany,0,CONMEBOL,UEFA,0,0,0,1,2017.7,2088.23,-70.52999999999997,0.3999,1.0,0.9,0.1,1.6,0.6,2.0,15.0,7.0,2.0,0.0,4.0,1.0,4.0,4.0,8.2,0.5,6,0.0,0.0,0.0,80,10.0,10.0,4.0,6.0,9.0,0.9,1.0,0.0,0.0,,,,,,,,,,,,,0.0,,,0,1,-1,Loss,0,Extra Time,,0.0,1.0,74738.0,2.0,1.0,0.0,0.0,0.0,0.0,0.0,0.0,0.0,0.0,0.0,0.0,0.0,0.0,0.0,0.0,0.0,0.0,26.0,26.0,6.435,9.5,6.435,9.5,0.0,0.0,train,tier3
853,2018,Group Stage,1,0,2018-06-14,"Luzhniki Stadium, Moscow",Russia,Saudi Arabia,1,UEFA,AFC,0,1,0,0,1714.71,1690.11,24.600000000000136,0.5353,0.1,0.4,-0.3,0.8,2.2,1.0,3.0,4.0,0.0,0.0,0.0,0.0,0.0,0.0,4.33,0.5,0,4.0,4.0,0.0,1,0.0,0.0,0.0,0.0,0.0,0.5,0.0,0.0,0.0,14.0,7.0,0.5,38.0,22.0,1.0,0.0,3.0,6.0,2.45,0.3,2.1500000000000004,23.0,1.0,0.0,5,0,5,Win,2,Full Time,,,0.0,78011.0,1.0,5.0,2.394,3.4,11.8,7.2,9.8,11.4,0.684386111111111,19.0,1.023,0.667,11.67,7.67,14.67,19.67,0.8244268292682926,20.0,22.0,25.0,6.261,9.0,5.457,8.5,0.804,-3.0,train,tier2
853,2018,Group Stage,1,0,2018-06-14,"Luzhniki Stadium, Moscow",Saudi Arabia,Russia,0,AFC,UEFA,0,0,1,0,1690.11,1714.71,-24.600000000000136,0.4647,0.4,0.1,0.3,1.0,1.8,0.8,4.0,3.0,0.0,0.0,0.0,0.0,0.0,0.0,2.25,0.5,0,4.0,4.0,0.0,1,0.0,0.0,0.0,0.0,0.0,0.5,0.0,0.0,0.0,6.0,0.0,0.0,62.0,10.0,1.0,0.0,1.0,2.0,0.3,2.45,-2.1500000000000004,23.0,1.0,0.0,0,5,-5,Loss,0,Full Time,,,0.0,78011.0,5.0,1.0,1.023,0.667,11.67,7.67,14.67,19.67,0.8244268292682926,20.0,2.394,3.4,11.8,7.2,9.8,11.4,0.684386111111111,19.0,25.0,22.0,5.457,8.5,6.261,9.0,-0.804,3.0,train,tier2
854,2018,Group Stage,1,0,2018-06-15,"Ekaterinburg Arena, Ekaterinburg",Egypt,Uruguay,1,CAF,CONMEBOL,0,0,0,1,1696.84,1868.38,-171.5400000000002,0.2714,0.3,0.7,-0.4,0.6,1.0,1.6,2.0,12.0,0.0,2.0,0.0,1.0,0.0,4.0,1.5,0.5,0,4.0,4.0,0.0,2,0.0,0.0,0.0,0.0,0.0,0.5,0.0,0.0,0.0,8.0,3.0,0.375,41.0,12.0,2.0,0.0,1.0,0.0,1.15,2.0,-0.8500000000000001,23.0,1.0,0.0,0,1,-1,Loss,0,Full Time,,,0.0,42699.0,4.0,2.0,0.995,0.667,10.33,6.67,13.67,11.33,0.7237261904761905,16.0,1.48,1.2,12.6,8.2,12.4,13.2,0.74337,19.0,29.0,22.0,5.978,9.5,7.174,9.5,-1.196,7.0,train,tier2
854,2018,Group Stage,1,0,2018-06-15,"Ekaterinburg Arena, Ekaterinburg",Uruguay,Egypt,0,CONMEBOL,CAF,0,0,0,1,1868.38,1696.84,171.5400000000002,0.7286,0.7,0.3,0.4,1.6,0.8,0.6,12.0,2.0,2.0,0.0,1.0,0.0,4.0,0.0,6.67,0.5,0,4.0,4.0,0.0,2,0.0,0.0,0.0,0.0,0.0,0.5,0.0,0.0,0.0,15.0,5.0,0.333,59.0,6.0,0.0,0.0,1.0,5.0,2.0,1.15,0.8500000000000001,23.0,0.0,0.0,1,0,1,Win,2,Full Time,,,0.0,42699.0,2.0,4.0,1.48,1.2,12.6,8.2,12.4,13.2,0.74337,19.0,0.995,0.667,10.33,6.67,13.67,11.33,0.7237261904761905,16.0,22.0,29.0,7.174,9.5,5.978,9.5,1.196,-7.0,train,tier2
855,2018,Group Stage,1,0,2018-06-15,"Saint Petersburg Stadium, Saint Petersburg",Morocco,Iran,1,CAF,AFC,0,0,0,1,1756.88,1856.37,-99.48999999999978,0.3606,0.9,0.6,0.3,1.6,0.4,1.6,4.0,3.0,0.0,0.0,0.0,0.0,0.0,0.0,3.0,0.5,0,4.0,4.0,0.0,3,0.0,0.0,0.0,0.0,0.0,0.5,0.0,0.0,0.0,13.0,3.0,0.231,68.0,22.0,1.0,0.0,0.0,5.0,1.4,0.95,0.4499999999999999,23.0,1.0,0.0,0,1,-1,Loss,0,Full Time,,,0.0,42099.0,4.0,5.0,1.195,0.667,13.0,9.33,10.33,22.67,0.7443690476190477,19.0,0.9,0.333,7.67,3.67,13.0,11.67,0.598297619047619,16.0,33.0,27.311475409836067,7.174,10.0,7.286459016393444,9.311475409836063,0.0,0.0,train,tier2
855,2018,Group Stage,1,0,2018-06-15,"Saint Petersburg Stadium, Saint Petersburg",Iran,Morocco,0,AFC,CAF,0,0,0,1,1856.37,1756.88,99.48999999999978,0.6394,0.6,0.9,-0.3,1.6,0.8,1.6,3.0,4.0,0.0,0.0,0.0,0.0,0.0,0.0,1.67,0.5,0,4.0,4.0,0.0,3,0.0,0.0,0.0,0.0,0.0,0.5,0.0,0.0,0.0,9.0,2.0,0.222,32.0,14.0,3.0,0.0,0.0,2.0,0.95,1.4,-0.4499999999999999,22.0,3.0,0.0,1,0,1,Win,2,Full Time,,,0.0,42099.0,5.0,4.0,0.9,0.333,7.67,3.67,13.0,11.67,0.598297619047619,16.0,1.195,0.667,13.0,9.33,10.33,22.67,0.7443690476190477,19.0,27.311475409836067,33.0,7.286459016393444,9.311475409836063,7.174,10.0,0.0,0.0,train,tier2
856,2018,Group Stage,1,0,2018-06-15,"Fisht Stadium, Sochi",Portugal,Spain,1,UEFA,UEFA,1,0,0,1,1955.24,2007.93,-52.690000000000055,0.4247,0.5,0.7,-0.2,1.0,1.4,3.2,6.0,14.0,0.0,1.0,0.0,1.0,2.0,1.0,7.17,0.0,1,4.0,4.0,0.0,4,0.0,0.0,0.0,0.0,0.0,0.5,0.0,0.0,0.0,9.0,3.0,0.333,33.0,12.0,1.0,0.0,1.0,4.0,1.2,2.15,-0.95,23.0,1.0,0.0,3,3,0,Draw,1,Full Time,,,0.0,44438.0,1.0,1.0,1.209,1.5,14.5,10.0,7.25,17.0,0.7784781818181817,18.0,2.955,2.25,19.25,14.25,7.5,25.25,0.8662052631578947,17.0,31.0,22.0,7.261,10.0,9.109,10.0,-1.848,9.0,train,tier2
856,2018,Group Stage,1,0,2018-06-15,"Fisht Stadium, Sochi",Spain,Portugal,0,UEFA,UEFA,1,0,0,1,2007.93,1955.24,52.690000000000055,0.5753,0.7,0.5,0.2,3.2,1.2,1.0,14.0,6.0,1.0,0.0,1.0,0.0,1.0,2.0,6.57,1.0,1,4.0,4.0,0.0,4,0.0,0.0,0.0,0.0,0.0,0.5,0.0,0.0,0.0,13.0,6.0,0.462,67.0,10.0,1.0,0.0,3.0,5.0,2.15,1.2,0.95,23.0,1.0,0.0,3,3,0,Draw,1,Full Time,,,0.0,44438.0,1.0,1.0,2.955,2.25,19.25,14.25,7.5,25.25,0.8662052631578947,17.0,1.209,1.5,14.5,10.0,7.25,17.0,0.7784781818181817,18.0,22.0,31.0,9.109,10.0,7.261,10.0,1.848,-9.0,train,tier2
857,2018,Group Stage,1,0,2018-06-16,"Kazan Arena, Kazan",France,Australia,1,UEFA,AFC,0,0,0,1,1945.88,1818.54,127.34000000000016,0.6755,0.7,0.6,0.1,2.4,1.4,1.6,14.0,4.0,1.0,0.0,2.0,0.0,5.0,0.0,7.71,0.5,0,4.0,4.0,0.0,5,0.0,0.0,0.0,0.0,0.0,0.5,0.0,0.0,0.0,12.0,5.0,0.417,55.0,16.0,1.0,0.0,0.0,5.0,1.85,0.55,1.3,23.0,1.0,0.0,2,1,1,Win,2,Full Time,,,0.0,43517.0,1.0,5.0,1.257,1.714,11.71,7.57,11.43,19.71,0.7685062500000001,21.0,1.341,0.667,11.33,8.0,8.0,12.67,0.761752380952381,15.0,22.0,27.0,8.522,10.0,6.5,8.5,2.022,-5.0,train,tier2
857,2018,Group Stage,1,0,2018-06-16,"Kazan Arena, Kazan",Australia,France,0,AFC,UEFA,0,0,0,1,1818.54,1945.88,-127.34000000000016,0.3245,0.6,0.7,-0.1,1.6,1.0,2.4,4.0,14.0,0.0,1.0,0.0,2.0,0.0,5.0,2.75,0.5,0,4.0,4.0,0.0,5,0.0,0.0,0.0,0.0,0.0,0.5,0.0,0.0,0.0,6.0,1.0,0.167,45.0,19.0,3.0,0.0,0.0,1.0,0.55,1.85,-1.3,23.0,3.0,0.0,1,2,-1,Loss,0,Full Time,,,0.0,43517.0,5.0,1.0,1.341,0.667,11.33,8.0,8.0,12.67,0.761752380952381,15.0,1.257,1.714,11.71,7.57,11.43,19.71,0.7685062500000001,21.0,27.0,22.0,6.5,8.5,8.522,10.0,-2.022,5.0,train,tier2
858,2018,Group Stage,1,0,2018-06-16,"Spartak Stadium, Moscow",Argentina,Iceland,1,CONMEBOL,UEFA,0,0,0,1,1936.88,1775.66,161.22000000000003,0.7167,0.6,0.4,0.2,1.8,2.2,2.6,16.0,0.0,2.0,0.0,5.0,0.0,5.0,0.0,8.31,0.5,0,4.0,4.0,0.0,6,0.0,0.0,0.0,0.0,0.0,0.5,0.0,0.0,0.0,27.0,7.0,0.259,78.0,10.0,0.0,0.0,0.0,10.0,3.1,0.9,2.2,23.0,0.0,0.0,1,1,0,Draw,1,Full Time,,,0.0,44190.0,2.0,1.0,1.399,1.5,14.5,10.5,8.5,20.0,0.8002527272727272,20.0,1.572,0.667,12.0,7.67,14.67,11.67,0.6433190476190477,18.0,25.0,31.0,7.87,9.5,6.435,8.5,1.435,-6.0,train,tier2
858,2018,Group Stage,1,0,2018-06-16,"Spartak Stadium, Moscow",Iceland,Argentina,0,UEFA,CONMEBOL,0,0,0,1,1775.66,1936.88,-161.22000000000003,0.2833,0.4,0.6,-0.2,2.6,2.0,1.8,0.0,16.0,0.0,2.0,0.0,5.0,0.0,5.0,0.0,0.5,0,4.0,4.0,0.0,6,0.0,0.0,0.0,0.0,0.0,0.5,0.0,0.0,0.0,8.0,2.0,0.25,22.0,15.0,0.0,0.0,0.0,2.0,0.9,3.1,-2.2,23.0,0.0,0.0,1,1,0,Draw,1,Full Time,,,0.0,44190.0,1.0,2.0,1.572,0.667,12.0,7.67,14.67,11.67,0.6433190476190477,18.0,1.399,1.5,14.5,10.5,8.5,20.0,0.8002527272727272,20.0,31.0,25.0,6.435,8.5,7.87,9.5,-1.435,6.0,train,tier2
859,2018,Group Stage,1,0,2018-06-16,"Mordovia Arena, Saransk",Peru,Denmark,1,CONMEBOL,UEFA,0,0,0,1,1921.52,1805.64,115.87999999999988,0.6608,1.0,0.6,0.4,2.4,0.2,1.2,4.0,4.0,0.0,0.0,0.0,0.0,0.0,0.0,4.75,0.5,0,4.0,4.0,0.0,7,0.0,0.0,0.0,0.0,0.0,0.5,0.0,0.0,0.0,17.0,6.0,0.353,54.0,10.0,1.0,0.0,5.0,3.0,2.35,1.25,1.1,23.0,1.0,0.0,0,1,-1,Loss,0,Full Time,,,0.0,41215.0,2.0,1.0,0.963,0.667,11.0,9.33,8.33,15.67,0.7914928571428571,17.0,1.722,1.25,11.25,6.5,11.0,15.0,0.7580327272727273,19.0,27.0,35.0,5.783,8.5,7.63,9.0,-1.847,-8.0,train,tier2
859,2018,Group Stage,1,0,2018-06-16,"Mordovia Arena, Saransk",Denmark,Peru,0,UEFA,CONMEBOL,0,0,0,1,1805.64,1921.52,-115.87999999999988,0.3392,0.6,1.0,-0.4,1.2,0.4,2.4,4.0,4.0,0.0,0.0,0.0,0.0,0.0,0.0,6.75,0.5,0,4.0,4.0,0.0,7,0.0,0.0,0.0,0.0,0.0,0.5,0.0,0.0,0.0,10.0,3.0,0.3,46.0,18.0,2.0,0.0,3.0,7.0,1.25,2.35,-1.1,23.0,2.0,0.0,1,0,1,Win,2,Full Time,,,0.0,41215.0,1.0,2.0,1.722,1.25,11.25,6.5,11.0,15.0,0.7580327272727273,19.0,0.963,0.667,11.0,9.33,8.33,15.67,0.7914928571428571,17.0,35.0,27.0,7.63,9.0,5.783,8.5,1.847,8.0,train,tier2
860,2018,Group Stage,1,0,2018-06-16,"Kaliningrad Stadium, Kaliningrad",Croatia,Nigeria,1,UEFA,CAF,0,0,0,1,1830.1,1693.24,136.8599999999999,0.6874,0.5,0.5,0.0,1.0,1.0,1.4,4.0,5.0,0.0,0.0,0.0,0.0,1.0,0.0,5.25,0.5,0,4.0,4.0,0.0,8,0.0,0.0,0.0,0.0,0.0,0.5,0.0,0.0,0.0,11.0,2.0,0.182,55.0,20.0,2.0,0.0,2.0,6.0,1.05,1.2,-0.1499999999999999,23.0,2.0,0.0,2,0,2,Win,2,Full Time,,,0.0,43428.0,1.0,4.0,2.783,2.857,17.71,11.0,8.71,15.57,0.7511212121212122,21.0,1.127,1.0,13.0,9.67,13.67,18.67,0.7219219512195122,16.0,32.0,25.0,7.457,10.0,6.739,9.0,0.718,7.0,train,tier2
860,2018,Group Stage,1,0,2018-06-16,"Kaliningrad Stadium, Kaliningrad",Nigeria,Croatia,0,CAF,UEFA,0,0,0,1,1693.24,1830.1,-136.8599999999999,0.3126,0.5,0.5,0.0,1.4,1.4,1.0,5.0,4.0,0.0,0.0,0.0,0.0,0.0,1.0,4.0,0.5,0,4.0,4.0,0.0,8,0.0,0.0,0.0,0.0,0.0,0.5,0.0,0.0,0.0,14.0,2.0,0.143,45.0,16.0,1.0,0.0,1.0,5.0,1.2,1.05,0.1499999999999999,23.0,1.0,0.0,0,2,-2,Loss,0,Full Time,,,0.0,43428.0,4.0,1.0,1.127,1.0,13.0,9.67,13.67,18.67,0.7219219512195122,16.0,2.783,2.857,17.71,11.0,8.71,15.57,0.7511212121212122,21.0,25.0,32.0,6.739,9.0,7.457,10.0,-0.718,-7.0,train,tier2
861,2018,Group Stage,1,0,2018-06-17,"Samara Arena, Samara",Costa Rica,Serbia,1,CONCACAF,UEFA,0,0,0,1,1782.62,1747.85,34.76999999999998,0.5499,0.4,0.5,-0.1,0.8,0.8,1.2,4.0,1.0,0.0,0.0,0.0,0.0,0.0,0.0,4.5,0.5,0,4.0,4.0,0.0,9,0.0,0.0,0.0,0.0,0.0,0.5,0.0,0.0,0.0,10.0,3.0,0.3,53.0,18.0,2.0,0.0,1.0,5.0,1.25,1.25,0.0,23.0,2.0,0.0,0,1,-1,Loss,0,Full Time,,,0.0,41334.0,3.0,1.0,0.777,0.333,9.33,6.33,10.0,15.0,0.7397738095238096,20.0,1.365,0.667,11.67,9.67,8.33,15.33,0.7226874999999999,18.0,34.0,21.0,6.022,10.0,6.978,9.0,-0.956,13.0,train,tier2
861,2018,Group Stage,1,0,2018-06-17,"Samara Arena, Samara",Serbia,Costa Rica,0,UEFA,CONCACAF,0,0,0,1,1747.85,1782.62,-34.76999999999998,0.4501,0.5,0.4,0.1,1.2,0.8,0.8,1.0,4.0,0.0,0.0,0.0,0.0,0.0,0.0,2.0,0.5,0,4.0,4.0,0.0,9,0.0,0.0,0.0,0.0,0.0,0.5,0.0,0.0,0.0,10.0,3.0,0.3,47.0,15.0,2.0,0.0,3.0,4.0,1.25,1.25,0.0,23.0,2.0,0.0,1,0,1,Win,2,Full Time,,,0.0,41334.0,1.0,3.0,1.365,0.667,11.67,9.67,8.33,15.33,0.7226874999999999,18.0,0.777,0.333,9.33,6.33,10.0,15.0,0.7397738095238096,20.0,21.0,34.0,6.978,9.0,6.022,10.0,0.956,-13.0,train,tier2
862,2018,Group Stage,1,0,2018-06-17,"Luzhniki Stadium, Moscow",Germany,Mexico,1,UEFA,CONCACAF,0,0,0,1,2013.12,1865.17,147.94999999999982,0.7009,0.3,0.7,-0.4,0.8,1.2,1.0,8.0,15.0,1.0,0.0,2.0,0.0,5.0,0.0,13.0,0.667,3,4.0,4.0,0.0,10,0.0,0.0,0.0,0.0,0.0,0.5,0.0,0.0,0.0,26.0,9.0,0.346,67.0,10.0,2.0,0.0,1.0,8.0,3.55,1.65,1.9,22.0,2.0,0.0,0,1,-1,Loss,0,Full Time,,,0.0,81022.0,1.0,3.0,2.108,0.667,24.33,18.67,5.67,15.33,0.8316904761904761,20.0,1.266,0.75,15.5,11.5,11.5,27.25,0.7938625,19.0,29.0,28.0,8.435,10.0,6.543,8.5,1.892,1.0,train,tier2
862,2018,Group Stage,1,0,2018-06-17,"Luzhniki Stadium, Moscow",Mexico,Germany,0,CONCACAF,UEFA,0,0,0,1,1865.17,2013.12,-147.94999999999982,0.2991,0.7,0.3,0.4,1.0,0.2,0.8,15.0,8.0,0.0,1.0,0.0,2.0,0.0,5.0,3.87,0.3329999999999999,3,4.0,4.0,0.0,10,0.0,0.0,0.0,0.0,0.0,0.5,0.0,0.0,0.0,13.0,4.0,0.308,33.0,16.0,2.0,0.0,1.0,1.0,1.65,3.55,-1.9,23.0,2.0,0.0,1,0,1,Win,2,Full Time,,,0.0,81022.0,3.0,1.0,1.266,0.75,15.5,11.5,11.5,27.25,0.7938625,19.0,2.108,0.667,24.33,18.67,5.67,15.33,0.8316904761904761,20.0,28.0,29.0,6.543,8.5,8.435,10.0,-1.892,-1.0,train,tier2
863,2018,Group Stage,1,0,2018-06-17,"Rostov Arena, Rostov-on-Don",Brazil,Switzerland,1,CONMEBOL,UEFA,0,0,0,1,2062.9,1878.4,184.5,0.7431,0.9,0.8,0.1,1.8,0.2,1.8,20.0,10.0,5.0,0.0,6.0,0.0,10.0,0.0,11.25,0.0,1,4.0,4.0,0.0,11,0.0,0.0,0.0,0.0,0.0,0.5,0.0,0.0,0.0,21.0,5.0,0.238,55.0,11.0,1.0,0.0,1.0,7.0,2.3,0.8,1.4999999999999998,22.0,1.0,0.0,1,1,0,Draw,1,Full Time,,,0.0,44268.0,2.0,1.0,2.462,1.6,20.6,15.6,10.8,24.4,0.8427971428571429,18.0,0.946,1.25,13.75,9.0,9.25,15.5,0.7807999999999999,17.0,25.0,31.0,8.283,10.0,7.652,9.0,0.631,-6.0,train,tier2
863,2018,Group Stage,1,0,2018-06-17,"Rostov Arena, Rostov-on-Don",Switzerland,Brazil,0,UEFA,CONMEBOL,0,0,0,1,1878.4,2062.9,-184.5,0.2569,0.8,0.9,-0.1,1.8,0.2,1.8,10.0,20.0,0.0,5.0,0.0,6.0,0.0,10.0,4.5,1.0,1,4.0,4.0,0.0,11,0.0,0.0,0.0,0.0,0.0,0.5,0.0,0.0,0.0,6.0,2.0,0.333,45.0,19.0,3.0,0.0,0.0,2.0,0.8,2.3,-1.4999999999999998,23.0,2.0,0.0,1,1,0,Draw,1,Full Time,,,0.0,44268.0,1.0,2.0,0.946,1.25,13.75,9.0,9.25,15.5,0.7807999999999999,17.0,2.462,1.6,20.6,15.6,10.8,24.4,0.8427971428571429,18.0,31.0,25.0,7.652,9.0,8.283,10.0,-0.631,6.0,train,tier2
864,2018,Group Stage,1,0,2018-06-18,"Nizhny Novgorod Stadium, Nizhny Novgorod",Sweden,South Korea,1,UEFA,AFC,0,0,0,1,1776.77,1742.76,34.00999999999999,0.5488,0.4,0.3,0.1,0.6,0.8,1.2,11.0,0.0,0.0,0.0,1.0,0.0,3.0,0.0,6.73,0.5,0,4.0,4.0,0.0,12,0.0,0.0,0.0,0.0,0.0,0.5,0.0,0.0,0.0,15.0,4.0,0.267,56.0,20.0,1.0,0.0,1.0,6.0,1.75,0.25,1.5,22.0,1.0,0.0,1,0,1,Win,2,Full Time,,,0.0,43168.0,1.0,5.0,1.473,1.0,11.6,7.4,8.6,10.4,0.6878528571428572,19.0,1.004,1.0,11.33,7.67,6.33,18.33,0.7532166666666666,19.0,29.0,27.311475409836067,6.935,9.0,7.286459016393444,9.311475409836063,0.0,0.0,train,tier2
864,2018,Group Stage,1,0,2018-06-18,"Nizhny Novgorod Stadium, Nizhny Novgorod",South Korea,Sweden,0,AFC,UEFA,0,0,0,1,1742.76,1776.77,-34.00999999999999,0.4512,0.3,0.4,-0.1,1.2,1.6,0.6,0.0,11.0,0.0,0.0,0.0,1.0,0.0,3.0,0.0,0.5,0,4.0,4.0,0.0,12,0.0,0.0,0.0,0.0,0.0,0.5,0.0,0.0,0.0,5.0,0.0,0.0,44.0,23.0,2.0,0.0,0.0,5.0,0.25,1.75,-1.5,23.0,2.0,0.0,0,1,-1,Loss,0,Full Time,,,0.0,43168.0,5.0,1.0,1.004,1.0,11.33,7.67,6.33,18.33,0.7532166666666666,19.0,1.473,1.0,11.6,7.4,8.6,10.4,0.6878528571428572,19.0,27.311475409836067,29.0,7.286459016393444,9.311475409836063,6.935,9.0,0.0,0.0,train,tier2
865,2018,Group Stage,1,0,2018-06-18,"Fisht Stadium, Sochi",Belgium,Panama,1,UEFA,CONCACAF,0,0,0,1,1940.36,1717.17,223.18999999999983,0.7833,0.8,0.4,0.4,2.2,0.6,0.4,12.0,0.0,0.0,0.0,0.0,0.0,1.0,0.0,4.5,0.5,0,4.0,4.0,0.0,13,0.0,0.0,0.0,0.0,0.0,0.5,0.0,0.0,0.0,15.0,6.0,0.4,62.0,17.0,3.0,0.0,1.0,9.0,2.25,0.85,1.4,21.0,3.0,0.0,3,0,3,Win,2,Full Time,,,0.0,42969.0,1.0,3.0,1.818,2.143,15.43,11.57,8.14,16.29,0.8345734042553191,21.0,0.799,0.333,8.0,5.67,12.33,12.67,0.7722833333333334,20.0,31.0,30.0,8.109,9.5,5.239,8.5,2.87,1.0,train,tier2
865,2018,Group Stage,1,0,2018-06-18,"Fisht Stadium, Sochi",Panama,Belgium,0,CONCACAF,UEFA,0,0,0,1,1717.17,1940.36,-223.18999999999983,0.2167,0.4,0.8,-0.4,0.4,1.6,2.2,0.0,12.0,0.0,0.0,0.0,0.0,0.0,1.0,0.0,0.5,0,4.0,4.0,0.0,13,0.0,0.0,0.0,0.0,0.0,0.5,0.0,0.0,0.0,7.0,2.0,0.286,38.0,18.0,5.0,0.0,2.0,3.0,0.85,2.25,-1.4,23.0,5.0,0.0,0,3,-3,Loss,0,Full Time,,,0.0,42969.0,3.0,1.0,0.799,0.333,8.0,5.67,12.33,12.67,0.7722833333333334,20.0,1.818,2.143,15.43,11.57,8.14,16.29,0.8345734042553191,21.0,30.0,31.0,5.239,8.5,8.109,9.5,-2.87,-1.0,train,tier2
866,2018,Group Stage,1,0,2018-06-18,"Volgograd Arena, Volgograd",Tunisia,England,1,CAF,UEFA,0,0,0,1,1745.05,1932.69,-187.6400000000001,0.2535,0.7,0.7,0.0,1.2,0.8,0.8,4.0,14.0,0.0,1.0,0.0,1.0,0.0,2.0,2.0,0.0,1,4.0,4.0,0.0,14,0.0,0.0,0.0,0.0,0.0,0.5,0.0,0.0,0.0,6.0,1.0,0.167,39.0,14.0,0.0,0.0,2.0,2.0,0.55,2.9,-2.35,23.0,0.0,0.0,1,2,-1,Loss,0,Full Time,,,0.0,43866.0,4.0,1.0,1.662,1.667,12.67,10.0,11.67,13.0,0.7849524999999999,23.0,2.257,2.286,14.43,9.43,6.29,17.29,0.8028989795918368,21.0,25.0,25.0,5.957,8.5,8.913,9.5,-2.956,0.0,train,tier2
866,2018,Group Stage,1,0,2018-06-18,"Volgograd Arena, Volgograd",England,Tunisia,0,UEFA,CAF,0,0,0,1,1932.69,1745.05,187.6400000000001,0.7465,0.7,0.7,0.0,0.8,0.4,1.2,14.0,4.0,1.0,0.0,1.0,0.0,2.0,0.0,5.64,1.0,1,4.0,4.0,0.0,14,0.0,0.0,0.0,0.0,0.0,0.5,0.0,0.0,0.0,18.0,8.0,0.444,61.0,8.0,1.0,0.0,3.0,7.0,2.9,0.55,2.35,23.0,1.0,0.0,2,1,1,Win,2,Full Time,,,0.0,43866.0,1.0,4.0,2.257,2.286,14.43,9.43,6.29,17.29,0.8028989795918368,21.0,1.662,1.667,12.67,10.0,11.67,13.0,0.7849524999999999,23.0,25.0,25.0,8.913,9.5,5.957,8.5,2.956,0.0,train,tier2
867,2018,Group Stage,1,0,2018-06-19,"Mordovia Arena, Saransk",Colombia,Japan,1,CONMEBOL,AFC,0,0,0,1,1872.87,1769.33,103.53999999999996,0.6447,0.6,0.1,0.5,1.8,1.0,0.6,5.0,5.0,0.0,0.0,0.0,0.0,0.0,0.0,5.8,1.0,1,4.0,4.0,0.0,15,0.0,0.0,0.0,0.0,0.0,0.5,0.0,0.0,0.0,8.0,3.0,0.375,38.0,15.0,2.0,1.0,2.0,3.0,1.15,2.2,-1.0500000000000005,23.0,2.0,1.0,1,2,-1,Loss,0,Full Time,,,0.0,44264.0,2.0,5.0,1.807,2.25,11.5,7.5,8.5,19.75,0.7419333333333333,20.0,1.222,1.5,11.0,8.25,10.5,10.5,0.7848581818181818,18.0,25.0,30.0,7.37,9.5,6.804,8.5,0.566,-5.0,train,tier2
867,2018,Group Stage,1,0,2018-06-19,"Mordovia Arena, Saransk",Japan,Colombia,0,AFC,CONMEBOL,0,0,0,1,1769.33,1872.87,-103.53999999999996,0.3553,0.1,0.6,-0.5,0.6,2.2,1.8,5.0,5.0,0.0,0.0,0.0,0.0,0.0,0.0,2.8,0.0,1,4.0,4.0,0.0,15,0.0,0.0,0.0,0.0,0.0,0.5,0.0,0.0,0.0,14.0,6.0,0.429,62.0,9.0,1.0,0.0,1.0,6.0,2.2,1.15,1.0500000000000005,23.0,0.0,0.0,2,1,1,Win,2,Full Time,,,0.0,44264.0,5.0,2.0,1.222,1.5,11.0,8.25,10.5,10.5,0.7848581818181818,18.0,1.807,2.25,11.5,7.5,8.5,19.75,0.7419333333333333,20.0,30.0,25.0,6.804,8.5,7.37,9.5,-0.566,5.0,train,tier2
868,2018,Group Stage,1,0,2018-06-19,"Spartak Stadium, Moscow",Poland,Senegal,1,UEFA,CAF,0,0,0,1,1838.66,1791.36,47.30000000000018,0.5677,0.4,0.5,-0.1,1.0,1.2,0.8,7.0,1.0,0.0,0.0,0.0,0.0,2.0,0.0,6.29,0.5,0,4.0,4.0,0.0,16,0.0,0.0,0.0,0.0,0.0,0.5,0.0,0.0,0.0,11.0,4.0,0.364,61.0,8.0,1.0,0.0,3.0,3.0,1.55,0.9,0.65,23.0,1.0,0.0,1,2,-1,Loss,0,Full Time,,,0.0,44268.0,1.0,4.0,1.066,0.667,10.67,7.67,11.67,14.67,0.7878097560975609,21.0,1.222,1.0,9.67,6.0,14.33,14.67,0.7140547619047619,18.0,24.0,28.0,7.043,8.5,7.5,9.5,-0.457,-4.0,train,tier2
868,2018,Group Stage,1,0,2018-06-19,"Spartak Stadium, Moscow",Senegal,Poland,0,CAF,UEFA,0,0,0,1,1791.36,1838.66,-47.30000000000018,0.4323,0.5,0.4,0.1,0.8,0.8,1.0,1.0,7.0,0.0,0.0,0.0,0.0,0.0,2.0,7.0,0.5,0,4.0,4.0,0.0,16,0.0,0.0,0.0,0.0,0.0,0.5,0.0,0.0,0.0,8.0,2.0,0.25,39.0,15.0,2.0,0.0,2.0,3.0,0.9,1.55,-0.65,23.0,1.0,0.0,2,1,1,Win,2,Full Time,,,0.0,44268.0,4.0,1.0,1.222,1.0,9.67,6.0,14.33,14.67,0.7140547619047619,18.0,1.066,0.667,10.67,7.67,11.67,14.67,0.7878097560975609,21.0,28.0,24.0,7.5,9.5,7.043,8.5,0.457,4.0,train,tier2
869,2018,Group Stage,1,0,2018-06-19,"Saint Petersburg Stadium, Saint Petersburg",Russia,Egypt,1,UEFA,CAF,0,1,0,0,1742.59,1680.56,62.02999999999997,0.5883,0.2,0.2,0.0,1.0,2.2,0.4,3.0,2.0,0.0,0.0,0.0,0.0,0.0,0.0,4.33,0.5,0,5.0,4.0,1.0,17,1.0,5.0,0.0,5.0,1.0,1.0,5.0,14.0,2.45,11.0,3.0,0.273,49.0,11.0,1.0,0.0,0.0,7.0,1.3,0.9,0.4,22.0,2.0,0.0,3,1,2,Win,2,Full Time,,,0.0,78011.0,1.0,4.0,2.394,3.4,11.8,7.2,9.8,11.4,0.684386111111111,19.0,0.995,0.667,10.33,6.67,13.67,11.33,0.7237261904761905,16.0,22.0,29.0,6.261,9.0,5.978,9.5,0.283,-7.0,train,tier2
869,2018,Group Stage,1,0,2018-06-19,"Saint Petersburg Stadium, Saint Petersburg",Egypt,Russia,0,CAF,UEFA,0,0,1,0,1680.56,1742.59,-62.02999999999997,0.4117,0.2,0.2,0.0,0.4,1.4,1.0,2.0,3.0,0.0,0.0,0.0,0.0,0.0,0.0,1.5,0.5,0,4.0,5.0,-1.0,17,1.0,0.0,1.0,-1.0,0.0,0.0,0.0,8.0,1.15,13.0,1.0,0.077,51.0,10.0,1.0,0.0,0.0,4.0,0.9,1.3,-0.4,23.0,1.0,0.0,1,3,-2,Loss,0,Full Time,,,0.0,78011.0,4.0,1.0,0.995,0.667,10.33,6.67,13.67,11.33,0.7237261904761905,16.0,2.394,3.4,11.8,7.2,9.8,11.4,0.684386111111111,19.0,29.0,22.0,5.978,9.5,6.261,9.0,-0.283,7.0,train,tier2
870,2018,Group Stage,1,0,2018-06-20,"Luzhniki Stadium, Moscow",Portugal,Morocco,1,UEFA,CAF,0,0,0,1,1959.76,1735.24,224.52,0.7846,0.6,0.9,-0.3,1.4,1.2,1.8,6.0,4.0,0.0,0.0,0.0,0.0,2.0,0.0,7.17,0.0,1,5.0,5.0,0.0,18,1.0,3.0,3.0,0.0,0.0,0.0,3.0,9.0,1.2,10.0,2.0,0.2,45.0,19.0,1.0,0.0,1.0,5.0,1.0,1.75,-0.75,23.0,1.0,0.0,1,0,1,Win,2,Full Time,,,0.0,44190.0,1.0,4.0,1.209,1.5,14.5,10.0,7.25,17.0,0.7784781818181817,18.0,1.195,0.667,13.0,9.33,10.33,22.67,0.7443690476190477,19.0,31.0,33.0,7.261,10.0,7.174,10.0,0.087,-2.0,train,tier2
870,2018,Group Stage,1,0,2018-06-20,"Luzhniki Stadium, Moscow",Morocco,Portugal,0,CAF,UEFA,0,0,0,1,1735.24,1959.76,-224.52,0.2154,0.9,0.6,0.3,1.8,0.6,1.4,4.0,6.0,0.0,0.0,0.0,0.0,0.0,2.0,3.0,1.0,1,5.0,5.0,0.0,18,1.0,0.0,1.0,-1.0,0.0,0.0,0.0,13.0,1.4,15.0,4.0,0.267,55.0,23.0,1.0,0.0,1.0,7.0,1.75,1.0,0.75,22.0,1.0,0.0,0,1,-1,Loss,0,Full Time,,,0.0,44190.0,4.0,1.0,1.195,0.667,13.0,9.33,10.33,22.67,0.7443690476190477,19.0,1.209,1.5,14.5,10.0,7.25,17.0,0.7784781818181817,18.0,33.0,31.0,7.174,10.0,7.261,10.0,-0.087,2.0,train,tier2
871,2018,Group Stage,1,0,2018-06-20,"Rostov Arena, Rostov-on-Don",Uruguay,Saudi Arabia,1,CONMEBOL,AFC,0,0,0,1,1884.66,1662.23,222.4300000000001,0.7825,0.7,0.4,0.3,1.4,0.4,1.2,12.0,4.0,2.0,0.0,1.0,0.0,4.0,0.0,6.67,0.5,0,5.0,6.0,-1.0,19,1.0,1.0,0.0,1.0,1.0,1.0,1.0,15.0,2.0,13.0,3.0,0.231,47.0,10.0,0.0,0.0,1.0,3.0,1.4,0.9,0.4999999999999999,23.0,0.0,0.0,1,0,1,Win,2,Full Time,,,0.0,41270.0,2.0,5.0,1.48,1.2,12.6,8.2,12.4,13.2,0.74337,19.0,1.023,0.667,11.67,7.67,14.67,19.67,0.8244268292682926,20.0,22.0,25.0,7.174,9.5,5.457,8.5,1.717,-3.0,train,tier2
871,2018,Group Stage,1,0,2018-06-20,"Rostov Arena, Rostov-on-Don",Saudi Arabia,Uruguay,0,AFC,CONMEBOL,0,0,0,1,1662.23,1884.66,-222.4300000000001,0.2175,0.4,0.7,-0.3,1.2,1.4,1.4,4.0,12.0,0.0,2.0,0.0,1.0,0.0,4.0,2.25,0.5,0,6.0,5.0,1.0,19,1.0,0.0,5.0,-5.0,0.0,0.0,0.0,6.0,0.3,8.0,2.0,0.25,53.0,13.0,0.0,0.0,2.0,4.0,0.9,1.4,-0.4999999999999999,23.0,0.0,0.0,0,1,-1,Loss,0,Full Time,,,0.0,41270.0,5.0,2.0,1.023,0.667,11.67,7.67,14.67,19.67,0.8244268292682926,20.0,1.48,1.2,12.6,8.2,12.4,13.2,0.74337,19.0,25.0,22.0,5.457,8.5,7.174,9.5,-1.717,3.0,train,tier2
872,2018,Group Stage,1,0,2018-06-20,"Kazan Arena, Kazan",Iran,Spain,1,AFC,UEFA,0,0,0,1,1878.01,2003.41,-125.40000000000008,0.327,0.6,0.7,-0.1,1.0,0.8,2.4,3.0,14.0,0.0,1.0,0.0,1.0,0.0,1.0,1.67,0.5,0,5.0,5.0,0.0,20,1.0,1.0,0.0,1.0,1.0,1.0,1.0,9.0,0.95,7.0,0.0,0.0,22.0,14.0,2.0,0.0,2.0,2.0,0.35,2.15,-1.7999999999999998,22.0,2.0,0.0,0,1,-1,Loss,0,Full Time,,,0.0,42165.0,5.0,1.0,0.9,0.333,7.67,3.67,13.0,11.67,0.598297619047619,16.0,2.955,2.25,19.25,14.25,7.5,25.25,0.8662052631578947,17.0,27.311475409836067,22.0,7.286459016393444,9.311475409836063,9.109,10.0,0.0,0.0,train,tier2
872,2018,Group Stage,1,0,2018-06-20,"Kazan Arena, Kazan",Spain,Iran,0,UEFA,AFC,0,0,0,1,2003.41,1878.01,125.40000000000008,0.673,0.7,0.6,0.1,2.4,1.2,1.0,14.0,3.0,1.0,0.0,1.0,0.0,1.0,0.0,6.57,0.5,0,5.0,5.0,0.0,20,1.0,3.0,3.0,0.0,0.0,0.0,3.0,13.0,2.15,18.0,5.0,0.278,78.0,14.0,0.0,0.0,1.0,6.0,2.15,0.35,1.7999999999999998,23.0,0.0,0.0,1,0,1,Win,2,Full Time,,,0.0,42165.0,1.0,5.0,2.955,2.25,19.25,14.25,7.5,25.25,0.8662052631578947,17.0,0.9,0.333,7.67,3.67,13.0,11.67,0.598297619047619,16.0,22.0,27.311475409836067,9.109,10.0,7.286459016393444,9.311475409836063,0.0,0.0,train,tier2
873,2018,Group Stage,1,0,2018-06-21,"Samara Arena, Samara",Denmark,Australia,1,UEFA,AFC,0,0,0,1,1845.29,1799.07,46.22000000000003,0.5661,0.6,0.7,-0.1,0.6,0.2,2.0,4.0,4.0,0.0,0.0,0.0,0.0,0.0,0.0,6.75,0.5,0,5.0,5.0,0.0,21,1.0,1.0,0.0,1.0,1.0,1.0,1.0,10.0,1.25,10.0,5.0,0.5,47.0,7.0,2.0,0.0,1.0,3.0,1.75,1.65,0.1,22.0,2.0,0.0,1,1,0,Draw,1,Full Time,,,0.0,43285.0,1.0,5.0,1.722,1.25,11.25,6.5,11.0,15.0,0.7580327272727273,19.0,1.341,0.667,11.33,8.0,8.0,12.67,0.761752380952381,15.0,35.0,27.0,7.63,9.0,6.5,8.5,1.13,8.0,train,tier2
873,2018,Group Stage,1,0,2018-06-21,"Samara Arena, Samara",Australia,Denmark,0,AFC,UEFA,0,0,0,1,1799.07,1845.29,-46.22000000000003,0.4339,0.7,0.6,0.1,2.0,1.2,0.6,4.0,4.0,0.0,0.0,0.0,0.0,0.0,0.0,2.75,0.5,0,5.0,5.0,0.0,21,1.0,1.0,2.0,-1.0,0.0,0.0,1.0,6.0,0.55,13.0,4.0,0.308,53.0,5.0,0.0,0.0,0.0,5.0,1.65,1.75,-0.1,23.0,0.0,0.0,1,1,0,Draw,1,Full Time,,,0.0,43285.0,5.0,1.0,1.341,0.667,11.33,8.0,8.0,12.67,0.761752380952381,15.0,1.722,1.25,11.25,6.5,11.0,15.0,0.7580327272727273,19.0,27.0,35.0,6.5,8.5,7.63,9.0,-1.13,-8.0,train,tier2
874,2018,Group Stage,1,0,2018-06-21,"Ekaterinburg Arena, Ekaterinburg",France,Peru,1,UEFA,CONMEBOL,0,0,0,1,1965.35,1881.87,83.48000000000002,0.6179,0.7,0.9,-0.2,2.2,1.2,2.0,14.0,4.0,1.0,0.0,2.0,0.0,5.0,0.0,7.71,0.5,0,5.0,5.0,0.0,22,1.0,2.0,1.0,1.0,1.0,1.0,2.0,12.0,1.85,12.0,4.0,0.333,43.0,11.0,2.0,0.0,0.0,5.0,1.6,1.0,0.6000000000000001,23.0,2.0,0.0,1,0,1,Win,2,Full Time,,,0.0,42504.0,1.0,2.0,1.257,1.714,11.71,7.57,11.43,19.71,0.7685062500000001,21.0,0.963,0.667,11.0,9.33,8.33,15.67,0.7914928571428571,17.0,22.0,27.0,8.522,10.0,5.783,8.5,2.739,-5.0,train,tier2
874,2018,Group Stage,1,0,2018-06-21,"Ekaterinburg Arena, Ekaterinburg",Peru,France,0,CONMEBOL,UEFA,0,0,0,1,1881.87,1965.35,-83.48000000000002,0.3821,0.9,0.7,0.2,2.0,0.2,2.2,4.0,14.0,0.0,1.0,0.0,2.0,0.0,5.0,4.75,0.5,0,5.0,5.0,0.0,22,1.0,0.0,1.0,-1.0,0.0,0.0,0.0,17.0,2.35,10.0,2.0,0.2,57.0,15.0,2.0,0.0,1.0,3.0,1.0,1.6,-0.6000000000000001,23.0,2.0,0.0,0,1,-1,Loss,0,Full Time,,,0.0,42504.0,2.0,1.0,0.963,0.667,11.0,9.33,8.33,15.67,0.7914928571428571,17.0,1.257,1.714,11.71,7.57,11.43,19.71,0.7685062500000001,21.0,27.0,22.0,5.783,8.5,8.522,10.0,-2.739,5.0,train,tier2
875,2018,Group Stage,1,0,2018-06-21,"Nizhny Novgorod Stadium, Nizhny Novgorod",Argentina,Croatia,1,CONMEBOL,UEFA,0,0,0,1,1923.88,1848.86,75.02000000000021,0.6063,0.6,0.5,0.1,2.0,2.0,0.6,16.0,4.0,2.0,0.0,5.0,0.0,5.0,1.0,8.31,1.0,1,5.0,5.0,0.0,23,1.0,1.0,1.0,0.0,0.0,0.0,1.0,27.0,3.1,10.0,3.0,0.3,58.0,16.0,3.0,0.0,3.0,5.0,1.25,1.95,-0.7,23.0,4.0,0.0,0,3,-3,Loss,0,Full Time,,,0.0,43319.0,2.0,1.0,1.399,1.5,14.5,10.5,8.5,20.0,0.8002527272727272,20.0,2.783,2.857,17.71,11.0,8.71,15.57,0.7511212121212122,21.0,25.0,32.0,7.87,9.5,7.457,10.0,0.413,-7.0,train,tier2
875,2018,Group Stage,1,0,2018-06-21,"Nizhny Novgorod Stadium, Nizhny Novgorod",Croatia,Argentina,0,UEFA,CONMEBOL,0,0,0,1,1848.86,1923.88,-75.02000000000021,0.3937,0.5,0.6,-0.1,0.6,1.0,2.0,4.0,16.0,0.0,2.0,0.0,5.0,1.0,5.0,5.25,0.0,1,5.0,5.0,0.0,23,1.0,2.0,0.0,2.0,1.0,1.0,2.0,11.0,1.05,14.0,5.0,0.357,42.0,22.0,4.0,0.0,3.0,2.0,1.95,1.25,0.7,22.0,4.0,0.0,3,0,3,Win,2,Full Time,,,0.0,43319.0,1.0,2.0,2.783,2.857,17.71,11.0,8.71,15.57,0.7511212121212122,21.0,1.399,1.5,14.5,10.5,8.5,20.0,0.8002527272727272,20.0,32.0,25.0,7.457,10.0,7.87,9.5,-0.413,7.0,train,tier2
876,2018,Group Stage,1,0,2018-06-22,"Saint Petersburg Stadium, Saint Petersburg",Brazil,Costa Rica,1,CONMEBOL,CONCACAF,0,0,0,1,2048.31,1749.63,298.67999999999984,0.848,0.9,0.4,0.5,1.8,0.0,1.0,20.0,4.0,5.0,0.0,6.0,0.0,10.0,0.0,11.25,1.0,2,5.0,5.0,0.0,24,1.0,1.0,1.0,0.0,0.0,0.0,1.0,21.0,2.3,22.0,10.0,0.455,72.0,11.0,2.0,0.0,3.0,9.0,3.6,0.15,3.45,22.0,2.0,0.0,2,0,2,Win,2,Full Time,,,0.0,42877.0,2.0,3.0,2.462,1.6,20.6,15.6,10.8,24.4,0.8427971428571429,18.0,0.777,0.333,9.33,6.33,10.0,15.0,0.7397738095238096,20.0,25.0,34.0,8.283,10.0,6.022,10.0,2.261,-9.0,train,tier2
876,2018,Group Stage,1,0,2018-06-22,"Saint Petersburg Stadium, Saint Petersburg",Costa Rica,Brazil,0,CONCACAF,CONMEBOL,0,0,0,1,1749.63,2048.31,-298.67999999999984,0.152,0.4,0.9,-0.5,1.0,1.4,1.8,4.0,20.0,0.0,5.0,0.0,6.0,0.0,10.0,4.5,0.0,2,5.0,5.0,0.0,24,1.0,0.0,1.0,-1.0,0.0,0.0,0.0,10.0,1.25,3.0,0.0,0.0,28.0,11.0,1.0,0.0,3.0,1.0,0.15,3.6,-3.45,23.0,1.0,0.0,0,2,-2,Loss,0,Full Time,,,0.0,42877.0,3.0,2.0,0.777,0.333,9.33,6.33,10.0,15.0,0.7397738095238096,20.0,2.462,1.6,20.6,15.6,10.8,24.4,0.8427971428571429,18.0,34.0,25.0,6.022,10.0,8.283,10.0,-2.261,9.0,train,tier2
877,2018,Group Stage,1,0,2018-06-22,"Volgograd Arena, Volgograd",Nigeria,Iceland,1,CAF,UEFA,0,0,0,1,1674.48,1788.66,-114.18000000000006,0.3414,0.3,0.3,0.0,0.6,1.2,1.8,5.0,0.0,0.0,0.0,0.0,0.0,0.0,0.0,4.0,0.5,0,6.0,6.0,0.0,25,1.0,0.0,2.0,-2.0,0.0,0.0,0.0,14.0,1.2,16.0,4.0,0.25,62.0,9.0,1.0,0.0,1.0,6.0,1.8,1.2,0.6000000000000001,23.0,1.0,0.0,2,0,2,Win,2,Full Time,,,0.0,44287.0,4.0,1.0,1.127,1.0,13.0,9.67,13.67,18.67,0.7219219512195122,16.0,1.572,0.667,12.0,7.67,14.67,11.67,0.6433190476190477,18.0,25.0,31.0,6.739,9.0,6.435,8.5,0.304,-6.0,train,tier2
877,2018,Group Stage,1,0,2018-06-22,"Volgograd Arena, Volgograd",Iceland,Nigeria,0,UEFA,CAF,0,0,0,1,1788.66,1674.48,114.18000000000006,0.6586,0.3,0.3,0.0,1.8,2.4,0.6,0.0,5.0,0.0,0.0,0.0,0.0,0.0,0.0,0.0,0.5,0,6.0,6.0,0.0,25,1.0,1.0,1.0,0.0,0.0,0.0,1.0,8.0,0.9,9.0,3.0,0.333,38.0,10.0,0.0,0.0,0.0,5.0,1.2,1.8,-0.6000000000000001,23.0,0.0,0.0,0,2,-2,Loss,0,Full Time,,,0.0,44287.0,1.0,4.0,1.572,0.667,12.0,7.67,14.67,11.67,0.6433190476190477,18.0,1.127,1.0,13.0,9.67,13.67,18.67,0.7219219512195122,16.0,31.0,25.0,6.435,8.5,6.739,9.0,-0.304,6.0,train,tier2
878,2018,Group Stage,1,0,2018-06-22,"Kaliningrad Stadium, Kaliningrad",Serbia,Switzerland,1,UEFA,UEFA,1,0,0,1,1780.84,1892.99,-112.15000000000008,0.344,0.5,0.8,-0.3,1.8,1.0,2.0,1.0,10.0,0.0,0.0,0.0,0.0,0.0,0.0,2.0,0.5,0,5.0,5.0,0.0,26,1.0,1.0,0.0,1.0,1.0,1.0,1.0,10.0,1.25,13.0,3.0,0.231,37.0,17.0,4.0,0.0,0.0,3.0,1.4,2.25,-0.8500000000000001,23.0,4.0,0.0,1,2,-1,Loss,0,Full Time,,,0.0,44190.0,1.0,1.0,1.365,0.667,11.67,9.67,8.33,15.33,0.7226874999999999,18.0,0.946,1.25,13.75,9.0,9.25,15.5,0.7807999999999999,17.0,21.0,31.0,6.978,9.0,7.652,9.0,-0.674,-10.0,train,tier2
878,2018,Group Stage,1,0,2018-06-22,"Kaliningrad Stadium, Kaliningrad",Switzerland,Serbia,0,UEFA,UEFA,1,0,0,1,1892.99,1780.84,112.15000000000008,0.656,0.8,0.5,0.3,2.0,0.2,1.8,10.0,1.0,0.0,0.0,0.0,0.0,0.0,0.0,4.5,0.5,0,5.0,5.0,0.0,26,1.0,1.0,1.0,0.0,0.0,0.0,1.0,6.0,0.8,20.0,5.0,0.25,63.0,13.0,1.0,0.0,3.0,7.0,2.25,1.4,0.8500000000000001,23.0,1.0,0.0,2,1,1,Win,2,Full Time,,,0.0,44190.0,1.0,1.0,0.946,1.25,13.75,9.0,9.25,15.5,0.7807999999999999,17.0,1.365,0.667,11.67,9.67,8.33,15.33,0.7226874999999999,18.0,31.0,21.0,7.652,9.0,6.978,9.0,0.674,10.0,train,tier2
879,2018,Group Stage,1,0,2018-06-23,"Spartak Stadium, Moscow",Belgium,Tunisia,1,UEFA,CAF,0,0,0,1,1953.36,1729.84,223.52,0.7836,0.9,0.6,0.3,2.4,0.2,1.2,12.0,4.0,0.0,0.0,0.0,0.0,1.0,0.0,4.5,0.0,1,5.0,5.0,0.0,27,1.0,3.0,0.0,3.0,1.0,1.0,3.0,15.0,2.25,23.0,12.0,0.522,49.0,12.0,0.0,0.0,3.0,5.0,4.15,2.05,2.1000000000000005,23.0,0.0,0.0,5,2,3,Win,2,Full Time,,,0.0,41734.0,1.0,4.0,1.818,2.143,15.43,11.57,8.14,16.29,0.8345734042553191,21.0,1.662,1.667,12.67,10.0,11.67,13.0,0.7849524999999999,23.0,31.0,25.0,8.109,9.5,5.957,8.5,2.152,6.0,train,tier2
879,2018,Group Stage,1,0,2018-06-23,"Spartak Stadium, Moscow",Tunisia,Belgium,0,CAF,UEFA,0,0,0,1,1729.84,1953.36,-223.52,0.2164,0.6,0.9,-0.3,1.2,1.0,2.4,4.0,12.0,0.0,0.0,0.0,0.0,0.0,1.0,2.0,1.0,1,5.0,5.0,0.0,27,1.0,1.0,2.0,-1.0,0.0,0.0,1.0,6.0,0.55,16.0,5.0,0.312,51.0,13.0,1.0,0.0,3.0,2.0,2.05,4.15,-2.1000000000000005,22.0,1.0,0.0,2,5,-3,Loss,0,Full Time,,,0.0,41734.0,4.0,1.0,1.662,1.667,12.67,10.0,11.67,13.0,0.7849524999999999,23.0,1.818,2.143,15.43,11.57,8.14,16.29,0.8345734042553191,21.0,25.0,31.0,5.957,8.5,8.109,9.5,-2.152,-6.0,train,tier2
880,2018,Group Stage,1,0,2018-06-23,"Rostov Arena, Rostov-on-Don",South Korea,Mexico,1,AFC,CONCACAF,0,0,0,1,1715.69,1907.23,-191.54,0.2493,0.3,0.5,-0.2,1.0,1.6,0.8,0.0,15.0,0.0,0.0,0.0,0.0,0.0,0.0,0.0,0.0,1,5.0,6.0,-1.0,28,1.0,0.0,1.0,-1.0,0.0,0.0,0.0,5.0,0.25,17.0,6.0,0.353,41.0,24.0,4.0,0.0,0.0,7.0,2.35,1.9,0.4500000000000002,22.0,3.0,0.0,1,2,-1,Loss,0,Full Time,,,0.0,42114.0,5.0,3.0,1.004,1.0,11.33,7.67,6.33,18.33,0.7532166666666666,19.0,1.266,0.75,15.5,11.5,11.5,27.25,0.7938625,19.0,27.311475409836067,28.0,7.286459016393444,9.311475409836063,6.543,8.5,0.0,0.0,train,tier2
880,2018,Group Stage,1,0,2018-06-23,"Rostov Arena, Rostov-on-Don",Mexico,South Korea,0,CONCACAF,AFC,0,0,0,1,1907.23,1715.69,191.54,0.7507,0.5,0.3,0.2,0.8,0.6,1.0,15.0,0.0,0.0,0.0,0.0,0.0,0.0,0.0,3.87,1.0,1,6.0,5.0,1.0,28,1.0,1.0,0.0,1.0,1.0,1.0,1.0,13.0,1.65,13.0,5.0,0.385,59.0,7.0,0.0,0.0,0.0,5.0,1.9,2.35,-0.4500000000000002,23.0,0.0,0.0,2,1,1,Win,2,Full Time,,,0.0,42114.0,3.0,5.0,1.266,0.75,15.5,11.5,11.5,27.25,0.7938625,19.0,1.004,1.0,11.33,7.67,6.33,18.33,0.7532166666666666,19.0,28.0,27.311475409836067,6.543,8.5,7.286459016393444,9.311475409836063,0.0,0.0,train,tier2
881,2018,Group Stage,1,0,2018-06-23,"Fisht Stadium, Sochi",Germany,Sweden,1,UEFA,UEFA,1,0,0,1,1971.06,1803.84,167.22000000000003,0.7236,0.4,0.4,0.0,1.2,1.4,0.4,8.0,11.0,1.0,0.0,2.0,1.0,5.0,3.0,13.0,0.75,4,6.0,5.0,1.0,29,1.0,0.0,1.0,-1.0,0.0,0.0,0.0,26.0,3.55,18.0,6.0,0.333,76.0,12.0,0.0,1.0,5.0,8.0,2.4,1.6,0.7999999999999998,23.0,1.0,0.0,2,1,1,Win,2,Full Time,,,0.0,43168.0,1.0,1.0,2.108,0.667,24.33,18.67,5.67,15.33,0.8316904761904761,20.0,1.473,1.0,11.6,7.4,8.6,10.4,0.6878528571428572,19.0,29.0,29.0,8.435,10.0,6.935,9.0,1.5,0.0,train,tier2
881,2018,Group Stage,1,0,2018-06-23,"Fisht Stadium, Sochi",Sweden,Germany,0,UEFA,UEFA,1,0,0,1,1803.84,1971.06,-167.22000000000003,0.2764,0.4,0.4,0.0,0.4,0.6,1.2,11.0,8.0,0.0,1.0,1.0,2.0,3.0,5.0,6.73,0.25,4,5.0,6.0,-1.0,29,1.0,1.0,0.0,1.0,1.0,1.0,1.0,15.0,1.75,7.0,5.0,0.714,24.0,13.0,2.0,0.0,2.0,3.0,1.6,2.4,-0.7999999999999998,23.0,2.0,0.0,1,2,-1,Loss,0,Full Time,,,0.0,43168.0,1.0,1.0,1.473,1.0,11.6,7.4,8.6,10.4,0.6878528571428572,19.0,2.108,0.667,24.33,18.67,5.67,15.33,0.8316904761904761,20.0,29.0,29.0,6.935,9.0,8.435,10.0,-1.5,0.0,train,tier2
882,2018,Group Stage,1,0,2018-06-24,"Nizhny Novgorod Stadium, Nizhny Novgorod",England,Panama,1,UEFA,CONCACAF,0,0,0,1,1947.9,1704.17,243.73,0.8027,0.8,0.3,0.5,1.2,0.4,0.2,14.0,0.0,1.0,0.0,1.0,0.0,2.0,0.0,5.64,0.5,0,6.0,6.0,0.0,30,1.0,2.0,1.0,1.0,1.0,1.0,2.0,18.0,2.9,11.0,7.0,0.636,60.0,13.0,1.0,0.0,3.0,3.0,2.3,0.9,1.4,23.0,1.0,0.0,6,1,5,Win,2,Full Time,,,0.0,44190.0,1.0,3.0,2.257,2.286,14.43,9.43,6.29,17.29,0.8028989795918368,21.0,0.799,0.333,8.0,5.67,12.33,12.67,0.7722833333333334,20.0,25.0,30.0,8.913,9.5,5.239,8.5,3.674,-5.0,train,tier2
882,2018,Group Stage,1,0,2018-06-24,"Nizhny Novgorod Stadium, Nizhny Novgorod",Panama,England,0,CONCACAF,UEFA,0,0,0,1,1704.17,1947.9,-243.73,0.1973,0.3,0.8,-0.5,0.2,1.6,1.2,0.0,14.0,0.0,1.0,0.0,1.0,0.0,2.0,0.0,0.5,0,6.0,6.0,0.0,30,1.0,0.0,3.0,-3.0,0.0,0.0,0.0,7.0,0.85,8.0,2.0,0.25,40.0,13.0,3.0,0.0,0.0,2.0,0.9,2.3,-1.4,23.0,3.0,0.0,1,6,-5,Loss,0,Full Time,,,0.0,44190.0,3.0,1.0,0.799,0.333,8.0,5.67,12.33,12.67,0.7722833333333334,20.0,2.257,2.286,14.43,9.43,6.29,17.29,0.8028989795918368,21.0,30.0,25.0,5.239,8.5,8.913,9.5,-3.674,5.0,train,tier2
883,2018,Group Stage,1,0,2018-06-24,"Ekaterinburg Arena, Ekaterinburg",Japan,Senegal,1,AFC,CAF,0,0,0,1,1808.01,1825.42,-17.410000000000082,0.475,0.3,0.5,-0.2,1.2,1.8,0.8,5.0,1.0,0.0,0.0,0.0,0.0,0.0,0.0,2.8,0.5,0,5.0,5.0,0.0,31,1.0,2.0,1.0,1.0,1.0,1.0,2.0,14.0,2.2,7.0,3.0,0.429,57.0,8.0,2.0,0.0,2.0,2.0,1.1,2.5,-1.4,23.0,2.0,0.0,2,2,0,Draw,1,Full Time,,,0.0,44438.0,5.0,4.0,1.222,1.5,11.0,8.25,10.5,10.5,0.7848581818181818,18.0,1.222,1.0,9.67,6.0,14.33,14.67,0.7140547619047619,18.0,30.0,28.0,6.804,8.5,7.5,9.5,-0.696,2.0,train,tier2
883,2018,Group Stage,1,0,2018-06-24,"Ekaterinburg Arena, Ekaterinburg",Senegal,Japan,0,CAF,AFC,0,0,0,1,1825.42,1808.01,17.410000000000082,0.525,0.5,0.3,0.2,0.8,0.6,1.2,1.0,5.0,0.0,0.0,0.0,0.0,0.0,0.0,7.0,0.5,0,5.0,5.0,0.0,31,1.0,2.0,1.0,1.0,1.0,1.0,2.0,8.0,0.9,15.0,7.0,0.467,43.0,15.0,3.0,0.0,4.0,5.0,2.5,1.1,1.4,23.0,3.0,0.0,2,2,0,Draw,1,Full Time,,,0.0,44438.0,4.0,5.0,1.222,1.0,9.67,6.0,14.33,14.67,0.7140547619047619,18.0,1.222,1.5,11.0,8.25,10.5,10.5,0.7848581818181818,18.0,28.0,30.0,7.5,9.5,6.804,8.5,0.696,-2.0,train,tier2
884,2018,Group Stage,1,0,2018-06-24,"Kazan Arena, Kazan",Poland,Colombia,1,UEFA,CONMEBOL,0,0,0,1,1804.6,1834.19,-29.590000000000146,0.4575,0.5,0.6,-0.1,1.8,1.2,1.6,7.0,5.0,0.0,0.0,0.0,0.0,2.0,0.0,6.29,0.5,0,5.0,5.0,0.0,32,1.0,1.0,2.0,-1.0,0.0,0.0,1.0,11.0,1.55,9.0,2.0,0.222,45.0,15.0,2.0,0.0,1.0,7.0,0.95,1.65,-0.7,23.0,2.0,0.0,0,3,-3,Loss,0,Full Time,,,0.0,44166.0,1.0,2.0,1.066,0.667,10.67,7.67,11.67,14.67,0.7878097560975609,21.0,1.807,2.25,11.5,7.5,8.5,19.75,0.7419333333333333,20.0,24.0,25.0,7.043,8.5,7.37,9.5,-0.327,-1.0,train,tier2
884,2018,Group Stage,1,0,2018-06-24,"Kazan Arena, Kazan",Colombia,Poland,0,CONMEBOL,UEFA,0,0,0,1,1834.19,1804.6,29.590000000000146,0.5425,0.6,0.5,0.1,1.6,0.8,1.8,5.0,7.0,0.0,0.0,0.0,0.0,0.0,2.0,5.8,0.5,0,5.0,5.0,0.0,32,1.0,1.0,2.0,-1.0,0.0,0.0,1.0,8.0,1.15,13.0,4.0,0.308,55.0,10.0,0.0,0.0,1.0,5.0,1.65,0.95,0.7,22.0,0.0,0.0,3,0,3,Win,2,Full Time,,,0.0,44166.0,2.0,1.0,1.807,2.25,11.5,7.5,8.5,19.75,0.7419333333333333,20.0,1.066,0.667,10.67,7.67,11.67,14.67,0.7878097560975609,21.0,25.0,24.0,7.37,9.5,7.043,8.5,0.327,1.0,train,tier2
885,2018,Group Stage,1,0,2018-06-25,"Volgograd Arena, Volgograd",Saudi Arabia,Egypt,1,AFC,CAF,0,0,0,1,1649.18,1655.86,-6.679999999999836,0.4904,0.2,0.2,0.0,0.8,2.4,0.2,4.0,2.0,0.0,0.0,0.0,0.0,0.0,0.0,2.25,0.5,0,5.0,6.0,-1.0,33,2.0,0.0,6.0,-6.0,0.0,0.0,0.0,14.0,1.2,23.0,8.0,0.348,65.0,7.0,0.0,0.0,1.0,7.0,3.15,0.6,2.55,20.0,0.0,0.0,2,1,1,Win,2,Full Time,,,0.0,41427.0,5.0,4.0,1.023,0.667,11.67,7.67,14.67,19.67,0.8244268292682926,20.0,0.995,0.667,10.33,6.67,13.67,11.33,0.7237261904761905,16.0,25.0,29.0,5.457,8.5,5.978,9.5,-0.521,-4.0,train,tier2
885,2018,Group Stage,1,0,2018-06-25,"Volgograd Arena, Volgograd",Egypt,Saudi Arabia,0,CAF,AFC,0,0,0,1,1655.86,1649.18,6.679999999999836,0.5096,0.2,0.2,0.0,0.2,1.2,0.8,2.0,4.0,0.0,0.0,0.0,0.0,0.0,0.0,1.5,0.5,0,6.0,5.0,1.0,33,2.0,1.0,4.0,-3.0,0.0,0.0,0.5,21.0,2.05,7.0,1.0,0.143,35.0,16.0,2.0,0.0,3.0,2.0,0.6,3.15,-2.55,22.0,2.0,0.0,1,2,-1,Loss,0,Full Time,,,0.0,41427.0,4.0,5.0,0.995,0.667,10.33,6.67,13.67,11.33,0.7237261904761905,16.0,1.023,0.667,11.67,7.67,14.67,19.67,0.8244268292682926,20.0,29.0,25.0,5.978,9.5,5.457,8.5,0.521,4.0,train,tier2
886,2018,Group Stage,1,0,2018-06-25,"Samara Arena, Samara",Uruguay,Russia,1,CONMEBOL,UEFA,0,0,1,1,1871.66,1795.87,75.79000000000019,0.6074,0.8,0.3,0.5,1.6,0.4,1.4,12.0,3.0,2.0,0.0,1.0,0.0,4.0,0.0,6.67,0.5,2,5.0,6.0,-1.0,34,2.0,2.0,0.0,2.0,2.0,1.0,1.0,28.0,3.4,16.0,6.0,0.375,58.0,17.0,1.0,0.0,0.0,4.0,2.3,0.4,1.9,22.0,1.0,0.0,3,0,3,Win,2,Full Time,,,0.0,43236.0,2.0,1.0,1.48,1.2,12.6,8.2,12.4,13.2,0.74337,19.0,2.394,3.4,11.8,7.2,9.8,11.4,0.684386111111111,19.0,22.0,22.0,7.174,9.5,6.261,9.0,0.913,0.0,train,tier2
886,2018,Group Stage,1,0,2018-06-25,"Samara Arena, Samara",Russia,Uruguay,0,UEFA,CONMEBOL,0,1,0,1,1795.87,1871.66,-75.79000000000019,0.3926,0.3,0.8,-0.5,1.4,1.6,1.6,3.0,12.0,0.0,2.0,0.0,1.0,0.0,4.0,4.33,0.5,2,6.0,5.0,1.0,34,2.0,8.0,1.0,7.0,2.0,1.0,4.0,25.0,3.75,3.0,1.0,0.333,42.0,18.0,1.0,1.0,2.0,2.0,0.4,2.3,-1.9,22.0,1.0,0.0,0,3,-3,Loss,0,Full Time,,,0.0,43236.0,1.0,2.0,2.394,3.4,11.8,7.2,9.8,11.4,0.684386111111111,19.0,1.48,1.2,12.6,8.2,12.4,13.2,0.74337,19.0,22.0,22.0,6.261,9.0,7.174,9.5,-0.913,0.0,train,tier2
887,2018,Group Stage,1,0,2018-06-25,"Mordovia Arena, Saransk",Iran,Portugal,1,AFC,UEFA,0,0,0,1,1858.39,1972.69,-114.29999999999995,0.3412,0.8,0.5,0.3,1.2,0.6,1.6,3.0,6.0,0.0,0.0,0.0,0.0,0.0,2.0,1.67,0.0,1,5.0,5.0,0.0,35,2.0,1.0,1.0,0.0,1.0,0.5,0.5,16.0,1.2999999999999998,7.0,2.0,0.286,26.0,16.0,2.0,0.0,1.0,1.0,0.85,1.7,-0.85,22.0,1.0,0.0,1,1,0,Draw,1,Full Time,,,0.0,42438.0,5.0,1.0,0.9,0.333,7.67,3.67,13.0,11.67,0.598297619047619,16.0,1.209,1.5,14.5,10.0,7.25,17.0,0.7784781818181817,18.0,27.311475409836067,31.0,7.286459016393444,9.311475409836063,7.261,10.0,0.0,0.0,train,tier2
887,2018,Group Stage,1,0,2018-06-25,"Mordovia Arena, Saransk",Portugal,Iran,0,UEFA,AFC,0,0,0,1,1972.69,1858.39,114.29999999999995,0.6588,0.5,0.8,-0.3,1.6,1.6,1.2,6.0,3.0,0.0,0.0,0.0,0.0,2.0,0.0,7.17,1.0,1,5.0,5.0,0.0,35,2.0,4.0,3.0,1.0,1.0,0.5,2.0,19.0,2.2,14.0,4.0,0.286,74.0,11.0,4.0,0.0,1.0,5.0,1.7,0.85,0.85,23.0,2.0,0.0,1,1,0,Draw,1,Full Time,,,0.0,42438.0,1.0,5.0,1.209,1.5,14.5,10.0,7.25,17.0,0.7784781818181817,18.0,0.9,0.333,7.67,3.67,13.0,11.67,0.598297619047619,16.0,31.0,27.311475409836067,7.261,10.0,7.286459016393444,9.311475409836063,0.0,0.0,train,tier2
888,2018,Group Stage,1,0,2018-06-25,"Kaliningrad Stadium, Kaliningrad",Spain,Morocco,1,UEFA,CAF,0,0,0,1,2023.03,1722.31,300.72,0.8496,0.7,0.7,0.0,2.4,1.2,1.4,14.0,4.0,1.0,0.0,1.0,0.0,1.0,0.0,6.57,0.5,0,5.0,5.0,0.0,36,2.0,4.0,3.0,1.0,1.0,0.5,2.0,31.0,4.3,18.0,5.0,0.278,75.0,5.0,0.0,0.0,1.0,7.0,2.15,1.05,1.1,23.0,0.0,0.0,2,2,0,Draw,1,Full Time,,,0.0,44438.0,1.0,4.0,2.955,2.25,19.25,14.25,7.5,25.25,0.8662052631578947,17.0,1.195,0.667,13.0,9.33,10.33,22.67,0.7443690476190477,19.0,22.0,33.0,9.109,10.0,7.174,10.0,1.935,-11.0,train,tier2
888,2018,Group Stage,1,0,2018-06-25,"Kaliningrad Stadium, Kaliningrad",Morocco,Spain,0,CAF,UEFA,0,0,0,1,1722.31,2023.03,-300.72,0.1504,0.7,0.7,0.0,1.4,0.6,2.4,4.0,14.0,0.0,1.0,0.0,1.0,0.0,1.0,3.0,0.5,0,5.0,5.0,0.0,36,2.0,0.0,2.0,-2.0,0.0,0.0,0.0,28.0,3.15,6.0,3.0,0.5,25.0,17.0,6.0,0.0,1.0,1.0,1.05,2.15,-1.1,21.0,6.0,0.0,2,2,0,Draw,1,Full Time,,,0.0,44438.0,4.0,1.0,1.195,0.667,13.0,9.33,10.33,22.67,0.7443690476190477,19.0,2.955,2.25,19.25,14.25,7.5,25.25,0.8662052631578947,17.0,33.0,22.0,7.174,10.0,9.109,10.0,-1.935,11.0,train,tier2
889,2018,Group Stage,1,0,2018-06-26,"Fisht Stadium, Sochi",Australia,Peru,1,AFC,CONMEBOL,0,0,0,1,1803.04,1858.94,-55.90000000000009,0.4202,0.5,0.7,-0.2,1.6,1.4,1.6,4.0,4.0,0.0,0.0,0.0,0.0,0.0,0.0,2.75,0.5,0,5.0,5.0,0.0,37,2.0,2.0,3.0,-1.0,0.0,0.0,1.0,19.0,2.2,14.0,2.0,0.143,58.0,14.0,4.0,0.0,3.0,8.0,1.2,0.95,0.25,23.0,3.0,0.0,0,2,-2,Loss,0,Full Time,,,0.0,35116.0,5.0,2.0,1.341,0.667,11.33,8.0,8.0,12.67,0.761752380952381,15.0,0.963,0.667,11.0,9.33,8.33,15.67,0.7914928571428571,17.0,27.0,27.0,6.5,8.5,5.783,8.5,0.717,0.0,train,tier2
889,2018,Group Stage,1,0,2018-06-26,"Fisht Stadium, Sochi",Peru,Australia,0,CONMEBOL,AFC,0,0,0,1,1858.94,1803.04,55.90000000000009,0.5798,0.7,0.5,0.2,1.6,0.4,1.6,4.0,4.0,0.0,0.0,0.0,0.0,0.0,0.0,4.75,0.5,0,5.0,5.0,0.0,37,2.0,0.0,2.0,-2.0,0.0,0.0,0.0,27.0,3.35,4.0,3.0,0.75,42.0,12.0,2.0,0.0,1.0,3.0,0.95,1.2,-0.25,22.0,2.0,0.0,2,0,2,Win,2,Full Time,,,0.0,35116.0,2.0,5.0,0.963,0.667,11.0,9.33,8.33,15.67,0.7914928571428571,17.0,1.341,0.667,11.33,8.0,8.0,12.67,0.761752380952381,15.0,27.0,27.0,5.783,8.5,6.5,8.5,-0.717,0.0,train,tier2
890,2018,Group Stage,1,0,2018-06-26,"Luzhniki Stadium, Moscow",Denmark,France,1,UEFA,UEFA,1,0,0,1,1841.32,1988.28,-146.96000000000004,0.3003,0.8,0.9,-0.1,0.8,0.0,2.2,4.0,14.0,0.0,1.0,0.0,2.0,0.0,5.0,6.75,0.5,2,5.0,5.0,0.0,38,2.0,2.0,1.0,1.0,1.0,0.5,1.0,20.0,3.0,5.0,2.0,0.4,32.0,10.0,1.0,0.0,1.0,4.0,0.75,1.3,-0.55,22.0,1.0,0.0,0,0,0,Draw,1,Full Time,,,0.0,41204.0,1.0,1.0,1.722,1.25,11.25,6.5,11.0,15.0,0.7580327272727273,19.0,1.257,1.714,11.71,7.57,11.43,19.71,0.7685062500000001,21.0,35.0,22.0,7.63,9.0,8.522,10.0,-0.892,13.0,train,tier2
890,2018,Group Stage,1,0,2018-06-26,"Luzhniki Stadium, Moscow",France,Denmark,0,UEFA,UEFA,1,0,0,1,1988.28,1841.32,146.96000000000004,0.6997,0.9,0.8,0.1,2.2,0.8,0.8,14.0,4.0,1.0,0.0,2.0,0.0,5.0,0.0,7.71,0.5,2,5.0,5.0,0.0,38,2.0,3.0,1.0,2.0,2.0,1.0,1.5,24.0,3.45,11.0,3.0,0.273,68.0,10.0,0.0,0.0,1.0,2.0,1.3,0.75,0.55,23.0,0.0,0.0,0,0,0,Draw,1,Full Time,,,0.0,41204.0,1.0,1.0,1.257,1.714,11.71,7.57,11.43,19.71,0.7685062500000001,21.0,1.722,1.25,11.25,6.5,11.0,15.0,0.7580327272727273,19.0,22.0,35.0,8.522,10.0,7.63,9.0,0.892,-13.0,train,tier2
891,2018,Group Stage,1,0,2018-06-26,"Saint Petersburg Stadium, Saint Petersburg",Nigeria,Argentina,1,CAF,CONMEBOL,0,0,0,1,1714.0,1887.5,-173.5,0.2692,0.1,0.5,-0.4,0.4,1.6,2.0,5.0,16.0,0.0,2.0,0.0,5.0,0.0,5.0,4.0,0.0,4,4.0,5.0,-1.0,39,2.0,2.0,2.0,0.0,1.0,0.5,1.0,30.0,3.0,9.0,3.0,0.333,33.0,20.0,2.0,0.0,0.0,3.0,1.2,1.4,-0.1999999999999999,23.0,2.0,0.0,1,2,-1,Loss,0,Full Time,,,0.0,41216.0,4.0,2.0,1.127,1.0,13.0,9.67,13.67,18.67,0.7219219512195122,16.0,1.399,1.5,14.5,10.5,8.5,20.0,0.8002527272727272,20.0,25.0,25.0,6.739,9.0,7.87,9.5,-1.131,0.0,train,tier2
891,2018,Group Stage,1,0,2018-06-26,"Saint Petersburg Stadium, Saint Petersburg",Argentina,Nigeria,0,CONMEBOL,CAF,0,0,0,1,1887.5,1714.0,173.5,0.7308,0.5,0.1,0.4,2.0,2.2,0.4,16.0,5.0,2.0,0.0,5.0,0.0,5.0,0.0,8.31,1.0,4,5.0,4.0,1.0,39,2.0,1.0,4.0,-3.0,0.0,0.0,0.5,37.0,4.35,8.0,4.0,0.5,67.0,15.0,3.0,0.0,2.0,5.0,1.4,1.2,0.1999999999999999,23.0,3.0,0.0,2,1,1,Win,2,Full Time,,,0.0,41216.0,2.0,4.0,1.399,1.5,14.5,10.5,8.5,20.0,0.8002527272727272,20.0,1.127,1.0,13.0,9.67,13.67,18.67,0.7219219512195122,16.0,25.0,25.0,7.87,9.5,6.739,9.0,1.131,0.0,train,tier2
892,2018,Group Stage,1,0,2018-06-26,"Rostov Arena, Rostov-on-Don",Iceland,Croatia,1,UEFA,UEFA,1,0,0,1,1749.14,1885.24,-136.0999999999999,0.3136,0.2,0.6,-0.4,1.2,2.4,1.0,0.0,4.0,0.0,0.0,0.0,0.0,0.0,1.0,0.0,0.5,0,4.0,5.0,-1.0,40,2.0,1.0,3.0,-2.0,0.0,0.0,0.5,17.0,2.1,16.0,6.0,0.375,38.0,10.0,3.0,0.0,1.0,10.0,2.3,1.2,1.1,23.0,3.0,0.0,1,2,-1,Loss,0,Full Time,,,0.0,44268.0,1.0,1.0,1.572,0.667,12.0,7.67,14.67,11.67,0.6433190476190477,18.0,2.783,2.857,17.71,11.0,8.71,15.57,0.7511212121212122,21.0,31.0,32.0,6.435,8.5,7.457,10.0,-1.022,-1.0,train,tier2
892,2018,Group Stage,1,0,2018-06-26,"Rostov Arena, Rostov-on-Don",Croatia,Iceland,0,UEFA,UEFA,1,0,0,1,1885.24,1749.14,136.0999999999999,0.6864,0.6,0.2,0.4,1.0,1.0,1.2,4.0,0.0,0.0,0.0,0.0,0.0,1.0,0.0,5.25,0.5,0,5.0,4.0,1.0,40,2.0,5.0,0.0,5.0,2.0,1.0,2.5,25.0,3.0,14.0,2.0,0.143,62.0,11.0,2.0,0.0,2.0,5.0,1.2,2.3,-1.1,22.0,1.0,0.0,2,1,1,Win,2,Full Time,,,0.0,44268.0,1.0,1.0,2.783,2.857,17.71,11.0,8.71,15.57,0.7511212121212122,21.0,1.572,0.667,12.0,7.67,14.67,11.67,0.6433190476190477,18.0,32.0,31.0,7.457,10.0,6.435,8.5,1.022,1.0,train,tier2
893,2018,Group Stage,1,0,2018-06-27,"Ekaterinburg Arena, Ekaterinburg",Mexico,Sweden,1,CONCACAF,UEFA,0,0,0,1,1922.19,1787.26,134.93000000000006,0.685,0.5,0.4,0.1,0.4,0.6,0.4,15.0,11.0,0.0,0.0,0.0,1.0,0.0,3.0,3.87,0.0,1,4.0,4.0,0.0,41,2.0,3.0,1.0,2.0,2.0,1.0,1.5,26.0,3.55,20.0,3.0,0.15,67.0,14.0,3.0,0.0,2.0,7.0,1.75,2.0,-0.25,23.0,3.0,0.0,0,3,-3,Loss,0,Full Time,,,0.0,43856.0,3.0,1.0,1.266,0.75,15.5,11.5,11.5,27.25,0.7938625,19.0,1.473,1.0,11.6,7.4,8.6,10.4,0.6878528571428572,19.0,28.0,29.0,6.543,8.5,6.935,9.0,-0.392,-1.0,train,tier2
893,2018,Group Stage,1,0,2018-06-27,"Ekaterinburg Arena, Ekaterinburg",Sweden,Mexico,0,UEFA,CONCACAF,0,0,0,1,1787.26,1922.19,-134.93000000000006,0.315,0.4,0.5,-0.1,0.4,0.6,0.4,11.0,15.0,0.0,0.0,1.0,0.0,3.0,0.0,6.73,1.0,1,4.0,4.0,0.0,41,2.0,2.0,2.0,0.0,1.0,0.5,1.0,22.0,3.35,15.0,5.0,0.333,33.0,11.0,2.0,0.0,0.0,3.0,2.0,1.75,0.25,23.0,2.0,0.0,3,0,3,Win,2,Full Time,,,0.0,43856.0,1.0,3.0,1.473,1.0,11.6,7.4,8.6,10.4,0.6878528571428572,19.0,1.266,0.75,15.5,11.5,11.5,27.25,0.7938625,19.0,29.0,28.0,6.935,9.0,6.543,8.5,0.392,1.0,train,tier2
894,2018,Group Stage,1,0,2018-06-27,"Kazan Arena, Kazan",South Korea,Germany,1,AFC,UEFA,0,0,0,1,1700.73,1987.64,-286.9100000000001,0.1609,0.3,0.3,0.0,0.6,1.2,0.8,0.0,8.0,0.0,1.0,0.0,2.0,0.0,5.0,0.0,0.0,2,4.0,4.0,0.0,42,2.0,1.0,3.0,-2.0,0.0,0.0,0.5,22.0,2.6,12.0,5.0,0.417,26.0,16.0,4.0,0.0,0.0,3.0,1.85,2.9,-1.0499999999999998,23.0,4.0,0.0,2,0,2,Win,2,Full Time,,,0.0,43478.0,5.0,1.0,1.004,1.0,11.33,7.67,6.33,18.33,0.7532166666666666,19.0,2.108,0.667,24.33,18.67,5.67,15.33,0.8316904761904761,20.0,27.311475409836067,29.0,7.286459016393444,9.311475409836063,8.435,10.0,0.0,0.0,train,tier2
894,2018,Group Stage,1,0,2018-06-27,"Kazan Arena, Kazan",Germany,South Korea,0,UEFA,AFC,0,0,0,1,1987.64,1700.73,286.9100000000001,0.8391,0.3,0.3,0.0,0.8,1.2,0.6,8.0,0.0,1.0,0.0,2.0,0.0,5.0,0.0,13.0,1.0,2,4.0,4.0,0.0,42,2.0,2.0,2.0,0.0,1.0,0.5,1.0,44.0,5.949999999999999,28.0,6.0,0.214,74.0,7.0,0.0,0.0,1.0,9.0,2.9,1.85,1.0499999999999998,22.0,0.0,0.0,0,2,-2,Loss,0,Full Time,,,0.0,43478.0,1.0,5.0,2.108,0.667,24.33,18.67,5.67,15.33,0.8316904761904761,20.0,1.004,1.0,11.33,7.67,6.33,18.33,0.7532166666666666,19.0,29.0,27.311475409836067,8.435,10.0,7.286459016393444,9.311475409836063,0.0,0.0,train,tier2
895,2018,Group Stage,1,0,2018-06-27,"Nizhny Novgorod Stadium, Nizhny Novgorod",Switzerland,Costa Rica,1,UEFA,CONCACAF,0,0,0,1,1913.63,1740.51,173.12000000000012,0.7304,0.8,0.2,0.6,2.2,0.4,0.8,10.0,4.0,0.0,0.0,0.0,0.0,0.0,0.0,4.5,0.5,0,5.0,5.0,0.0,43,2.0,3.0,2.0,1.0,1.0,0.5,1.5,26.0,3.05,13.0,3.0,0.231,63.0,9.0,3.0,0.0,1.0,6.0,1.4,2.2,-0.8000000000000003,22.0,2.0,0.0,2,2,0,Draw,1,Full Time,,,0.0,44077.0,1.0,3.0,0.946,1.25,13.75,9.0,9.25,15.5,0.7807999999999999,17.0,0.777,0.333,9.33,6.33,10.0,15.0,0.7397738095238096,20.0,31.0,34.0,7.652,9.0,6.022,10.0,1.63,-3.0,train,tier2
895,2018,Group Stage,1,0,2018-06-27,"Nizhny Novgorod Stadium, Nizhny Novgorod",Costa Rica,Switzerland,0,CONCACAF,UEFA,0,0,0,1,1740.51,1913.63,-173.12000000000012,0.2696,0.2,0.8,-0.6,0.8,1.6,2.2,4.0,10.0,0.0,0.0,0.0,0.0,0.0,0.0,4.5,0.5,0,5.0,5.0,0.0,43,2.0,0.0,3.0,-3.0,0.0,0.0,0.0,13.0,1.4,14.0,6.0,0.429,37.0,14.0,3.0,0.0,1.0,5.0,2.2,1.4,0.8000000000000003,23.0,2.0,0.0,2,2,0,Draw,1,Full Time,,,0.0,44077.0,3.0,1.0,0.777,0.333,9.33,6.33,10.0,15.0,0.7397738095238096,20.0,0.946,1.25,13.75,9.0,9.25,15.5,0.7807999999999999,17.0,34.0,31.0,6.022,10.0,7.652,9.0,-1.63,3.0,train,tier2
896,2018,Group Stage,1,0,2018-06-27,"Spartak Stadium, Moscow",Serbia,Brazil,1,UEFA,CONMEBOL,0,0,0,1,1760.2,2057.43,-297.2299999999998,0.153,0.6,0.9,-0.3,1.8,0.8,2.0,1.0,20.0,0.0,5.0,0.0,6.0,0.0,10.0,2.0,0.5,0,5.0,5.0,0.0,44,2.0,2.0,2.0,0.0,1.0,0.5,1.0,23.0,2.65,10.0,2.0,0.2,41.0,13.0,3.0,0.0,2.0,5.0,1.0,2.2,-1.2000000000000002,23.0,3.0,0.0,0,2,-2,Loss,0,Full Time,,,0.0,41690.0,1.0,2.0,1.365,0.667,11.67,9.67,8.33,15.33,0.7226874999999999,18.0,2.462,1.6,20.6,15.6,10.8,24.4,0.8427971428571429,18.0,21.0,25.0,6.978,9.0,8.283,10.0,-1.305,-4.0,train,tier2
896,2018,Group Stage,1,0,2018-06-27,"Spartak Stadium, Moscow",Brazil,Serbia,0,CONMEBOL,UEFA,0,0,0,1,2057.43,1760.2,297.2299999999998,0.847,0.9,0.6,0.3,2.0,0.2,1.8,20.0,1.0,5.0,0.0,6.0,0.0,10.0,0.0,11.25,0.5,0,5.0,5.0,0.0,44,2.0,3.0,1.0,2.0,1.0,0.5,1.5,43.0,5.9,14.0,6.0,0.429,59.0,7.0,0.0,0.0,4.0,9.0,2.2,1.0,1.2000000000000002,21.0,0.0,0.0,2,0,2,Win,2,Full Time,,,0.0,41690.0,2.0,1.0,2.462,1.6,20.6,15.6,10.8,24.4,0.8427971428571429,18.0,1.365,0.667,11.67,9.67,8.33,15.33,0.7226874999999999,18.0,25.0,21.0,8.283,10.0,6.978,9.0,1.305,4.0,train,tier2
897,2018,Group Stage,1,0,2018-06-28,"Samara Arena, Samara",Senegal,Colombia,1,CAF,CONMEBOL,0,0,0,1,1823.92,1861.64,-37.72000000000003,0.4459,0.6,0.6,0.0,1.0,0.6,1.6,1.0,5.0,0.0,0.0,0.0,0.0,0.0,0.0,7.0,0.5,0,4.0,4.0,0.0,45,2.0,4.0,3.0,1.0,1.0,0.5,2.0,23.0,3.4,7.0,3.0,0.429,40.0,15.0,1.0,0.0,3.0,1.0,1.1,0.7,0.4000000000000001,23.0,1.0,0.0,0,1,-1,Loss,0,Full Time,,,0.0,41210.0,4.0,2.0,1.222,1.0,9.67,6.0,14.33,14.67,0.7140547619047619,18.0,1.807,2.25,11.5,7.5,8.5,19.75,0.7419333333333333,20.0,28.0,25.0,7.5,9.5,7.37,9.5,0.13,3.0,train,tier2
897,2018,Group Stage,1,0,2018-06-28,"Samara Arena, Samara",Colombia,Senegal,0,CONMEBOL,CAF,0,0,0,1,1861.64,1823.92,37.72000000000003,0.5541,0.6,0.6,0.0,1.6,0.8,1.0,5.0,1.0,0.0,0.0,0.0,0.0,0.0,0.0,5.8,0.5,0,4.0,4.0,0.0,45,2.0,4.0,2.0,2.0,1.0,0.5,2.0,21.0,2.8,4.0,2.0,0.5,60.0,15.0,1.0,0.0,3.0,3.0,0.7,1.1,-0.4000000000000001,22.0,1.0,0.0,1,0,1,Win,2,Full Time,,,0.0,41210.0,2.0,4.0,1.807,2.25,11.5,7.5,8.5,19.75,0.7419333333333333,20.0,1.222,1.0,9.67,6.0,14.33,14.67,0.7140547619047619,18.0,25.0,28.0,7.37,9.5,7.5,9.5,-0.13,-3.0,train,tier2
898,2018,Group Stage,1,0,2018-06-28,"Volgograd Arena, Volgograd",Japan,Poland,1,AFC,UEFA,0,0,0,1,1809.51,1777.15,32.3599999999999,0.5464,0.4,0.5,-0.1,1.4,1.8,2.0,5.0,7.0,0.0,0.0,0.0,0.0,0.0,2.0,2.8,0.5,0,4.0,4.0,0.0,46,2.0,4.0,3.0,1.0,1.0,0.5,2.0,21.0,3.3000000000000003,10.0,3.0,0.3,55.0,11.0,1.0,0.0,1.0,5.0,1.25,1.05,0.1999999999999999,23.0,1.0,0.0,0,1,-1,Loss,0,Full Time,,,0.0,44268.0,5.0,1.0,1.222,1.5,11.0,8.25,10.5,10.5,0.7848581818181818,18.0,1.066,0.667,10.67,7.67,11.67,14.67,0.7878097560975609,21.0,30.0,24.0,6.804,8.5,7.043,8.5,-0.239,6.0,train,tier2
898,2018,Group Stage,1,0,2018-06-28,"Volgograd Arena, Volgograd",Poland,Japan,0,UEFA,AFC,0,0,0,1,1777.15,1809.51,-32.3599999999999,0.4536,0.5,0.4,0.1,2.0,1.4,1.4,7.0,5.0,0.0,0.0,0.0,0.0,2.0,0.0,6.29,0.5,0,4.0,4.0,0.0,46,2.0,1.0,5.0,-4.0,0.0,0.0,0.5,20.0,2.5,11.0,2.0,0.182,45.0,8.0,0.0,0.0,0.0,7.0,1.05,1.25,-0.1999999999999999,23.0,0.0,0.0,1,0,1,Win,2,Full Time,,,0.0,44268.0,1.0,5.0,1.066,0.667,10.67,7.67,11.67,14.67,0.7878097560975609,21.0,1.222,1.5,11.0,8.25,10.5,10.5,0.7848581818181818,18.0,24.0,30.0,7.043,8.5,6.804,8.5,0.239,-6.0,train,tier2
899,2018,Group Stage,1,0,2018-06-28,"Kaliningrad Stadium, Kaliningrad",England,Belgium,1,UEFA,UEFA,1,0,0,1,1959.74,1966.34,-6.599999999999909,0.4905,0.9,0.9,0.0,1.6,0.6,2.8,14.0,12.0,1.0,0.0,1.0,0.0,2.0,1.0,5.64,0.5,2,4.0,5.0,-1.0,47,2.0,8.0,2.0,6.0,2.0,1.0,4.0,29.0,5.199999999999999,11.0,2.0,0.182,46.0,11.0,0.0,0.0,3.0,7.0,1.05,1.7,-0.6499999999999999,23.0,0.0,0.0,0,1,-1,Loss,0,Full Time,,,0.0,42873.0,1.0,1.0,2.257,2.286,14.43,9.43,6.29,17.29,0.8028989795918368,21.0,1.818,2.143,15.43,11.57,8.14,16.29,0.8345734042553191,21.0,25.0,31.0,8.913,9.5,8.109,9.5,0.804,-6.0,train,tier2
899,2018,Group Stage,1,0,2018-06-28,"Kaliningrad Stadium, Kaliningrad",Belgium,England,0,UEFA,UEFA,1,0,0,1,1966.34,1959.74,6.599999999999909,0.5095,0.9,0.9,0.0,2.8,0.2,1.6,12.0,14.0,0.0,1.0,0.0,1.0,1.0,2.0,4.5,0.5,2,5.0,4.0,1.0,47,2.0,8.0,2.0,6.0,2.0,1.0,4.0,38.0,6.4,14.0,4.0,0.286,54.0,14.0,2.0,0.0,1.0,2.0,1.7,1.05,0.6499999999999999,23.0,2.0,0.0,1,0,1,Win,2,Full Time,,,0.0,42873.0,1.0,1.0,1.818,2.143,15.43,11.57,8.14,16.29,0.8345734042553191,21.0,2.257,2.286,14.43,9.43,6.29,17.29,0.8028989795918368,21.0,31.0,25.0,8.109,9.5,8.913,9.5,-0.804,6.0,train,tier2
900,2018,Group Stage,1,0,2018-06-28,"Mordovia Arena, Saransk",Panama,Tunisia,1,CONCACAF,CAF,0,0,0,1,1692.33,1716.86,-24.529999999999973,0.4648,0.3,0.4,-0.1,0.2,2.0,1.2,0.0,4.0,0.0,0.0,0.0,0.0,0.0,0.0,0.0,0.5,0,4.0,5.0,-1.0,48,2.0,1.0,9.0,-8.0,0.0,0.0,0.5,15.0,1.75,9.0,4.0,0.444,30.0,18.0,3.0,0.0,4.0,0.0,1.45,2.2,-0.7500000000000002,20.0,1.0,0.0,1,2,-1,Loss,0,Full Time,,,0.0,35127.0,3.0,4.0,0.799,0.333,8.0,5.67,12.33,12.67,0.7722833333333334,20.0,1.662,1.667,12.67,10.0,11.67,13.0,0.7849524999999999,23.0,30.0,25.0,5.239,8.5,5.957,8.5,-0.718,5.0,train,tier2
900,2018,Group Stage,1,0,2018-06-28,"Mordovia Arena, Saransk",Tunisia,Panama,0,CAF,CONCACAF,0,0,0,1,1716.86,1692.33,24.529999999999973,0.5352,0.4,0.3,0.1,1.2,1.4,0.2,4.0,0.0,0.0,0.0,0.0,0.0,0.0,0.0,2.0,0.5,0,5.0,4.0,1.0,48,2.0,3.0,7.0,-4.0,0.0,0.0,1.5,22.0,2.6,14.0,6.0,0.429,70.0,19.0,3.0,0.0,1.0,6.0,2.2,1.45,0.7500000000000002,19.0,3.0,0.0,2,1,1,Win,2,Full Time,,,0.0,35127.0,4.0,3.0,1.662,1.667,12.67,10.0,11.67,13.0,0.7849524999999999,23.0,0.799,0.333,8.0,5.67,12.33,12.67,0.7722833333333334,20.0,25.0,30.0,5.957,8.5,5.239,8.5,0.718,-5.0,train,tier2
901,2018,Round of 16,2,1,2018-06-30,"Kazan Arena, Kazan",France,Argentina,1,UEFA,CONMEBOL,0,0,0,1,1976.3,1903.65,72.64999999999986,0.6031,0.9,0.5,0.4,1.8,0.6,1.6,14.0,16.0,1.0,2.0,2.0,5.0,5.0,5.0,7.71,0.0,2,4.0,4.0,0.0,49,3.0,3.0,1.0,2.0,2.0,0.667,1.0,35.0,4.75,9.0,4.0,0.444,39.0,21.0,3.0,0.0,0.0,0.0,1.45,1.5,-0.05,23.0,2.0,0.0,4,3,1,Win,2,Full Time,,,0.0,42506.0,1.0,2.0,1.257,1.714,11.71,7.57,11.43,19.71,0.7685062500000001,21.0,1.399,1.5,14.5,10.5,8.5,20.0,0.8002527272727272,20.0,22.0,25.0,8.522,10.0,7.87,9.5,0.652,-3.0,train,tier2
901,2018,Round of 16,2,1,2018-06-30,"Kazan Arena, Kazan",Argentina,France,0,CONMEBOL,UEFA,0,0,0,1,1903.65,1976.3,-72.64999999999986,0.3969,0.5,0.9,-0.4,1.6,2.0,1.8,16.0,14.0,2.0,1.0,5.0,2.0,5.0,5.0,8.31,1.0,2,4.0,4.0,0.0,49,3.0,3.0,5.0,-2.0,1.0,0.333,1.0,45.0,5.75,10.0,4.0,0.4,61.0,15.0,5.0,0.0,1.0,4.0,1.5,1.45,0.05,23.0,4.0,0.0,3,4,-1,Loss,0,Full Time,,,0.0,42506.0,2.0,1.0,1.399,1.5,14.5,10.5,8.5,20.0,0.8002527272727272,20.0,1.257,1.714,11.71,7.57,11.43,19.71,0.7685062500000001,21.0,25.0,22.0,7.87,9.5,8.522,10.0,-0.652,3.0,train,tier2
902,2018,Round of 16,2,1,2018-06-30,"Fisht Stadium, Sochi",Uruguay,Portugal,1,CONMEBOL,UEFA,0,0,0,1,1916.95,1963.16,-46.21000000000004,0.4339,1.0,0.7,0.3,1.6,0.0,1.8,12.0,6.0,2.0,0.0,1.0,0.0,4.0,2.0,6.67,0.5,0,5.0,5.0,0.0,50,3.0,5.0,0.0,5.0,3.0,1.0,1.667,44.0,5.699999999999999,5.0,3.0,0.6,33.0,13.0,0.0,0.0,0.0,2.0,1.0,2.25,-1.25,23.0,0.0,0.0,2,1,1,Win,2,Full Time,,,0.0,40843.0,2.0,1.0,1.48,1.2,12.6,8.2,12.4,13.2,0.74337,19.0,1.209,1.5,14.5,10.0,7.25,17.0,0.7784781818181817,18.0,22.0,31.0,7.174,9.5,7.261,10.0,-0.087,-9.0,train,tier2
902,2018,Round of 16,2,1,2018-06-30,"Fisht Stadium, Sochi",Portugal,Uruguay,0,UEFA,CONMEBOL,0,0,0,1,1963.16,1916.95,46.21000000000004,0.5661,0.7,1.0,-0.3,1.8,1.0,1.6,6.0,12.0,0.0,2.0,0.0,1.0,2.0,4.0,7.17,0.5,0,5.0,5.0,0.0,50,3.0,5.0,4.0,1.0,1.0,0.333,1.667,33.0,3.9,20.0,5.0,0.25,67.0,13.0,1.0,0.0,1.0,10.0,2.25,1.0,1.25,23.0,1.0,0.0,1,2,-1,Loss,0,Full Time,,,0.0,40843.0,1.0,2.0,1.209,1.5,14.5,10.0,7.25,17.0,0.7784781818181817,18.0,1.48,1.2,12.6,8.2,12.4,13.2,0.74337,19.0,31.0,22.0,7.261,10.0,7.174,9.5,0.087,9.0,train,tier2
903,2018,Round of 16,2,1,2018-07-01,"Luzhniki Stadium, Moscow",Spain,Russia,1,UEFA,UEFA,1,0,1,1,2100.01,1795.87,304.1400000000003,0.852,0.8,0.5,0.3,2.4,1.0,2.0,14.0,3.0,1.0,0.0,1.0,0.0,1.0,0.0,6.57,0.5,0,6.0,6.0,0.0,51,3.0,6.0,5.0,1.0,1.0,0.333,2.0,49.0,6.449999999999999,24.0,9.0,0.375,79.0,5.0,1.0,0.0,1.0,6.0,3.45,0.6,2.85,23.0,1.0,0.0,1,1,0,Loss,0,Penalties,0.0,,0.0,44190.0,1.0,1.0,2.955,2.25,19.25,14.25,7.5,25.25,0.8662052631578947,17.0,2.394,3.4,11.8,7.2,9.8,11.4,0.684386111111111,19.0,22.0,22.0,9.109,10.0,6.261,9.0,2.848,0.0,train,tier2
903,2018,Round of 16,2,1,2018-07-01,"Luzhniki Stadium, Moscow",Russia,Spain,0,UEFA,UEFA,1,1,0,1,1795.87,2100.01,-304.1400000000003,0.148,0.5,0.8,-0.3,2.0,1.2,2.4,3.0,14.0,0.0,1.0,0.0,1.0,0.0,1.0,4.33,0.5,0,6.0,6.0,0.0,51,3.0,8.0,4.0,4.0,2.0,0.667,2.667,28.0,4.15,7.0,1.0,0.143,21.0,19.0,2.0,0.0,1.0,5.0,0.6,3.45,-2.85,22.0,2.0,0.0,1,1,0,Win,2,Penalties,0.0,,0.0,44190.0,1.0,1.0,2.394,3.4,11.8,7.2,9.8,11.4,0.684386111111111,19.0,2.955,2.25,19.25,14.25,7.5,25.25,0.8662052631578947,17.0,22.0,22.0,6.261,9.0,9.109,10.0,-2.848,0.0,train,tier2
904,2018,Round of 16,2,1,2018-07-01,"Nizhny Novgorod Stadium, Nizhny Novgorod",Croatia,Denmark,1,UEFA,UEFA,1,0,0,1,1904.05,1853.3,50.75,0.5725,0.8,0.7,0.1,1.6,0.6,0.8,4.0,4.0,0.0,0.0,0.0,0.0,1.0,0.0,5.25,0.5,0,5.0,5.0,0.0,52,3.0,7.0,1.0,6.0,3.0,1.0,2.333,39.0,4.2,20.0,6.0,0.3,54.0,5.0,0.0,0.0,2.0,5.0,2.5,1.45,1.05,22.0,0.0,0.0,1,1,0,Win,2,Penalties,0.0,,0.0,41433.0,1.0,1.0,2.783,2.857,17.71,11.0,8.71,15.57,0.7511212121212122,21.0,1.722,1.25,11.25,6.5,11.0,15.0,0.7580327272727273,19.0,32.0,35.0,7.457,10.0,7.63,9.0,-0.173,-3.0,train,tier2
904,2018,Round of 16,2,1,2018-07-01,"Nizhny Novgorod Stadium, Nizhny Novgorod",Denmark,Croatia,0,UEFA,UEFA,1,0,0,1,1853.3,1904.05,-50.75,0.4275,0.7,0.8,-0.1,0.8,0.2,1.6,4.0,4.0,0.0,0.0,0.0,0.0,0.0,1.0,6.75,0.5,0,5.0,5.0,0.0,52,3.0,2.0,1.0,1.0,1.0,0.333,0.667,25.0,3.75,14.0,3.0,0.214,46.0,19.0,1.0,0.0,0.0,4.0,1.45,2.5,-1.05,23.0,1.0,0.0,1,1,0,Loss,0,Penalties,0.0,,0.0,41433.0,1.0,1.0,1.722,1.25,11.25,6.5,11.0,15.0,0.7580327272727273,19.0,2.783,2.857,17.71,11.0,8.71,15.57,0.7511212121212122,21.0,35.0,32.0,7.63,9.0,7.457,10.0,0.173,3.0,train,tier2
905,2018,Round of 16,2,1,2018-07-02,"Samara Arena, Samara",Brazil,Mexico,1,CONMEBOL,CONCACAF,0,0,0,1,2066.61,1881.09,185.5200000000002,0.7442,0.9,0.7,0.2,1.8,0.2,0.8,20.0,15.0,5.0,0.0,6.0,0.0,10.0,0.0,11.25,0.75,4,5.0,5.0,0.0,53,3.0,5.0,1.0,4.0,2.0,0.667,1.667,57.0,8.100000000000001,20.0,10.0,0.5,48.0,6.0,2.0,0.0,0.0,8.0,3.5,0.95,2.55,22.0,2.0,0.0,2,0,2,Win,2,Full Time,,,0.0,43765.0,2.0,3.0,2.462,1.6,20.6,15.6,10.8,24.4,0.8427971428571429,18.0,1.266,0.75,15.5,11.5,11.5,27.25,0.7938625,19.0,25.0,28.0,8.283,10.0,6.543,8.5,1.74,-3.0,train,tier2
905,2018,Round of 16,2,1,2018-07-02,"Samara Arena, Samara",Mexico,Brazil,0,CONCACAF,CONMEBOL,0,0,0,1,1881.09,2066.61,-185.5200000000002,0.2558,0.7,0.9,-0.2,0.8,0.6,1.8,15.0,20.0,0.0,5.0,0.0,6.0,0.0,10.0,3.87,0.25,4,5.0,5.0,0.0,53,3.0,3.0,4.0,-1.0,2.0,0.667,1.0,46.0,5.3,14.0,1.0,0.071,52.0,17.0,4.0,0.0,2.0,7.0,0.95,3.5,-2.55,22.0,4.0,0.0,0,2,-2,Loss,0,Full Time,,,0.0,43765.0,3.0,2.0,1.266,0.75,15.5,11.5,11.5,27.25,0.7938625,19.0,2.462,1.6,20.6,15.6,10.8,24.4,0.8427971428571429,18.0,28.0,25.0,6.543,8.5,8.283,10.0,-1.74,3.0,train,tier2
906,2018,Round of 16,2,1,2018-07-02,"Rostov Arena, Rostov-on-Don",Belgium,Japan,1,UEFA,AFC,0,0,0,1,1995.77,1776.72,219.04999999999995,0.7792,0.9,0.5,0.4,3.0,0.6,1.6,12.0,5.0,0.0,0.0,0.0,0.0,1.0,0.0,4.5,0.0,1,4.0,4.0,0.0,54,3.0,9.0,2.0,7.0,3.0,1.0,3.0,52.0,8.1,24.0,8.0,0.333,58.0,13.0,0.0,0.0,1.0,10.0,3.2,1.55,1.65,23.0,0.0,0.0,3,2,1,Win,2,Full Time,,,0.0,42873.0,1.0,5.0,1.818,2.143,15.43,11.57,8.14,16.29,0.8345734042553191,21.0,1.222,1.5,11.0,8.25,10.5,10.5,0.7848581818181818,18.0,31.0,30.0,8.109,9.5,6.804,8.5,1.305,1.0,train,tier2
906,2018,Round of 16,2,1,2018-07-02,"Rostov Arena, Rostov-on-Don",Japan,Belgium,0,AFC,UEFA,0,0,0,1,1776.72,1995.77,-219.04999999999995,0.2208,0.5,0.9,-0.4,1.6,1.8,3.0,5.0,12.0,0.0,0.0,0.0,0.0,0.0,1.0,2.8,1.0,1,4.0,4.0,0.0,54,3.0,4.0,4.0,0.0,1.0,0.333,1.333,31.0,4.550000000000001,11.0,4.0,0.364,42.0,9.0,1.0,0.0,1.0,6.0,1.55,3.2,-1.65,23.0,1.0,0.0,2,3,-1,Loss,0,Full Time,,,0.0,42873.0,5.0,1.0,1.222,1.5,11.0,8.25,10.5,10.5,0.7848581818181818,18.0,1.818,2.143,15.43,11.57,8.14,16.29,0.8345734042553191,21.0,30.0,31.0,6.804,8.5,8.109,9.5,-1.305,-1.0,train,tier2
907,2018,Round of 16,2,1,2018-07-03,"Saint Petersburg Stadium, Saint Petersburg",Sweden,Switzerland,1,UEFA,UEFA,1,0,0,1,1828.36,1899.81,-71.45000000000005,0.3986,0.4,0.8,-0.4,0.4,0.6,2.4,11.0,10.0,0.0,0.0,1.0,0.0,3.0,0.0,6.73,0.5,0,6.0,6.0,0.0,55,3.0,5.0,2.0,3.0,2.0,0.667,1.667,37.0,5.35,12.0,3.0,0.25,32.0,11.0,1.0,0.0,1.0,3.0,1.35,1.9,-0.5499999999999998,22.0,1.0,0.0,1,0,1,Win,2,Full Time,,,0.0,43288.0,1.0,1.0,1.473,1.0,11.6,7.4,8.6,10.4,0.6878528571428572,19.0,0.946,1.25,13.75,9.0,9.25,15.5,0.7807999999999999,17.0,29.0,31.0,6.935,9.0,7.652,9.0,-0.717,-2.0,train,tier2
907,2018,Round of 16,2,1,2018-07-03,"Saint Petersburg Stadium, Saint Petersburg",Switzerland,Sweden,0,UEFA,UEFA,1,0,0,1,1899.81,1828.36,71.45000000000005,0.6014,0.8,0.4,0.4,2.4,0.6,0.4,10.0,11.0,0.0,0.0,0.0,1.0,0.0,3.0,4.5,0.5,0,6.0,6.0,0.0,55,3.0,5.0,4.0,1.0,1.0,0.333,1.667,39.0,4.449999999999999,18.0,4.0,0.222,68.0,13.0,2.0,1.0,0.0,11.0,1.9,1.35,0.5499999999999998,21.0,2.0,1.0,0,1,-1,Loss,0,Full Time,,,0.0,43288.0,1.0,1.0,0.946,1.25,13.75,9.0,9.25,15.5,0.7807999999999999,17.0,1.473,1.0,11.6,7.4,8.6,10.4,0.6878528571428572,19.0,31.0,29.0,7.652,9.0,6.935,9.0,0.717,2.0,train,tier2
908,2018,Round of 16,2,1,2018-07-03,"Spartak Stadium, Moscow",Colombia,England,1,CONMEBOL,UEFA,0,0,0,1,1888.4,1930.31,-41.909999999999854,0.44,0.6,0.9,-0.3,1.4,0.8,2.6,5.0,14.0,0.0,1.0,0.0,1.0,0.0,2.0,5.8,0.0,1,5.0,5.0,0.0,56,3.0,5.0,2.0,3.0,2.0,0.667,1.667,25.0,3.5,14.0,4.0,0.286,47.0,23.0,6.0,0.0,1.0,2.0,1.7,1.3,0.3999999999999999,21.0,6.0,0.0,1,1,0,Loss,0,Penalties,0.0,,0.0,44190.0,2.0,1.0,1.807,2.25,11.5,7.5,8.5,19.75,0.7419333333333333,20.0,2.257,2.286,14.43,9.43,6.29,17.29,0.8028989795918368,21.0,25.0,25.0,7.37,9.5,8.913,9.5,-1.543,0.0,train,tier2
908,2018,Round of 16,2,1,2018-07-03,"Spartak Stadium, Moscow",England,Colombia,0,UEFA,CONMEBOL,0,0,0,1,1930.31,1888.4,41.909999999999854,0.56,0.9,0.6,0.3,2.6,0.8,1.4,14.0,5.0,1.0,0.0,1.0,0.0,2.0,0.0,5.64,1.0,1,5.0,5.0,0.0,56,3.0,8.0,3.0,5.0,2.0,0.667,2.667,40.0,6.249999999999999,16.0,2.0,0.125,53.0,13.0,2.0,0.0,2.0,7.0,1.3,1.7,-0.3999999999999999,22.0,2.0,0.0,1,1,0,Win,2,Penalties,0.0,,0.0,44190.0,1.0,2.0,2.257,2.286,14.43,9.43,6.29,17.29,0.8028989795918368,21.0,1.807,2.25,11.5,7.5,8.5,19.75,0.7419333333333333,20.0,25.0,25.0,8.913,9.5,7.37,9.5,1.543,0.0,train,tier2
909,2018,Quarter-final,3,1,2018-07-06,"Nizhny Novgorod Stadium, Nizhny Novgorod",Uruguay,France,1,CONMEBOL,UEFA,0,0,0,1,1950.92,2000.12,-49.19999999999982,0.4297,1.0,0.8,0.2,1.8,0.0,1.4,12.0,14.0,2.0,1.0,1.0,2.0,4.0,5.0,6.67,0.333,3,6.0,6.0,0.0,57,4.0,7.0,1.0,6.0,4.0,1.0,1.75,49.0,6.699999999999999,11.0,4.0,0.364,38.0,17.0,2.0,0.0,0.0,4.0,1.55,1.05,0.5,22.0,2.0,0.0,0,2,-2,Loss,0,Full Time,,,0.0,42873.0,2.0,1.0,1.48,1.2,12.6,8.2,12.4,13.2,0.74337,19.0,1.257,1.714,11.71,7.57,11.43,19.71,0.7685062500000001,21.0,22.0,22.0,7.174,9.5,8.522,10.0,-1.348,0.0,train,tier2
909,2018,Quarter-final,3,1,2018-07-06,"Nizhny Novgorod Stadium, Nizhny Novgorod",France,Uruguay,0,UEFA,CONMEBOL,0,0,0,1,2000.12,1950.92,49.19999999999982,0.5703,0.8,1.0,-0.2,1.4,0.6,1.8,14.0,12.0,1.0,2.0,2.0,1.0,5.0,4.0,7.71,0.667,3,6.0,6.0,0.0,57,4.0,7.0,4.0,3.0,3.0,0.75,1.75,44.0,6.2,11.0,2.0,0.182,62.0,15.0,2.0,0.0,0.0,3.0,1.05,1.55,-0.5,22.0,2.0,0.0,2,0,2,Win,2,Full Time,,,0.0,42873.0,1.0,2.0,1.257,1.714,11.71,7.57,11.43,19.71,0.7685062500000001,21.0,1.48,1.2,12.6,8.2,12.4,13.2,0.74337,19.0,22.0,22.0,8.522,10.0,7.174,9.5,1.348,0.0,train,tier2
910,2018,Quarter-final,3,1,2018-07-06,"Kazan Arena, Kazan",Brazil,Belgium,1,CONMEBOL,UEFA,0,0,0,1,2081.96,2009.02,72.94000000000005,0.6035,0.9,1.0,-0.1,2.0,0.2,3.2,20.0,12.0,5.0,0.0,6.0,0.0,10.0,1.0,11.25,1.0,1,4.0,4.0,0.0,58,4.0,7.0,1.0,6.0,3.0,0.75,1.75,77.0,11.6,27.0,9.0,0.333,59.0,14.0,2.0,0.0,1.0,8.0,3.6,1.2,2.4000000000000004,21.0,2.0,0.0,1,2,-1,Loss,0,Full Time,,,0.0,68206.0,2.0,1.0,2.462,1.6,20.6,15.6,10.8,24.4,0.8427971428571429,18.0,1.818,2.143,15.43,11.57,8.14,16.29,0.8345734042553191,21.0,25.0,31.0,8.283,10.0,8.109,9.5,0.174,-6.0,train,tier2
910,2018,Quarter-final,3,1,2018-07-06,"Kazan Arena, Kazan",Belgium,Brazil,0,UEFA,CONMEBOL,0,0,0,1,2009.02,2081.96,-72.94000000000005,0.3965,1.0,0.9,0.1,3.2,0.6,2.0,12.0,20.0,0.0,5.0,0.0,6.0,1.0,10.0,4.5,0.0,1,4.0,4.0,0.0,58,4.0,12.0,4.0,8.0,4.0,1.0,3.0,76.0,11.3,9.0,3.0,0.333,41.0,16.0,2.0,0.0,0.0,4.0,1.2,3.6,-2.4000000000000004,23.0,2.0,0.0,2,1,1,Win,2,Full Time,,,0.0,68206.0,1.0,2.0,1.818,2.143,15.43,11.57,8.14,16.29,0.8345734042553191,21.0,2.462,1.6,20.6,15.6,10.8,24.4,0.8427971428571429,18.0,31.0,25.0,8.109,9.5,8.283,10.0,-0.174,6.0,train,tier2
911,2018,Quarter-final,3,1,2018-07-07,"Samara Arena, Samara",Sweden,England,1,UEFA,UEFA,1,0,0,1,1864.44,1926.71,-62.26999999999998,0.4113,0.6,0.8,-0.2,1.0,0.4,2.4,11.0,14.0,0.0,1.0,1.0,1.0,3.0,2.0,6.73,0.0,2,4.0,4.0,0.0,59,4.0,6.0,2.0,4.0,3.0,0.75,1.5,49.0,6.699999999999999,6.0,3.0,0.5,42.0,10.0,2.0,0.0,2.0,1.0,1.05,1.1,-0.05,22.0,2.0,0.0,0,2,-2,Loss,0,Full Time,,,0.0,43569.0,1.0,1.0,1.473,1.0,11.6,7.4,8.6,10.4,0.6878528571428572,19.0,2.257,2.286,14.43,9.43,6.29,17.29,0.8028989795918368,21.0,29.0,25.0,6.935,9.0,8.913,9.5,-1.978,4.0,train,tier2
911,2018,Quarter-final,3,1,2018-07-07,"Samara Arena, Samara",England,Sweden,0,UEFA,UEFA,1,0,0,1,1926.71,1864.44,62.26999999999998,0.5887,0.8,0.6,0.2,2.4,0.8,1.0,14.0,11.0,1.0,0.0,1.0,1.0,2.0,3.0,5.64,1.0,2,4.0,4.0,0.0,59,4.0,9.0,4.0,5.0,3.0,0.75,2.25,56.0,7.549999999999999,12.0,2.0,0.167,58.0,7.0,1.0,0.0,1.0,6.0,1.1,1.05,0.05,23.0,1.0,0.0,2,0,2,Win,2,Full Time,,,0.0,43569.0,1.0,1.0,2.257,2.286,14.43,9.43,6.29,17.29,0.8028989795918368,21.0,1.473,1.0,11.6,7.4,8.6,10.4,0.6878528571428572,19.0,25.0,29.0,8.913,9.5,6.935,9.0,1.978,-4.0,train,tier2
912,2018,Quarter-final,3,1,2018-07-07,"Fisht Stadium, Sochi",Russia,Croatia,1,UEFA,UEFA,1,1,0,0,1766.76,1899.7,-132.94000000000003,0.3175,0.5,0.8,-0.3,1.8,1.2,1.8,3.0,4.0,0.0,0.0,0.0,0.0,0.0,1.0,4.33,0.5,0,6.0,6.0,0.0,60,4.0,9.0,5.0,4.0,3.0,0.75,2.25,35.0,4.75,13.0,5.0,0.385,35.0,25.0,1.0,0.0,1.0,6.0,1.9,1.65,0.25,23.0,1.0,0.0,2,2,0,Loss,0,Penalties,1.0,,0.0,78011.0,1.0,1.0,2.394,3.4,11.8,7.2,9.8,11.4,0.684386111111111,19.0,2.783,2.857,17.71,11.0,8.71,15.57,0.7511212121212122,21.0,22.0,32.0,6.261,9.0,7.457,10.0,-1.196,-10.0,train,tier2
912,2018,Quarter-final,3,1,2018-07-07,"Fisht Stadium, Sochi",Croatia,Russia,0,UEFA,UEFA,1,0,1,0,1899.7,1766.76,132.94000000000003,0.6825,0.8,0.5,0.3,1.8,0.8,1.8,4.0,3.0,0.0,0.0,0.0,0.0,1.0,0.0,5.25,0.5,0,6.0,6.0,0.0,60,4.0,8.0,2.0,6.0,4.0,1.0,2.0,59.0,6.7,18.0,3.0,0.167,65.0,18.0,4.0,0.0,0.0,8.0,1.65,1.9,-0.25,22.0,4.0,0.0,2,2,0,Win,2,Penalties,1.0,,0.0,78011.0,1.0,1.0,2.783,2.857,17.71,11.0,8.71,15.57,0.7511212121212122,21.0,2.394,3.4,11.8,7.2,9.8,11.4,0.684386111111111,19.0,32.0,22.0,7.457,10.0,6.261,9.0,1.196,10.0,train,tier2
913,2018,Semi-final,4,1,2018-07-10,"Saint Petersburg Stadium, Saint Petersburg",France,Belgium,1,UEFA,UEFA,1,0,0,1,2025.9,2045.23,-19.329999999999927,0.4722,0.8,1.0,-0.2,1.6,1.0,3.2,14.0,12.0,1.0,0.0,2.0,0.0,5.0,1.0,7.71,1.0,2,4.0,4.0,0.0,61,5.0,9.0,4.0,5.0,4.0,0.8,1.8,55.0,7.25,19.0,5.0,0.263,36.0,6.0,2.0,0.0,1.0,4.0,2.2,1.2,1.0000000000000002,23.0,2.0,0.0,1,0,1,Win,2,Full Time,,,0.0,64286.0,1.0,1.0,1.257,1.714,11.71,7.57,11.43,19.71,0.7685062500000001,21.0,1.818,2.143,15.43,11.57,8.14,16.29,0.8345734042553191,21.0,22.0,31.0,8.522,10.0,8.109,9.5,0.413,-9.0,train,tier2
913,2018,Semi-final,4,1,2018-07-10,"Saint Petersburg Stadium, Saint Petersburg",Belgium,France,0,UEFA,UEFA,1,0,0,1,2045.23,2025.9,19.329999999999927,0.5278,1.0,0.8,0.2,3.2,1.0,1.6,12.0,14.0,0.0,1.0,0.0,2.0,1.0,5.0,4.5,0.0,2,4.0,4.0,0.0,61,5.0,14.0,5.0,9.0,5.0,1.0,2.8,85.0,12.5,9.0,3.0,0.333,64.0,16.0,3.0,0.0,1.0,5.0,1.2,2.2,-1.0000000000000002,22.0,3.0,0.0,0,1,-1,Loss,0,Full Time,,,0.0,64286.0,1.0,1.0,1.818,2.143,15.43,11.57,8.14,16.29,0.8345734042553191,21.0,1.257,1.714,11.71,7.57,11.43,19.71,0.7685062500000001,21.0,31.0,22.0,8.109,9.5,8.522,10.0,-0.413,9.0,train,tier2
914,2018,Semi-final,4,1,2018-07-11,"Luzhniki Stadium, Moscow",Croatia,England,1,UEFA,UEFA,1,0,0,1,1888.75,1951.39,-62.6400000000001,0.4108,0.9,0.7,0.2,2.0,0.6,2.2,4.0,14.0,0.0,1.0,0.0,1.0,1.0,2.0,5.25,0.5,0,4.0,4.0,0.0,62,5.0,10.0,4.0,6.0,5.0,1.0,2.0,77.0,8.35,22.0,7.0,0.318,56.0,23.0,2.0,0.0,1.0,8.0,2.85,1.05,1.8,22.0,2.0,0.0,2,1,1,Win,2,Extra Time,1.0,,0.0,78011.0,1.0,1.0,2.783,2.857,17.71,11.0,8.71,15.57,0.7511212121212122,21.0,2.257,2.286,14.43,9.43,6.29,17.29,0.8028989795918368,21.0,32.0,25.0,7.457,10.0,8.913,9.5,-1.456,7.0,train,tier2
914,2018,Semi-final,4,1,2018-07-11,"Luzhniki Stadium, Moscow",England,Croatia,0,UEFA,UEFA,1,0,0,1,1951.39,1888.75,62.6400000000001,0.5892,0.7,0.9,-0.2,2.2,0.8,2.0,14.0,4.0,1.0,0.0,1.0,0.0,2.0,1.0,5.64,0.5,0,4.0,4.0,0.0,62,5.0,11.0,4.0,7.0,4.0,0.8,2.2,68.0,8.649999999999999,11.0,2.0,0.182,44.0,14.0,1.0,0.0,3.0,4.0,1.05,2.85,-1.8,23.0,1.0,0.0,1,2,-1,Loss,0,Extra Time,0.0,,0.0,78011.0,1.0,1.0,2.257,2.286,14.43,9.43,6.29,17.29,0.8028989795918368,21.0,2.783,2.857,17.71,11.0,8.71,15.57,0.7511212121212122,21.0,25.0,32.0,8.913,9.5,7.457,10.0,1.456,-7.0,train,tier2
915,2018,Third Place,4,1,2018-07-14,"Saint Petersburg Stadium, Saint Petersburg",Belgium,England,1,UEFA,UEFA,1,0,0,1,2013.56,1916.04,97.51999999999998,0.6368,1.0,0.7,0.3,2.8,1.0,2.2,12.0,14.0,0.0,1.0,0.0,1.0,1.0,2.0,4.5,0.333,3,4.0,3.0,1.0,63,6.0,14.0,6.0,8.0,5.0,0.833,2.333,94.0,13.7,12.0,4.0,0.333,42.0,11.0,1.0,0.0,1.0,4.0,1.6,2.25,-0.6499999999999999,23.0,1.0,0.0,2,0,2,Win,2,Full Time,,,0.0,62548.0,1.0,1.0,1.818,2.143,15.43,11.57,8.14,16.29,0.8345734042553191,21.0,2.257,2.286,14.43,9.43,6.29,17.29,0.8028989795918368,21.0,31.0,25.0,8.109,9.5,8.913,9.5,-0.804,6.0,train,tier2
915,2018,Third Place,4,1,2018-07-14,"Saint Petersburg Stadium, Saint Petersburg",England,Belgium,0,UEFA,UEFA,1,0,0,1,1916.04,2013.56,-97.51999999999998,0.3632,0.7,1.0,-0.3,2.2,0.8,2.8,14.0,12.0,1.0,0.0,1.0,0.0,2.0,1.0,5.64,0.667,3,3.0,4.0,-1.0,63,6.0,12.0,6.0,6.0,4.0,0.667,2.0,79.0,9.7,15.0,6.0,0.4,58.0,4.0,2.0,0.0,0.0,5.0,2.25,1.6,0.6499999999999999,23.0,2.0,0.0,0,2,-2,Loss,0,Full Time,,,0.0,62548.0,1.0,1.0,2.257,2.286,14.43,9.43,6.29,17.29,0.8028989795918368,21.0,1.818,2.143,15.43,11.57,8.14,16.29,0.8345734042553191,21.0,25.0,31.0,8.913,9.5,8.109,9.5,0.804,-6.0,train,tier2
916,2018,Final,5,1,2018-07-15,"Luzhniki Stadium, Moscow",Croatia,France,1,UEFA,UEFA,1,0,0,1,1905.19,2034.02,-128.82999999999993,0.3227,0.8,0.9,-0.1,2.0,0.8,1.8,4.0,14.0,0.0,1.0,0.0,2.0,1.0,5.0,5.25,0.0,1,4.0,5.0,-1.0,64,6.0,12.0,5.0,7.0,6.0,1.0,2.0,99.0,11.2,7.0,6.0,0.857,34.0,13.0,2.0,0.0,1.0,2.0,1.85,1.7,0.1500000000000001,22.547619047619047,,,4,2,2,Win,2,Full Time,,,0.0,78011.0,1.0,1.0,2.783,2.857,17.71,11.0,8.71,15.57,0.7511212121212122,21.0,1.257,1.714,11.71,7.57,11.43,19.71,0.7685062500000001,21.0,32.0,22.0,7.457,10.0,8.522,10.0,-1.065,10.0,train,tier2
916,2018,Final,5,1,2018-07-15,"Luzhniki Stadium, Moscow",France,Croatia,0,UEFA,UEFA,1,0,0,1,2034.02,1905.19,128.82999999999993,0.6773,0.9,0.8,0.1,1.8,0.8,2.0,14.0,4.0,1.0,0.0,2.0,0.0,5.0,1.0,7.71,1.0,1,5.0,4.0,1.0,64,6.0,10.0,4.0,6.0,5.0,0.833,1.667,74.0,9.45,14.0,4.0,0.286,66.0,13.0,1.0,0.0,1.0,6.0,1.7,1.85,-0.1500000000000001,22.547619047619047,,,2,4,-2,Loss,0,Full Time,,,0.0,78011.0,1.0,1.0,1.257,1.714,11.71,7.57,11.43,19.71,0.7685062500000001,21.0,2.783,2.857,17.71,11.0,8.71,15.57,0.7511212121212122,21.0,22.0,32.0,8.522,10.0,7.457,10.0,1.065,-10.0,train,tier2
917,2022,Group Stage,1,0,2022-11-20,Al Bayt Stadium,Qatar,Ecuador,1,AFC,CONMEBOL,0,1,0,0,1763.64,1827.59,-63.94999999999982,0.409,0.7,0.7,0.0,1.4,1.0,0.4,0.0,3.0,0.0,0.0,0.0,0.0,0.0,0.0,0.0,0.5,0,4.0,4.0,0.0,1,0.0,0.0,0.0,0.0,0.0,0.5,0.0,0.0,0.0,5.0,0.0,0.0,47.0,15.0,4.0,0.0,3.0,1.0,0.3,1.2,-0.8999999999999999,26.0,4.0,0.0,0,2,-2,Loss,0,Full Time,,,0.0,67372.0,5.0,2.0,0.469,0.333,6.67,5.33,9.0,11.67,0.7916590909090909,20.0,1.269,1.333,10.0,5.67,10.67,12.0,0.741646511627907,18.0,29.0,24.0,5.0,5.0,5.0,5.0,0.0,5.0,test,tier2
917,2022,Group Stage,1,0,2022-11-20,Al Bayt Stadium,Ecuador,Qatar,0,CONMEBOL,AFC,0,0,1,0,1827.59,1763.64,63.94999999999982,0.591,0.7,0.7,0.0,0.4,0.0,1.4,3.0,0.0,0.0,0.0,0.0,0.0,0.0,0.0,3.33,0.5,0,4.0,4.0,0.0,1,0.0,0.0,0.0,0.0,0.0,0.5,0.0,0.0,0.0,6.0,3.0,0.5,53.0,15.0,2.0,0.0,4.0,3.0,1.2,0.3,0.8999999999999999,26.0,2.0,0.0,2,0,2,Win,2,Full Time,,,0.0,67372.0,2.0,5.0,1.269,1.333,10.0,5.67,10.67,12.0,0.741646511627907,18.0,0.469,0.333,6.67,5.33,9.0,11.67,0.7916590909090909,20.0,24.0,29.0,5.0,5.0,5.0,5.0,0.0,-5.0,test,tier2
918,2022,Group Stage,1,0,2022-11-21,Khalifa International Stadium,England,Iran,1,UEFA,AFC,0,0,0,1,1945.45,1872.39,73.05999999999995,0.6036,0.2,0.7,-0.5,0.2,1.4,1.2,15.0,4.0,1.0,0.0,1.0,0.0,3.0,0.0,6.07,0.5,0,4.0,4.0,0.0,2,0.0,0.0,0.0,0.0,0.0,0.5,0.0,0.0,0.0,13.0,7.0,0.538,77.0,14.0,0.0,0.0,2.0,8.0,2.1,1.4,0.7000000000000002,26.0,0.0,0.0,6,2,4,Win,2,Full Time,,,0.0,45334.0,1.0,5.0,1.747,2.6,12.6,9.0,9.2,12.4,0.8417315789473685,20.0,1.277,1.333,11.0,7.67,15.67,11.0,0.683565306122449,21.0,21.0,25.71074380165289,7.775,9.5,5.791008,8.5,0.0,0.0,test,tier2
918,2022,Group Stage,1,0,2022-11-21,Khalifa International Stadium,Iran,England,0,AFC,UEFA,0,0,0,1,1872.39,1945.45,-73.05999999999995,0.3964,0.7,0.2,0.5,1.2,0.6,0.2,4.0,15.0,0.0,1.0,0.0,1.0,0.0,3.0,1.75,0.5,0,4.0,4.0,0.0,2,0.0,0.0,0.0,0.0,0.0,0.5,0.0,0.0,0.0,8.0,3.0,0.375,23.0,9.0,2.0,0.0,2.0,0.0,1.4,2.1,-0.7000000000000002,25.0,2.0,0.0,2,6,-4,Loss,0,Full Time,,,0.0,45334.0,5.0,1.0,1.277,1.333,11.0,7.67,15.67,11.0,0.683565306122449,21.0,1.747,2.6,12.6,9.0,9.2,12.4,0.8417315789473685,20.0,25.71074380165289,21.0,5.791008,8.5,7.775,9.5,0.0,0.0,test,tier2
919,2022,Group Stage,1,0,2022-11-21,Al Thumama Stadium,Senegal,Netherlands,1,CAF,UEFA,0,0,0,1,1759.51,1972.35,-212.83999999999992,0.227,0.6,0.9,-0.3,1.6,1.2,2.6,2.0,10.0,0.0,0.0,0.0,3.0,0.0,5.0,5.5,0.5,0,4.0,4.0,0.0,3,0.0,0.0,0.0,0.0,0.0,0.5,0.0,0.0,0.0,14.0,3.0,0.214,46.0,13.0,2.0,0.0,2.0,6.0,0.9,0.7,0.2,26.0,2.0,0.0,0,2,-2,Loss,0,Full Time,,,0.0,41721.0,4.0,1.0,1.069,1.25,12.5,8.5,7.75,13.25,0.7712466666666666,20.0,1.782,2.6,9.6,6.8,10.2,12.4,0.7670792207792207,21.0,26.0,28.0,5.4,9.0,6.071,9.5,-0.671,-2.0,test,tier2
919,2022,Group Stage,1,0,2022-11-21,Al Thumama Stadium,Netherlands,Senegal,0,UEFA,CAF,0,0,0,1,1972.35,1759.51,212.83999999999992,0.773,0.9,0.6,0.3,2.6,1.2,1.6,10.0,2.0,0.0,0.0,3.0,0.0,5.0,0.0,9.1,0.5,0,4.0,4.0,0.0,3,0.0,0.0,0.0,0.0,0.0,0.5,0.0,0.0,0.0,9.0,3.0,0.333,54.0,13.0,1.0,0.0,1.0,7.0,0.7,0.9,-0.2,26.0,1.0,0.0,2,0,2,Win,2,Full Time,,,0.0,41721.0,1.0,4.0,1.782,2.6,9.6,6.8,10.2,12.4,0.7670792207792207,21.0,1.069,1.25,12.5,8.5,7.75,13.25,0.7712466666666666,20.0,28.0,26.0,6.071,9.5,5.4,9.0,0.671,2.0,test,tier2
920,2022,Group Stage,1,0,2022-11-21,Ahmed bin Ali Stadium,United States,Wales,1,CONCACAF,UEFA,0,0,0,1,1826.03,1816.22,9.809999999999944,0.5141,0.6,0.3,0.3,1.8,0.6,1.2,0.0,1.0,0.0,0.0,0.0,0.0,0.0,0.0,0.0,0.5,0,4.0,4.0,0.0,4,0.0,0.0,0.0,0.0,0.0,0.5,0.0,0.0,0.0,6.0,1.0,0.167,58.0,10.0,4.0,0.0,1.0,5.0,0.8,1.5,-0.7,26.0,4.0,0.0,1,1,0,Draw,1,Full Time,,,0.0,43418.0,3.0,1.0,0.985,0.75,11.5,9.25,10.0,14.0,0.7773714285714286,20.0,0.74,0.333,8.0,5.67,8.0,11.67,0.7445847826086957,18.0,25.0,31.0,5.575,9.0,5.0,5.0,0.575,-6.0,test,tier2
920,2022,Group Stage,1,0,2022-11-21,Ahmed bin Ali Stadium,Wales,United States,0,UEFA,CONCACAF,0,0,0,1,1816.22,1826.03,-9.809999999999944,0.4859,0.3,0.6,-0.3,1.2,1.6,1.8,1.0,0.0,0.0,0.0,0.0,0.0,0.0,0.0,4.0,0.5,0,4.0,4.0,0.0,4,0.0,0.0,0.0,0.0,0.0,0.5,0.0,0.0,0.0,7.0,3.0,0.429,42.0,15.0,2.0,0.0,1.0,3.0,1.5,0.8,0.7,26.0,2.0,0.0,1,1,0,Draw,1,Full Time,,,0.0,43418.0,1.0,3.0,0.74,0.333,8.0,5.67,8.0,11.67,0.7445847826086957,18.0,0.985,0.75,11.5,9.25,10.0,14.0,0.7773714285714286,20.0,31.0,25.0,5.0,5.0,5.575,9.0,-0.575,6.0,test,tier2
921,2022,Group Stage,1,0,2022-11-22,Lusail Iconic Stadium,Argentina,Saudi Arabia,1,CONMEBOL,AFC,0,0,0,1,2082.88,1760.04,322.84000000000015,0.8651,0.9,0.7,0.2,3.0,0.2,0.8,17.0,5.0,2.0,0.0,5.0,0.0,5.0,0.0,8.18,0.5,0,4.0,4.0,0.0,5,0.0,0.0,0.0,0.0,0.0,0.5,0.0,0.0,0.0,14.0,6.0,0.429,69.0,21.0,0.0,0.0,10.0,9.0,2.2,0.1,2.1,26.0,0.0,0.0,1,2,-1,Loss,0,Full Time,,,0.0,88012.0,2.0,5.0,2.998,3.286,15.71,10.43,10.0,17.43,0.8214654867256637,24.0,1.067,1.0,10.0,6.0,13.67,13.67,0.694136170212766,23.0,23.0,25.0,5.646,9.5,5.0,5.0,0.646,-2.0,test,tier2
921,2022,Group Stage,1,0,2022-11-22,Lusail Iconic Stadium,Saudi Arabia,Argentina,0,AFC,CONMEBOL,0,0,0,1,1760.04,2082.88,-322.84000000000015,0.1349,0.7,0.9,-0.2,0.8,0.4,3.0,5.0,17.0,0.0,2.0,0.0,5.0,0.0,5.0,2.2,0.5,0,4.0,4.0,0.0,5,0.0,0.0,0.0,0.0,0.0,0.5,0.0,0.0,0.0,3.0,2.0,0.667,31.0,7.0,6.0,0.0,1.0,2.0,0.1,2.2,-2.1,26.0,6.0,0.0,2,1,1,Win,2,Full Time,,,0.0,88012.0,5.0,2.0,1.067,1.0,10.0,6.0,13.67,13.67,0.694136170212766,23.0,2.998,3.286,15.71,10.43,10.0,17.43,0.8214654867256637,24.0,25.0,23.0,5.0,5.0,5.646,9.5,-0.646,2.0,test,tier2
922,2022,Group Stage,1,0,2022-11-22,Education City Stadium,Denmark,Tunisia,1,UEFA,CAF,0,0,0,1,1917.3,1742.78,174.51999999999998,0.732,0.6,0.7,-0.1,1.4,1.0,1.4,5.0,5.0,0.0,0.0,0.0,0.0,0.0,0.0,6.0,0.5,0,4.0,4.0,0.0,6,0.0,0.0,0.0,0.0,0.0,0.5,0.0,0.0,0.0,11.0,4.0,0.364,61.0,10.0,2.0,0.0,1.0,11.0,1.4,0.9,0.4999999999999999,26.0,2.0,0.0,0,0,0,Draw,1,Full Time,,,0.0,42925.0,1.0,4.0,1.064,0.333,11.67,8.67,11.0,15.67,0.813104347826087,20.0,0.803,0.333,10.67,7.0,11.0,13.33,0.7503822222222223,21.0,25.0,25.0,5.425,9.5,5.0,5.0,0.425,0.0,test,tier2
922,2022,Group Stage,1,0,2022-11-22,Education City Stadium,Tunisia,Denmark,0,CAF,UEFA,0,0,0,1,1742.78,1917.3,-174.51999999999998,0.268,0.7,0.6,0.1,1.4,1.0,1.4,5.0,5.0,0.0,0.0,0.0,0.0,0.0,0.0,2.6,0.5,0,4.0,4.0,0.0,6,0.0,0.0,0.0,0.0,0.0,0.5,0.0,0.0,0.0,11.0,1.0,0.091,39.0,9.0,1.0,0.0,1.0,9.0,0.9,1.4,-0.4999999999999999,26.0,1.0,0.0,0,0,0,Draw,1,Full Time,,,0.0,42925.0,4.0,1.0,0.803,0.333,10.67,7.0,11.0,13.33,0.7503822222222223,21.0,1.064,0.333,11.67,8.67,11.0,15.67,0.813104347826087,20.0,25.0,25.0,5.0,5.0,5.425,9.5,-0.425,0.0,test,tier2
923,2022,Group Stage,1,0,2022-11-22,Stadium 974,Mexico,Poland,1,CONCACAF,UEFA,0,0,0,1,1831.95,1827.28,4.670000000000073,0.5067,0.5,0.3,0.2,1.6,1.0,0.8,16.0,8.0,0.0,0.0,0.0,0.0,0.0,2.0,3.81,0.0,1,4.0,4.0,0.0,7,0.0,0.0,0.0,0.0,0.0,0.5,0.0,0.0,0.0,13.0,4.0,0.308,60.0,16.0,2.0,0.0,3.0,6.0,0.7,0.9,-0.2,26.0,2.0,0.0,0,0,0,Draw,1,Full Time,,,0.0,39369.0,3.0,1.0,1.019,0.667,13.67,8.67,13.0,10.67,0.7037181818181818,21.0,1.166,0.75,7.75,5.0,9.5,9.75,0.7636864406779661,21.0,25.0,28.0,5.0,5.0,5.548,9.5,-0.548,-3.0,test,tier2
923,2022,Group Stage,1,0,2022-11-22,Stadium 974,Poland,Mexico,0,UEFA,CONCACAF,0,0,0,1,1827.28,1831.95,-4.670000000000073,0.4933,0.3,0.5,-0.2,0.8,2.2,1.6,8.0,16.0,0.0,0.0,0.0,0.0,2.0,0.0,5.75,1.0,1,4.0,4.0,0.0,7,0.0,0.0,0.0,0.0,0.0,0.5,0.0,0.0,0.0,8.0,1.0,0.125,40.0,14.0,1.0,0.0,0.0,5.0,0.9,0.7,0.2,26.0,1.0,0.0,0,0,0,Draw,1,Full Time,,,0.0,39369.0,1.0,3.0,1.166,0.75,7.75,5.0,9.5,9.75,0.7636864406779661,21.0,1.019,0.667,13.67,8.67,13.0,10.67,0.7037181818181818,21.0,28.0,25.0,5.548,9.5,5.0,5.0,0.548,3.0,test,tier2
924,2022,Group Stage,1,0,2022-11-22,Al Janoub Stadium,France,Australia,1,UEFA,AFC,0,0,0,1,1968.39,1786.94,181.45000000000005,0.7397,0.4,0.7,-0.3,1.0,1.0,1.0,15.0,5.0,2.0,0.0,3.0,0.0,6.0,0.0,8.0,1.0,1,4.0,4.0,0.0,8,0.0,0.0,0.0,0.0,0.0,0.5,0.0,0.0,0.0,22.0,7.0,0.318,62.0,11.0,0.0,0.0,0.0,8.0,4.0,0.5,3.5,25.0,0.0,0.0,4,1,3,Win,2,Full Time,,,0.0,40875.0,1.0,5.0,2.137,2.571,15.14,11.29,13.57,18.57,0.803685294117647,24.0,0.395,0.75,6.5,4.25,10.5,12.0,0.7104476190476191,20.0,27.0,32.0,7.208,10.0,5.0,5.0,2.208,-5.0,test,tier2
924,2022,Group Stage,1,0,2022-11-22,Al Janoub Stadium,Australia,France,0,AFC,UEFA,0,0,0,1,1786.94,1968.39,-181.45000000000005,0.2603,0.7,0.4,0.3,1.0,0.6,1.0,5.0,15.0,0.0,2.0,0.0,3.0,0.0,6.0,2.6,0.0,1,4.0,4.0,0.0,8,0.0,0.0,0.0,0.0,0.0,0.5,0.0,0.0,0.0,4.0,1.0,0.25,38.0,5.0,3.0,0.0,0.0,1.0,0.5,4.0,-3.5,26.0,3.0,0.0,1,4,-3,Loss,0,Full Time,,,0.0,40875.0,5.0,1.0,0.395,0.75,6.5,4.25,10.5,12.0,0.7104476190476191,20.0,2.137,2.571,15.14,11.29,13.57,18.57,0.803685294117647,24.0,32.0,27.0,5.0,5.0,7.208,10.0,-2.208,5.0,test,tier2
925,2022,Group Stage,1,0,2022-11-23,Al Bayt Stadium,Morocco,Croatia,1,CAF,UEFA,0,0,0,1,1818.18,1900.73,-82.54999999999995,0.3834,0.7,0.9,-0.2,1.2,0.8,1.6,5.0,5.0,0.0,0.0,0.0,1.0,0.0,2.0,2.8,0.5,0,4.0,4.0,0.0,9,0.0,0.0,0.0,0.0,0.0,0.5,0.0,0.0,0.0,8.0,2.0,0.25,36.0,11.0,1.0,0.0,0.0,0.0,0.4,0.5,-0.0999999999999999,26.0,1.0,0.0,0,0,0,Draw,1,Full Time,,,0.0,59407.0,4.0,1.0,1.24,1.286,9.43,6.14,12.71,14.86,0.7371663636363637,25.0,1.881,2.143,12.43,8.29,12.14,13.0,0.8049757009345795,20.0,26.0,31.0,5.34,9.5,5.643,10.0,-0.303,-5.0,test,tier2
925,2022,Group Stage,1,0,2022-11-23,Al Bayt Stadium,Croatia,Morocco,0,UEFA,CAF,0,0,0,1,1900.73,1818.18,82.54999999999995,0.6166,0.9,0.7,0.2,1.6,0.6,1.2,5.0,5.0,0.0,0.0,1.0,0.0,2.0,0.0,7.4,0.5,0,4.0,4.0,0.0,9,0.0,0.0,0.0,0.0,0.0,0.5,0.0,0.0,0.0,6.0,2.0,0.333,64.0,17.0,0.0,0.0,1.0,5.0,0.5,0.4,0.0999999999999999,26.0,0.0,0.0,0,0,0,Draw,1,Full Time,,,0.0,59407.0,1.0,4.0,1.881,2.143,12.43,8.29,12.14,13.0,0.8049757009345795,20.0,1.24,1.286,9.43,6.14,12.71,14.86,0.7371663636363637,25.0,31.0,26.0,5.643,10.0,5.34,9.5,0.303,5.0,test,tier2
926,2022,Group Stage,1,0,2022-11-23,Khalifa International Stadium,Germany,Japan,1,UEFA,AFC,0,0,0,1,1937.44,1870.62,66.82000000000016,0.595,0.5,0.8,-0.3,2.0,1.6,2.2,9.0,6.0,1.0,0.0,2.0,0.0,5.0,0.0,11.78,0.5,0,4.0,4.0,0.0,10,0.0,0.0,0.0,0.0,0.0,0.5,0.0,0.0,0.0,25.0,9.0,0.36,74.0,14.0,0.0,0.0,4.0,6.0,3.1,1.5,1.6,26.0,0.0,0.0,1,2,-1,Loss,0,Full Time,,,0.0,42608.0,1.0,5.0,2.744,2.0,22.67,17.0,11.0,20.67,0.8231125,20.0,1.846,1.5,12.0,7.0,12.75,12.25,0.6916265625,22.0,29.0,24.0,7.25,10.0,5.182,9.0,2.068,5.0,test,tier2
926,2022,Group Stage,1,0,2022-11-23,Khalifa International Stadium,Japan,Germany,0,AFC,UEFA,0,0,0,1,1870.62,1937.44,-66.82000000000016,0.405,0.8,0.5,0.3,2.2,0.0,2.0,6.0,9.0,0.0,1.0,0.0,2.0,0.0,5.0,3.33,0.5,0,4.0,4.0,0.0,10,0.0,0.0,0.0,0.0,0.0,0.5,0.0,0.0,0.0,10.0,3.0,0.3,26.0,6.0,0.0,0.0,4.0,6.0,1.5,3.1,-1.6,26.0,0.0,0.0,2,1,1,Win,2,Full Time,,,0.0,42608.0,5.0,1.0,1.846,1.5,12.0,7.0,12.75,12.25,0.6916265625,22.0,2.744,2.0,22.67,17.0,11.0,20.67,0.8231125,20.0,24.0,29.0,5.182,9.0,7.25,10.0,-2.068,-5.0,test,tier2
927,2022,Group Stage,1,0,2022-11-23,Al Thumama Stadium,Spain,Costa Rica,1,UEFA,CONCACAF,0,0,0,1,1991.26,1851.54,139.72000000000003,0.6909,0.7,0.7,0.0,1.4,0.8,1.4,15.0,5.0,1.0,0.0,1.0,0.0,1.0,0.0,6.6,0.5,0,4.0,4.0,0.0,11,0.0,0.0,0.0,0.0,0.0,0.5,0.0,0.0,0.0,17.0,7.0,0.412,81.0,12.0,0.0,0.0,3.0,5.0,3.5,0.0,3.5,26.0,0.0,0.0,7,0,7,Win,2,Full Time,,,0.0,40013.0,1.0,3.0,1.776,2.25,12.75,9.0,9.25,19.25,0.8548375,21.0,0.411,0.667,3.67,2.0,12.0,11.33,0.754854347826087,22.0,19.0,22.0,7.595,10.0,5.0,5.0,2.595,-3.0,test,tier2
927,2022,Group Stage,1,0,2022-11-23,Al Thumama Stadium,Costa Rica,Spain,0,CONCACAF,UEFA,0,0,0,1,1851.54,1991.26,-139.72000000000003,0.3091,0.7,0.7,0.0,1.4,1.0,1.4,5.0,15.0,0.0,1.0,0.0,1.0,0.0,1.0,4.0,0.5,0,4.0,4.0,0.0,11,0.0,0.0,0.0,0.0,0.0,0.5,0.0,0.0,0.0,0.0,0.0,,19.0,8.0,2.0,0.0,7.0,0.0,0.0,3.5,-3.5,26.0,2.0,0.0,0,7,-7,Loss,0,Full Time,,,0.0,40013.0,3.0,1.0,0.411,0.667,3.67,2.0,12.0,11.33,0.754854347826087,22.0,1.776,2.25,12.75,9.0,9.25,19.25,0.8548375,21.0,22.0,19.0,5.0,5.0,7.595,10.0,-2.595,3.0,test,tier2
928,2022,Group Stage,1,0,2022-11-23,Ahmed bin Ali Stadium,Belgium,Canada,1,UEFA,CONCACAF,0,0,0,1,1987.06,1808.84,178.22000000000003,0.7361,0.7,0.5,0.2,2.0,0.8,1.8,13.0,1.0,0.0,0.0,0.0,0.0,2.0,0.0,5.38,0.5,0,4.0,4.0,0.0,12,0.0,0.0,0.0,0.0,0.0,0.5,0.0,0.0,0.0,9.0,3.0,0.333,53.0,14.0,3.0,0.0,0.0,4.0,0.8,2.4,-1.6,26.0,3.0,0.0,1,0,1,Win,2,Full Time,,,0.0,40432.0,1.0,3.0,1.231,0.333,11.67,9.0,7.67,12.33,0.813859574468085,20.0,1.309,0.333,11.67,8.67,10.67,25.0,0.8108437500000001,19.0,21.0,24.0,5.725,10.0,5.237,9.5,0.488,-3.0,test,tier2
928,2022,Group Stage,1,0,2022-11-23,Ahmed bin Ali Stadium,Canada,Belgium,0,CONCACAF,UEFA,0,0,0,1,1808.84,1987.06,-178.22000000000003,0.2639,0.5,0.7,-0.2,1.8,1.2,2.0,1.0,13.0,0.0,0.0,0.0,0.0,0.0,2.0,0.0,0.5,0,4.0,4.0,0.0,12,0.0,0.0,0.0,0.0,0.0,0.5,0.0,0.0,0.0,21.0,4.0,0.19,47.0,11.0,2.0,0.0,1.0,4.0,2.4,0.8,1.6,26.0,2.0,0.0,0,1,-1,Loss,0,Full Time,,,0.0,40432.0,3.0,1.0,1.309,0.333,11.67,8.67,10.67,25.0,0.8108437500000001,19.0,1.231,0.333,11.67,9.0,7.67,12.33,0.813859574468085,20.0,24.0,21.0,5.237,9.5,5.725,10.0,-0.488,3.0,test,tier2
929,2022,Group Stage,1,0,2022-11-24,Al Janoub Stadium,Switzerland,Cameroon,1,UEFA,CAF,0,0,0,1,1892.76,1722.48,170.27999999999997,0.7271,0.6,0.5,0.1,1.0,1.4,0.8,11.0,7.0,0.0,0.0,0.0,0.0,0.0,0.0,4.55,0.5,0,4.0,4.0,0.0,13,0.0,0.0,0.0,0.0,0.0,0.5,0.0,0.0,0.0,8.0,3.0,0.375,51.0,10.0,2.0,0.0,2.0,11.0,1.4,0.7,0.7,25.0,2.0,0.0,1,0,1,Win,2,Full Time,,,0.0,39089.0,1.0,4.0,1.523,1.25,9.25,7.0,10.75,6.25,0.7907451612903226,24.0,1.022,1.333,9.33,7.0,15.33,14.33,0.7557511111111112,22.0,20.0,27.0,5.521,9.5,5.205,9.5,0.316,-7.0,test,tier2
929,2022,Group Stage,1,0,2022-11-24,Al Janoub Stadium,Cameroon,Switzerland,0,CAF,UEFA,0,0,0,1,1722.48,1892.76,-170.27999999999997,0.2729,0.5,0.6,-0.1,0.8,1.0,1.0,7.0,11.0,0.0,0.0,0.0,0.0,0.0,0.0,2.57,0.5,0,4.0,4.0,0.0,13,0.0,0.0,0.0,0.0,0.0,0.5,0.0,0.0,0.0,7.0,3.0,0.429,49.0,12.0,1.0,0.0,2.0,5.0,0.7,1.4,-0.7,26.0,1.0,0.0,0,1,-1,Loss,0,Full Time,,,0.0,39089.0,4.0,1.0,1.022,1.333,9.33,7.0,15.33,14.33,0.7557511111111112,22.0,1.523,1.25,9.25,7.0,10.75,6.25,0.7907451612903226,24.0,27.0,20.0,5.205,9.5,5.521,9.5,-0.316,7.0,test,tier2
930,2022,Group Stage,1,0,2022-11-24,Education City Stadium,Uruguay,Korea Republic,1,CONMEBOL,AFC,0,0,0,1,1871.66,1500.0,371.6600000000001,0.8947,0.7,0.5,0.2,2.0,0.2,1.5,13.0,9.0,2.0,0.0,1.0,0.0,4.0,1.0,6.69,0.5,0,4.0,4.0,0.0,14,0.0,0.0,0.0,0.0,0.0,0.5,0.0,0.0,0.0,10.0,0.0,0.0,56.0,10.0,1.0,0.0,1.0,4.0,0.6,0.6,0.0,25.35833333333333,,,0,0,0,Draw,1,Full Time,,,0.0,41663.0,2.0,5.0,1.09,0.667,11.0,9.0,12.0,11.33,0.7610382978723405,19.0,1.4871854838709675,1.5322419354838712,11.661612903225809,8.113709677419354,10.67717741935484,14.121209677419357,0.7781173697480416,21.60483870967742,24.0,25.71074380165289,5.711,10.0,5.0,5.0,0.711,0.0,test,tier2
930,2022,Group Stage,1,0,2022-11-24,Education City Stadium,Korea Republic,Uruguay,0,AFC,CONMEBOL,0,0,0,1,1500.0,1871.66,-371.6600000000001,0.1053,0.5,0.7,-0.2,1.5,1.5,2.0,9.0,13.0,0.0,2.0,0.0,1.0,1.0,4.0,3.44,0.5,0,4.0,4.0,0.0,14,0.0,0.0,0.0,0.0,0.0,0.5,0.0,0.0,0.0,6.0,0.0,0.0,44.0,7.0,1.0,0.0,0.0,3.0,0.6,0.6,0.0,25.35833333333333,,,0,0,0,Draw,1,Full Time,,,0.0,41663.0,5.0,2.0,1.4871854838709675,1.5322419354838712,11.661612903225809,8.113709677419354,10.67717741935484,14.121209677419357,0.7781173697480416,21.60483870967742,1.09,0.667,11.0,9.0,12.0,11.33,0.7610382978723405,19.0,25.71074380165289,24.0,5.0,5.0,5.711,10.0,-0.711,0.0,test,tier2
931,2022,Group Stage,1,0,2022-11-24,Stadium 974,Portugal,Ghana,1,UEFA,CAF,0,0,0,1,1934.41,1640.65,293.76,0.8444,0.6,0.4,0.2,2.0,0.4,0.6,7.0,3.0,0.0,0.0,0.0,0.0,2.0,0.0,7.0,1.0,1,4.0,4.0,0.0,15,0.0,0.0,0.0,0.0,0.0,0.5,0.0,0.0,0.0,11.0,5.0,0.455,62.0,19.0,2.0,0.0,1.0,3.0,2.0,0.9,1.1,25.0,2.0,0.0,3,2,1,Win,2,Full Time,,,0.0,42662.0,1.0,4.0,1.462,2.4,13.2,10.0,6.0,13.0,0.8293575000000001,24.0,1.118,1.667,8.33,4.67,9.0,20.33,0.7489244444444444,20.0,27.0,18.0,6.062,9.5,5.2,9.0,0.862,9.0,test,tier2
931,2022,Group Stage,1,0,2022-11-24,Stadium 974,Ghana,Portugal,0,CAF,UEFA,0,0,0,1,1640.65,1934.41,-293.76,0.1556,0.4,0.6,-0.2,0.6,1.6,2.0,3.0,7.0,0.0,0.0,0.0,0.0,0.0,2.0,4.33,0.0,1,4.0,4.0,0.0,15,0.0,0.0,0.0,0.0,0.0,0.5,0.0,0.0,0.0,8.0,3.0,0.375,38.0,14.0,4.0,0.0,1.0,3.0,0.9,2.0,-1.1,26.0,4.0,0.0,2,3,-1,Loss,0,Full Time,,,0.0,42662.0,4.0,1.0,1.118,1.667,8.33,4.67,9.0,20.33,0.7489244444444444,20.0,1.462,2.4,13.2,10.0,6.0,13.0,0.8293575000000001,24.0,18.0,27.0,5.2,9.0,6.062,9.5,-0.862,-9.0,test,tier2
932,2022,Group Stage,1,0,2022-11-24,Lusail Iconic Stadium,Brazil,Serbia,1,CONMEBOL,UEFA,0,0,0,1,2119.49,1870.24,249.24999999999977,0.8076,1.0,0.9,0.1,3.4,0.2,2.6,21.0,2.0,5.0,0.0,6.0,0.0,10.0,0.0,11.1,1.0,1,4.0,4.0,0.0,16,0.0,0.0,0.0,0.0,0.0,0.5,0.0,0.0,0.0,24.0,10.0,0.417,59.0,12.0,0.0,0.0,1.0,6.0,2.4,0.2,2.2,26.0,0.0,0.0,2,0,2,Win,2,Full Time,,,0.0,88103.0,2.0,1.0,2.727,2.0,19.8,13.2,8.4,20.0,0.83339125,26.0,1.03,1.667,10.67,7.33,8.33,7.67,0.7814395833333334,23.0,31.0,28.0,7.596,10.0,5.318,8.5,2.278,3.0,test,tier2
932,2022,Group Stage,1,0,2022-11-24,Lusail Iconic Stadium,Serbia,Brazil,0,UEFA,CONMEBOL,0,0,0,1,1870.24,2119.49,-249.24999999999977,0.1924,0.9,1.0,-0.1,2.6,0.8,3.4,2.0,21.0,0.0,5.0,0.0,6.0,0.0,10.0,2.0,0.0,1,4.0,4.0,0.0,16,0.0,0.0,0.0,0.0,0.0,0.5,0.0,0.0,0.0,4.0,0.0,0.0,41.0,7.0,3.0,0.0,0.0,4.0,0.2,2.4,-2.2,26.0,3.0,0.0,0,2,-2,Loss,0,Full Time,,,0.0,88103.0,1.0,2.0,1.03,1.667,10.67,7.33,8.33,7.67,0.7814395833333334,23.0,2.727,2.0,19.8,13.2,8.4,20.0,0.83339125,26.0,28.0,31.0,5.318,8.5,7.596,10.0,-2.278,-3.0,test,tier2
933,2022,Group Stage,1,0,2022-11-25,Ahmed bin Ali Stadium,Wales,Iran,1,UEFA,AFC,0,0,0,1,1817.07,1848.61,-31.539999999999964,0.4547,0.1,0.5,-0.4,1.0,1.8,0.8,1.0,4.0,0.0,0.0,0.0,0.0,0.0,0.0,4.0,0.5,0,4.0,4.0,0.0,17,1.0,1.0,1.0,0.0,0.0,0.0,1.0,7.0,1.5,10.0,3.0,0.3,62.0,10.0,1.0,1.0,2.0,2.0,0.9,1.4,-0.4999999999999999,26.0,1.0,1.0,0,2,-2,Loss,0,Full Time,,,0.0,40875.0,1.0,5.0,0.74,0.333,8.0,5.67,8.0,11.67,0.7445847826086957,18.0,1.277,1.333,11.0,7.67,15.67,11.0,0.683565306122449,21.0,31.0,25.71074380165289,5.0,5.0,5.791008,8.5,0.0,0.0,test,tier2
933,2022,Group Stage,1,0,2022-11-25,Ahmed bin Ali Stadium,Iran,Wales,0,AFC,UEFA,0,0,0,1,1848.61,1817.07,31.539999999999964,0.5453,0.5,0.1,0.4,0.8,1.0,1.0,4.0,1.0,0.0,0.0,0.0,0.0,0.0,0.0,1.75,0.5,0,4.0,4.0,0.0,17,1.0,2.0,6.0,-4.0,0.0,0.0,2.0,8.0,1.4,21.0,6.0,0.286,38.0,9.0,2.0,0.0,2.0,7.0,1.4,0.9,0.4999999999999999,25.0,2.0,0.0,2,0,2,Win,2,Full Time,,,0.0,40875.0,5.0,1.0,1.277,1.333,11.0,7.67,15.67,11.0,0.683565306122449,21.0,0.74,0.333,8.0,5.67,8.0,11.67,0.7445847826086957,18.0,25.71074380165289,31.0,5.791008,8.5,5.0,5.0,0.0,0.0,test,tier2
934,2022,Group Stage,1,0,2022-11-25,Al Thumama Stadium,Qatar,Senegal,1,AFC,CAF,0,1,0,0,1739.1,1745.89,-6.790000000000191,0.4902,0.9,0.5,0.4,1.6,0.6,1.6,0.0,2.0,0.0,0.0,0.0,0.0,0.0,0.0,0.0,0.5,0,5.0,4.0,1.0,18,1.0,0.0,2.0,-2.0,0.0,0.0,0.0,5.0,0.3,10.0,2.0,0.2,45.0,12.0,3.0,0.0,4.0,6.0,1.0,0.8,0.1999999999999999,25.0,3.0,0.0,1,3,-2,Loss,0,Full Time,,,0.0,41797.0,5.0,4.0,0.469,0.333,6.67,5.33,9.0,11.67,0.7916590909090909,20.0,1.069,1.25,12.5,8.5,7.75,13.25,0.7712466666666666,20.0,29.0,26.0,5.0,5.0,5.4,9.0,-0.4,3.0,test,tier2
934,2022,Group Stage,1,0,2022-11-25,Al Thumama Stadium,Senegal,Qatar,0,CAF,AFC,0,0,1,0,1745.89,1739.1,6.790000000000191,0.5098,0.5,0.9,-0.4,1.6,1.4,1.6,2.0,0.0,0.0,0.0,0.0,0.0,0.0,0.0,5.5,0.5,0,4.0,5.0,-1.0,18,1.0,0.0,2.0,-2.0,0.0,0.0,0.0,14.0,0.9,12.0,4.0,0.333,55.0,7.0,3.0,0.0,3.0,7.0,0.8,1.0,-0.1999999999999999,26.0,3.0,0.0,3,1,2,Win,2,Full Time,,,0.0,41797.0,4.0,5.0,1.069,1.25,12.5,8.5,7.75,13.25,0.7712466666666666,20.0,0.469,0.333,6.67,5.33,9.0,11.67,0.7916590909090909,20.0,26.0,29.0,5.4,9.0,5.0,5.0,0.4,-3.0,test,tier2
935,2022,Group Stage,1,0,2022-11-25,Khalifa International Stadium,Netherlands,Ecuador,1,UEFA,CONMEBOL,0,0,0,1,1985.97,1852.13,133.83999999999992,0.6836,0.9,0.6,0.3,2.0,1.0,0.2,10.0,3.0,0.0,0.0,3.0,0.0,5.0,0.0,9.1,0.5,0,4.0,5.0,-1.0,19,1.0,2.0,0.0,2.0,1.0,1.0,2.0,9.0,0.7,2.0,1.0,0.5,54.0,12.0,0.0,0.0,1.0,2.0,0.1,1.7,-1.6,26.0,0.0,0.0,1,1,0,Draw,1,Full Time,,,0.0,44833.0,1.0,2.0,1.782,2.6,9.6,6.8,10.2,12.4,0.7670792207792207,21.0,1.269,1.333,10.0,5.67,10.67,12.0,0.741646511627907,18.0,28.0,24.0,6.071,9.5,5.0,5.0,1.071,4.0,test,tier2
935,2022,Group Stage,1,0,2022-11-25,Khalifa International Stadium,Ecuador,Netherlands,0,CONMEBOL,UEFA,0,0,0,1,1852.13,1985.97,-133.83999999999992,0.3164,0.6,0.9,-0.3,0.2,0.0,2.0,3.0,10.0,0.0,0.0,0.0,3.0,0.0,5.0,3.33,0.5,0,5.0,4.0,1.0,19,1.0,2.0,0.0,2.0,1.0,1.0,2.0,6.0,1.2,13.0,5.0,0.385,46.0,15.0,1.0,0.0,4.0,5.0,1.7,0.1,1.6,26.0,1.0,0.0,1,1,0,Draw,1,Full Time,,,0.0,44833.0,2.0,1.0,1.269,1.333,10.0,5.67,10.67,12.0,0.741646511627907,18.0,1.782,2.6,9.6,6.8,10.2,12.4,0.7670792207792207,21.0,24.0,28.0,5.0,5.0,6.071,9.5,-1.071,-4.0,test,tier2
936,2022,Group Stage,1,0,2022-11-25,Al Bayt Stadium,England,United States,1,UEFA,CONCACAF,0,0,0,1,1969.23,1825.18,144.04999999999995,0.6962,0.3,0.5,-0.2,0.8,1.8,1.2,15.0,0.0,1.0,0.0,1.0,0.0,3.0,0.0,6.07,0.0,2,4.0,4.0,0.0,20,1.0,6.0,2.0,4.0,1.0,1.0,6.0,13.0,2.1,8.0,3.0,0.375,55.0,15.0,0.0,0.0,1.0,3.0,0.8,0.6,0.2,26.0,0.0,0.0,0,0,0,Draw,1,Full Time,,,0.0,68463.0,1.0,3.0,1.747,2.6,12.6,9.0,9.2,12.4,0.8417315789473685,20.0,0.985,0.75,11.5,9.25,10.0,14.0,0.7773714285714286,20.0,21.0,25.0,7.775,9.5,5.575,9.0,2.2,-4.0,test,tier2
936,2022,Group Stage,1,0,2022-11-25,Al Bayt Stadium,United States,England,0,CONCACAF,UEFA,0,0,0,1,1825.18,1969.23,-144.04999999999995,0.3038,0.5,0.3,0.2,1.2,0.6,0.8,0.0,15.0,0.0,1.0,0.0,1.0,0.0,3.0,0.0,1.0,2,4.0,4.0,0.0,20,1.0,1.0,1.0,0.0,0.0,0.0,1.0,6.0,0.8,10.0,2.0,0.2,45.0,9.0,0.0,0.0,0.0,7.0,0.6,0.8,-0.2,26.0,0.0,0.0,0,0,0,Draw,1,Full Time,,,0.0,68463.0,3.0,1.0,0.985,0.75,11.5,9.25,10.0,14.0,0.7773714285714286,20.0,1.747,2.6,12.6,9.0,9.2,12.4,0.8417315789473685,20.0,25.0,21.0,5.575,9.0,7.775,9.5,-2.2,4.0,test,tier2
937,2022,Group Stage,1,0,2022-11-26,Al Janoub Stadium,Tunisia,Australia,1,CAF,AFC,0,0,0,1,1756.7,1771.32,-14.61999999999989,0.479,0.8,0.9,-0.1,1.8,1.0,1.4,5.0,5.0,0.0,0.0,0.0,0.0,0.0,0.0,2.6,0.5,0,4.0,4.0,0.0,21,1.0,0.0,0.0,0.0,0.0,0.0,0.0,11.0,0.9,13.0,4.0,0.308,59.0,15.0,3.0,0.0,3.0,5.0,0.9,0.6,0.3,26.0,3.0,0.0,0,1,-1,Loss,0,Full Time,,,0.0,41823.0,4.0,5.0,0.803,0.333,10.67,7.0,11.0,13.33,0.7503822222222223,21.0,0.395,0.75,6.5,4.25,10.5,12.0,0.7104476190476191,20.0,25.0,32.0,5.0,5.0,5.0,5.0,0.0,-7.0,test,tier2
937,2022,Group Stage,1,0,2022-11-26,Al Janoub Stadium,Australia,Tunisia,0,AFC,CAF,0,0,0,1,1771.32,1756.7,14.61999999999989,0.521,0.9,0.8,0.1,1.4,0.4,1.8,5.0,5.0,0.0,0.0,0.0,0.0,0.0,0.0,2.6,0.5,0,4.0,4.0,0.0,21,1.0,1.0,4.0,-3.0,0.0,0.0,1.0,4.0,0.5,8.0,2.0,0.25,41.0,16.0,0.0,0.0,0.0,2.0,0.6,0.9,-0.3,25.0,0.0,0.0,1,0,1,Win,2,Full Time,,,0.0,41823.0,5.0,4.0,0.395,0.75,6.5,4.25,10.5,12.0,0.7104476190476191,20.0,0.803,0.333,10.67,7.0,11.0,13.33,0.7503822222222223,21.0,32.0,25.0,5.0,5.0,5.0,5.0,0.0,7.0,test,tier2
938,2022,Group Stage,1,0,2022-11-26,Education City Stadium,Poland,Saudi Arabia,1,UEFA,AFC,0,0,0,1,1827.68,1811.95,15.730000000000018,0.5226,0.5,0.5,0.0,0.8,1.0,0.6,8.0,5.0,0.0,0.0,0.0,0.0,2.0,0.0,5.75,0.5,0,4.0,4.0,0.0,22,1.0,0.0,0.0,0.0,0.0,0.0,0.0,8.0,0.9,8.0,3.0,0.375,37.0,15.0,3.0,0.0,0.0,4.0,1.6,1.7,-0.0999999999999998,26.0,3.0,0.0,2,0,2,Win,2,Full Time,,,0.0,44259.0,1.0,5.0,1.166,0.75,7.75,5.0,9.5,9.75,0.7636864406779661,21.0,1.067,1.0,10.0,6.0,13.67,13.67,0.694136170212766,23.0,28.0,25.0,5.548,9.5,5.0,5.0,0.548,3.0,test,tier2
938,2022,Group Stage,1,0,2022-11-26,Education City Stadium,Saudi Arabia,Poland,0,AFC,UEFA,0,0,0,1,1811.95,1827.68,-15.730000000000018,0.4774,0.5,0.5,0.0,0.6,0.6,0.8,5.0,8.0,0.0,0.0,0.0,0.0,0.0,2.0,2.2,0.5,0,4.0,4.0,0.0,22,1.0,2.0,1.0,1.0,1.0,1.0,2.0,3.0,0.1,16.0,5.0,0.312,63.0,18.0,2.0,0.0,0.0,5.0,1.7,1.6,0.0999999999999998,23.0,2.0,0.0,0,2,-2,Loss,0,Full Time,,,0.0,44259.0,5.0,1.0,1.067,1.0,10.0,6.0,13.67,13.67,0.694136170212766,23.0,1.166,0.75,7.75,5.0,9.5,9.75,0.7636864406779661,21.0,25.0,28.0,5.0,5.0,5.548,9.5,-0.548,-3.0,test,tier2
939,2022,Group Stage,1,0,2022-11-26,Stadium 974,France,Denmark,1,UEFA,UEFA,1,0,0,1,1984.01,1903.38,80.62999999999988,0.614,0.4,0.6,-0.2,0.8,1.0,1.4,15.0,5.0,2.0,0.0,3.0,0.0,6.0,0.0,8.0,0.333,3,4.0,4.0,0.0,23,1.0,4.0,1.0,3.0,1.0,1.0,4.0,22.0,4.0,21.0,6.0,0.286,49.0,9.0,1.0,0.0,1.0,6.0,2.4,0.6,1.7999999999999998,24.0,1.0,0.0,2,1,1,Win,2,Full Time,,,0.0,42860.0,1.0,1.0,2.137,2.571,15.14,11.29,13.57,18.57,0.803685294117647,24.0,1.064,0.333,11.67,8.67,11.0,15.67,0.813104347826087,20.0,27.0,25.0,7.208,10.0,5.425,9.5,1.783,2.0,test,tier2
939,2022,Group Stage,1,0,2022-11-26,Stadium 974,Denmark,France,0,UEFA,UEFA,1,0,0,1,1903.38,1984.01,-80.62999999999988,0.386,0.6,0.4,0.2,1.4,0.8,0.8,5.0,15.0,0.0,2.0,0.0,3.0,0.0,6.0,6.0,0.667,3,4.0,4.0,0.0,23,1.0,0.0,0.0,0.0,0.0,0.0,0.0,11.0,1.4,10.0,2.0,0.2,51.0,4.0,2.0,0.0,1.0,4.0,0.6,2.4,-1.7999999999999998,25.0,2.0,0.0,1,2,-1,Loss,0,Full Time,,,0.0,42860.0,1.0,1.0,1.064,0.333,11.67,8.67,11.0,15.67,0.813104347826087,20.0,2.137,2.571,15.14,11.29,13.57,18.57,0.803685294117647,24.0,25.0,27.0,5.425,9.5,7.208,10.0,-1.783,-2.0,test,tier2
940,2022,Group Stage,1,0,2022-11-26,Lusail Iconic Stadium,Argentina,Mexico,1,CONMEBOL,CONCACAF,0,0,0,1,2030.97,1831.55,199.42000000000007,0.7591,1.0,0.4,0.6,3.8,0.0,1.6,17.0,16.0,2.0,0.0,5.0,0.0,5.0,0.0,8.18,1.0,3,4.0,4.0,0.0,24,1.0,1.0,2.0,-1.0,0.0,0.0,1.0,14.0,2.2,5.0,2.0,0.4,58.0,19.0,1.0,0.0,2.0,4.0,0.3,0.3,0.0,26.0,1.0,0.0,2,0,2,Win,2,Full Time,,,0.0,88966.0,2.0,3.0,2.998,3.286,15.71,10.43,10.0,17.43,0.8214654867256637,24.0,1.019,0.667,13.67,8.67,13.0,10.67,0.7037181818181818,21.0,23.0,25.0,5.646,9.5,5.0,5.0,0.646,-2.0,test,tier2
940,2022,Group Stage,1,0,2022-11-26,Lusail Iconic Stadium,Mexico,Argentina,0,CONCACAF,CONMEBOL,0,0,0,1,1831.55,2030.97,-199.42000000000007,0.2409,0.4,1.0,-0.6,1.6,1.2,3.8,16.0,17.0,0.0,2.0,0.0,5.0,0.0,5.0,3.81,0.0,3,4.0,4.0,0.0,24,1.0,0.0,0.0,0.0,0.0,0.0,0.0,13.0,0.7,4.0,1.0,0.25,42.0,15.0,4.0,0.0,4.0,2.0,0.3,0.3,0.0,26.0,4.0,0.0,0,2,-2,Loss,0,Full Time,,,0.0,88966.0,3.0,2.0,1.019,0.667,13.67,8.67,13.0,10.67,0.7037181818181818,21.0,2.998,3.286,15.71,10.43,10.0,17.43,0.8214654867256637,24.0,25.0,23.0,5.0,5.0,5.646,9.5,-0.646,2.0,test,tier2
941,2022,Group Stage,1,0,2022-11-27,Ahmed bin Ali Stadium,Japan,Costa Rica,1,AFC,CONCACAF,0,0,0,1,1906.32,1832.99,73.32999999999993,0.604,0.6,0.9,-0.3,1.2,0.4,1.8,6.0,5.0,0.0,0.0,0.0,0.0,0.0,0.0,3.33,0.5,0,4.0,4.0,0.0,25,1.0,2.0,1.0,1.0,1.0,1.0,2.0,10.0,1.5,14.0,3.0,0.214,57.0,9.0,3.0,0.0,0.0,5.0,0.9,0.1,0.8,26.0,3.0,0.0,0,1,-1,Loss,0,Full Time,,,0.0,41479.0,5.0,3.0,1.846,1.5,12.0,7.0,12.75,12.25,0.6916265625,22.0,0.411,0.667,3.67,2.0,12.0,11.33,0.754854347826087,22.0,24.0,22.0,5.182,9.0,5.0,5.0,0.182,2.0,test,tier2
941,2022,Group Stage,1,0,2022-11-27,Ahmed bin Ali Stadium,Costa Rica,Japan,0,CONCACAF,AFC,0,0,0,1,1832.99,1906.32,-73.32999999999993,0.396,0.9,0.6,0.3,1.8,0.6,1.2,5.0,6.0,0.0,0.0,0.0,0.0,0.0,0.0,4.0,0.5,0,4.0,4.0,0.0,25,1.0,0.0,7.0,-7.0,0.0,0.0,0.0,0.0,0.0,4.0,1.0,0.25,43.0,22.0,3.0,0.0,2.0,0.0,0.1,0.9,-0.8,26.0,3.0,0.0,1,0,1,Win,2,Full Time,,,0.0,41479.0,3.0,5.0,0.411,0.667,3.67,2.0,12.0,11.33,0.754854347826087,22.0,1.846,1.5,12.0,7.0,12.75,12.25,0.6916265625,22.0,22.0,24.0,5.0,5.0,5.182,9.0,-0.182,-2.0,test,tier2
942,2022,Group Stage,1,0,2022-11-27,Al Thumama Stadium,Belgium,Morocco,1,UEFA,CAF,0,0,0,1,2002.89,1825.18,177.71000000000004,0.7356,0.5,0.9,-0.4,1.0,1.0,1.8,13.0,5.0,0.0,0.0,0.0,0.0,2.0,0.0,5.38,1.0,1,4.0,4.0,0.0,26,1.0,1.0,0.0,1.0,1.0,1.0,1.0,9.0,0.8,10.0,4.0,0.4,67.0,14.0,1.0,0.0,3.0,9.0,1.0,1.5,-0.5,26.0,1.0,0.0,0,2,-2,Loss,0,Full Time,,,0.0,43738.0,1.0,4.0,1.231,0.333,11.67,9.0,7.67,12.33,0.813859574468085,20.0,1.24,1.286,9.43,6.14,12.71,14.86,0.7371663636363637,25.0,21.0,26.0,5.725,10.0,5.34,9.5,0.385,-5.0,test,tier2
942,2022,Group Stage,1,0,2022-11-27,Al Thumama Stadium,Morocco,Belgium,0,CAF,UEFA,0,0,0,1,1825.18,2002.89,-177.71000000000004,0.2644,0.9,0.5,0.4,1.8,0.2,1.0,5.0,13.0,0.0,0.0,0.0,0.0,0.0,2.0,2.8,0.0,1,4.0,4.0,0.0,26,1.0,0.0,0.0,0.0,0.0,0.0,0.0,8.0,0.4,11.0,4.0,0.364,33.0,10.0,1.0,0.0,3.0,1.0,1.5,1.0,0.5,26.0,1.0,0.0,2,0,2,Win,2,Full Time,,,0.0,43738.0,4.0,1.0,1.24,1.286,9.43,6.14,12.71,14.86,0.7371663636363637,25.0,1.231,0.333,11.67,9.0,7.67,12.33,0.813859574468085,20.0,26.0,21.0,5.34,9.5,5.725,10.0,-0.385,5.0,test,tier2
943,2022,Group Stage,1,0,2022-11-27,Khalifa International Stadium,Croatia,Canada,1,UEFA,CONCACAF,0,0,0,1,1893.73,1793.01,100.72000000000004,0.641,1.0,0.5,0.5,1.6,0.4,1.4,5.0,1.0,0.0,0.0,1.0,0.0,2.0,0.0,7.4,0.5,0,4.0,4.0,0.0,27,1.0,0.0,0.0,0.0,0.0,0.0,0.0,6.0,0.5,13.0,10.0,0.769,49.0,5.0,2.0,0.0,1.0,5.0,2.6,0.4,2.2,25.0,2.0,0.0,4,1,3,Win,2,Full Time,,,0.0,44374.0,1.0,3.0,1.881,2.143,12.43,8.29,12.14,13.0,0.8049757009345795,20.0,1.309,0.333,11.67,8.67,10.67,25.0,0.8108437500000001,19.0,31.0,24.0,5.643,10.0,5.237,9.5,0.406,7.0,test,tier2
943,2022,Group Stage,1,0,2022-11-27,Khalifa International Stadium,Canada,Croatia,0,CONCACAF,UEFA,0,0,0,1,1793.01,1893.73,-100.72000000000004,0.359,0.5,1.0,-0.5,1.4,1.4,1.6,1.0,5.0,0.0,0.0,0.0,1.0,0.0,2.0,0.0,0.5,0,4.0,4.0,0.0,27,1.0,0.0,1.0,-1.0,0.0,0.0,0.0,21.0,2.4,9.0,2.0,0.222,51.0,13.0,2.0,0.0,3.0,2.0,0.4,2.6,-2.2,26.0,2.0,0.0,1,4,-3,Loss,0,Full Time,,,0.0,44374.0,3.0,1.0,1.309,0.333,11.67,8.67,10.67,25.0,0.8108437500000001,19.0,1.881,2.143,12.43,8.29,12.14,13.0,0.8049757009345795,20.0,24.0,31.0,5.237,9.5,5.643,10.0,-0.406,-7.0,test,tier2
944,2022,Group Stage,1,0,2022-11-27,Al Bayt Stadium,Spain,Germany,1,UEFA,UEFA,1,0,0,1,2009.81,1901.74,108.06999999999994,0.6507,0.8,0.6,0.2,1.6,0.6,2.0,15.0,9.0,1.0,1.0,1.0,2.0,1.0,5.0,6.6,0.25,4,4.0,4.0,0.0,28,1.0,7.0,0.0,7.0,1.0,1.0,7.0,17.0,3.5,7.0,3.0,0.429,64.0,11.0,1.0,0.0,2.0,6.0,0.6,1.3,-0.7000000000000001,26.0,1.0,0.0,1,1,0,Draw,1,Full Time,,,0.0,68895.0,1.0,1.0,1.776,2.25,12.75,9.0,9.25,19.25,0.8548375,21.0,2.744,2.0,22.67,17.0,11.0,20.67,0.8231125,20.0,19.0,29.0,7.595,10.0,7.25,10.0,0.345,-10.0,test,tier2
944,2022,Group Stage,1,0,2022-11-27,Al Bayt Stadium,Germany,Spain,0,UEFA,UEFA,1,0,0,1,1901.74,2009.81,-108.06999999999994,0.3493,0.6,0.8,-0.2,2.0,1.4,1.6,9.0,15.0,1.0,1.0,2.0,1.0,5.0,1.0,11.78,0.75,4,4.0,4.0,0.0,28,1.0,1.0,2.0,-1.0,0.0,0.0,1.0,25.0,3.1,10.0,4.0,0.4,36.0,13.0,3.0,0.0,5.0,5.0,1.3,0.6,0.7000000000000001,26.0,3.0,0.0,1,1,0,Draw,1,Full Time,,,0.0,68895.0,1.0,1.0,2.744,2.0,22.67,17.0,11.0,20.67,0.8231125,20.0,1.776,2.25,12.75,9.0,9.25,19.25,0.8548375,21.0,29.0,19.0,7.25,10.0,7.595,10.0,-0.345,10.0,test,tier2
945,2022,Group Stage,1,0,2022-11-28,Al Janoub Stadium,Cameroon,Serbia,1,CAF,UEFA,0,0,0,1,1706.11,1858.7,-152.59000000000017,0.2935,0.4,0.9,-0.5,0.6,1.0,2.8,7.0,2.0,0.0,0.0,0.0,0.0,0.0,0.0,2.57,0.5,0,4.0,4.0,0.0,29,1.0,0.0,1.0,-1.0,0.0,0.0,0.0,7.0,0.7,13.0,8.0,0.615,41.0,13.0,2.0,0.0,0.0,4.0,2.2,1.9,0.3000000000000002,25.0,2.0,0.0,3,3,0,Draw,1,Full Time,,,0.0,39789.0,4.0,1.0,1.022,1.333,9.33,7.0,15.33,14.33,0.7557511111111112,22.0,1.03,1.667,10.67,7.33,8.33,7.67,0.7814395833333334,23.0,27.0,28.0,5.205,9.5,5.318,8.5,-0.113,-1.0,test,tier2
945,2022,Group Stage,1,0,2022-11-28,Al Janoub Stadium,Serbia,Cameroon,0,UEFA,CAF,0,0,0,1,1858.7,1706.11,152.59000000000017,0.7065,0.9,0.4,0.5,2.8,0.8,0.6,2.0,7.0,0.0,0.0,0.0,0.0,0.0,0.0,2.0,0.5,0,4.0,4.0,0.0,29,1.0,0.0,2.0,-2.0,0.0,0.0,0.0,4.0,0.2,16.0,6.0,0.375,59.0,8.0,2.0,0.0,4.0,3.0,1.9,2.2,-0.3000000000000002,26.0,2.0,0.0,3,3,0,Draw,1,Full Time,,,0.0,39789.0,1.0,4.0,1.03,1.667,10.67,7.33,8.33,7.67,0.7814395833333334,23.0,1.022,1.333,9.33,7.0,15.33,14.33,0.7557511111111112,22.0,28.0,27.0,5.318,8.5,5.205,9.5,0.113,1.0,test,tier2
946,2022,Group Stage,1,0,2022-11-28,Education City Stadium,Korea Republic,Ghana,1,AFC,CAF,0,0,0,1,1500.0,1596.46,-96.46000000000004,0.3646,0.5,0.5,0.0,1.5,1.5,0.8,9.0,3.0,0.0,0.0,0.0,0.0,1.0,0.0,3.44,0.5,0,4.0,4.0,0.0,30,1.0,0.0,0.0,0.0,0.0,0.0,0.0,6.0,0.6,21.0,6.0,0.286,63.0,9.0,2.0,0.0,1.0,12.0,1.8,1.6,0.1999999999999999,25.35833333333333,,,2,3,-1,Loss,0,Full Time,,,0.0,43983.0,5.0,4.0,1.4871854838709675,1.5322419354838712,11.661612903225809,8.113709677419354,10.67717741935484,14.121209677419357,0.7781173697480416,21.60483870967742,1.118,1.667,8.33,4.67,9.0,20.33,0.7489244444444444,20.0,25.71074380165289,18.0,5.0,5.0,5.2,9.0,-0.2,0.0,test,tier2
946,2022,Group Stage,1,0,2022-11-28,Education City Stadium,Ghana,Korea Republic,0,CAF,AFC,0,0,0,1,1596.46,1500.0,96.46000000000004,0.6354,0.5,0.5,0.0,0.8,1.4,1.5,3.0,9.0,0.0,0.0,0.0,0.0,0.0,1.0,4.33,0.5,0,4.0,4.0,0.0,30,1.0,2.0,3.0,-1.0,0.0,0.0,2.0,8.0,0.9,8.0,3.0,0.375,37.0,13.0,2.0,0.0,1.0,5.0,1.6,1.8,-0.1999999999999999,25.35833333333333,,,3,2,1,Win,2,Full Time,,,0.0,43983.0,4.0,5.0,1.118,1.667,8.33,4.67,9.0,20.33,0.7489244444444444,20.0,1.4871854838709675,1.5322419354838712,11.661612903225809,8.113709677419354,10.67717741935484,14.121209677419357,0.7781173697480416,21.60483870967742,18.0,25.71074380165289,5.2,9.0,5.0,5.0,0.2,0.0,test,tier2
947,2022,Group Stage,1,0,2022-11-28,Stadium 974,Brazil,Switzerland,1,CONMEBOL,UEFA,0,0,0,1,2131.03,1909.13,221.9000000000001,0.782,1.0,0.6,0.4,3.6,0.4,1.0,21.0,11.0,5.0,0.0,6.0,0.0,10.0,0.0,11.1,0.0,2,4.0,4.0,0.0,31,1.0,2.0,0.0,2.0,1.0,1.0,2.0,24.0,2.4,9.0,5.0,0.556,54.0,17.0,1.0,0.0,3.0,8.0,1.0,0.3,0.7,25.0,1.0,0.0,1,0,1,Win,2,Full Time,,,0.0,43649.0,2.0,1.0,2.727,2.0,19.8,13.2,8.4,20.0,0.83339125,26.0,1.523,1.25,9.25,7.0,10.75,6.25,0.7907451612903226,24.0,31.0,20.0,7.596,10.0,5.521,9.5,2.075,11.0,test,tier2
947,2022,Group Stage,1,0,2022-11-28,Stadium 974,Switzerland,Brazil,0,UEFA,CONMEBOL,0,0,0,1,1909.13,2131.03,-221.9000000000001,0.218,0.6,1.0,-0.4,1.0,1.0,3.6,11.0,21.0,0.0,5.0,0.0,6.0,0.0,10.0,4.55,1.0,2,4.0,4.0,0.0,31,1.0,1.0,0.0,1.0,1.0,1.0,1.0,8.0,1.4,4.0,0.0,0.0,46.0,10.0,1.0,0.0,1.0,3.0,0.3,1.0,-0.7,25.0,1.0,0.0,0,1,-1,Loss,0,Full Time,,,0.0,43649.0,1.0,2.0,1.523,1.25,9.25,7.0,10.75,6.25,0.7907451612903226,24.0,2.727,2.0,19.8,13.2,8.4,20.0,0.83339125,26.0,20.0,31.0,5.521,9.5,7.596,10.0,-2.075,-11.0,test,tier2
948,2022,Group Stage,1,0,2022-11-28,Lusail Iconic Stadium,Portugal,Uruguay,1,UEFA,CONMEBOL,0,0,0,1,1943.75,1909.06,34.690000000000055,0.5498,0.6,0.7,-0.1,2.0,0.4,2.0,7.0,13.0,0.0,2.0,0.0,1.0,2.0,4.0,7.0,0.0,1,4.0,4.0,0.0,32,1.0,3.0,2.0,1.0,1.0,1.0,3.0,11.0,2.0,14.0,4.0,0.286,59.0,16.0,3.0,0.0,2.0,6.0,1.3,1.3,0.0,24.0,3.0,0.0,2,0,2,Win,2,Full Time,,,0.0,88668.0,1.0,2.0,1.462,2.4,13.2,10.0,6.0,13.0,0.8293575000000001,24.0,1.09,0.667,11.0,9.0,12.0,11.33,0.7610382978723405,19.0,27.0,24.0,6.062,9.5,5.711,10.0,0.351,3.0,test,tier2
948,2022,Group Stage,1,0,2022-11-28,Lusail Iconic Stadium,Uruguay,Portugal,0,CONMEBOL,UEFA,0,0,0,1,1909.06,1943.75,-34.690000000000055,0.4502,0.7,0.6,0.1,2.0,0.2,2.0,13.0,7.0,2.0,0.0,1.0,0.0,4.0,2.0,6.69,1.0,1,4.0,4.0,0.0,32,1.0,0.0,0.0,0.0,0.0,0.0,0.0,10.0,0.6,10.0,3.0,0.3,41.0,10.0,2.0,0.0,0.0,2.0,1.3,1.3,0.0,25.0,2.0,0.0,0,2,-2,Loss,0,Full Time,,,0.0,88668.0,2.0,1.0,1.09,0.667,11.0,9.0,12.0,11.33,0.7610382978723405,19.0,1.462,2.4,13.2,10.0,6.0,13.0,0.8293575000000001,24.0,24.0,27.0,5.711,10.0,6.062,9.5,-0.351,-3.0,test,tier2
949,2022,Group Stage,1,0,2022-11-29,Khalifa International Stadium,Netherlands,Qatar,1,UEFA,AFC,0,0,1,1,1938.39,1631.47,306.9200000000001,0.8541,0.9,0.8,0.1,2.0,0.8,1.2,10.0,0.0,0.0,0.0,3.0,0.0,5.0,0.0,9.1,0.5,0,4.0,4.0,0.0,33,2.0,3.0,1.0,2.0,1.0,0.5,1.5,11.0,0.7999999999999999,13.0,4.0,0.308,61.0,9.0,1.0,0.0,4.0,4.0,0.9,2.1,-1.2000000000000002,26.0,1.0,0.0,2,0,2,Win,2,Full Time,,,0.0,44569.0,1.0,5.0,1.782,2.6,9.6,6.8,10.2,12.4,0.7670792207792207,21.0,0.469,0.333,6.67,5.33,9.0,11.67,0.7916590909090909,20.0,28.0,29.0,6.071,9.5,5.0,5.0,1.071,-1.0,test,tier2
949,2022,Group Stage,1,0,2022-11-29,Khalifa International Stadium,Qatar,Netherlands,0,AFC,UEFA,0,1,0,1,1631.47,1938.39,-306.9200000000001,0.1459,0.8,0.9,-0.1,1.2,0.6,2.0,0.0,10.0,0.0,0.0,0.0,3.0,0.0,5.0,0.0,0.5,0,4.0,4.0,0.0,33,2.0,1.0,5.0,-4.0,0.0,0.0,0.5,15.0,1.3,6.0,4.0,0.667,39.0,19.0,0.0,0.0,0.0,2.0,2.1,0.9,1.2000000000000002,26.0,0.0,0.0,0,2,-2,Loss,0,Full Time,,,0.0,44569.0,5.0,1.0,0.469,0.333,6.67,5.33,9.0,11.67,0.7916590909090909,20.0,1.782,2.6,9.6,6.8,10.2,12.4,0.7670792207792207,21.0,29.0,28.0,5.0,5.0,6.071,9.5,-1.071,1.0,test,tier2
950,2022,Group Stage,1,0,2022-11-29,Al Bayt Stadium,Ecuador,Senegal,1,CONMEBOL,CAF,0,0,0,1,1863.15,1775.3,87.85000000000014,0.6238,0.7,0.4,0.3,0.6,0.0,1.4,3.0,2.0,0.0,0.0,0.0,0.0,0.0,0.0,3.33,0.5,0,4.0,4.0,0.0,34,2.0,3.0,1.0,2.0,1.0,0.5,1.5,19.0,2.9,8.0,4.0,0.5,63.0,11.0,0.0,0.0,0.0,3.0,1.6,0.1,1.5,25.0,0.0,0.0,1,2,-1,Loss,0,Full Time,,,0.0,66784.0,2.0,4.0,1.269,1.333,10.0,5.67,10.67,12.0,0.741646511627907,18.0,1.069,1.25,12.5,8.5,7.75,13.25,0.7712466666666666,20.0,24.0,26.0,5.0,5.0,5.4,9.0,-0.4,-2.0,test,tier2
950,2022,Group Stage,1,0,2022-11-29,Al Bayt Stadium,Senegal,Ecuador,0,CAF,CONMEBOL,0,0,0,1,1775.3,1863.15,-87.85000000000014,0.3762,0.4,0.7,-0.3,1.4,1.6,0.6,2.0,3.0,0.0,0.0,0.0,0.0,0.0,0.0,5.5,0.5,0,4.0,4.0,0.0,34,2.0,3.0,3.0,0.0,1.0,0.5,1.5,26.0,1.7000000000000002,15.0,5.0,0.333,37.0,23.0,1.0,0.0,3.0,6.0,0.1,1.6,-1.5,26.0,1.0,0.0,2,1,1,Win,2,Full Time,,,0.0,66784.0,4.0,2.0,1.069,1.25,12.5,8.5,7.75,13.25,0.7712466666666666,20.0,1.269,1.333,10.0,5.67,10.67,12.0,0.741646511627907,18.0,26.0,24.0,5.4,9.0,5.0,5.0,0.4,2.0,test,tier2
951,2022,Group Stage,1,0,2022-11-29,Ahmed bin Ali Stadium,Wales,England,1,UEFA,UEFA,1,0,0,1,1789.79,1957.46,-167.67000000000007,0.2758,0.2,0.4,-0.2,1.0,1.6,1.8,1.0,15.0,0.0,1.0,0.0,1.0,0.0,3.0,4.0,0.5,0,4.0,4.0,0.0,35,2.0,1.0,3.0,-2.0,0.0,0.0,0.5,17.0,2.4,7.0,1.0,0.143,36.0,9.0,2.0,0.0,1.0,1.0,0.3,2.4,-2.1,25.0,2.0,0.0,0,3,-3,Loss,0,Full Time,,,0.0,44297.0,1.0,1.0,0.74,0.333,8.0,5.67,8.0,11.67,0.7445847826086957,18.0,1.747,2.6,12.6,9.0,9.2,12.4,0.8417315789473685,20.0,31.0,21.0,5.0,5.0,7.775,9.5,-2.775,10.0,test,tier2
951,2022,Group Stage,1,0,2022-11-29,Ahmed bin Ali Stadium,England,Wales,0,UEFA,UEFA,1,0,0,1,1957.46,1789.79,167.67000000000007,0.7242,0.4,0.2,0.2,1.8,2.0,1.0,15.0,1.0,1.0,0.0,1.0,0.0,3.0,0.0,6.07,0.5,0,4.0,4.0,0.0,35,2.0,6.0,2.0,4.0,1.0,0.5,3.0,21.0,2.9000000000000004,17.0,7.0,0.412,64.0,16.0,0.0,0.0,1.0,6.0,2.4,0.3,2.1,25.0,0.0,0.0,3,0,3,Win,2,Full Time,,,0.0,44297.0,1.0,1.0,1.747,2.6,12.6,9.0,9.2,12.4,0.8417315789473685,20.0,0.74,0.333,8.0,5.67,8.0,11.67,0.7445847826086957,18.0,21.0,31.0,7.775,9.5,5.0,5.0,2.775,-10.0,test,tier2
952,2022,Group Stage,1,0,2022-11-29,Al Thumama Stadium,Iran,United States,1,AFC,CONCACAF,0,0,0,1,1875.89,1836.95,38.940000000000055,0.5558,0.5,0.5,0.0,1.0,1.8,1.4,4.0,0.0,0.0,0.0,0.0,0.0,0.0,0.0,1.75,1.0,1,4.0,4.0,0.0,36,2.0,4.0,6.0,-2.0,1.0,0.5,2.0,29.0,2.8,6.0,2.0,0.333,49.0,10.0,3.0,0.0,2.0,1.0,0.4,1.2,-0.7999999999999999,24.0,3.0,0.0,0,1,-1,Loss,0,Full Time,,,0.0,42127.0,5.0,3.0,1.277,1.333,11.0,7.67,15.67,11.0,0.683565306122449,21.0,0.985,0.75,11.5,9.25,10.0,14.0,0.7773714285714286,20.0,25.71074380165289,25.0,5.791008,8.5,5.575,9.0,0.0,0.0,test,tier2
952,2022,Group Stage,1,0,2022-11-29,Al Thumama Stadium,United States,Iran,0,CONCACAF,AFC,0,0,0,1,1836.95,1875.89,-38.940000000000055,0.4442,0.5,0.5,0.0,1.4,0.8,1.0,0.0,4.0,0.0,0.0,0.0,0.0,0.0,0.0,0.0,0.0,1,4.0,4.0,0.0,36,2.0,1.0,1.0,0.0,0.0,0.0,0.5,16.0,1.4,12.0,5.0,0.417,51.0,13.0,1.0,0.0,1.0,5.0,1.2,0.4,0.7999999999999999,26.0,1.0,0.0,1,0,1,Win,2,Full Time,,,0.0,42127.0,3.0,5.0,0.985,0.75,11.5,9.25,10.0,14.0,0.7773714285714286,20.0,1.277,1.333,11.0,7.67,15.67,11.0,0.683565306122449,21.0,25.0,25.71074380165289,5.575,9.0,5.791008,8.5,0.0,0.0,test,tier2
953,2022,Group Stage,1,0,2022-11-30,Al Janoub Stadium,Australia,Denmark,1,AFC,UEFA,0,0,0,1,1800.06,1880.22,-80.16000000000008,0.3866,0.7,0.5,0.2,1.2,1.0,1.0,5.0,5.0,0.0,0.0,0.0,0.0,0.0,0.0,2.6,0.0,1,4.0,4.0,0.0,37,2.0,2.0,4.0,-2.0,1.0,0.5,1.0,12.0,1.1,8.0,4.0,0.5,32.0,10.0,2.0,0.0,1.0,2.0,0.6,0.6,0.0,26.0,2.0,0.0,1,0,1,Win,2,Full Time,,,0.0,41232.0,5.0,1.0,0.395,0.75,6.5,4.25,10.5,12.0,0.7104476190476191,20.0,1.064,0.333,11.67,8.67,11.0,15.67,0.813104347826087,20.0,32.0,25.0,5.0,5.0,5.425,9.5,-0.425,7.0,test,tier2
953,2022,Group Stage,1,0,2022-11-30,Al Janoub Stadium,Denmark,Australia,0,UEFA,AFC,0,0,0,1,1880.22,1800.06,80.16000000000008,0.6134,0.5,0.7,-0.2,1.0,0.6,1.2,5.0,5.0,0.0,0.0,0.0,0.0,0.0,0.0,6.0,1.0,1,4.0,4.0,0.0,37,2.0,1.0,2.0,-1.0,0.0,0.0,0.5,21.0,2.0,14.0,3.0,0.214,68.0,11.0,1.0,0.0,3.0,6.0,0.6,0.6,0.0,25.0,1.0,0.0,0,1,-1,Loss,0,Full Time,,,0.0,41232.0,1.0,5.0,1.064,0.333,11.67,8.67,11.0,15.67,0.813104347826087,20.0,0.395,0.75,6.5,4.25,10.5,12.0,0.7104476190476191,20.0,25.0,32.0,5.425,9.5,5.0,5.0,0.425,-7.0,test,tier2
954,2022,Group Stage,1,0,2022-11-30,Education City Stadium,Tunisia,France,1,CAF,UEFA,0,0,0,1,1727.96,2007.17,-279.21000000000004,0.167,0.7,0.5,0.2,1.4,1.0,1.4,5.0,15.0,0.0,2.0,0.0,3.0,0.0,6.0,2.6,0.5,0,4.0,4.0,0.0,38,2.0,0.0,1.0,-1.0,0.0,0.0,0.0,24.0,1.8,5.0,3.0,0.6,35.0,6.0,1.0,0.0,3.0,7.0,0.5,0.8,-0.3,26.0,1.0,0.0,1,0,1,Win,2,Full Time,,,0.0,43627.0,4.0,1.0,0.803,0.333,10.67,7.0,11.0,13.33,0.7503822222222223,21.0,2.137,2.571,15.14,11.29,13.57,18.57,0.803685294117647,24.0,25.0,27.0,5.0,5.0,7.208,10.0,-2.208,-2.0,test,tier2
954,2022,Group Stage,1,0,2022-11-30,Education City Stadium,France,Tunisia,0,UEFA,CAF,0,0,0,1,2007.17,1727.96,279.21000000000004,0.833,0.5,0.7,-0.2,1.4,1.0,1.4,15.0,5.0,2.0,0.0,3.0,0.0,6.0,0.0,8.0,0.5,0,4.0,4.0,0.0,38,2.0,6.0,2.0,4.0,2.0,1.0,3.0,43.0,6.4,9.0,3.0,0.333,65.0,14.0,0.0,0.0,2.0,8.0,0.8,0.5,0.3,24.0,0.0,0.0,0,1,-1,Loss,0,Full Time,,,0.0,43627.0,1.0,4.0,2.137,2.571,15.14,11.29,13.57,18.57,0.803685294117647,24.0,0.803,0.333,10.67,7.0,11.0,13.33,0.7503822222222223,21.0,27.0,25.0,7.208,10.0,5.0,5.0,2.208,2.0,test,tier2
955,2022,Group Stage,1,0,2022-11-30,Lusail Iconic Stadium,Poland,Argentina,1,UEFA,CONMEBOL,0,0,0,1,1856.32,2045.42,-189.1000000000001,0.2519,0.5,0.8,-0.3,0.4,0.6,3.4,8.0,17.0,0.0,2.0,0.0,5.0,2.0,5.0,5.75,0.5,2,4.0,4.0,0.0,39,2.0,2.0,0.0,2.0,1.0,0.5,1.0,16.0,2.5,4.0,0.0,0.0,40.0,11.0,1.0,0.0,0.0,1.0,1.1,2.3,-1.1999999999999995,26.0,1.0,0.0,0,2,-2,Loss,0,Full Time,,,0.0,84985.0,1.0,2.0,1.166,0.75,7.75,5.0,9.5,9.75,0.7636864406779661,21.0,2.998,3.286,15.71,10.43,10.0,17.43,0.8214654867256637,24.0,28.0,23.0,5.548,9.5,5.646,9.5,-0.098,5.0,test,tier2
955,2022,Group Stage,1,0,2022-11-30,Lusail Iconic Stadium,Argentina,Poland,0,CONMEBOL,UEFA,0,0,0,1,2045.42,1856.32,189.1000000000001,0.7481,0.8,0.5,0.3,3.4,0.4,0.4,17.0,8.0,2.0,0.0,5.0,0.0,5.0,2.0,8.18,0.5,2,4.0,4.0,0.0,39,2.0,3.0,2.0,1.0,1.0,0.5,1.5,19.0,2.5,25.0,13.0,0.52,60.0,6.0,1.0,0.0,0.0,9.0,2.3,1.1,1.1999999999999995,26.0,1.0,0.0,2,0,2,Win,2,Full Time,,,0.0,84985.0,2.0,1.0,2.998,3.286,15.71,10.43,10.0,17.43,0.8214654867256637,24.0,1.166,0.75,7.75,5.0,9.5,9.75,0.7636864406779661,21.0,23.0,28.0,5.646,9.5,5.548,9.5,0.098,-5.0,test,tier2
956,2022,Group Stage,1,0,2022-11-30,Stadium 974,Saudi Arabia,Mexico,1,AFC,CONCACAF,0,0,0,1,1783.31,1817.1,-33.789999999999964,0.4515,0.6,0.5,0.1,0.8,0.6,1.6,5.0,16.0,0.0,0.0,0.0,0.0,0.0,0.0,2.2,0.5,0,4.0,4.0,0.0,40,2.0,2.0,3.0,-1.0,1.0,0.5,1.0,19.0,1.8,10.0,2.0,0.2,27.0,18.0,6.0,0.0,2.0,1.0,0.3,3.5,-3.2,22.0,6.0,0.0,1,2,-1,Loss,0,Full Time,,,0.0,44089.0,5.0,3.0,1.067,1.0,10.0,6.0,13.67,13.67,0.694136170212766,23.0,1.019,0.667,13.67,8.67,13.0,10.67,0.7037181818181818,21.0,25.0,25.0,5.0,5.0,5.0,5.0,0.0,0.0,test,tier2
956,2022,Group Stage,1,0,2022-11-30,Stadium 974,Mexico,Saudi Arabia,0,CONCACAF,AFC,0,0,0,1,1817.1,1783.31,33.789999999999964,0.5485,0.5,0.6,-0.1,1.6,1.0,0.8,16.0,5.0,0.0,0.0,0.0,0.0,0.0,0.0,3.81,0.5,0,4.0,4.0,0.0,40,2.0,0.0,2.0,-2.0,0.0,0.0,0.0,17.0,1.0,25.0,10.0,0.4,73.0,20.0,1.0,0.0,6.0,8.0,3.5,0.3,3.2,26.0,1.0,0.0,2,1,1,Win,2,Full Time,,,0.0,44089.0,3.0,5.0,1.019,0.667,13.67,8.67,13.0,10.67,0.7037181818181818,21.0,1.067,1.0,10.0,6.0,13.67,13.67,0.694136170212766,23.0,25.0,25.0,5.0,5.0,5.0,5.0,0.0,0.0,test,tier2
957,2022,Group Stage,1,0,2022-12-01,Al Thumama Stadium,Croatia,Belgium,1,UEFA,UEFA,1,0,0,1,1915.27,1958.76,-43.49000000000001,0.4377,0.9,0.6,0.3,1.4,0.4,1.0,5.0,13.0,0.0,0.0,1.0,0.0,2.0,2.0,7.4,0.5,0,4.0,4.0,0.0,41,2.0,4.0,1.0,3.0,1.0,0.5,2.0,19.0,3.1,11.0,4.0,0.364,58.0,9.0,0.0,0.0,4.0,2.0,1.4,0.5,0.8999999999999999,26.0,0.0,0.0,0,0,0,Draw,1,Full Time,,,0.0,43102.0,1.0,1.0,1.881,2.143,12.43,8.29,12.14,13.0,0.8049757009345795,20.0,1.231,0.333,11.67,9.0,7.67,12.33,0.813859574468085,20.0,31.0,21.0,5.643,10.0,5.725,10.0,-0.082,10.0,test,tier2
957,2022,Group Stage,1,0,2022-12-01,Al Thumama Stadium,Belgium,Croatia,0,UEFA,UEFA,1,0,0,1,1958.76,1915.27,43.49000000000001,0.5623,0.6,0.9,-0.3,1.0,0.8,1.4,13.0,5.0,0.0,0.0,0.0,1.0,2.0,2.0,5.38,0.5,0,4.0,4.0,0.0,41,2.0,1.0,2.0,-1.0,1.0,0.5,0.5,19.0,1.8,15.0,4.0,0.267,42.0,7.0,1.0,0.0,0.0,4.0,0.5,1.4,-0.8999999999999999,25.0,1.0,0.0,0,0,0,Draw,1,Full Time,,,0.0,43102.0,1.0,1.0,1.231,0.333,11.67,9.0,7.67,12.33,0.813859574468085,20.0,1.881,2.143,12.43,8.29,12.14,13.0,0.8049757009345795,20.0,21.0,31.0,5.725,10.0,5.643,10.0,0.082,-10.0,test,tier2
958,2022,Group Stage,1,0,2022-12-01,Ahmed bin Ali Stadium,Canada,Morocco,1,CONCACAF,CAF,0,0,0,1,1771.47,1869.31,-97.83999999999992,0.3628,0.5,0.8,-0.3,1.2,1.2,1.4,1.0,5.0,0.0,0.0,0.0,0.0,0.0,0.0,0.0,0.5,0,4.0,4.0,0.0,42,2.0,1.0,5.0,-4.0,0.0,0.0,0.5,30.0,2.8,5.0,0.0,0.0,49.0,14.0,4.0,0.0,4.0,6.0,0.7,3.0,-2.3,26.0,4.0,0.0,1,2,-1,Loss,0,Full Time,,,0.0,43984.0,3.0,4.0,1.309,0.333,11.67,8.67,10.67,25.0,0.8108437500000001,19.0,1.24,1.286,9.43,6.14,12.71,14.86,0.7371663636363637,25.0,24.0,26.0,5.237,9.5,5.34,9.5,-0.103,-2.0,test,tier2
958,2022,Group Stage,1,0,2022-12-01,Ahmed bin Ali Stadium,Morocco,Canada,0,CAF,CONCACAF,0,0,0,1,1869.31,1771.47,97.83999999999992,0.6372,0.8,0.5,0.3,1.4,0.0,1.2,5.0,1.0,0.0,0.0,0.0,0.0,0.0,0.0,2.8,0.5,0,4.0,4.0,0.0,42,2.0,2.0,0.0,2.0,1.0,0.5,1.0,19.0,1.9,7.0,2.0,0.286,51.0,14.0,0.0,0.0,4.0,2.0,3.0,0.7,2.3,26.0,0.0,0.0,2,1,1,Win,2,Full Time,,,0.0,43984.0,4.0,3.0,1.24,1.286,9.43,6.14,12.71,14.86,0.7371663636363637,25.0,1.309,0.333,11.67,8.67,10.67,25.0,0.8108437500000001,19.0,26.0,24.0,5.34,9.5,5.237,9.5,0.103,2.0,test,tier2
959,2022,Group Stage,1,0,2022-12-01,Khalifa International Stadium,Japan,Spain,1,AFC,UEFA,0,0,0,1,1870.08,2000.77,-130.69000000000003,0.3203,0.7,0.8,-0.1,1.6,0.6,2.8,6.0,15.0,0.0,1.0,0.0,1.0,0.0,1.0,3.33,0.5,0,4.0,4.0,0.0,43,2.0,2.0,2.0,0.0,1.0,0.5,1.0,24.0,2.4,6.0,3.0,0.5,18.0,6.0,3.0,0.0,2.0,0.0,1.4,1.0,0.3999999999999999,26.0,3.0,0.0,2,1,1,Win,2,Full Time,,,0.0,44851.0,5.0,1.0,1.846,1.5,12.0,7.0,12.75,12.25,0.6916265625,22.0,1.776,2.25,12.75,9.0,9.25,19.25,0.8548375,21.0,24.0,19.0,5.182,9.0,7.595,10.0,-2.413,5.0,test,tier2
959,2022,Group Stage,1,0,2022-12-01,Khalifa International Stadium,Spain,Japan,0,UEFA,AFC,0,0,0,1,2000.77,1870.08,130.69000000000003,0.6797,0.8,0.7,0.1,2.8,0.6,1.6,15.0,6.0,1.0,0.0,1.0,0.0,1.0,0.0,6.6,0.5,0,4.0,4.0,0.0,43,2.0,8.0,1.0,7.0,1.0,0.5,4.0,24.0,4.1,14.0,5.0,0.357,82.0,9.0,0.0,0.0,2.0,2.0,1.0,1.4,-0.3999999999999999,26.0,0.0,0.0,1,2,-1,Loss,0,Full Time,,,0.0,44851.0,1.0,5.0,1.776,2.25,12.75,9.0,9.25,19.25,0.8548375,21.0,1.846,1.5,12.0,7.0,12.75,12.25,0.6916265625,22.0,19.0,24.0,7.595,10.0,5.182,9.0,2.413,-5.0,test,tier2
960,2022,Group Stage,1,0,2022-12-01,Al Bayt Stadium,Costa Rica,Germany,1,CONCACAF,UEFA,0,0,0,1,1869.23,1910.78,-41.54999999999996,0.4405,0.7,0.5,0.2,1.4,2.0,2.0,5.0,9.0,0.0,1.0,0.0,2.0,0.0,5.0,4.0,0.0,1,4.0,4.0,0.0,44,2.0,1.0,7.0,-6.0,1.0,0.5,0.5,4.0,0.1,8.0,6.0,0.75,32.0,9.0,1.0,0.0,4.0,1.0,1.3,5.7,-4.4,25.0,1.0,0.0,2,4,-2,Loss,0,Full Time,,,0.0,67054.0,3.0,1.0,0.411,0.667,3.67,2.0,12.0,11.33,0.754854347826087,22.0,2.744,2.0,22.67,17.0,11.0,20.67,0.8231125,20.0,22.0,29.0,5.0,5.0,7.25,10.0,-2.25,-7.0,test,tier2
960,2022,Group Stage,1,0,2022-12-01,Al Bayt Stadium,Germany,Costa Rica,0,UEFA,CONCACAF,0,0,0,1,1910.78,1869.23,41.54999999999996,0.5595,0.5,0.7,-0.2,2.0,1.6,1.4,9.0,5.0,1.0,0.0,2.0,0.0,5.0,0.0,11.78,1.0,1,4.0,4.0,0.0,44,2.0,2.0,3.0,-1.0,0.0,0.0,1.0,35.0,4.4,32.0,11.0,0.344,68.0,3.0,0.0,0.0,3.0,14.0,5.7,1.3,4.4,26.0,0.0,0.0,4,2,2,Win,2,Full Time,,,0.0,67054.0,1.0,3.0,2.744,2.0,22.67,17.0,11.0,20.67,0.8231125,20.0,0.411,0.667,3.67,2.0,12.0,11.33,0.754854347826087,22.0,29.0,22.0,7.25,10.0,5.0,5.0,2.25,7.0,test,tier2
961,2022,Group Stage,1,0,2022-12-02,Al Janoub Stadium,Ghana,Uruguay,1,CAF,CONMEBOL,0,0,0,1,1679.16,1882.05,-202.88999999999987,0.2372,0.5,0.6,-0.1,1.0,1.2,1.4,3.0,13.0,0.0,2.0,0.0,1.0,0.0,4.0,4.33,0.0,1,4.0,4.0,0.0,45,2.0,5.0,5.0,0.0,1.0,0.5,2.5,16.0,2.5,9.0,4.0,0.444,51.0,11.0,2.0,0.0,2.0,5.0,1.6,1.8,-0.1999999999999999,26.0,2.0,0.0,0,2,-2,Loss,0,Full Time,,,0.0,43443.0,4.0,2.0,1.118,1.667,8.33,4.67,9.0,20.33,0.7489244444444444,20.0,1.09,0.667,11.0,9.0,12.0,11.33,0.7610382978723405,19.0,18.0,24.0,5.2,9.0,5.711,10.0,-0.511,-6.0,test,tier2
961,2022,Group Stage,1,0,2022-12-02,Al Janoub Stadium,Uruguay,Ghana,0,CONMEBOL,CAF,0,0,0,1,1882.05,1679.16,202.88999999999987,0.7628,0.6,0.5,0.1,1.4,0.2,1.0,13.0,3.0,2.0,0.0,1.0,0.0,4.0,0.0,6.69,1.0,1,4.0,4.0,0.0,45,2.0,0.0,2.0,-2.0,0.0,0.0,0.0,20.0,1.9,12.0,7.0,0.583,49.0,18.0,3.0,0.0,2.0,2.0,1.8,1.6,0.1999999999999999,25.0,5.0,0.0,2,0,2,Win,2,Full Time,,,0.0,43443.0,2.0,4.0,1.09,0.667,11.0,9.0,12.0,11.33,0.7610382978723405,19.0,1.118,1.667,8.33,4.67,9.0,20.33,0.7489244444444444,20.0,24.0,18.0,5.711,10.0,5.2,9.0,0.511,6.0,test,tier2
962,2022,Group Stage,1,0,2022-12-02,Education City Stadium,Korea Republic,Portugal,1,AFC,UEFA,0,0,0,1,1500.0,1927.13,-427.1300000000001,0.0788,0.5,0.6,-0.1,1.5,1.5,2.2,9.0,7.0,0.0,0.0,0.0,0.0,1.0,2.0,3.44,0.5,0,4.0,4.0,0.0,46,2.0,2.0,3.0,-1.0,0.0,0.0,1.0,27.0,2.4,12.0,6.0,0.5,39.0,11.0,2.0,0.0,1.0,5.0,1.7,1.3,0.3999999999999999,25.35833333333333,,,2,1,1,Win,2,Full Time,,,0.0,44097.0,5.0,1.0,1.4871854838709675,1.5322419354838712,11.661612903225809,8.113709677419354,10.67717741935484,14.121209677419357,0.7781173697480416,21.60483870967742,1.462,2.4,13.2,10.0,6.0,13.0,0.8293575000000001,24.0,25.71074380165289,27.0,5.0,5.0,6.062,9.5,-1.062,0.0,test,tier2
962,2022,Group Stage,1,0,2022-12-02,Education City Stadium,Portugal,Korea Republic,0,UEFA,AFC,0,0,0,1,1927.13,1500.0,427.1300000000001,0.9212,0.6,0.5,0.1,2.2,0.8,1.5,7.0,9.0,0.0,0.0,0.0,0.0,2.0,1.0,7.0,0.5,0,4.0,4.0,0.0,46,2.0,5.0,2.0,3.0,2.0,1.0,2.5,25.0,3.3,12.0,4.0,0.333,61.0,9.0,0.0,0.0,5.0,4.0,1.3,1.7,-0.3999999999999999,25.35833333333333,,,1,2,-1,Loss,0,Full Time,,,0.0,44097.0,1.0,5.0,1.462,2.4,13.2,10.0,6.0,13.0,0.8293575000000001,24.0,1.4871854838709675,1.5322419354838712,11.661612903225809,8.113709677419354,10.67717741935484,14.121209677419357,0.7781173697480416,21.60483870967742,27.0,25.71074380165289,6.062,9.5,5.0,5.0,1.062,0.0,test,tier2
963,2022,Group Stage,1,0,2022-12-02,Stadium 974,Serbia,Switzerland,1,UEFA,UEFA,1,0,0,1,1846.31,1896.05,-49.74000000000001,0.4289,0.7,0.8,-0.1,2.6,1.2,1.2,2.0,11.0,0.0,0.0,0.0,0.0,0.0,0.0,2.0,0.0,1,4.0,4.0,0.0,47,2.0,3.0,5.0,-2.0,0.0,0.0,1.5,20.0,2.1,11.0,4.0,0.364,54.0,13.0,7.0,0.0,0.0,2.0,1.3,2.7,-1.4,26.0,7.0,0.0,2,3,-1,Loss,0,Full Time,,,0.0,41378.0,1.0,1.0,1.03,1.667,10.67,7.33,8.33,7.67,0.7814395833333334,23.0,1.523,1.25,9.25,7.0,10.75,6.25,0.7907451612903226,24.0,28.0,20.0,5.318,8.5,5.521,9.5,-0.203,8.0,test,tier2
963,2022,Group Stage,1,0,2022-12-02,Stadium 974,Switzerland,Serbia,0,UEFA,UEFA,1,0,0,1,1896.05,1846.31,49.74000000000001,0.5711,0.8,0.7,0.1,1.2,0.8,2.6,11.0,2.0,0.0,0.0,0.0,0.0,0.0,0.0,4.55,1.0,1,4.0,4.0,0.0,47,2.0,1.0,1.0,0.0,1.0,0.5,0.5,12.0,1.7,14.0,7.0,0.5,46.0,18.0,4.0,0.0,0.0,0.0,2.7,1.3,1.4,23.0,4.0,0.0,3,2,1,Win,2,Full Time,,,0.0,41378.0,1.0,1.0,1.523,1.25,9.25,7.0,10.75,6.25,0.7907451612903226,24.0,1.03,1.667,10.67,7.33,8.33,7.67,0.7814395833333334,23.0,20.0,28.0,5.521,9.5,5.318,8.5,0.203,-8.0,test,tier2
964,2022,Group Stage,1,0,2022-12-02,Lusail Iconic Stadium,Cameroon,Brazil,1,CAF,CONMEBOL,0,0,0,1,1718.5,2144.11,-425.6100000000001,0.0794,0.2,1.0,-0.8,0.4,1.2,3.2,7.0,21.0,0.0,5.0,0.0,6.0,0.0,10.0,2.57,0.0,2,4.0,4.0,0.0,48,2.0,3.0,4.0,-1.0,0.0,0.0,1.5,20.0,2.9000000000000004,7.0,3.0,0.429,35.0,14.0,5.0,1.0,0.0,3.0,0.5,2.5,-2.0,22.0,4.0,0.0,1,0,1,Win,2,Full Time,,,0.0,85986.0,4.0,2.0,1.022,1.333,9.33,7.0,15.33,14.33,0.7557511111111112,22.0,2.727,2.0,19.8,13.2,8.4,20.0,0.83339125,26.0,27.0,31.0,5.205,9.5,7.596,10.0,-2.391,-4.0,test,tier2
964,2022,Group Stage,1,0,2022-12-02,Lusail Iconic Stadium,Brazil,Cameroon,0,CONMEBOL,CAF,0,0,0,1,2144.11,1718.5,425.6100000000001,0.9206,1.0,0.2,0.8,3.2,0.4,0.4,21.0,7.0,5.0,0.0,6.0,0.0,10.0,0.0,11.1,1.0,2,4.0,4.0,0.0,48,2.0,3.0,0.0,3.0,2.0,1.0,1.5,33.0,3.4,19.0,6.0,0.316,65.0,14.0,2.0,0.0,1.0,11.0,2.5,0.5,2.0,23.0,2.0,0.0,0,1,-1,Loss,0,Full Time,,,0.0,85986.0,2.0,4.0,2.727,2.0,19.8,13.2,8.4,20.0,0.83339125,26.0,1.022,1.333,9.33,7.0,15.33,14.33,0.7557511111111112,22.0,31.0,27.0,7.596,10.0,5.205,9.5,2.391,4.0,test,tier2
965,2022,Round of 16,2,1,2022-12-03,Khalifa International Stadium,Netherlands,United States,1,UEFA,CONCACAF,0,0,0,1,1985.66,1870.3,115.36000000000011,0.6602,0.9,0.4,0.5,1.8,0.6,0.4,10.0,0.0,0.0,0.0,3.0,0.0,5.0,0.0,9.1,0.5,0,4.0,4.0,0.0,49,3.0,5.0,1.0,4.0,2.0,0.667,1.667,24.0,1.7,11.0,6.0,0.545,42.0,5.0,2.0,0.0,0.0,4.0,1.7,1.5,0.1999999999999999,26.0,2.0,0.0,3,1,2,Win,2,Full Time,,,0.0,44846.0,1.0,3.0,1.782,2.6,9.6,6.8,10.2,12.4,0.7670792207792207,21.0,0.985,0.75,11.5,9.25,10.0,14.0,0.7773714285714286,20.0,28.0,25.0,6.071,9.5,5.575,9.0,0.496,3.0,test,tier2
965,2022,Round of 16,2,1,2022-12-03,Khalifa International Stadium,United States,Netherlands,0,CONCACAF,UEFA,0,0,0,1,1870.3,1985.66,-115.36000000000011,0.3398,0.4,0.9,-0.5,0.4,0.8,1.8,0.0,10.0,0.0,0.0,0.0,3.0,0.0,5.0,0.0,0.5,0,4.0,4.0,0.0,49,3.0,2.0,1.0,1.0,1.0,0.333,0.667,28.0,2.6,18.0,7.0,0.389,58.0,10.0,0.0,0.0,3.0,5.0,1.5,1.7,-0.1999999999999999,26.0,0.0,0.0,1,3,-2,Loss,0,Full Time,,,0.0,44846.0,3.0,1.0,0.985,0.75,11.5,9.25,10.0,14.0,0.7773714285714286,20.0,1.782,2.6,9.6,6.8,10.2,12.4,0.7670792207792207,21.0,25.0,28.0,5.575,9.0,6.071,9.5,-0.496,-3.0,test,tier2
966,2022,Round of 16,2,1,2022-12-03,Ahmed bin Ali Stadium,Argentina,Australia,1,CONMEBOL,AFC,0,0,0,1,2060.53,1836.86,223.6700000000003,0.7837,0.8,0.7,0.1,2.8,0.4,1.0,17.0,5.0,2.0,0.0,5.0,0.0,5.0,0.0,8.18,0.5,0,3.0,3.0,0.0,50,3.0,5.0,2.0,3.0,2.0,0.667,1.667,44.0,4.8,14.0,5.0,0.357,60.0,15.0,0.0,0.0,4.0,1.0,1.6,0.6,1.0,26.0,0.0,0.0,2,1,1,Win,2,Full Time,,,0.0,45032.0,2.0,5.0,2.998,3.286,15.71,10.43,10.0,17.43,0.8214654867256637,24.0,0.395,0.75,6.5,4.25,10.5,12.0,0.7104476190476191,20.0,23.0,32.0,5.646,9.5,5.0,5.0,0.646,-9.0,test,tier2
966,2022,Round of 16,2,1,2022-12-03,Ahmed bin Ali Stadium,Australia,Argentina,0,AFC,CONMEBOL,0,0,0,1,1836.86,2060.53,-223.6700000000003,0.2163,0.7,0.8,-0.1,1.0,0.8,2.8,5.0,17.0,0.0,2.0,0.0,5.0,0.0,5.0,2.6,0.5,0,3.0,3.0,0.0,50,3.0,3.0,4.0,-1.0,2.0,0.667,1.0,20.0,1.7000000000000002,5.0,2.0,0.4,40.0,8.0,2.0,0.0,0.0,3.0,0.6,1.6,-1.0,26.0,2.0,0.0,1,2,-1,Loss,0,Full Time,,,0.0,45032.0,5.0,2.0,0.395,0.75,6.5,4.25,10.5,12.0,0.7104476190476191,20.0,2.998,3.286,15.71,10.43,10.0,17.43,0.8214654867256637,24.0,32.0,23.0,5.0,5.0,5.646,9.5,-0.646,9.0,test,tier2
967,2022,Round of 16,2,1,2022-12-04,Al Thumama Stadium,France,Poland,1,UEFA,UEFA,1,0,0,1,1957.19,1841.21,115.98000000000002,0.661,0.6,0.7,-0.1,1.6,1.0,0.8,15.0,8.0,2.0,0.0,3.0,0.0,6.0,2.0,8.0,0.0,1,4.0,4.0,0.0,51,3.0,6.0,3.0,3.0,2.0,0.667,2.0,52.0,7.2,16.0,7.0,0.438,55.0,8.0,1.0,0.0,3.0,7.0,1.4,1.7,-0.3,24.0,1.0,0.0,3,1,2,Win,2,Full Time,,,0.0,40989.0,1.0,1.0,2.137,2.571,15.14,11.29,13.57,18.57,0.803685294117647,24.0,1.166,0.75,7.75,5.0,9.5,9.75,0.7636864406779661,21.0,27.0,28.0,7.208,10.0,5.548,9.5,1.66,-1.0,test,tier2
967,2022,Round of 16,2,1,2022-12-04,Al Thumama Stadium,Poland,France,0,UEFA,UEFA,1,0,0,1,1841.21,1957.19,-115.98000000000002,0.339,0.7,0.6,0.1,0.8,0.4,1.6,8.0,15.0,0.0,2.0,0.0,3.0,2.0,6.0,5.75,1.0,1,4.0,4.0,0.0,51,3.0,2.0,2.0,0.0,1.0,0.333,0.667,20.0,3.6,11.0,3.0,0.273,45.0,10.0,2.0,0.0,1.0,1.0,1.7,1.4,0.3,26.0,2.0,0.0,1,3,-2,Loss,0,Full Time,,,0.0,40989.0,1.0,1.0,1.166,0.75,7.75,5.0,9.5,9.75,0.7636864406779661,21.0,2.137,2.571,15.14,11.29,13.57,18.57,0.803685294117647,24.0,28.0,27.0,5.548,9.5,7.208,10.0,-1.66,1.0,test,tier2
968,2022,Round of 16,2,1,2022-12-04,Al Bayt Stadium,England,Senegal,1,UEFA,CAF,0,0,0,1,1974.01,1812.73,161.27999999999997,0.7168,0.4,0.6,-0.2,1.8,2.0,1.4,15.0,2.0,1.0,0.0,1.0,0.0,3.0,0.0,6.07,0.5,0,5.0,5.0,0.0,52,3.0,9.0,2.0,7.0,2.0,0.667,3.0,38.0,5.300000000000001,8.0,4.0,0.5,61.0,12.0,0.0,0.0,0.0,3.0,1.0,0.8,0.1999999999999999,24.0,0.0,0.0,3,0,3,Win,2,Full Time,,,0.0,65985.0,1.0,4.0,1.747,2.6,12.6,9.0,9.2,12.4,0.8417315789473685,20.0,1.069,1.25,12.5,8.5,7.75,13.25,0.7712466666666666,20.0,21.0,26.0,7.775,9.5,5.4,9.0,2.375,-5.0,test,tier2
968,2022,Round of 16,2,1,2022-12-04,Al Bayt Stadium,Senegal,England,0,CAF,UEFA,0,0,0,1,1812.73,1974.01,-161.27999999999997,0.2832,0.6,0.4,0.2,1.4,1.0,1.8,2.0,15.0,0.0,1.0,0.0,1.0,0.0,3.0,5.5,0.5,0,5.0,5.0,0.0,52,3.0,5.0,4.0,1.0,2.0,0.667,1.667,41.0,1.8000000000000005,10.0,2.0,0.2,39.0,16.0,1.0,0.0,0.0,3.0,0.8,1.0,-0.1999999999999999,24.0,1.0,0.0,0,3,-3,Loss,0,Full Time,,,0.0,65985.0,4.0,1.0,1.069,1.25,12.5,8.5,7.75,13.25,0.7712466666666666,20.0,1.747,2.6,12.6,9.0,9.2,12.4,0.8417315789473685,20.0,26.0,21.0,5.4,9.0,7.775,9.5,-2.375,5.0,test,tier2
969,2022,Round of 16,2,1,2022-12-05,Al Janoub Stadium,Japan,Croatia,1,AFC,UEFA,0,0,0,1,1910.86,1919.01,-8.150000000000091,0.4883,0.5,0.9,-0.4,1.0,0.8,2.0,6.0,5.0,0.0,0.0,0.0,1.0,0.0,2.0,3.33,0.0,2,4.0,4.0,0.0,53,3.0,4.0,3.0,1.0,2.0,0.667,1.333,30.0,3.8,12.0,4.0,0.333,42.0,16.0,0.0,0.0,3.0,8.0,1.2,1.4,-0.1999999999999999,24.0,0.0,0.0,1,1,0,Loss,0,Penalties,,,0.0,42523.0,5.0,1.0,1.846,1.5,12.0,7.0,12.75,12.25,0.6916265625,22.0,1.881,2.143,12.43,8.29,12.14,13.0,0.8049757009345795,20.0,24.0,31.0,5.182,9.0,5.643,10.0,-0.461,-7.0,test,tier2
969,2022,Round of 16,2,1,2022-12-05,Al Janoub Stadium,Croatia,Japan,0,UEFA,AFC,0,0,0,1,1919.01,1910.86,8.150000000000091,0.5117,0.9,0.5,0.4,2.0,0.6,1.0,5.0,6.0,0.0,0.0,1.0,0.0,2.0,0.0,7.4,1.0,2,4.0,4.0,0.0,53,3.0,4.0,1.0,3.0,1.0,0.333,1.333,30.0,4.5,16.0,4.0,0.25,58.0,13.0,2.0,0.0,0.0,5.0,1.4,1.2,0.1999999999999999,24.0,2.0,0.0,1,1,0,Win,2,Penalties,,,0.0,42523.0,1.0,5.0,1.881,2.143,12.43,8.29,12.14,13.0,0.8049757009345795,20.0,1.846,1.5,12.0,7.0,12.75,12.25,0.6916265625,22.0,31.0,24.0,5.643,10.0,5.182,9.0,0.461,7.0,test,tier2
970,2022,Round of 16,2,1,2022-12-05,Stadium 974,Brazil,Korea Republic,1,CONMEBOL,AFC,0,0,0,1,1930.75,1500.0,430.75,0.9227,1.0,0.5,0.5,2.4,0.2,1.5,21.0,9.0,5.0,0.0,6.0,0.0,10.0,1.0,11.1,0.5,0,3.0,3.0,0.0,54,3.0,3.0,1.0,2.0,2.0,0.667,1.0,52.0,5.9,18.0,9.0,0.5,53.0,13.0,0.0,0.0,0.0,5.0,3.6,0.5,3.1,25.35833333333333,,,4,1,3,Win,2,Full Time,,,0.0,43847.0,2.0,5.0,2.727,2.0,19.8,13.2,8.4,20.0,0.83339125,26.0,1.4871854838709675,1.5322419354838712,11.661612903225809,8.113709677419354,10.67717741935484,14.121209677419357,0.7781173697480416,21.60483870967742,31.0,25.71074380165289,7.596,10.0,5.0,5.0,2.596,0.0,test,tier2
970,2022,Round of 16,2,1,2022-12-05,Stadium 974,Korea Republic,Brazil,0,AFC,CONMEBOL,0,0,0,1,1500.0,1930.75,-430.75,0.0773,0.5,1.0,-0.5,1.5,1.5,2.4,9.0,21.0,0.0,5.0,0.0,6.0,1.0,10.0,3.44,0.5,0,3.0,3.0,0.0,54,3.0,4.0,4.0,0.0,1.0,0.333,1.333,39.0,4.1,10.0,6.0,0.6,47.0,8.0,1.0,0.0,5.0,4.0,0.5,3.6,-3.1,25.35833333333333,,,1,4,-3,Loss,0,Full Time,,,0.0,43847.0,5.0,2.0,1.4871854838709675,1.5322419354838712,11.661612903225809,8.113709677419354,10.67717741935484,14.121209677419357,0.7781173697480416,21.60483870967742,2.727,2.0,19.8,13.2,8.4,20.0,0.83339125,26.0,25.71074380165289,31.0,5.0,5.0,7.596,10.0,-2.596,0.0,test,tier2
971,2022,Round of 16,2,1,2022-12-06,Education City Stadium,Morocco,Spain,1,CAF,UEFA,0,0,0,1,1891.08,1959.99,-68.91000000000008,0.4021,0.8,0.7,0.1,1.4,0.0,2.6,5.0,15.0,0.0,1.0,0.0,1.0,0.0,1.0,2.8,0.0,1,5.0,5.0,0.0,55,3.0,4.0,1.0,3.0,2.0,0.667,1.333,26.0,4.9,6.0,3.0,0.5,24.0,14.0,1.0,0.0,5.0,0.0,0.7,1.0,-0.3,26.0,1.0,0.0,0,0,0,Win,2,Penalties,,,0.0,44667.0,4.0,1.0,1.24,1.286,9.43,6.14,12.71,14.86,0.7371663636363637,25.0,1.776,2.25,12.75,9.0,9.25,19.25,0.8548375,21.0,26.0,19.0,5.34,9.5,7.595,10.0,-2.255,7.0,test,tier2
971,2022,Round of 16,2,1,2022-12-06,Education City Stadium,Spain,Morocco,0,UEFA,CAF,0,0,0,1,1959.99,1891.08,68.91000000000008,0.5979,0.7,0.8,-0.1,2.6,0.8,1.4,15.0,5.0,1.0,0.0,1.0,0.0,1.0,0.0,6.6,1.0,1,5.0,5.0,0.0,55,3.0,9.0,3.0,6.0,1.0,0.333,3.0,38.0,5.1,13.0,1.0,0.077,76.0,15.0,1.0,0.0,4.0,8.0,1.0,0.7,0.3,26.0,1.0,0.0,0,0,0,Loss,0,Penalties,,,0.0,44667.0,1.0,4.0,1.776,2.25,12.75,9.0,9.25,19.25,0.8548375,21.0,1.24,1.286,9.43,6.14,12.71,14.86,0.7371663636363637,25.0,19.0,26.0,7.595,10.0,5.34,9.5,2.255,-7.0,test,tier2
972,2022,Round of 16,2,1,2022-12-06,Lusail Iconic Stadium,Portugal,Switzerland,1,UEFA,UEFA,1,0,0,1,1928.62,1921.78,6.839999999999918,0.5098,0.8,0.6,0.2,2.6,0.6,1.0,7.0,11.0,0.0,0.0,0.0,0.0,2.0,0.0,7.0,0.5,0,4.0,4.0,0.0,56,3.0,6.0,4.0,2.0,2.0,0.667,2.0,37.0,4.6,14.0,9.0,0.643,47.0,10.0,0.0,0.0,3.0,6.0,2.3,1.2,1.1,24.0,0.0,0.0,6,1,5,Win,2,Full Time,,,0.0,83720.0,1.0,1.0,1.462,2.4,13.2,10.0,6.0,13.0,0.8293575000000001,24.0,1.523,1.25,9.25,7.0,10.75,6.25,0.7907451612903226,24.0,27.0,20.0,6.062,9.5,5.521,9.5,0.541,7.0,test,tier2
972,2022,Round of 16,2,1,2022-12-06,Lusail Iconic Stadium,Switzerland,Portugal,0,UEFA,UEFA,1,0,0,1,1921.78,1928.62,-6.839999999999918,0.4902,0.6,0.8,-0.2,1.0,1.0,2.6,11.0,7.0,0.0,0.0,0.0,0.0,0.0,2.0,4.55,0.5,0,4.0,4.0,0.0,56,3.0,4.0,3.0,1.0,2.0,0.667,1.333,26.0,4.4,10.0,1.0,0.1,53.0,12.0,2.0,0.0,3.0,6.0,1.2,2.3,-1.1,25.0,2.0,0.0,1,6,-5,Loss,0,Full Time,,,0.0,83720.0,1.0,1.0,1.523,1.25,9.25,7.0,10.75,6.25,0.7907451612903226,24.0,1.462,2.4,13.2,10.0,6.0,13.0,0.8293575000000001,24.0,20.0,27.0,5.521,9.5,6.062,9.5,-0.541,-7.0,test,tier2
973,2022,Quarter-final,3,1,2022-12-09,Education City Stadium,Croatia,Brazil,1,UEFA,CONMEBOL,0,0,0,1,1918.31,2101.77,-183.46000000000004,0.2581,0.8,0.8,0.0,1.6,0.4,2.2,5.0,21.0,0.0,5.0,1.0,6.0,2.0,10.0,7.4,0.0,2,4.0,4.0,0.0,57,4.0,5.0,2.0,3.0,2.0,0.5,1.25,46.0,5.9,9.0,1.0,0.111,50.0,24.0,2.0,0.0,3.0,3.0,0.6,2.5,-1.9,26.0,2.0,0.0,1,1,0,Win,2,Penalties,,,0.0,43893.0,1.0,2.0,1.881,2.143,12.43,8.29,12.14,13.0,0.8049757009345795,20.0,2.727,2.0,19.8,13.2,8.4,20.0,0.83339125,26.0,31.0,31.0,5.643,10.0,7.596,10.0,-1.953,0.0,test,tier2
973,2022,Quarter-final,3,1,2022-12-09,Education City Stadium,Brazil,Croatia,0,CONMEBOL,UEFA,0,0,0,1,2101.77,1918.31,183.46000000000004,0.7419,0.8,0.8,0.0,2.2,0.4,1.6,21.0,5.0,5.0,0.0,6.0,1.0,10.0,2.0,11.1,1.0,2,4.0,4.0,0.0,57,4.0,7.0,2.0,5.0,3.0,0.75,1.75,70.0,9.5,20.0,11.0,0.55,50.0,22.0,3.0,0.0,3.0,7.0,2.5,0.6,1.9,24.0,3.0,0.0,1,1,0,Loss,0,Penalties,,,0.0,43893.0,2.0,1.0,2.727,2.0,19.8,13.2,8.4,20.0,0.83339125,26.0,1.881,2.143,12.43,8.29,12.14,13.0,0.8049757009345795,20.0,31.0,31.0,7.596,10.0,5.643,10.0,1.953,0.0,test,tier2
974,2022,Quarter-final,3,1,2022-12-09,Lusail Iconic Stadium,Netherlands,Argentina,1,UEFA,CONMEBOL,0,0,0,1,2006.05,2073.51,-67.46000000000026,0.4041,0.9,0.8,0.1,1.6,0.2,2.6,10.0,17.0,0.0,2.0,3.0,5.0,5.0,5.0,9.1,0.4,5,6.0,6.0,0.0,58,4.0,8.0,2.0,6.0,3.0,0.75,2.0,35.0,3.4,5.0,2.0,0.4,52.0,18.0,4.0,0.0,1.0,2.0,0.6,1.9,-1.2999999999999998,26.0,7.0,0.0,2,2,0,Loss,0,Penalties,,,0.0,88235.0,1.0,2.0,1.782,2.6,9.6,6.8,10.2,12.4,0.7670792207792207,21.0,2.998,3.286,15.71,10.43,10.0,17.43,0.8214654867256637,24.0,28.0,23.0,6.071,9.5,5.646,9.5,0.425,5.0,test,tier2
974,2022,Quarter-final,3,1,2022-12-09,Lusail Iconic Stadium,Argentina,Netherlands,0,CONMEBOL,UEFA,0,0,0,1,2073.51,2006.05,67.46000000000026,0.5959,0.8,0.9,-0.1,2.6,0.4,1.6,17.0,10.0,2.0,0.0,5.0,3.0,5.0,5.0,8.18,0.6,5,6.0,6.0,0.0,58,4.0,7.0,3.0,4.0,3.0,0.75,1.75,58.0,6.4,15.0,6.0,0.4,48.0,30.0,8.0,0.0,2.0,8.0,1.9,0.6,1.2999999999999998,26.0,8.0,0.0,2,2,0,Win,2,Penalties,,,0.0,88235.0,2.0,1.0,2.998,3.286,15.71,10.43,10.0,17.43,0.8214654867256637,24.0,1.782,2.6,9.6,6.8,10.2,12.4,0.7670792207792207,21.0,23.0,28.0,5.646,9.5,6.071,9.5,-0.425,-5.0,test,tier2
975,2022,Quarter-final,3,1,2022-12-10,Al Thumama Stadium,Morocco,Portugal,1,CAF,UEFA,0,0,0,1,1896.95,1958.03,-61.07999999999993,0.413,0.8,0.6,0.2,1.4,0.2,2.0,5.0,7.0,0.0,0.0,0.0,0.0,0.0,2.0,2.8,0.5,2,4.0,4.0,0.0,59,4.0,4.0,1.0,3.0,3.0,0.75,1.0,32.0,5.6000000000000005,9.0,3.0,0.333,27.0,9.0,3.0,1.0,2.0,3.0,1.4,0.9,0.4999999999999999,24.0,2.0,0.0,1,0,1,Win,2,Full Time,,,0.0,44198.0,4.0,1.0,1.24,1.286,9.43,6.14,12.71,14.86,0.7371663636363637,25.0,1.462,2.4,13.2,10.0,6.0,13.0,0.8293575000000001,24.0,26.0,27.0,5.34,9.5,6.062,9.5,-0.722,-1.0,test,tier2
975,2022,Quarter-final,3,1,2022-12-10,Al Thumama Stadium,Portugal,Morocco,0,UEFA,CAF,0,0,0,1,1958.03,1896.95,61.07999999999993,0.587,0.6,0.8,-0.2,2.0,1.0,1.4,7.0,5.0,0.0,0.0,0.0,0.0,2.0,0.0,7.0,0.5,2,4.0,4.0,0.0,59,4.0,12.0,5.0,7.0,3.0,0.75,3.0,51.0,6.9,11.0,3.0,0.273,73.0,15.0,1.0,0.0,2.0,9.0,0.9,1.4,-0.4999999999999999,24.0,1.0,0.0,0,1,-1,Loss,0,Full Time,,,0.0,44198.0,1.0,4.0,1.462,2.4,13.2,10.0,6.0,13.0,0.8293575000000001,24.0,1.24,1.286,9.43,6.14,12.71,14.86,0.7371663636363637,25.0,27.0,26.0,6.062,9.5,5.34,9.5,0.722,1.0,test,tier2
976,2022,Quarter-final,3,1,2022-12-10,Al Bayt Stadium,England,France,1,UEFA,UEFA,1,0,0,1,1991.0,1977.53,13.470000000000027,0.5194,0.6,0.6,0.0,2.4,1.2,1.6,15.0,15.0,1.0,2.0,1.0,3.0,3.0,6.0,6.07,1.0,2,6.0,6.0,0.0,60,4.0,12.0,2.0,10.0,3.0,0.75,3.0,46.0,6.300000000000001,14.0,6.0,0.429,57.0,14.0,1.0,0.0,1.0,5.0,2.4,0.9,1.5,25.0,1.0,0.0,1,2,-1,Loss,0,Full Time,,,0.0,68895.0,1.0,1.0,1.747,2.6,12.6,9.0,9.2,12.4,0.8417315789473685,20.0,2.137,2.571,15.14,11.29,13.57,18.57,0.803685294117647,24.0,21.0,27.0,7.775,9.5,7.208,10.0,0.567,-6.0,test,tier2
976,2022,Quarter-final,3,1,2022-12-10,Al Bayt Stadium,France,England,0,UEFA,UEFA,1,0,0,1,1977.53,1991.0,-13.470000000000027,0.4806,0.6,0.6,0.0,1.6,1.0,2.4,15.0,15.0,2.0,1.0,3.0,1.0,6.0,3.0,8.0,0.0,2,6.0,6.0,0.0,60,4.0,9.0,4.0,5.0,3.0,0.75,2.25,68.0,8.6,9.0,5.0,0.556,43.0,10.0,3.0,0.0,2.0,2.0,0.9,2.4,-1.5,24.0,3.0,0.0,2,1,1,Win,2,Full Time,,,0.0,68895.0,1.0,1.0,2.137,2.571,15.14,11.29,13.57,18.57,0.803685294117647,24.0,1.747,2.6,12.6,9.0,9.2,12.4,0.8417315789473685,20.0,27.0,21.0,7.208,10.0,7.775,9.5,-0.567,6.0,test,tier2
977,2022,Semi-final,4,1,2022-12-13,Lusail Iconic Stadium,Argentina,Croatia,1,CONMEBOL,UEFA,0,0,0,1,2067.76,1932.83,134.9300000000003,0.685,0.8,0.7,0.1,2.4,0.6,1.2,17.0,5.0,2.0,0.0,5.0,1.0,5.0,2.0,8.18,0.5,2,4.0,4.0,0.0,61,5.0,9.0,5.0,4.0,4.0,0.8,1.8,73.0,8.3,10.0,7.0,0.7,40.0,8.0,2.0,0.0,1.0,2.0,2.3,0.5,1.7999999999999998,23.0,2.0,0.0,3,0,3,Win,2,Full Time,,,0.0,88966.0,2.0,1.0,2.998,3.286,15.71,10.43,10.0,17.43,0.8214654867256637,24.0,1.881,2.143,12.43,8.29,12.14,13.0,0.8049757009345795,20.0,23.0,31.0,5.646,9.5,5.643,10.0,0.003,-8.0,test,tier2
977,2022,Semi-final,4,1,2022-12-13,Lusail Iconic Stadium,Croatia,Argentina,0,UEFA,CONMEBOL,0,0,0,1,1932.83,2067.76,-134.9300000000003,0.315,0.7,0.8,-0.1,1.2,0.4,2.4,5.0,17.0,0.0,2.0,1.0,5.0,2.0,5.0,7.4,0.5,2,4.0,4.0,0.0,61,5.0,6.0,3.0,3.0,3.0,0.6,1.2,55.0,6.5,12.0,3.0,0.25,60.0,15.0,2.0,0.0,0.0,4.0,0.5,2.3,-1.7999999999999998,26.0,2.0,0.0,0,3,-3,Loss,0,Full Time,,,0.0,88966.0,1.0,2.0,1.881,2.143,12.43,8.29,12.14,13.0,0.8049757009345795,20.0,2.998,3.286,15.71,10.43,10.0,17.43,0.8214654867256637,24.0,31.0,23.0,5.643,10.0,5.646,9.5,-0.003,8.0,test,tier2
978,2022,Semi-final,4,1,2022-12-14,Al Bayt Stadium,France,Morocco,1,UEFA,CAF,0,0,0,1,2008.69,1932.17,76.51999999999998,0.6084,0.6,0.8,-0.2,1.8,1.2,1.4,15.0,5.0,2.0,0.0,3.0,0.0,6.0,0.0,8.0,0.5,0,4.0,4.0,0.0,62,5.0,11.0,5.0,6.0,4.0,0.8,2.2,77.0,9.5,14.0,2.0,0.143,39.0,11.0,0.0,0.0,4.0,2.0,1.9,0.9,1.0,23.0,0.0,0.0,2,0,2,Win,2,Full Time,,,0.0,68294.0,1.0,4.0,2.137,2.571,15.14,11.29,13.57,18.57,0.803685294117647,24.0,1.24,1.286,9.43,6.14,12.71,14.86,0.7371663636363637,25.0,27.0,26.0,7.208,10.0,5.34,9.5,1.868,1.0,test,tier2
978,2022,Semi-final,4,1,2022-12-14,Al Bayt Stadium,Morocco,France,0,CAF,UEFA,0,0,0,1,1932.17,2008.69,-76.51999999999998,0.3916,0.8,0.6,0.2,1.4,0.2,1.8,5.0,15.0,0.0,2.0,0.0,3.0,0.0,6.0,2.8,0.5,0,4.0,4.0,0.0,62,5.0,5.0,1.0,4.0,4.0,0.8,1.0,41.0,7.0,13.0,1.0,0.077,61.0,11.0,1.0,0.0,3.0,3.0,0.9,1.9,-1.0,25.0,1.0,0.0,0,2,-2,Loss,0,Full Time,,,0.0,68294.0,4.0,1.0,1.24,1.286,9.43,6.14,12.71,14.86,0.7371663636363637,25.0,2.137,2.571,15.14,11.29,13.57,18.57,0.803685294117647,24.0,26.0,27.0,5.34,9.5,7.208,10.0,-1.868,-1.0,test,tier2
979,2022,Third Place,4,1,2022-12-17,Khalifa International Stadium,Croatia,Morocco,1,UEFA,CAF,0,0,0,1,1913.93,1908.67,5.259999999999991,0.5076,0.6,0.8,-0.2,1.2,0.6,1.0,5.0,5.0,0.0,0.0,1.0,0.0,2.0,0.0,7.4,0.0,1,4.0,3.0,1.0,63,6.0,6.0,6.0,0.0,3.0,0.5,1.0,67.0,7.0,14.0,4.0,0.286,50.0,11.0,0.0,0.0,2.0,6.0,0.7,1.2,-0.5,26.0,0.0,0.0,2,1,1,Win,2,Full Time,,,0.0,44137.0,1.0,4.0,1.881,2.143,12.43,8.29,12.14,13.0,0.8049757009345795,20.0,1.24,1.286,9.43,6.14,12.71,14.86,0.7371663636363637,25.0,31.0,26.0,5.643,10.0,5.34,9.5,0.303,5.0,test,tier2
979,2022,Third Place,4,1,2022-12-17,Khalifa International Stadium,Morocco,Croatia,0,CAF,UEFA,0,0,0,1,1908.67,1913.93,-5.259999999999991,0.4924,0.8,0.6,0.2,1.0,0.2,1.2,5.0,5.0,0.0,0.0,0.0,1.0,0.0,2.0,2.8,1.0,1,3.0,4.0,-1.0,63,6.0,5.0,3.0,2.0,4.0,0.667,0.833,54.0,7.9,7.0,2.0,0.286,50.0,13.0,2.0,0.0,2.0,3.0,1.2,0.7,0.5,25.0,2.0,0.0,1,2,-1,Loss,0,Full Time,,,0.0,44137.0,4.0,1.0,1.24,1.286,9.43,6.14,12.71,14.86,0.7371663636363637,25.0,1.881,2.143,12.43,8.29,12.14,13.0,0.8049757009345795,20.0,26.0,31.0,5.34,9.5,5.643,10.0,-0.303,-5.0,test,tier2
980,2022,Final,5,1,2022-12-18,Lusail Iconic Stadium,Argentina,France,1,CONMEBOL,UEFA,0,0,0,1,2086.66,2032.19,54.4699999999998,0.5778,0.7,0.8,-0.1,1.8,1.0,2.2,17.0,15.0,2.0,2.0,5.0,3.0,5.0,6.0,8.18,0.667,3,5.0,4.0,1.0,64,6.0,12.0,5.0,7.0,5.0,0.833,2.0,83.0,10.6,21.0,9.0,0.429,54.0,19.0,4.0,0.0,4.0,6.0,3.3,2.2,1.0999999999999996,26.0,5.0,0.0,3,3,0,Win,2,Penalties,,,0.0,88966.0,2.0,1.0,2.998,3.286,15.71,10.43,10.0,17.43,0.8214654867256637,24.0,2.137,2.571,15.14,11.29,13.57,18.57,0.803685294117647,24.0,23.0,27.0,5.646,9.5,7.208,10.0,-1.562,-4.0,test,tier2
980,2022,Final,5,1,2022-12-18,Lusail Iconic Stadium,France,Argentina,0,UEFA,CONMEBOL,0,0,0,1,2032.19,2086.66,-54.4699999999998,0.4222,0.8,0.7,0.1,2.2,1.0,1.8,15.0,17.0,2.0,2.0,3.0,5.0,6.0,5.0,8.0,0.3329999999999999,3,4.0,5.0,-1.0,64,6.0,13.0,5.0,8.0,5.0,0.833,2.167,91.0,11.4,10.0,5.0,0.5,46.0,26.0,3.0,0.0,4.0,5.0,2.2,3.3,-1.0999999999999996,24.0,3.0,0.0,3,3,0,Loss,0,Penalties,,,0.0,88966.0,1.0,2.0,2.137,2.571,15.14,11.29,13.57,18.57,0.803685294117647,24.0,2.998,3.286,15.71,10.43,10.0,17.43,0.8214654867256637,24.0,27.0,23.0,7.208,10.0,5.646,9.5,1.562,4.0,test,tier2
981,2026,Group Stage,1,0,2026-06-11,Mexico City,Mexico,South Africa,1,UEFA,UEFA,0,1,0,0,1887.54,1633.59,253.95,0.8118,0.7456,0.4905,0.2551,0.6,0.2,0.7,17.0,3.0,0.0,0.0,0.0,0.0,0.0,0.0,0.0,0.5,0,4.0,4.0,0.0,1,0.0,0.0,0.0,0.0,0.0,0.0,0.0,0.0,0.0,0.0,0.0,0.0,0.0,0.0,0.0,0.0,0.0,0.0,0.0,0.0,0.0,0.0,0.0,0.0,2,1,1,Win,2,0.0,0.0,0.0,0.0,0.0,0.0,0.0,0.0,0.0,0.0,0.0,0.0,0.0,0.0,0.0,0.0,0.0,0.0,0.0,0.0,0.0,0.0,0.0,0.0,0.0,0.0,0.0,0.0,0.0,0.0,0.0,train,tier2
981,2026,Group Stage,1,0,2026-06-11,Mexico City,South Africa,Mexico,0,UEFA,UEFA,0,0,1,0,1633.59,1887.54,-253.95,0.1882,0.4905,0.7456,-0.2551,0.7,0.5,0.6,3.0,17.0,0.0,0.0,0.0,0.0,0.0,0.0,0.0,0.5,0,4.0,4.0,0.0,1,0.0,0.0,0.0,0.0,0.0,0.0,0.0,0.0,0.0,0.0,0.0,0.0,0.0,0.0,0.0,0.0,0.0,0.0,0.0,0.0,0.0,0.0,0.0,0.0,1,2,-1,Loss,0,0.0,0.0,0.0,0.0,0.0,0.0,0.0,0.0,0.0,0.0,0.0,0.0,0.0,0.0,0.0,0.0,0.0,0.0,0.0,0.0,0.0,0.0,0.0,0.0,0.0,0.0,0.0,0.0,0.0,0.0,0.0,train,tier2
982,2026,Group Stage,1,0,2026-06-11,Mexico City,Mexico,South Africa,1,UEFA,UEFA,0,1,0,0,1887.54,1633.59,253.95,0.8118,0.7456,0.4905,0.2551,0.6,0.2,0.7,17.0,3.0,0.0,0.0,0.0,0.0,0.0,0.0,0.0,0.5,0,4.0,4.0,0.0,1,0.0,0.0,0.0,0.0,0.0,0.0,0.0,0.0,0.0,0.0,0.0,0.0,0.0,0.0,0.0,0.0,0.0,0.0,0.0,0.0,0.0,0.0,0.0,0.0,2,1,1,Win,2,0.0,0.0,0.0,0.0,0.0,0.0,0.0,0.0,0.0,0.0,0.0,0.0,0.0,0.0,0.0,0.0,0.0,0.0,0.0,0.0,0.0,0.0,0.0,0.0,0.0,0.0,0.0,0.0,0.0,0.0,0.0,train,tier2
982,2026,Group Stage,1,0,2026-06-11,Mexico City,South Africa,Mexico,0,UEFA,UEFA,0,0,1,0,1633.59,1887.54,-253.95,0.1882,0.4905,0.7456,-0.2551,0.7,0.5,0.6,3.0,17.0,0.0,0.0,0.0,0.0,0.0,0.0,0.0,0.5,0,4.0,4.0,0.0,1,0.0,0.0,0.0,0.0,0.0,0.0,0.0,0.0,0.0,0.0,0.0,0.0,0.0,0.0,0.0,0.0,0.0,0.0,0.0,0.0,0.0,0.0,0.0,0.0,1,2,-1,Loss,0,0.0,0.0,0.0,0.0,0.0,0.0,0.0,0.0,0.0,0.0,0.0,0.0,0.0,0.0,0.0,0.0,0.0,0.0,0.0,0.0,0.0,0.0,0.0,0.0,0.0,0.0,0.0,0.0,0.0,0.0,0.0,train,tier2
983,2026,Group Stage,1,0,2026-06-11,Mexico City,Mexico,South Africa,1,UEFA,UEFA,0,1,0,0,1887.54,1633.59,253.95,0.8118,0.7456,0.4905,0.2551,0.6,0.2,0.7,17.0,3.0,0.0,0.0,0.0,0.0,0.0,0.0,0.0,0.5,0,4.0,4.0,0.0,1,0.0,0.0,0.0,0.0,0.0,0.0,0.0,0.0,0.0,0.0,0.0,0.0,0.0,0.0,0.0,0.0,0.0,0.0,0.0,0.0,0.0,0.0,0.0,0.0,2,1,1,Win,2,0.0,0.0,0.0,0.0,0.0,0.0,0.0,0.0,0.0,0.0,0.0,0.0,0.0,0.0,0.0,0.0,0.0,0.0,0.0,0.0,0.0,0.0,0.0,0.0,0.0,0.0,0.0,0.0,0.0,0.0,0.0,train,tier2
983,2026,Group Stage,1,0,2026-06-11,Mexico City,South Africa,Mexico,0,UEFA,UEFA,0,0,1,0,1633.59,1887.54,-253.95,0.1882,0.4905,0.7456,-0.2551,0.7,0.5,0.6,3.0,17.0,0.0,0.0,0.0,0.0,0.0,0.0,0.0,0.5,0,4.0,4.0,0.0,1,0.0,0.0,0.0,0.0,0.0,0.0,0.0,0.0,0.0,0.0,0.0,0.0,0.0,0.0,0.0,0.0,0.0,0.0,0.0,0.0,0.0,0.0,0.0,0.0,1,2,-1,Loss,0,0.0,0.0,0.0,0.0,0.0,0.0,0.0,0.0,0.0,0.0,0.0,0.0,0.0,0.0,0.0,0.0,0.0,0.0,0.0,0.0,0.0,0.0,0.0,0.0,0.0,0.0,0.0,0.0,0.0,0.0,0.0,train,tier2
984,2026,Group Stage,1,0,2026-06-11,Mexico City,Mexico,South Africa,1,UEFA,UEFA,0,1,0,0,1887.54,1633.59,253.95,0.8118,0.7456,0.4905,0.2551,0.6,0.2,0.7,17.0,3.0,0.0,0.0,0.0,0.0,0.0,0.0,0.0,0.5,0,4.0,4.0,0.0,1,0.0,0.0,0.0,0.0,0.0,0.0,0.0,0.0,0.0,0.0,0.0,0.0,0.0,0.0,0.0,0.0,0.0,0.0,0.0,0.0,0.0,0.0,0.0,0.0,2,1,1,Win,2,0.0,0.0,0.0,0.0,0.0,0.0,0.0,0.0,0.0,0.0,0.0,0.0,0.0,0.0,0.0,0.0,0.0,0.0,0.0,0.0,0.0,0.0,0.0,0.0,0.0,0.0,0.0,0.0,0.0,0.0,0.0,train,tier2
984,2026,Group Stage,1,0,2026-06-11,Mexico City,South Africa,Mexico,0,UEFA,UEFA,0,0,1,0,1633.59,1887.54,-253.95,0.1882,0.4905,0.7456,-0.2551,0.7,0.5,0.6,3.0,17.0,0.0,0.0,0.0,0.0,0.0,0.0,0.0,0.5,0,4.0,4.0,0.0,1,0.0,0.0,0.0,0.0,0.0,0.0,0.0,0.0,0.0,0.0,0.0,0.0,0.0,0.0,0.0,0.0,0.0,0.0,0.0,0.0,0.0,0.0,0.0,0.0,1,2,-1,Loss,0,0.0,0.0,0.0,0.0,0.0,0.0,0.0,0.0,0.0,0.0,0.0,0.0,0.0,0.0,0.0,0.0,0.0,0.0,0.0,0.0,0.0,0.0,0.0,0.0,0.0,0.0,0.0,0.0,0.0,0.0,0.0,train,tier2
985,2026,Group Stage,1,0,2026-06-11,Mexico City,Mexico,South Africa,1,UEFA,UEFA,0,1,0,0,1934.31,1586.82,347.49,0.8118,0.7456,0.4905,0.2551,0.6,0.2,0.7,17.0,3.0,0.0,0.0,0.0,0.0,0.0,0.0,0.0,0.5,0,4.0,4.0,0.0,1,0.0,0.0,0.0,0.0,0.0,0.0,0.0,0.0,0.0,0.0,0.0,0.0,0.0,0.0,0.0,0.0,0.0,0.0,0.0,0.0,0.0,0.0,0.0,0.0,2,1,1,Win,2,0.0,0.0,0.0,0.0,0.0,0.0,0.0,0.0,0.0,0.0,0.0,0.0,0.0,0.0,0.0,0.0,0.0,0.0,0.0,0.0,0.0,0.0,0.0,0.0,0.0,0.0,0.0,0.0,0.0,0.0,0.0,train,tier2
985,2026,Group Stage,1,0,2026-06-11,Mexico City,South Africa,Mexico,0,UEFA,UEFA,0,0,1,0,1586.82,1934.31,-347.49,0.1882,0.4905,0.7456,-0.2551,0.7,0.5,0.6,3.0,17.0,0.0,0.0,0.0,0.0,0.0,0.0,0.0,0.5,0,4.0,4.0,0.0,1,0.0,0.0,0.0,0.0,0.0,0.0,0.0,0.0,0.0,0.0,0.0,0.0,0.0,0.0,0.0,0.0,0.0,0.0,0.0,0.0,0.0,0.0,0.0,0.0,1,2,-1,Loss,0,0.0,0.0,0.0,0.0,0.0,0.0,0.0,0.0,0.0,0.0,0.0,0.0,0.0,0.0,0.0,0.0,0.0,0.0,0.0,0.0,0.0,0.0,0.0,0.0,0.0,0.0,0.0,0.0,0.0,0.0,0.0,train,tier2
986,2026,Group Stage,1,0,2026-06-11,Mexico City,Mexico,South Africa,1,UEFA,UEFA,0,1,0,0,1941.46,1579.67,361.79,0.8118,0.7456,0.4905,0.2551,0.6,0.2,0.7,17.0,3.0,0.0,0.0,0.0,0.0,0.0,0.0,0.0,0.5,0,4.0,4.0,0.0,1,0.0,0.0,0.0,0.0,0.0,0.0,0.0,0.0,0.0,0.0,0.0,0.0,0.0,0.0,0.0,0.0,0.0,0.0,0.0,0.0,0.0,0.0,0.0,0.0,2,1,1,Win,2,0.0,0.0,0.0,0.0,0.0,0.0,0.0,0.0,0.0,0.0,0.0,0.0,0.0,0.0,0.0,0.0,0.0,0.0,0.0,0.0,0.0,0.0,0.0,0.0,0.0,0.0,0.0,0.0,0.0,0.0,0.0,train,tier2
986,2026,Group Stage,1,0,2026-06-11,Mexico City,South Africa,Mexico,0,UEFA,UEFA,0,0,1,0,1579.67,1941.46,-361.79,0.1882,0.4905,0.7456,-0.2551,0.7,0.5,0.6,3.0,17.0,0.0,0.0,0.0,0.0,0.0,0.0,0.0,0.5,0,4.0,4.0,0.0,1,0.0,0.0,0.0,0.0,0.0,0.0,0.0,0.0,0.0,0.0,0.0,0.0,0.0,0.0,0.0,0.0,0.0,0.0,0.0,0.0,0.0,0.0,0.0,0.0,1,2,-1,Loss,0,0.0,0.0,0.0,0.0,0.0,0.0,0.0,0.0,0.0,0.0,0.0,0.0,0.0,0.0,0.0,0.0,0.0,0.0,0.0,0.0,0.0,0.0,0.0,0.0,0.0,0.0,0.0,0.0,0.0,0.0,0.0,train,tier2
987,2026,Group Stage,1,0,2026-06-11,Mexico City,Mexico,South Africa,1,UEFA,UEFA,0,1,0,0,1948.11,1573.02,375.0899999999999,0.8118,0.7456,0.4905,0.2551,0.6,0.2,0.7,17.0,3.0,0.0,0.0,0.0,0.0,0.0,0.0,0.0,0.5,0,4.0,4.0,0.0,1,0.0,0.0,0.0,0.0,0.0,0.0,0.0,0.0,0.0,0.0,0.0,0.0,0.0,0.0,0.0,0.0,0.0,0.0,0.0,0.0,0.0,0.0,0.0,0.0,2,1,1,Win,2,0.0,0.0,0.0,0.0,0.0,0.0,0.0,0.0,0.0,0.0,0.0,0.0,0.0,0.0,0.0,0.0,0.0,0.0,0.0,0.0,0.0,0.0,0.0,0.0,0.0,0.0,0.0,0.0,0.0,0.0,0.0,train,tier2
987,2026,Group Stage,1,0,2026-06-11,Mexico City,South Africa,Mexico,0,UEFA,UEFA,0,0,1,0,1573.02,1948.11,-375.0899999999999,0.1882,0.4905,0.7456,-0.2551,0.7,0.5,0.6,3.0,17.0,0.0,0.0,0.0,0.0,0.0,0.0,0.0,0.5,0,4.0,4.0,0.0,1,0.0,0.0,0.0,0.0,0.0,0.0,0.0,0.0,0.0,0.0,0.0,0.0,0.0,0.0,0.0,0.0,0.0,0.0,0.0,0.0,0.0,0.0,0.0,0.0,1,2,-1,Loss,0,0.0,0.0,0.0,0.0,0.0,0.0,0.0,0.0,0.0,0.0,0.0,0.0,0.0,0.0,0.0,0.0,0.0,0.0,0.0,0.0,0.0,0.0,0.0,0.0,0.0,0.0,0.0,0.0,0.0,0.0,0.0,train,tier2
988,2026,Group Stage,1,0,2026-06-11,Mexico City,Mexico,South Africa,1,UEFA,UEFA,0,1,0,0,1954.32,1566.81,387.51,0.8118,0.7456,0.4905,0.2551,0.6,0.2,0.7,17.0,3.0,0.0,0.0,0.0,0.0,0.0,0.0,0.0,0.5,0,4.0,4.0,0.0,1,0.0,0.0,0.0,0.0,0.0,0.0,0.0,0.0,0.0,0.0,0.0,0.0,0.0,0.0,0.0,0.0,0.0,0.0,0.0,0.0,0.0,0.0,0.0,0.0,2,1,1,Win,2,0.0,0.0,0.0,0.0,0.0,0.0,0.0,0.0,0.0,0.0,0.0,0.0,0.0,0.0,0.0,0.0,0.0,0.0,0.0,0.0,0.0,0.0,0.0,0.0,0.0,0.0,0.0,0.0,0.0,0.0,0.0,train,tier2
988,2026,Group Stage,1,0,2026-06-11,Mexico City,South Africa,Mexico,0,UEFA,UEFA,0,0,1,0,1566.81,1954.32,-387.51,0.1882,0.4905,0.7456,-0.2551,0.7,0.5,0.6,3.0,17.0,0.0,0.0,0.0,0.0,0.0,0.0,0.0,0.5,0,4.0,4.0,0.0,1,0.0,0.0,0.0,0.0,0.0,0.0,0.0,0.0,0.0,0.0,0.0,0.0,0.0,0.0,0.0,0.0,0.0,0.0,0.0,0.0,0.0,0.0,0.0,0.0,1,2,-1,Loss,0,0.0,0.0,0.0,0.0,0.0,0.0,0.0,0.0,0.0,0.0,0.0,0.0,0.0,0.0,0.0,0.0,0.0,0.0,0.0,0.0,0.0,0.0,0.0,0.0,0.0,0.0,0.0,0.0,0.0,0.0,0.0,train,tier2
989,2026,Group Stage,1,0,2026-06-11,Mexico City,Mexico,South Africa,1,UEFA,UEFA,0,1,0,0,1960.14,1560.99,399.1500000000001,0.8118,0.7456,0.4905,0.2551,0.6,0.2,0.7,17.0,3.0,0.0,0.0,0.0,0.0,0.0,0.0,0.0,0.5,0,4.0,4.0,0.0,1,0.0,0.0,0.0,0.0,0.0,0.0,0.0,0.0,0.0,0.0,0.0,0.0,0.0,0.0,0.0,0.0,0.0,0.0,0.0,0.0,0.0,0.0,0.0,0.0,2,1,1,Win,2,0.0,0.0,0.0,0.0,0.0,0.0,0.0,0.0,0.0,0.0,0.0,0.0,0.0,0.0,0.0,0.0,0.0,0.0,0.0,0.0,0.0,0.0,0.0,0.0,0.0,0.0,0.0,0.0,0.0,0.0,0.0,train,tier2
989,2026,Group Stage,1,0,2026-06-11,Mexico City,South Africa,Mexico,0,UEFA,UEFA,0,0,1,0,1560.99,1960.14,-399.1500000000001,0.1882,0.4905,0.7456,-0.2551,0.7,0.5,0.6,3.0,17.0,0.0,0.0,0.0,0.0,0.0,0.0,0.0,0.5,0,4.0,4.0,0.0,1,0.0,0.0,0.0,0.0,0.0,0.0,0.0,0.0,0.0,0.0,0.0,0.0,0.0,0.0,0.0,0.0,0.0,0.0,0.0,0.0,0.0,0.0,0.0,0.0,1,2,-1,Loss,0,0.0,0.0,0.0,0.0,0.0,0.0,0.0,0.0,0.0,0.0,0.0,0.0,0.0,0.0,0.0,0.0,0.0,0.0,0.0,0.0,0.0,0.0,0.0,0.0,0.0,0.0,0.0,0.0,0.0,0.0,0.0,train,tier2
990,2026,Round of 32,2,1,2026-06-11,Mexico City,Mexico,South Africa,1,UEFA,UEFA,0,1,0,0,1965.62,1555.51,410.1099999999999,0.8118,0.7456,0.4905,0.2551,0.6,0.2,0.7,17.0,3.0,0.0,0.0,0.0,0.0,0.0,0.0,0.0,0.5,0,4.0,4.0,0.0,1,0.0,0.0,0.0,0.0,0.0,0.0,0.0,0.0,0.0,0.0,0.0,0.0,0.0,0.0,0.0,0.0,0.0,0.0,0.0,0.0,0.0,0.0,0.0,0.0,3,0,3,Win,2,0.0,0.0,0.0,0.0,0.0,0.0,0.0,0.0,0.0,0.0,0.0,0.0,0.0,0.0,0.0,0.0,0.0,0.0,0.0,0.0,0.0,0.0,0.0,0.0,0.0,0.0,0.0,0.0,0.0,0.0,0.0,train,tier2
990,2026,Round of 32,2,1,2026-06-11,Mexico City,South Africa,Mexico,0,UEFA,UEFA,0,0,1,0,1555.51,1965.62,-410.1099999999999,0.1882,0.4905,0.7456,-0.2551,0.7,0.5,0.6,3.0,17.0,0.0,0.0,0.0,0.0,0.0,0.0,0.0,0.5,0,4.0,4.0,0.0,1,0.0,0.0,0.0,0.0,0.0,0.0,0.0,0.0,0.0,0.0,0.0,0.0,0.0,0.0,0.0,0.0,0.0,0.0,0.0,0.0,0.0,0.0,0.0,0.0,0,3,-3,Loss,0,0.0,0.0,0.0,0.0,0.0,0.0,0.0,0.0,0.0,0.0,0.0,0.0,0.0,0.0,0.0,0.0,0.0,0.0,0.0,0.0,0.0,0.0,0.0,0.0,0.0,0.0,0.0,0.0,0.0,0.0,0.0,train,tier2
991,2026,Group Stage,1,0,2026-06-11,Mexico City,Mexico,South Africa,1,UEFA,UEFA,0,1,0,0,1970.79,1550.34,420.4500000000001,0.8118,0.7456,0.4905,0.2551,0.6,0.2,0.7,17.0,3.0,0.0,0.0,0.0,0.0,0.0,0.0,0.0,0.5,0,4.0,4.0,0.0,1,0.0,0.0,0.0,0.0,0.0,0.0,0.0,0.0,0.0,0.0,0.0,0.0,0.0,0.0,0.0,0.0,0.0,0.0,0.0,0.0,0.0,0.0,0.0,0.0,2,1,1,Win,2,0.0,0.0,0.0,0.0,0.0,0.0,0.0,0.0,0.0,0.0,0.0,0.0,0.0,0.0,0.0,0.0,0.0,0.0,0.0,0.0,0.0,0.0,0.0,0.0,0.0,0.0,0.0,0.0,0.0,0.0,0.0,train,tier2
991,2026,Group Stage,1,0,2026-06-11,Mexico City,South Africa,Mexico,0,UEFA,UEFA,0,0,1,0,1550.34,1970.79,-420.4500000000001,0.18820000000000003,0.4905,0.7456,-0.2551,0.7,0.5,0.6,3.0,17.0,0.0,0.0,0.0,0.0,0.0,0.0,0.0,0.5,0,4.0,4.0,0.0,1,0.0,0.0,0.0,0.0,0.0,0.0,0.0,0.0,0.0,0.0,0.0,0.0,0.0,0.0,0.0,0.0,0.0,0.0,0.0,0.0,0.0,0.0,0.0,0.0,1,2,-1,Loss,0,0.0,0.0,0.0,0.0,0.0,0.0,0.0,0.0,0.0,0.0,0.0,0.0,0.0,0.0,0.0,0.0,0.0,0.0,0.0,0.0,0.0,0.0,0.0,0.0,0.0,0.0,0.0,0.0,0.0,0.0,0.0,train,tier2
