player_id,player_name,team,year,match_id,home_team,away_team,position,started,minutes_played,goals,shots,xg,key_passes,passes,passes_completed,dribbles,dribbles_completed,interceptions,fouls_committed,fouls_won,match_date
4320,Neymar da Silva Santos Junior,Brazil,2018,8650,Brazil,Belgium,,0,93,0,3,0.2114,8,60,51,6,5,0,0,3,2018-07-06
3054,Fernando Luiz Roza,Brazil,2018,8650,Brazil,Belgium,,0,95,0,1,0.0657,2,66,57,0,0,2,2,2,2018-07-06
3501,Philippe Coutinho Correia,Brazil,2018,8650,Brazil,Belgium,,0,94,0,6,0.3375,2,75,66,0,0,1,1,3,2018-07-06
5552,Marcelo Vieira da Silva Júnior,Brazil,2018,8650,Brazil,Belgium,,0,94,0,1,0.0118,3,80,66,0,0,2,2,2,2018-07-06
5551,João Miranda de Souza Filho,Brazil,2018,8650,Brazil,Belgium,,0,94,0,0,0.0,1,42,39,0,0,1,4,2,2018-07-06
3295,Thiago Emiliano da Silva,Brazil,2018,8650,Brazil,Belgium,,0,92,0,1,0.274,1,54,53,0,0,1,0,0,2018-07-06
5838,Fágner Conserva Lemos,Brazil,2018,8650,Brazil,Belgium,,0,91,0,0,0.0,1,39,35,0,0,1,4,1,2018-07-06
3089,Kevin De Bruyne,Belgium,2018,8650,Brazil,Belgium,,0,94,1,3,0.0703,3,42,33,2,2,0,0,1,2018-07-06
3621,Eden Hazard,Belgium,2018,8650,Brazil,Belgium,,0,94,0,2,0.1764,0,39,29,9,9,0,4,11,2018-07-06
3077,Jan Vertonghen,Belgium,2018,8650,Brazil,Belgium,,0,90,0,0,0.0,0,47,40,1,1,1,1,0,2018-07-06
3101,Vincent Kompany,Belgium,2018,8650,Brazil,Belgium,,0,89,0,1,0.057,0,44,41,0,0,0,0,0,2018-07-06
20005,Toby Alderweireld,Belgium,2018,8650,Brazil,Belgium,,0,88,0,0,0.0,0,29,25,0,0,0,2,0,2018-07-06
3202,Gabriel Fernando de Jesus,Brazil,2018,8650,Brazil,Belgium,,0,57,0,2,0.5246,1,10,7,1,1,0,1,0,2018-07-06
3289,Romelu Lukaku Menama,Belgium,2018,8650,Brazil,Belgium,,0,86,0,0,0.0,0,13,9,3,1,0,3,2,2018-07-06
5547,Alisson Ramsés Becker,Brazil,2018,8650,Brazil,Belgium,,0,86,0,0,0.0,0,7,6,0,0,0,0,0,2018-07-06
4831,Nacer Chadli,Belgium,2018,8650,Brazil,Belgium,,0,82,0,1,0.0229,1,34,27,0,0,0,0,0,2018-07-06
5542,José Paulo Bezzera Maciel Júnior,Brazil,2018,8650,Brazil,Belgium,,0,72,0,3,0.4137,0,33,29,1,0,0,3,3,2018-07-06
5642,Axel Witsel,Belgium,2018,8650,Brazil,Belgium,,0,93,0,0,0.0,0,37,33,0,0,0,0,4,2018-07-06
3472,Willian Borges da Silva,Brazil,2018,8650,Brazil,Belgium,,0,45,0,0,0.0,1,20,15,0,0,0,1,0,2018-07-06
3296,Marouane Fellaini-Bakkioui,Belgium,2018,8650,Brazil,Belgium,,0,94,0,1,0.0787,0,35,28,0,0,2,6,2,2018-07-06
3176,Thomas Meunier,Belgium,2018,8650,Brazil,Belgium,,0,91,0,0,0.0,0,29,22,1,0,0,2,0,2018-07-06
3509,Thibaut Courtois,Belgium,2018,8650,Brazil,Belgium,,0,94,0,0,0.0,0,30,17,0,0,0,0,0,2018-07-06
3535,Roberto Firmino Barbosa de Oliveira,Brazil,2018,8650,Brazil,Belgium,,0,94,0,2,0.3442,1,18,13,2,1,0,1,1,2018-07-06
5837,Douglas Costa de Souza,Brazil,2018,8650,Brazil,Belgium,,0,93,0,4,0.0543,1,19,15,3,3,1,0,0,2018-07-06
5553,Renato Soares de Oliveira Augusto,Brazil,2018,8650,Brazil,Belgium,,0,91,1,2,0.372,0,9,7,0,0,0,1,0,2018-07-06
6332,Thomas Vermaelen,Belgium,2018,8650,Brazil,Belgium,,0,93,0,0,0.0,0,5,5,0,0,0,0,0,2018-07-06
2954,Youri Tielemans,Belgium,2018,8650,Brazil,Belgium,,0,93,0,0,0.0,0,1,1,0,0,0,0,0,2018-07-06
3289,Romelu Lukaku Menama,Belgium,2018,7584,Belgium,Japan,,0,91,0,7,1.0766,1,19,15,2,2,0,2,0,2018-07-02
5642,Axel Witsel,Belgium,2018,7584,Belgium,Japan,,0,90,0,2,0.0476,0,64,60,0,0,1,0,0,2018-07-02
3077,Jan Vertonghen,Belgium,2018,7584,Belgium,Japan,,0,89,1,2,0.0348,0,80,63,0,0,2,0,0,2018-07-02
3101,Vincent Kompany,Belgium,2018,7584,Belgium,Japan,,0,91,0,5,0.5828,0,83,76,0,0,0,4,1,2018-07-02
20005,Toby Alderweireld,Belgium,2018,7584,Belgium,Japan,,0,84,0,0,0.0,0,76,68,0,0,0,0,0,2018-07-02
5679,Yūya Ōsako,Japan,2018,7584,Belgium,Japan,,0,91,0,0,0.0,0,21,15,1,1,0,2,5,2018-07-02
5697,Genki Haraguchi,Japan,2018,7584,Belgium,Japan,,0,80,1,2,0.1743,1,24,21,2,1,1,1,1,2018-07-02
5633,Yannick Ferreira Carrasco,Belgium,2018,7584,Belgium,Japan,,0,64,0,1,0.0352,0,35,26,4,4,0,2,0,2018-07-02
5684,Shinji Kagawa,Japan,2018,7584,Belgium,Japan,,0,95,0,1,0.0388,3,58,51,4,3,0,1,0,2018-07-02
3530,Hiroki Sakai,Japan,2018,7584,Belgium,Japan,,0,88,0,0,0.0,0,40,29,2,1,3,0,1,2018-07-02
5693,Gaku Shibasaki,Japan,2018,7584,Belgium,Japan,,0,80,0,1,0.0538,1,51,41,0,0,2,2,0,2018-07-02
3089,Kevin De Bruyne,Belgium,2018,7584,Belgium,Japan,,0,93,0,2,0.1365,5,65,54,4,3,1,2,2,2018-07-02
5681,Makoto Hasebe,Japan,2018,7584,Belgium,Japan,,0,91,0,0,0.0,0,49,43,1,1,1,2,1,2018-07-02
5690,Yuto Nagatomo,Japan,2018,7584,Belgium,Japan,,0,91,0,2,0.0765,1,49,41,0,0,0,1,1,2018-07-02
5682,Gen Shōji,Japan,2018,7584,Belgium,Japan,,0,91,0,1,0.0055,0,39,33,1,1,0,0,1,2018-07-02
3509,Thibaut Courtois,Belgium,2018,7584,Belgium,Japan,,0,93,0,0,0.0,0,21,19,0,0,0,0,0,2018-07-02
3300,Maya Yoshida,Japan,2018,7584,Belgium,Japan,,0,89,0,0,0.0,0,50,39,0,0,3,1,1,2018-07-02
5687,Takashi Inui,Japan,2018,7584,Belgium,Japan,,0,89,1,3,0.2095,1,37,27,1,1,2,1,1,2018-07-02
5630,Dries Mertens,Belgium,2018,7584,Belgium,Japan,,0,64,0,0,0.0,5,26,20,0,0,0,0,1,2018-07-02
3621,Eden Hazard,Belgium,2018,7584,Belgium,Japan,,0,87,0,4,0.3942,5,57,45,5,3,0,0,5,2018-07-02
3176,Thomas Meunier,Belgium,2018,7584,Belgium,Japan,,0,93,0,2,0.0384,5,67,57,2,2,1,2,0,2018-07-02
3175,Eiji Kawashima,Japan,2018,7584,Belgium,Japan,,0,93,0,0,0.0,0,27,15,0,0,0,0,0,2018-07-02
4831,Nacer Chadli,Belgium,2018,7584,Belgium,Japan,,0,93,1,2,0.389,2,12,10,5,4,0,1,1,2018-07-02
3296,Marouane Fellaini-Bakkioui,Belgium,2018,7584,Belgium,Japan,,0,89,1,1,0.1826,0,13,11,0,0,0,0,0,2018-07-02
5694,Hotaru Yamaguchi,Japan,2018,7584,Belgium,Japan,,0,91,0,0,0.0,0,6,5,0,0,0,0,0,2018-07-02
5683,Keisuke Honda,Japan,2018,7584,Belgium,Japan,,0,93,0,2,0.1354,0,6,3,0,0,0,0,0,2018-07-02
3293,Jesse Lingard,England,2018,7554,England,Panama,,0,62,1,2,0.1474,0,32,30,1,0,0,3,2,2018-06-24
3244,John Stones,England,2018,7554,England,Panama,,0,92,2,2,0.7019,0,97,93,0,0,0,0,1,2018-06-24
3336,Harry Maguire,England,2018,7554,England,Panama,,0,93,0,0,0.0,0,75,70,0,0,0,1,2,2018-06-24
5637,Edgar Yoel Bárcenas Herrera,Panama,2018,7554,England,Panama,,0,68,0,2,0.0412,2,17,14,0,0,1,0,0,2018-06-24
3612,Ashley Young,England,2018,7554,England,Panama,,0,93,0,0,0.0,0,47,43,0,0,0,1,0,2018-06-24
3205,Kyle Walker,England,2018,7554,England,Panama,,0,93,0,0,0.0,1,110,104,1,1,0,0,0,2018-06-24
5640,Gabriel Enrique Gómez Girón,Panama,2018,7554,England,Panama,,0,68,0,0,0.0,0,30,30,0,0,0,1,0,2018-06-24
3233,Raheem Sterling,England,2018,7554,England,Panama,,0,93,0,2,0.4551,2,35,32,0,0,0,6,2,2018-06-24
5646,Aníbal Cesis Godoy,Panama,2018,7554,England,Panama,,0,61,0,1,0.106,0,37,33,0,0,1,2,0,2018-06-24
3504,Ruben Loftus-Cheek,England,2018,7554,England,Panama,,0,92,0,1,0.0346,0,32,29,4,3,3,2,1,2018-06-24
5645,Armando Enrique Cooper Whitaker,Panama,2018,7554,England,Panama,,0,93,0,0,0.0,1,40,36,3,0,2,2,3,2018-06-24
5631,Blas Antonio Miguel Pérez Ortega,Panama,2018,7554,England,Panama,,0,93,0,1,0.059,0,16,11,0,0,0,0,1,2018-06-24
3532,Jordan Brian Henderson,England,2018,7554,England,Panama,,0,93,0,1,0.062,0,75,63,0,0,0,0,0,2018-06-24
5628,José Luis Rodríguez Francis,Panama,2018,7554,England,Panama,,0,94,0,1,0.01,0,37,33,0,0,2,1,3,2018-06-24
3308,Kieran Trippier,England,2018,7554,England,Panama,,0,69,0,0,0.0,1,28,24,0,0,1,1,1,2018-06-24
5634,Erick Javier Davis Grajales,Panama,2018,7554,England,Panama,,0,93,0,0,0.0,1,65,53,0,0,0,1,1,2018-06-24
5638,Fidel Escobar Mendieta,Panama,2018,7554,England,Panama,,0,93,0,0,0.0,0,38,35,0,0,0,2,3,2018-06-24
5636,Jaime Manuel Penedo Cano,Panama,2018,7554,England,Panama,,0,91,0,0,0.0,0,17,8,0,0,0,0,0,2018-06-24
10955,Harry Kane,England,2018,7554,England,Panama,,0,62,3,3,1.7672,1,12,9,0,0,1,0,2,2018-06-24
3468,Jordan Pickford,England,2018,7554,England,Panama,,0,94,0,0,0.0,0,21,18,0,0,0,0,0,2018-06-24
5635,Román Aureliano Torres Morcillo,Panama,2018,7554,England,Panama,,0,93,0,1,0.5591,0,32,28,0,0,0,0,2,2018-06-24
5641,Michael Amir Murillo Bermudez,Panama,2018,7554,England,Panama,,0,93,0,1,0.1305,1,39,32,3,3,0,2,0,2018-06-24
6138,Ricardo Guardia Avila,Panama,2018,7554,England,Panama,,0,93,0,0,0.0,1,19,17,1,1,0,1,1,2018-06-24
4597,Fabian Delph,England,2018,7554,England,Panama,,0,93,0,0,0.0,0,26,22,2,1,0,0,1,2018-06-24
10960,Jamie Vardy,England,2018,7554,England,Panama,,0,93,0,0,0.0,0,5,4,0,0,0,0,0,2018-06-24
6139,Felipe Abdiel Baloy Ramírez,Panama,2018,7554,England,Panama,,0,93,1,1,0.1743,0,16,16,0,0,0,0,0,2018-06-24
6140,Abdiel Arroyo Molinar,Panama,2018,7554,England,Panama,,0,92,0,0,0.0,1,3,3,1,0,1,1,0,2018-06-24
3594,Danny Rose,England,2018,7554,England,Panama,,0,92,0,0,0.0,0,12,11,1,1,0,0,0,2018-06-24
5661,M'Baye Babacar Niang,Senegal,2018,7539,Poland,Senegal,,0,74,1,1,0.9912,1,39,26,1,1,2,2,2,2018-06-19
5675,Kalidou Koulibaly,Senegal,2018,7539,Poland,Senegal,,0,92,0,0,0.0,0,33,25,0,0,0,1,0,2018-06-19
5662,Thiago Rangel Cionek,Poland,2018,7539,Poland,Senegal,,0,94,0,0,0.0,0,81,72,0,0,2,1,2,2018-06-19
5660,Piotr Zieliński,Poland,2018,7539,Poland,Senegal,,0,92,0,1,0.0297,0,82,65,4,2,0,1,2,2018-06-19
3629,Sadio Mané,Senegal,2018,7539,Poland,Senegal,,0,93,0,1,0.1327,2,38,32,5,2,1,2,0,2018-06-19
3603,Mame Biram Diouf,Senegal,2018,7539,Poland,Senegal,,0,61,0,1,0.0975,0,8,6,0,0,0,3,0,2018-06-19
5670,Michał Pazdan,Poland,2018,7539,Poland,Senegal,,0,93,0,0,0.0,0,104,89,0,0,1,0,0,2018-06-19
3637,Grzegorz Krychowiak,Poland,2018,7539,Poland,Senegal,,0,93,1,1,0.3651,1,82,69,0,0,0,2,4,2018-06-19
5672,Maciej Rybus,Poland,2018,7539,Poland,Senegal,,0,93,0,0,0.0,2,37,34,0,0,2,1,1,2018-06-19
3436,Idrissa Gana Gueye,Senegal,2018,7539,Poland,Senegal,,0,94,0,2,0.0545,0,51,45,0,0,2,2,1,2018-06-19
3404,Youssouf Sabaly,Senegal,2018,7539,Poland,Senegal,,0,93,0,0,0.0,1,50,40,4,4,3,1,0,2018-06-19
5663,Jakub Błaszczykowski,Poland,2018,7539,Poland,Senegal,,0,46,0,0,0.0,0,10,6,2,1,0,0,0,2018-06-19
5658,Łukasz Piszczek,Poland,2018,7539,Poland,Senegal,,0,82,0,1,0.0427,1,51,34,0,0,1,0,3,2018-06-19
5667,Kamil Grosicki,Poland,2018,7539,Poland,Senegal,,0,92,0,3,0.2971,1,30,20,2,2,1,1,2,2018-06-19
5668,Robert Lewandowski,Poland,2018,7539,Poland,Senegal,,0,93,0,2,0.1263,1,17,15,2,1,0,1,1,2018-06-19
2941,Ismaïla Sarr,Senegal,2018,7539,Poland,Senegal,,0,92,0,0,0.0,0,24,18,4,1,0,2,2,2018-06-19
5674,Moussa Wagué,Senegal,2018,7539,Poland,Senegal,,0,92,0,0,0.0,0,32,23,2,2,4,1,1,2018-06-19
5664,Salif Sané,Senegal,2018,7539,Poland,Senegal,,0,92,0,2,0.1519,0,37,29,0,0,3,1,0,2018-06-19
5671,Alfred John Momar N'Diaye,Senegal,2018,7539,Poland,Senegal,,0,86,0,0,0.0,0,28,21,1,1,2,0,0,2018-06-19
5665,Arkadiusz Milik,Poland,2018,7539,Poland,Senegal,,0,72,0,1,0.1217,0,23,15,0,0,1,0,0,2018-06-19
5669,Wojciech Szczęsny,Poland,2018,7539,Poland,Senegal,,0,84,0,0,0.0,0,20,18,0,0,0,0,0,2018-06-19
5659,Khadim N'Diaye,Senegal,2018,7539,Poland,Senegal,,0,93,0,0,0.0,0,25,9,0,0,0,0,0,2018-06-19
4626,Jan Bednarek,Poland,2018,7539,Poland,Senegal,,0,92,0,0,0.0,0,38,36,0,0,2,0,1,2018-06-19
5676,Cheikh N'Doye,Senegal,2018,7539,Poland,Senegal,,0,92,0,0,0.0,0,10,5,1,0,1,2,1,2018-06-19
5666,Dawid Kownacki,Poland,2018,7539,Poland,Senegal,,0,93,0,1,0.0598,0,7,6,1,0,0,0,0,2018-06-19
3555,Pape Moussa Konaté,Senegal,2018,7539,Poland,Senegal,,0,93,0,0,0.0,0,4,4,0,0,0,0,0,2018-06-19
5673,Bartosz Bereszyński,Poland,2018,7539,Poland,Senegal,,0,93,0,0,0.0,0,3,3,0,0,1,0,0,2018-06-19
3684,Cheikhou Kouyaté,Senegal,2018,7539,Poland,Senegal,,0,93,0,0,0.0,0,3,3,0,0,0,0,0,2018-06-19
3533,Xherdan Shaqiri,Switzerland,2018,7550,Serbia,Switzerland,,0,95,1,7,0.5562,0,50,43,6,4,1,2,5,2018-06-22
5537,Fabian Lukas Schär,Switzerland,2018,7550,Serbia,Switzerland,,0,89,0,1,0.0712,0,72,60,0,0,2,1,2,2018-06-22
4269,Aleksandar Mitrović,Serbia,2018,7550,Serbia,Switzerland,,0,93,1,6,0.8083,1,19,14,3,1,0,4,3,2018-06-22
5543,Haris Seferović,Switzerland,2018,7550,Serbia,Switzerland,,0,45,0,0,0.0,0,4,1,0,0,0,1,0,2018-06-22
5594,Branislav Ivanović,Serbia,2018,7550,Serbia,Switzerland,,0,94,0,0,0.0,3,41,32,1,1,2,1,2,2018-06-22
3831,Dušan Tadić,Serbia,2018,7550,Serbia,Switzerland,,0,93,0,2,0.0935,3,24,14,4,2,1,0,1,2018-06-22
5549,Manuel Obafemi Akanji,Switzerland,2018,7550,Serbia,Switzerland,,0,95,0,2,0.1752,0,69,63,1,1,2,2,2,2018-06-22
5596,Aleksandar Kolarov,Serbia,2018,7550,Serbia,Switzerland,,0,95,0,0,0.0,1,45,33,0,0,5,2,2,2018-06-22
5540,Valon Behrami,Switzerland,2018,7550,Serbia,Switzerland,,0,94,0,0,0.0,0,62,60,1,1,0,2,3,2018-06-22
3500,Granit Xhaka,Switzerland,2018,7550,Serbia,Switzerland,,0,92,1,2,0.0161,0,90,78,0,0,0,1,1,2018-06-22
5541,Stephan Lichtsteiner,Switzerland,2018,7550,Serbia,Switzerland,,0,94,0,1,0.0258,0,51,42,4,1,1,0,3,2018-06-22
5591,Filip Kostić,Serbia,2018,7550,Serbia,Switzerland,,0,63,0,1,0.0891,0,19,10,2,1,1,0,1,2018-06-22
3381,Nemanja Matić,Serbia,2018,7550,Serbia,Switzerland,,0,95,0,1,0.0735,1,35,27,0,0,0,4,2,2018-06-22
5544,Ricardo Iván Rodríguez Araya,Switzerland,2018,7550,Serbia,Switzerland,,0,91,0,2,0.062,3,48,38,2,1,1,2,0,2018-06-22
3455,Luka Milivojević,Serbia,2018,7550,Serbia,Switzerland,,0,80,0,0,0.0,1,23,19,1,0,1,2,0,2018-06-22
5548,Steven Zuber,Switzerland,2018,7550,Serbia,Switzerland,,0,92,0,0,0.0,4,37,29,4,1,0,0,1,2018-06-22
5554,Blerim Džemaili,Switzerland,2018,7550,Serbia,Switzerland,,0,72,0,2,0.3943,1,20,16,0,0,1,2,1,2018-06-22
5589,Sergej Milinković-Savić,Serbia,2018,7550,Serbia,Switzerland,,0,95,0,1,0.036,1,27,21,3,1,0,4,0,2018-06-22
5601,Vladimir Stojković,Serbia,2018,7550,Serbia,Switzerland,,0,95,0,0,0.0,0,33,26,0,0,0,0,0,2018-06-22
5580,Duško Tošić,Serbia,2018,7550,Serbia,Switzerland,,0,95,0,0,0.0,0,40,31,1,0,1,3,1,2018-06-22
5550,Yann Sommer,Switzerland,2018,7550,Serbia,Switzerland,,0,94,0,0,0.0,0,35,24,0,0,0,0,0,2018-06-22
5603,Nikola Milenković,Serbia,2018,7550,Serbia,Switzerland,,0,93,0,0,0.0,0,27,25,0,0,2,0,1,2018-06-22
5834,Mario Gavranović,Switzerland,2018,7550,Serbia,Switzerland,,0,95,0,1,0.2287,2,6,6,2,0,0,0,2,2018-06-22
5587,Adem Ljajić,Serbia,2018,7550,Serbia,Switzerland,,0,94,0,1,0.0529,0,11,10,1,1,0,0,0,2018-06-22
5545,Breel-Donald Embolo,Switzerland,2018,7550,Serbia,Switzerland,,0,94,0,1,0.0277,1,10,7,5,2,0,0,0,2018-06-22
5833,Nemanja Radonjić,Serbia,2018,7550,Serbia,Switzerland,,0,94,0,0,0.0,0,3,1,0,0,0,0,0,2018-06-22
5623,Jae-Sung Lee,South Korea,2018,7538,Sweden,South Korea,,0,92,0,1,0.042,0,33,29,3,1,1,0,0,2018-06-18
5604,Young-Gwon Kim,South Korea,2018,7538,Sweden,South Korea,,0,93,0,0,0.0,0,41,31,0,0,1,1,1,2018-06-18
5626,Shin-Wook Kim,South Korea,2018,7538,Sweden,South Korea,,0,66,0,0,0.0,0,13,6,0,0,0,4,0,2018-06-18
5621,Ludwig Augustinsson,Sweden,2018,7538,Sweden,South Korea,,0,91,0,0,0.0,1,47,29,1,0,1,1,2,2018-06-18
5620,Hee-Chan Hwang,South Korea,2018,7538,Sweden,South Korea,,0,91,0,1,0.1996,0,16,8,4,3,1,3,4,2018-06-18
5607,Andreas Granqvist,Sweden,2018,7538,Sweden,South Korea,,0,92,1,3,0.9497,2,67,58,0,0,1,2,0,2018-06-18
4417,Ola Toivonen,Sweden,2018,7538,Sweden,South Korea,,0,76,0,1,0.1047,2,18,10,2,1,0,0,2,2018-06-18
3605,Sung-Yeung Ki,South Korea,2018,7538,Sweden,South Korea,,0,92,0,0,0.0,1,48,43,2,1,1,2,3,2018-06-18
5608,Yong Lee,South Korea,2018,7538,Sweden,South Korea,,0,92,0,0,0.0,0,47,33,0,0,1,2,2,2018-06-18
5625,Emil Peter Forsberg,Sweden,2018,7538,Sweden,South Korea,,0,92,0,4,0.1416,0,28,27,2,1,2,1,3,2018-06-18
5606,Hyun-Soo Jang,South Korea,2018,7538,Sweden,South Korea,,0,93,0,0,0.0,0,44,37,0,0,0,5,1,2018-06-18
11098,Marcus Berg,Sweden,2018,7538,Sweden,South Korea,,0,94,0,3,0.6035,0,11,7,0,0,0,5,4,2018-06-18
5619,Hyeon-Woo Jo,South Korea,2018,7538,Sweden,South Korea,,0,78,0,0,0.0,0,22,16,0,0,0,0,0,2018-06-18
5624,Albin Ekdal,Sweden,2018,7538,Sweden,South Korea,,0,70,0,0,0.0,0,64,57,2,2,1,1,3,2018-06-18
5617,Sebastian Larsson,Sweden,2018,7538,Sweden,South Korea,,0,80,0,1,0.0062,2,77,57,0,0,1,4,3,2018-06-18
3083,Heung-Min Son,South Korea,2018,7538,Sweden,South Korea,,0,94,0,0,0.0,3,25,17,6,4,1,0,4,2018-06-18
5612,Mikael Lustig,Sweden,2018,7538,Sweden,South Korea,,0,93,0,1,0.0075,1,47,30,1,1,0,0,1,2018-06-18
5627,Ja-Cheol Koo,South Korea,2018,7538,Sweden,South Korea,,0,72,0,1,0.118,0,17,15,0,0,0,0,2,2018-06-18
4709,Pontus Jansson,Sweden,2018,7538,Sweden,South Korea,,0,92,0,1,0.0836,1,55,50,0,0,0,1,0,2018-06-18
5622,Robin Olsen,Sweden,2018,7538,Sweden,South Korea,,0,93,0,0,0.0,0,14,12,0,0,0,0,0,2018-06-18
5613,Viktor Claesson,Sweden,2018,7538,Sweden,South Korea,,0,93,0,2,0.1181,2,33,24,2,1,1,3,3,2018-06-18
5609,Joo-Ho Park,South Korea,2018,7538,Sweden,South Korea,,0,27,0,0,0.0,0,10,7,1,1,0,1,1,2018-06-18
5610,Min-Woo Kim,South Korea,2018,7538,Sweden,South Korea,,0,94,0,1,0.0261,1,31,18,0,0,2,4,0,2018-06-18
5618,Woo-Young Jung,South Korea,2018,7538,Sweden,South Korea,,0,92,0,0,0.0,0,22,20,1,0,0,0,1,2018-06-18
5605,Oscar Hiljemark,Sweden,2018,7538,Sweden,South Korea,,0,93,0,0,0.0,0,7,5,0,0,0,0,1,2018-06-18
5616,Seung-Woo Lee,South Korea,2018,7538,Sweden,South Korea,,0,94,0,1,0.0287,0,13,9,0,0,0,0,0,2018-06-18
5615,Isaac Kiese Thelin,Sweden,2018,7538,Sweden,South Korea,,0,93,0,0,0.0,0,6,3,0,0,0,1,0,2018-06-18
5611,Gustav Svensson,Sweden,2018,7538,Sweden,South Korea,,0,93,0,0,0.0,0,3,2,0,0,0,0,0,2018-06-18
5560,Carlos Alberto Vela Garrido,Mexico,2018,7534,Germany,Mexico,,0,57,0,1,0.1348,3,24,19,2,1,0,1,2,2018-06-17
5575,Héctor Miguel Herrera López,Mexico,2018,7534,Germany,Mexico,,0,91,0,1,0.0286,0,38,32,9,5,2,4,3,2018-06-17
3496,Mesut Özil,Germany,2018,7534,Germany,Mexico,,0,92,0,1,0.0342,4,78,70,3,2,0,0,1,2018-06-17
5562,Thomas Müller,Germany,2018,7534,Germany,Mexico,,0,91,0,0,0.0,3,52,34,2,0,0,1,0,2018-06-17
5576,Jesús Daniel Gallardo Vasconcelos,Mexico,2018,7534,Germany,Mexico,,0,91,0,0,0.0,1,50,38,6,5,5,2,0,2018-06-17
5573,Héctor Alfredo Moreno Herrera,Mexico,2018,7534,Germany,Mexico,,0,83,0,1,0.0971,0,32,24,0,0,1,1,0,2018-06-17
5561,Hugo Ayala Castro,Mexico,2018,7534,Germany,Mexico,,0,85,0,0,0.0,0,18,14,0,0,1,0,0,2018-06-17
5557,Timo Werner,Germany,2018,7534,Germany,Mexico,,0,85,0,3,0.4837,0,17,14,0,0,0,0,1,2018-06-17
5577,Francisco Guillermo Ochoa Magaña,Mexico,2018,7534,Germany,Mexico,,0,92,0,0,0.0,0,33,20,0,0,0,0,0,2018-06-17
5563,José Andrés Guardado Hernández,Mexico,2018,7534,Germany,Mexico,,0,72,0,1,0.0744,1,27,23,1,1,0,0,0,2018-06-17
5566,Sami Khedira,Germany,2018,7534,Germany,Mexico,,0,59,0,1,0.0659,1,51,40,2,2,0,0,1,2018-06-17
5571,Hirving Rodrigo Lozano Bahena,Mexico,2018,7534,Germany,Mexico,,0,65,1,2,0.3129,3,22,20,3,1,2,2,2,2018-06-17
5579,Joshua Kimmich,Germany,2018,7534,Germany,Mexico,,0,92,0,2,0.1426,5,89,71,0,0,0,1,4,2018-06-17
5574,Toni Kroos,Germany,2018,7534,Germany,Mexico,,0,93,0,6,0.2703,1,83,76,0,0,1,2,1,2018-06-17
5572,Mats Hummels,Germany,2018,7534,Germany,Mexico,,0,90,0,1,0.0717,0,36,35,0,0,3,3,0,2018-06-17
3058,Javier Hernández Balcázar,Mexico,2018,7534,Germany,Mexico,,0,90,0,1,0.0439,1,13,10,3,1,0,1,2,2018-06-17
5564,Carlos Joel Salcedo Hernández,Mexico,2018,7534,Germany,Mexico,,0,88,0,0,0.0,0,25,19,0,0,1,2,0,2018-06-17
5578,Jérôme Boateng,Germany,2018,7534,Germany,Mexico,,0,91,0,1,0.0077,1,81,69,0,0,1,4,3,2018-06-17
5570,Manuel Neuer,Germany,2018,7534,Germany,Mexico,,0,92,0,0,0.0,0,18,15,0,0,0,0,0,2018-06-17
5556,Miguel Arturo Layún Prado,Mexico,2018,7534,Germany,Mexico,,0,92,0,5,0.3016,1,20,14,2,1,4,1,0,2018-06-17
5569,Marvin Plattenhardt,Germany,2018,7534,Germany,Mexico,,0,78,0,1,0.0291,0,24,20,0,0,1,0,1,2018-06-17
3186,Julian Draxler,Germany,2018,7534,Germany,Mexico,,0,91,0,5,0.2606,3,53,48,7,5,0,1,1,2018-06-17
5567,Edson Omar Álvarez Velázquez,Mexico,2018,7534,Germany,Mexico,,0,91,0,0,0.0,0,6,4,0,0,0,0,1,2018-06-17
5559,Marco Reus,Germany,2018,7534,Germany,Mexico,,0,91,0,1,0.0095,0,29,22,0,0,0,1,0,2018-06-17
5568,Raúl Alonso Jiménez Rodríguez,Mexico,2018,7534,Germany,Mexico,,0,92,0,0,0.0,0,10,5,0,0,0,1,0,2018-06-17
5558,Rafael Márquez Álvarez,Mexico,2018,7534,Germany,Mexico,,0,92,0,0,0.0,1,6,5,1,1,1,0,1,2018-06-17
5565,Mario Gómez García,Germany,2018,7534,Germany,Mexico,,0,91,0,3,0.8884,0,2,1,0,0,0,0,0,2018-06-17
5555,Julian Brandt,Germany,2018,7534,Germany,Mexico,,0,90,0,1,0.0357,0,6,6,1,1,0,0,0,2018-06-17
5198,Diego da Silva Costa,Spain,2018,7543,Iran,Spain,,0,87,1,3,0.4762,0,14,11,2,0,0,2,0,2018-06-20
5216,Andrés Iniesta Luján,Spain,2018,7543,Iran,Spain,,0,70,0,0,0.0,0,82,69,2,2,0,3,0,2018-06-20
5203,Sergio Busquets i Burgos,Spain,2018,7543,Iran,Spain,,0,92,0,1,0.0362,2,98,92,3,3,1,2,5,2018-06-20
3064,David Josué Jiménez Silva,Spain,2018,7543,Iran,Spain,,0,93,0,5,0.4916,2,80,70,2,1,0,1,0,2018-06-20
5241,Vahid Amiri,Iran,2018,7543,Iran,Spain,,0,85,0,1,0.017,1,26,18,4,4,1,1,4,2018-06-20
5201,Sergio Ramos García,Spain,2018,7543,Iran,Spain,,0,93,0,2,0.1184,2,99,93,0,0,1,1,1,2018-06-20
5225,Omid Ebrahimi,Iran,2018,7543,Iran,Spain,,0,93,0,0,0.0,1,24,19,1,1,0,4,0,2018-06-20
5211,Jordi Alba Ramos,Spain,2018,7543,Iran,Spain,,0,92,0,0,0.0,0,89,77,0,0,1,1,0,2018-06-20
5213,Gerard Piqué Bernabéu,Spain,2018,7543,Iran,Spain,,0,92,0,2,0.9245,0,74,65,0,0,1,0,1,2018-06-20
5721,Daniel Carvajal Ramos,Spain,2018,7543,Iran,Spain,,0,93,0,1,0.0062,3,69,64,2,1,1,2,1,2018-06-20
4926,Francisco Román Alarcón Suárez,Spain,2018,7543,Iran,Spain,,0,94,0,4,0.1439,2,113,100,10,6,0,0,2,2018-06-20
5200,Lucas Vázquez Iglesias,Spain,2018,7543,Iran,Spain,,0,78,0,0,0.0,0,38,24,4,2,1,3,3,2018-06-20
5231,Karim Ansarifard,Iran,2018,7543,Iran,Spain,,0,73,0,2,0.0719,0,16,9,1,0,1,1,1,2018-06-20
5722,Saeid Ezatolahi Afagh,Iran,2018,7543,Iran,Spain,,0,93,0,0,0.0,0,23,17,1,0,2,1,4,2018-06-20
5224,Sardar Azmoun,Iran,2018,7543,Iran,Spain,,0,92,0,1,0.1211,0,14,6,1,0,0,4,1,2018-06-20
5220,Morteza Pouraliganji,Iran,2018,7543,Iran,Spain,,0,92,0,0,0.0,0,17,14,0,0,0,0,0,2018-06-20
5235,Ramin Rezaeian,Iran,2018,7543,Iran,Spain,,0,93,0,0,0.0,1,32,18,1,1,0,0,1,2018-06-20
5226,Mehdi Taremi,Iran,2018,7543,Iran,Spain,,0,93,0,2,0.2165,0,22,10,3,2,5,1,3,2018-06-20
5228,Seyed Majid Hosseini,Iran,2018,7543,Iran,Spain,,0,92,0,0,0.0,0,18,11,0,0,0,1,0,2018-06-20
5227,Alireza Safar Beiranvand,Iran,2018,7543,Iran,Spain,,0,85,0,0,0.0,0,20,5,0,0,0,0,1,2018-06-20
5230,Ehsan Hajsafi,Iran,2018,7543,Iran,Spain,,0,68,0,0,0.0,0,27,16,1,1,0,0,0,2018-06-20
3333,David de Gea Quintana,Spain,2018,7543,Iran,Spain,,0,93,0,0,0.0,0,18,18,0,0,0,0,0,2018-06-20
5199,Jorge Resurrección Merodio,Spain,2018,7543,Iran,Spain,,0,92,0,0,0.0,0,32,29,1,1,0,0,0,2018-06-20
5720,Milad Mohammadi,Iran,2018,7543,Iran,Spain,,0,93,0,0,0.0,0,13,8,0,0,2,0,0,2018-06-20
5239,Alireza Jahanbakhsh,Iran,2018,7543,Iran,Spain,,0,94,0,0,0.0,0,9,7,0,0,1,0,0,2018-06-20
5719,Marco Asensio Willemsen,Spain,2018,7543,Iran,Spain,,0,93,0,0,0.0,0,9,6,3,2,0,0,0,2018-06-20
5240,Saman Ghoddos,Iran,2018,7543,Iran,Spain,,0,94,0,0,0.0,0,1,0,0,0,0,1,0,2018-06-20
5718,Rodrigo Moreno Machado,Spain,2018,7543,Iran,Spain,,0,93,0,0,0.0,0,1,1,0,0,0,0,1,2018-06-20
5190,Fahad Mosaed Al Muwallad Al Harbi,Saudi Arabia,2018,7544,Uruguay,Saudi Arabia,,0,77,0,1,0.0121,0,6,5,2,1,0,1,1,2018-06-20
5246,Luis Alberto Suárez Díaz,Uruguay,2018,7544,Uruguay,Saudi Arabia,,0,93,1,6,0.5674,2,26,20,3,1,0,3,3,2018-06-20
5173,Abdullah Ibrahim Otayf,Saudi Arabia,2018,7544,Uruguay,Saudi Arabia,,0,91,0,0,0.0,0,88,79,2,1,4,1,1,2018-06-20
5183,Yasir Gharsan Al Shahrani,Saudi Arabia,2018,7544,Uruguay,Saudi Arabia,,0,91,0,2,0.0333,1,58,51,0,0,1,2,0,2018-06-20
5187,Salem Mohammed Al Dawsari,Saudi Arabia,2018,7544,Uruguay,Saudi Arabia,,0,93,0,1,0.0055,2,58,51,9,7,2,4,2,2018-06-20
5267,Néstor Fernando Muslera Micol,Uruguay,2018,7544,Uruguay,Saudi Arabia,,0,91,0,0,0.0,0,18,16,0,0,0,0,1,2018-06-20
5259,José María Giménez de Vargas,Uruguay,2018,7544,Uruguay,Saudi Arabia,,0,92,0,0,0.0,0,60,58,0,0,1,1,0,2018-06-20
5260,Rodrigo Bentancur Colmán,Uruguay,2018,7544,Uruguay,Saudi Arabia,,0,92,0,0,0.0,0,78,68,0,0,3,1,1,2018-06-20
5255,Matías Vecino Falero,Uruguay,2018,7544,Uruguay,Saudi Arabia,,0,58,0,0,0.0,0,62,52,1,1,0,2,1,2018-06-20
5248,José Martín Cáceres Silva,Uruguay,2018,7544,Uruguay,Saudi Arabia,,0,92,0,2,0.3671,1,52,43,0,0,1,0,0,2018-06-20
5188,Hattan Babhir,Saudi Arabia,2018,7544,Uruguay,Saudi Arabia,,0,74,0,2,0.1119,0,31,27,6,2,1,0,1,2018-06-20
5249,Diego Roberto Godín Leal,Uruguay,2018,7544,Uruguay,Saudi Arabia,,0,91,0,0,0.0,0,45,41,1,0,1,1,1,2018-06-20
5264,Guillermo Varela Olivera,Uruguay,2018,7544,Uruguay,Saudi Arabia,,0,91,0,0,0.0,2,44,40,0,0,0,1,1,2018-06-20
5178,Salman Mohammed Al Faraj,Saudi Arabia,2018,7544,Uruguay,Saudi Arabia,,0,93,0,0,0.0,3,78,67,4,2,2,1,3,2018-06-20
5191,Mohammed Al Burayk,Saudi Arabia,2018,7544,Uruguay,Saudi Arabia,,0,93,0,1,0.0555,0,80,65,1,1,4,0,1,2018-06-20
5256,Cristian Gabriel Rodríguez Barrotti,Uruguay,2018,7544,Uruguay,Saudi Arabia,,0,58,0,0,0.0,1,21,11,0,0,2,1,0,2018-06-20
5185,Taisir Jabir Al Jassim,Saudi Arabia,2018,7544,Uruguay,Saudi Arabia,,0,43,0,0,0.0,0,33,28,2,0,0,0,0,2018-06-20
5184,Osama Abdulrezag Hawsawi,Saudi Arabia,2018,7544,Uruguay,Saudi Arabia,,0,93,0,0,0.0,0,36,31,0,0,1,1,1,2018-06-20
5714,Mohammed Khalil Al Owais,Saudi Arabia,2018,7544,Uruguay,Saudi Arabia,,0,88,0,0,0.0,0,25,15,0,0,0,0,0,2018-06-20
5268,Carlos Andrés Sánchez Arcosa,Uruguay,2018,7544,Uruguay,Saudi Arabia,,0,81,0,1,0.1582,3,34,20,0,0,0,2,4,2018-06-20
4319,Edinson Roberto Cavani Gómez,Uruguay,2018,7544,Uruguay,Saudi Arabia,,0,93,0,4,0.689,1,26,19,4,4,0,1,0,2018-06-20
5715,Ali Albulayhi,Saudi Arabia,2018,7544,Uruguay,Saudi Arabia,,0,93,0,0,0.0,0,42,36,0,0,3,0,0,2018-06-20
5716,Hussain Al Mogahwi,Saudi Arabia,2018,7544,Uruguay,Saudi Arabia,,0,92,0,0,0.0,0,35,32,0,0,0,1,1,2018-06-20
5717,Diego Sebastián Laxalt Suárez,Uruguay,2018,7544,Uruguay,Saudi Arabia,,0,92,0,0,0.0,1,15,13,0,0,0,0,0,2018-06-20
5266,Lucas Torreira Di Pascua,Uruguay,2018,7544,Uruguay,Saudi Arabia,,0,93,0,1,0.0255,0,19,18,2,1,2,0,0,2018-06-20
5713,Mohammed Kanoo,Saudi Arabia,2018,7544,Uruguay,Saudi Arabia,,0,93,0,1,0.0552,0,10,8,0,0,0,1,0,2018-06-20
5196,Mohammad Ibrahim Al Sahlawi,Saudi Arabia,2018,7544,Uruguay,Saudi Arabia,,0,91,0,0,0.0,1,4,4,1,1,0,0,0,2018-06-20
5247,Nahitan Michel Nández Acosta,Uruguay,2018,7544,Uruguay,Saudi Arabia,,0,91,0,0,0.0,0,11,10,2,2,0,0,0,2018-06-20
5487,Antoine Griezmann,France,2018,7546,France,Peru,,0,79,0,2,0.0924,1,35,24,1,1,0,0,0,2018-06-21
5485,Raphaël Varane,France,2018,7546,France,Peru,,0,93,0,1,0.1014,0,43,34,0,0,1,0,0,2018-06-21
3604,Olivier Giroud,France,2018,7546,France,Peru,,0,93,0,2,0.1713,2,25,14,3,2,0,1,1,2018-06-21
5529,Víctor Yoshimar Yotún Flores,Peru,2018,7546,France,Peru,,0,45,0,1,0.003,0,30,24,0,0,2,1,1,2018-06-21
5476,Benjamin Pavard,France,2018,7546,France,Peru,,0,93,0,0,0.0,0,56,48,0,0,5,2,0,2018-06-21
5492,Samuel Yves Umtiti,France,2018,7546,France,Peru,,0,89,0,0,0.0,0,29,25,0,0,2,1,2,2018-06-21
5525,Édison Michael Flores Peralta,Peru,2018,7546,France,Peru,,0,93,0,2,0.0736,2,56,44,0,0,0,2,0,2018-06-21
3961,N'Golo Kanté,France,2018,7546,France,Peru,,0,93,0,0,0.0,1,50,45,2,1,7,1,0,2018-06-21
5532,Alberto Junior Rodríguez Valdelomar,Peru,2018,7546,France,Peru,,0,45,0,0,0.0,0,26,24,0,0,0,1,0,2018-06-21
5526,Pedro Jesús Aquino Sánchez,Peru,2018,7546,France,Peru,,0,93,0,1,0.032,1,67,56,0,0,2,3,0,2018-06-21
5521,Luis Jan Piers Advíncula Castrillón,Peru,2018,7546,France,Peru,,0,94,0,1,0.0098,2,60,51,4,4,2,0,4,2018-06-21
5535,José Paolo Guerrero Gonzáles,Peru,2018,7546,France,Peru,,0,93,0,4,0.3779,1,24,15,3,0,0,1,1,2018-06-21
5519,Christian Alberto Cueva Bravo,Peru,2018,7546,France,Peru,,0,81,0,1,0.0499,1,50,42,0,0,2,0,0,2018-06-21
3009,Kylian Mbappé Lottin,France,2018,7546,France,Peru,,0,73,1,2,1.2091,1,31,21,6,4,2,0,2,2018-06-21
5518,Miguel Ángel Trauco Saavedra,Peru,2018,7546,France,Peru,,0,93,0,0,0.0,0,78,53,0,0,2,1,0,2018-06-21
20004,Paul Pogba,France,2018,7546,France,Peru,,0,88,0,1,0.0091,2,60,45,5,2,2,2,3,2018-06-21
3632,André Martín Carrillo Díaz,Peru,2018,7546,France,Peru,,0,92,0,1,0.0323,2,41,30,10,7,0,2,1,2018-06-21
5484,Lucas Hernández Pi,France,2018,7546,France,Peru,,0,92,0,2,0.1695,0,34,28,4,3,1,0,2,2018-06-21
4375,Blaise Matuidi,France,2018,7546,France,Peru,,0,93,0,1,0.0392,1,36,24,1,0,2,4,1,2018-06-21
3099,Hugo Lloris,France,2018,7546,France,Peru,,0,93,0,0,0.0,0,23,15,0,0,0,0,0,2018-06-21
5530,Christian Guillermo Martín Ramos Garagay,Peru,2018,7546,France,Peru,,0,92,0,0,0.0,0,47,40,2,2,1,0,0,2018-06-21
5528,Pedro David Gallese Quiróz,Peru,2018,7546,France,Peru,,0,93,0,0,0.0,0,19,11,0,0,0,0,0,2018-06-21
5531,Jefferson Agustín Farfán Guadalupe,Peru,2018,7546,France,Peru,,0,91,0,1,0.0469,2,15,13,2,2,0,3,2,2018-06-21
5738,Anderson Santamaría Bardales,Peru,2018,7546,France,Peru,,0,93,0,0,0.0,0,34,32,1,1,0,0,0,2018-06-21
5477,Ousmane Dembélé,France,2018,7546,France,Peru,,0,94,0,1,0.0703,0,9,6,2,2,2,0,0,2018-06-21
2948,Nabil Fekir,France,2018,7546,France,Peru,,0,94,0,0,0.0,0,4,3,1,0,0,0,3,2018-06-21
5533,Raúl Mario Ruidíaz Misitich,Peru,2018,7546,France,Peru,,0,93,0,0,0.0,0,1,1,0,0,0,0,0,2018-06-21
5737,Steven N'Kemboanza Mike Christopher Nzonzi,France,2018,7546,France,Peru,,0,93,0,0,0.0,0,0,0,0,0,0,0,0,2018-06-21
5472,Mario Mandžukić,Croatia,2018,7545,Argentina,Croatia,,0,92,0,3,0.4783,0,19,13,3,3,2,4,4,2018-06-21
5469,Marcelo Brozović,Croatia,2018,7545,Argentina,Croatia,,0,93,0,1,0.0176,1,59,48,0,0,0,2,1,2018-06-21
5457,Ivan Strinić,Croatia,2018,7545,Argentina,Croatia,,0,93,0,0,0.0,0,44,28,1,0,0,3,0,2018-06-21
5468,Domagoj Vida,Croatia,2018,7545,Argentina,Croatia,,0,93,0,0,0.0,0,33,21,0,0,0,0,0,2018-06-21
3471,Dejan Lovren,Croatia,2018,7545,Argentina,Croatia,,0,90,0,0,0.0,0,39,35,0,0,0,0,0,2018-06-21
3237,Sergio Leonel Agüero del Castillo,Argentina,2018,7545,Argentina,Croatia,,0,53,0,1,0.1359,0,10,8,0,0,0,0,1,2018-06-21
5461,Šime Vrsaljko,Croatia,2018,7545,Argentina,Croatia,,0,93,0,0,0.0,2,43,33,1,0,6,2,2,2018-06-21
5499,Maximiliano Eduardo Meza,Argentina,2018,7545,Argentina,Croatia,,0,94,0,3,0.339,1,47,34,3,3,2,2,2,2018-06-21
5465,Ante Rebić,Croatia,2018,7545,Argentina,Croatia,,0,56,1,2,0.4821,0,9,3,4,3,1,5,2,2018-06-21
19597,Marcos Javier Acuña,Argentina,2018,7545,Argentina,Croatia,,0,93,0,1,0.0371,1,49,30,4,2,0,1,3,2018-06-21
5470,Ivan Rakitić,Croatia,2018,7545,Argentina,Croatia,,0,94,1,4,0.6053,1,37,25,2,2,1,1,4,2018-06-21
5507,Nicolás Alejandro Tagliafico,Argentina,2018,7545,Argentina,Croatia,,0,93,0,0,0.0,1,82,67,1,1,2,4,2,2018-06-21
5506,Javier Alejandro Mascherano,Argentina,2018,7545,Argentina,Croatia,,0,94,0,0,0.0,0,61,54,0,0,2,5,1,2018-06-21
5503,Lionel Andrés Messi Cuccittini,Argentina,2018,7545,Argentina,Croatia,,0,93,0,1,0.2575,2,29,23,4,4,0,2,4,2018-06-21
3090,Nicolás Hernán Otamendi,Argentina,2018,7545,Argentina,Croatia,,0,92,0,1,0.065,0,75,62,0,0,1,2,2,2018-06-21
5513,Eduardo Antonio Salvio,Argentina,2018,7545,Argentina,Croatia,,0,55,0,0,0.0,1,24,19,2,1,1,0,3,2018-06-21
5742,Gabriel Iván Mercado,Argentina,2018,7545,Argentina,Croatia,,0,92,0,0,0.0,0,51,40,0,0,3,3,2,2018-06-21
3444,Danijel Subašić,Croatia,2018,7545,Argentina,Croatia,,0,93,0,0,0.0,0,26,17,0,0,0,0,1,2018-06-21
5474,Ivan Perišić,Croatia,2018,7545,Argentina,Croatia,,0,81,0,1,0.1093,0,15,4,1,0,1,1,0,2018-06-21
5741,Enzo Nicolás Pérez,Argentina,2018,7545,Argentina,Croatia,,0,67,0,1,0.3364,0,43,38,0,0,0,1,0,2018-06-21
5463,Luka Modrić,Croatia,2018,7545,Argentina,Croatia,,0,92,1,2,0.0331,2,44,35,3,2,1,3,3,2018-06-21
3659,Wilfredo Daniel Caballero,Argentina,2018,7545,Argentina,Croatia,,0,90,0,0,0.0,0,33,15,0,0,0,0,0,2018-06-21
5497,Gonzalo Gerardo Higuaín,Argentina,2018,7545,Argentina,Croatia,,0,93,0,1,0.0361,1,8,8,0,0,0,0,0,2018-06-21
5496,Cristian David Pavón,Argentina,2018,7545,Argentina,Croatia,,0,93,0,0,0.0,1,12,6,3,0,0,0,0,2018-06-21
5460,Andrej Kramarić,Croatia,2018,7545,Argentina,Croatia,,0,92,0,0,0.0,2,7,6,4,1,0,1,1,2018-06-21
5743,Paulo Bruno Exequiel Dybala,Argentina,2018,7545,Argentina,Croatia,,0,93,0,1,0.0111,0,11,9,1,1,0,0,2,2018-06-21
5456,Mateo Kovačić,Croatia,2018,7545,Argentina,Croatia,,0,94,0,1,0.106,2,6,5,1,1,0,1,1,2018-06-21
5739,Vedran Ćorluka,Croatia,2018,7545,Argentina,Croatia,,0,92,0,0,0.0,0,1,1,0,0,0,0,0,2018-06-21
3445,Radamel Falcao García Zárate,Colombia,2018,7585,Colombia,England,,0,120,1,4,1.0145,1,33,26,1,1,0,3,2,2018-07-03
5692,Juan Fernando Quintero Paniagua,Colombia,2018,7585,Colombia,England,,0,87,0,3,0.0654,1,44,29,0,0,0,0,0,2018-07-03
10955,Harry Kane,England,2018,7585,Colombia,England,,0,121,2,4,2.2002,0,41,25,0,0,0,1,9,2018-07-03
5685,Carlos Alberto Sánchez Moreno,Colombia,2018,7585,Colombia,England,,0,78,0,0,0.0,0,37,32,0,0,0,3,1,2018-07-03
5696,Santiago Arias Naranjo,Colombia,2018,7585,Colombia,England,,0,115,0,0,0.0,1,48,38,1,0,0,1,3,2018-07-03
3094,Bamidele Alli,England,2018,7585,Colombia,England,,0,80,0,1,0.109,0,43,35,1,0,0,1,4,2018-07-03
3336,Harry Maguire,England,2018,7585,Colombia,England,,0,119,0,3,0.2195,1,80,67,0,0,1,0,0,2018-07-03
3532,Jordan Brian Henderson,England,2018,7585,Colombia,England,,0,123,0,1,0.7835,1,50,35,1,0,1,1,0,2018-07-03
5689,Juan Guillermo Cuadrado Bello,Colombia,2018,7585,Colombia,England,,0,121,1,3,0.885,4,58,48,7,6,0,2,2,2018-07-03
3293,Jesse Lingard,England,2018,7585,Colombia,England,,0,120,0,2,0.1105,2,43,39,2,1,0,3,1,2018-07-03
6196,Yerry Fernando Mina González,Colombia,2018,7585,Colombia,England,,0,118,1,1,0.1694,0,59,54,0,0,0,3,0,2018-07-03
3494,Davinson Sánchez Mina,Colombia,2018,7585,Colombia,England,,0,121,0,2,0.1849,0,67,54,0,0,3,1,0,2018-07-03
5678,Jefferson Andrés Lerma Solís,Colombia,2018,7585,Colombia,England,,0,61,0,0,0.0,0,28,23,0,0,1,2,1,2018-07-03
3468,Jordan Pickford,England,2018,7585,Colombia,England,,0,126,0,0,0.0,0,38,31,0,0,0,0,0,2018-07-03
3244,John Stones,England,2018,7585,Colombia,England,,0,120,0,0,0.0,0,87,76,0,0,1,2,1,2018-07-03
3205,Kyle Walker,England,2018,7585,Colombia,England,,0,112,0,0,0.0,0,59,57,1,1,0,0,2,2018-07-03
3612,Ashley Young,England,2018,7585,Colombia,England,,0,101,0,1,0.0098,2,45,29,1,1,0,0,1,2018-07-03
3308,Kieran Trippier,England,2018,7585,Colombia,England,,0,125,1,2,0.8728,6,57,35,1,1,2,2,1,2018-07-03
3233,Raheem Sterling,England,2018,7585,Colombia,England,,0,87,0,3,0.1464,0,21,18,2,0,0,2,2,2018-07-03
5686,Wílmar Enrique Barrios Terán,Colombia,2018,7585,Colombia,England,,0,116,0,0,0.0,1,49,41,0,0,1,5,1,2018-07-03
5691,Johan Andrés Mojica Palacio,Colombia,2018,7585,Colombia,England,,0,120,0,1,0.0062,2,64,45,4,1,2,0,1,2018-07-03
4276,David Ospina Ramírez,Colombia,2018,7585,Colombia,England,,0,127,0,0,0.0,0,22,7,0,0,0,0,1,2018-07-03
5688,Carlos Arturo Bacca Ahumada,Colombia,2018,7585,Colombia,England,,0,126,0,2,0.8498,2,13,7,1,1,0,2,1,2018-07-03
6193,Andrés Mateus Uribe Villa,Colombia,2018,7585,Colombia,England,,0,124,0,2,0.7899,0,21,16,3,2,0,0,0,2018-07-03
10956,Eric Dier,England,2018,7585,Colombia,England,,0,127,1,2,0.8977,0,24,18,0,0,0,1,0,2018-07-03
10960,Jamie Vardy,England,2018,7585,Colombia,England,,0,116,0,1,0.0134,0,5,1,1,0,0,0,0,2018-07-03
6334,Luis Fernando Muriel Fruto,Colombia,2018,7585,Colombia,England,,0,123,1,1,0.7835,0,12,8,2,1,0,1,0,2018-07-03
3594,Danny Rose,England,2018,7585,Colombia,England,,0,119,0,1,0.0155,0,8,7,0,0,0,0,1,2018-07-03
3318,Marcus Rashford,England,2018,7585,Colombia,England,,0,122,1,1,0.7835,0,4,4,0,0,0,0,0,2018-07-03
6360,Cristian Eduardo Zapata Valencia,Colombia,2018,7585,Colombia,England,,0,116,0,0,0.0,0,1,1,0,0,0,0,0,2018-07-03
6138,Ricardo Guardia Avila,Panama,2018,7569,Panama,Tunisia,,0,80,0,1,0.0068,0,24,18,2,1,1,4,1,2018-06-28
5638,Fidel Escobar Mendieta,Panama,2018,7569,Panama,Tunisia,,0,93,0,0,0.0,0,20,15,0,0,1,0,0,2018-06-28
3196,Wahbi Khazri,Tunisia,2018,7569,Panama,Tunisia,,0,87,1,5,0.9494,4,33,28,2,0,0,0,3,2018-06-28
5646,Aníbal Cesis Godoy,Panama,2018,7569,Panama,Tunisia,,0,92,0,1,0.1043,0,26,22,1,1,1,3,5,2018-06-28
3252,Oussama Haddadi,Tunisia,2018,7569,Panama,Tunisia,,0,91,0,0,0.0,3,42,35,1,0,1,2,0,2018-06-28
3557,Naïm Sliti,Tunisia,2018,7569,Panama,Tunisia,,0,76,0,3,0.3176,1,31,22,7,5,1,0,1,2018-06-28
6346,Adolfo Abdiel Machado,Panama,2018,7569,Panama,Tunisia,,0,91,0,0,0.0,0,32,17,0,0,2,0,0,2018-06-28
6347,Ghilane Chalali,Tunisia,2018,7569,Panama,Tunisia,,0,92,0,1,0.0603,1,79,64,0,0,2,4,3,2018-06-28
5640,Gabriel Enrique Gómez Girón,Panama,2018,7569,Panama,Tunisia,,0,91,0,0,0.0,1,42,33,1,1,0,3,3,2018-06-28
5650,Ferjani Sassi,Tunisia,2018,7569,Panama,Tunisia,,0,47,0,1,0.1202,1,54,47,0,0,0,1,2,2018-06-28
5635,Román Aureliano Torres Morcillo,Panama,2018,7569,Panama,Tunisia,,0,55,0,1,0.0641,1,11,9,1,1,2,1,0,2018-06-28
5636,Jaime Manuel Penedo Cano,Panama,2018,7569,Panama,Tunisia,,0,93,0,0,0.0,0,21,8,0,0,0,0,0,2018-06-28
5637,Edgar Yoel Bárcenas Herrera,Panama,2018,7569,Panama,Tunisia,,0,95,0,2,0.2449,1,26,23,6,3,2,2,3,2018-06-28
3767,Ellyes Joris Skhiri,Tunisia,2018,7569,Panama,Tunisia,,0,93,0,0,0.0,0,80,72,2,1,1,1,0,2018-06-28
5936,Hamdi Nagguez,Tunisia,2018,7569,Panama,Tunisia,,0,90,0,1,0.0858,0,55,44,4,3,3,3,2,2018-06-28
5629,Gabriel Arturo Torres Tejada,Panama,2018,7569,Panama,Tunisia,,0,45,0,1,0.1535,1,6,5,0,0,0,1,0,2018-06-28
6344,Luis Carlos Ovalle Victoria,Panama,2018,7569,Panama,Tunisia,,0,91,0,1,0.0069,0,36,20,0,0,2,0,1,2018-06-28
6345,Rami Bedoui,Tunisia,2018,7569,Panama,Tunisia,,0,93,0,0,0.0,0,83,72,1,0,1,0,1,2018-06-28
5651,Yassine Meriah,Tunisia,2018,7569,Panama,Tunisia,,0,93,0,0,0.0,0,102,92,0,0,2,2,2,2018-06-28
6342,Aymen Mathlouthi,Tunisia,2018,7569,Panama,Tunisia,,0,97,0,0,0.0,0,29,22,0,0,0,0,2,2018-06-28
5654,Fakhreddine Ben Youssef,Tunisia,2018,7569,Panama,Tunisia,,0,91,1,4,1.3193,1,36,27,0,0,1,1,1,2018-06-28
5628,José Luis Rodríguez Francis,Panama,2018,7569,Panama,Tunisia,,0,93,0,2,0.1103,0,18,12,0,0,3,2,6,2018-06-28
5649,Anice Badri,Tunisia,2018,7569,Panama,Tunisia,,0,91,0,0,0.0,0,17,17,2,2,0,4,0,2018-06-28
6343,Harold Oshkaly Cummings Segura,Panama,2018,7569,Panama,Tunisia,,0,91,0,0,0.0,0,16,10,0,0,1,0,0,2018-06-28
5643,Luis Carlos Tejada Hansell,Panama,2018,7569,Panama,Tunisia,,0,95,0,0,0.0,0,10,8,1,0,0,4,0,2018-06-28
6348,Ahmed Khalil,Tunisia,2018,7569,Panama,Tunisia,,0,93,0,0,0.0,0,7,5,1,0,1,2,0,2018-06-28
6140,Abdiel Arroyo Molinar,Panama,2018,7569,Panama,Tunisia,,0,93,0,0,0.0,1,3,2,0,0,0,0,0,2018-06-28
3226,Bassem Srarfi,Tunisia,2018,7569,Panama,Tunisia,,0,93,0,0,0.0,0,0,0,0,0,0,0,1,2018-06-28
5660,Piotr Zieliński,Poland,2018,7572,Japan,Poland,,0,78,0,1,0.04,1,37,27,2,2,0,0,1,2018-06-28
6337,Yoshinori Muto,Japan,2018,7572,Japan,Poland,,0,81,0,2,0.1665,0,16,14,2,0,1,1,0,2018-06-28
3637,Grzegorz Krychowiak,Poland,2018,7572,Japan,Poland,,0,88,0,0,0.0,0,49,43,1,1,2,0,1,2018-06-28
6336,Rafał Kurzawa,Poland,2018,7572,Japan,Poland,,0,78,0,2,0.1055,2,34,21,3,1,1,0,3,2018-06-28
6191,Takashi Usami,Japan,2018,7572,Japan,Poland,,0,64,0,3,0.1734,2,40,23,3,3,1,1,2,2018-06-28
5673,Bartosz Bereszyński,Poland,2018,7572,Japan,Poland,,0,88,0,0,0.0,1,58,50,2,2,1,4,2,2018-06-28
3034,Kamil Glik,Poland,2018,7572,Japan,Poland,,0,88,0,1,0.0626,0,70,60,0,0,0,3,1,2018-06-28
4626,Jan Bednarek,Poland,2018,7572,Japan,Poland,,0,88,1,1,0.2086,0,75,65,1,1,2,0,1,2018-06-28
3810,Shinji Okazaki,Japan,2018,7572,Japan,Poland,,0,46,0,1,0.1835,0,13,9,1,1,1,1,2,2018-06-28
5690,Yuto Nagatomo,Japan,2018,7572,Japan,Poland,,0,92,0,0,0.0,1,50,41,1,1,0,0,1,2018-06-28
6195,Jacek Góralski,Poland,2018,7572,Japan,Poland,,0,88,0,1,0.0066,0,29,26,0,0,0,0,2,2018-06-28
3262,Łukasz Fabiański,Poland,2018,7572,Japan,Poland,,0,88,0,0,0.0,0,25,18,0,0,0,0,0,2018-06-28
5667,Kamil Grosicki,Poland,2018,7572,Japan,Poland,,0,92,0,2,0.2323,3,32,16,0,0,0,0,0,2018-06-28
5694,Hotaru Yamaguchi,Japan,2018,7572,Japan,Poland,,0,92,0,0,0.0,0,79,75,0,0,0,2,1,2018-06-28
5668,Robert Lewandowski,Poland,2018,7572,Japan,Poland,,0,92,0,2,0.322,1,21,20,3,1,0,0,1,2018-06-28
6338,Tomoaki Makino,Japan,2018,7572,Japan,Poland,,0,92,0,2,0.1955,0,87,77,0,0,0,1,0,2018-06-28
5693,Gaku Shibasaki,Japan,2018,7572,Japan,Poland,,0,91,0,0,0.0,4,71,59,0,0,0,4,0,2018-06-28
4685,Artur Jędrzejczyk,Poland,2018,7572,Japan,Poland,,0,87,0,1,0.0633,1,53,41,1,1,0,2,0,2018-06-28
3300,Maya Yoshida,Japan,2018,7572,Japan,Poland,,0,92,0,1,0.1018,0,80,78,0,0,0,0,0,2018-06-28
6339,Gotoku Sakai,Japan,2018,7572,Japan,Poland,,0,86,0,1,0.0627,1,17,14,0,0,0,0,0,2018-06-28
3530,Hiroki Sakai,Japan,2018,7572,Japan,Poland,,0,86,0,0,0.0,0,56,38,0,0,0,0,0,2018-06-28
3175,Eiji Kawashima,Japan,2018,7572,Japan,Poland,,0,83,0,0,0.0,0,20,14,0,0,0,1,0,2018-06-28
5679,Yūya Ōsako,Japan,2018,7572,Japan,Poland,,0,88,0,0,0.0,2,13,7,0,0,0,1,2,2018-06-28
5687,Takashi Inui,Japan,2018,7572,Japan,Poland,,0,92,0,1,0.0072,0,31,29,0,0,0,0,1,2018-06-28
6194,Łukasz Teodorczyk,Poland,2018,7572,Japan,Poland,,0,91,0,0,0.0,0,5,4,2,1,0,0,0,2018-06-28
6340,Sławomir Peszko,Poland,2018,7572,Japan,Poland,,0,88,0,0,0.0,0,11,9,0,0,0,0,0,2018-06-28
5681,Makoto Hasebe,Japan,2018,7572,Japan,Poland,,0,92,0,0,0.0,0,14,13,0,0,0,0,0,2018-06-28
3720,Johann Berg Guðmunds­son,Iceland,2018,7561,Iceland,Croatia,,0,93,0,2,0.0192,2,37,27,2,2,1,0,1,2018-06-26
5511,Ragnar Sigurðsson,Iceland,2018,7561,Iceland,Croatia,,0,69,0,0,0.0,0,25,18,0,0,1,1,0,2018-06-26
6305,Milan Badelj,Croatia,2018,7561,Iceland,Croatia,,0,94,1,2,0.1864,2,68,61,2,2,2,3,1,2018-06-26
5456,Mateo Kovačić,Croatia,2018,7561,Iceland,Croatia,,0,80,0,1,0.06,2,81,79,4,1,1,2,2,2018-06-26
5831,Sverrir Ingi Ingason,Iceland,2018,7561,Iceland,Croatia,,0,89,0,2,0.2334,0,35,25,0,0,2,2,1,2018-06-26
5514,Alfreð Finnbogason,Iceland,2018,7561,Iceland,Croatia,,0,84,0,1,0.1348,1,18,11,0,0,0,3,2,2018-06-26
5739,Vedran Ćorluka,Croatia,2018,7561,Iceland,Croatia,,0,91,0,0,0.0,0,49,44,2,2,2,2,0,2018-06-26
5515,Aron Einar Gunnarsson,Iceland,2018,7561,Iceland,Croatia,,0,93,0,2,0.2226,3,36,29,1,0,1,0,0,2018-06-26
6307,Duje Ćaleta-Car,Croatia,2018,7561,Iceland,Croatia,,0,93,0,0,0.0,0,34,31,1,1,0,1,0,2018-06-26
5474,Ivan Perišić,Croatia,2018,7561,Iceland,Croatia,,0,92,1,3,0.2044,1,34,23,0,0,0,0,1,2018-06-26
5508,Birkir Már Sævarsson,Iceland,2018,7561,Iceland,Croatia,,0,92,0,0,0.0,0,26,18,0,0,0,1,0,2018-06-26
6309,Tin Jedvaj,Croatia,2018,7561,Iceland,Croatia,,0,94,0,0,0.0,0,51,37,0,0,1,1,0,2018-06-26
5459,Marko Pjaca,Croatia,2018,7561,Iceland,Croatia,,0,69,0,1,0.0277,0,16,12,2,1,0,1,4,2018-06-26
3944,Gylfi Þór Sigurðsson,Iceland,2018,7561,Iceland,Croatia,,0,94,1,3,0.8002,4,37,25,3,2,1,1,0,2018-06-26
5512,Emil Hallfreðsson,Iceland,2018,7561,Iceland,Croatia,,0,89,0,1,0.0148,1,35,29,6,3,0,4,3,2018-06-26
5463,Luka Modrić,Croatia,2018,7561,Iceland,Croatia,,0,64,0,1,0.0225,3,58,51,2,2,0,0,1,2018-06-26
5509,Birkir Bjarnason,Iceland,2018,7561,Iceland,Croatia,,0,89,0,4,0.5404,1,28,17,0,0,1,0,3,2018-06-26
6311,Lovre Kalinić,Croatia,2018,7561,Iceland,Croatia,,0,93,0,0,0.0,0,16,5,0,0,0,0,1,2018-06-26
5501,Hörður Björgvin Magnússon,Iceland,2018,7561,Iceland,Croatia,,0,93,0,2,0.1672,0,29,13,0,0,2,1,0,2018-06-26
5460,Andrej Kramarić,Croatia,2018,7561,Iceland,Croatia,,0,91,0,2,0.1005,1,47,41,1,0,0,1,1,2018-06-26
6308,Josip Pivarić,Croatia,2018,7561,Iceland,Croatia,,0,91,0,1,0.0093,0,63,52,3,1,1,1,0,2018-06-26
5498,Hannes Þór Halldórsson,Iceland,2018,7561,Iceland,Croatia,,0,91,0,0,0.0,0,16,8,0,0,0,0,0,2018-06-26
6310,Filip Bradarić,Croatia,2018,7561,Iceland,Croatia,,0,94,0,0,0.0,0,11,10,0,0,0,0,0,2018-06-26
5500,Björn Bergmann Sigurðarson,Iceland,2018,7561,Iceland,Croatia,,0,93,0,0,0.0,0,5,4,1,1,0,1,0,2018-06-26
3471,Dejan Lovren,Croatia,2018,7561,Iceland,Croatia,,0,93,0,0,0.0,0,1,1,0,0,0,1,1,2018-06-26
5470,Ivan Rakitić,Croatia,2018,7561,Iceland,Croatia,,0,91,0,2,0.0634,0,6,4,0,0,0,0,1,2018-06-26
6306,Albert Gudmundsson,Iceland,2018,7561,Iceland,Croatia,,0,91,0,0,0.0,0,2,0,0,0,0,0,1,2018-06-26
6304,Arnór Ingvi Traustason,Iceland,2018,7561,Iceland,Croatia,,0,92,0,0,0.0,0,2,0,0,0,0,0,0,2018-06-26
5251,Abdalla Mahmoud El Said Bekhit,Egypt,2018,7540,Russia,Egypt,,0,93,0,1,0.0218,4,68,59,0,0,0,0,1,2018-06-19
4063,Ahmed Elsayed Ali Elsayed Hegazy,Egypt,2018,7540,Russia,Egypt,,0,91,0,0,0.0,0,45,34,0,0,3,1,1,2018-06-19
5250,Ahmed Fathy Abdel Meneim Ibrahim,Egypt,2018,7540,Russia,Egypt,,0,93,0,0,0.0,1,68,53,0,0,2,2,1,2018-06-19
5177,Aleksandr Golovin,Russia,2018,7540,Russia,Egypt,,0,92,0,1,0.0545,0,42,27,1,1,0,0,2,2018-06-19
3568,Mohamed Naser Elsayed Elneny,Egypt,2018,7540,Russia,Egypt,,0,63,0,0,0.0,2,23,18,1,0,0,0,0,2018-06-19
3531,Mohamed Salah,Egypt,2018,7540,Russia,Egypt,,0,92,1,4,1.0456,2,21,16,4,0,1,0,1,2018-06-19
5186,Denis Cheryshev,Russia,2018,7540,Russia,Egypt,,0,73,1,4,0.1795,0,32,21,1,1,2,0,1,2018-06-19
5254,Ali Gabr,Egypt,2018,7540,Russia,Egypt,,0,92,0,1,0.0632,0,28,22,0,0,0,2,0,2018-06-19
5195,Artem Dzyuba,Russia,2018,7540,Russia,Egypt,,0,78,1,2,0.334,0,33,25,4,3,1,3,3,2018-06-19
5263,Mohamed Abdul Shafy Sayed Abouezeid,Egypt,2018,7540,Russia,Egypt,,0,93,0,0,0.0,0,71,51,2,2,2,1,1,2018-06-19
5261,Mahmoud Ibrahim Hassan,Egypt,2018,7540,Russia,Egypt,,0,67,0,3,0.1638,0,31,21,5,3,0,3,0,2018-06-19
5170,Mário Figueira Fernandes,Russia,2018,7540,Russia,Egypt,,0,93,0,0,0.0,1,50,36,0,0,1,0,1,2018-06-19
5252,Marwan Mohsen,Egypt,2018,7540,Russia,Egypt,,0,81,0,4,0.3625,2,23,13,0,0,1,1,1,2018-06-19
5175,Ilya Kutepov,Russia,2018,7540,Russia,Egypt,,0,93,0,0,0.0,1,24,12,0,0,2,1,0,2018-06-19
5171,Roman Zobnin,Russia,2018,7540,Russia,Egypt,,0,93,0,2,0.0425,0,50,40,2,2,1,2,1,2018-06-19
5193,Yuri Zhirkov,Russia,2018,7540,Russia,Egypt,,0,85,0,0,0.0,0,45,28,0,0,1,0,0,2018-06-19
5262,Tarek Hamed,Egypt,2018,7540,Russia,Egypt,,0,93,0,1,0.0263,0,57,46,0,0,3,1,1,2018-06-19
5182,Aleksandr Samedov,Russia,2018,7540,Russia,Egypt,,0,93,0,0,0.0,4,62,44,2,2,0,2,2,2018-06-19
5265,Mohamed El Sayed Mohamed El Shenawy Gomaa,Egypt,2018,7540,Russia,Egypt,,0,94,0,0,0.0,0,16,6,0,0,0,0,0,2018-06-19
5174,Sergei Ignashevich,Russia,2018,7540,Russia,Egypt,,0,89,0,2,0.352,0,30,16,0,0,0,0,0,2018-06-19
5181,Yury Gazinskiy,Russia,2018,7540,Russia,Egypt,,0,93,0,1,0.0185,1,57,44,0,0,0,0,1,2018-06-19
5172,Igor Akinfeev,Russia,2018,7540,Russia,Egypt,,0,93,0,0,0.0,0,16,4,0,0,0,0,0,2018-06-19
5253,Amr Medhat Warda,Egypt,2018,7540,Russia,Egypt,,0,93,0,1,0.0145,0,20,10,1,1,1,0,1,2018-06-19
3536,Ramadan Sobhi Ramadan Ahmed,Egypt,2018,7540,Russia,Egypt,,0,92,0,0,0.0,0,11,9,0,0,0,0,1,2018-06-19
5179,Daler Kuzyaev,Russia,2018,7540,Russia,Egypt,,0,93,0,0,0.0,0,14,13,0,0,0,0,0,2018-06-19
5194,Fyodor Smolov,Russia,2018,7540,Russia,Egypt,,0,94,0,0,0.0,0,8,7,0,0,0,1,0,2018-06-19
5257,Mahmoud Abdul Monem Abdelhamid Soliman,Egypt,2018,7540,Russia,Egypt,,0,93,0,0,0.0,0,2,2,0,0,0,0,0,2018-06-19
5677,Fedor Kudryashov,Russia,2018,7540,Russia,Egypt,,0,92,0,0,0.0,0,4,4,0,0,0,1,0,2018-06-19
3720,Johann Berg Guðmunds­son,Iceland,2018,7531,Argentina,Iceland,,0,62,0,1,0.0349,0,14,10,1,0,5,0,0,2018-06-16
3237,Sergio Leonel Agüero del Castillo,Argentina,2018,7531,Argentina,Iceland,,0,92,1,3,0.1873,1,44,35,0,0,0,0,1,2018-06-16
5509,Birkir Bjarnason,Iceland,2018,7531,Argentina,Iceland,,0,92,0,1,0.313,0,17,9,0,0,3,3,2,2018-06-16
5505,Kári Árnason,Iceland,2018,7531,Argentina,Iceland,,0,93,0,0,0.0,1,17,10,0,0,1,2,0,2018-06-16
3602,Faustino Marcos Alberto Rojo,Argentina,2018,7531,Argentina,Iceland,,0,93,0,1,0.0063,0,75,70,0,0,1,0,0,2018-06-16
2995,Ángel Fabián Di María Hernández,Argentina,2018,7531,Argentina,Iceland,,0,74,0,0,0.0,3,41,33,0,0,0,0,0,2018-06-16
3944,Gylfi Þór Sigurðsson,Iceland,2018,7531,Argentina,Iceland,,0,91,0,4,0.1446,1,23,15,3,3,3,3,2,2018-06-16
5514,Alfreð Finnbogason,Iceland,2018,7531,Argentina,Iceland,,0,88,1,3,0.5396,0,13,10,2,1,2,3,0,2018-06-16
3659,Wilfredo Daniel Caballero,Argentina,2018,7531,Argentina,Iceland,,0,92,0,0,0.0,0,18,16,0,0,0,0,0,2018-06-16
5507,Nicolás Alejandro Tagliafico,Argentina,2018,7531,Argentina,Iceland,,0,93,0,2,0.1466,3,70,66,0,0,0,1,1,2018-06-16
3090,Nicolás Hernán Otamendi,Argentina,2018,7531,Argentina,Iceland,,0,93,0,4,0.3665,0,83,70,1,1,1,0,0,2018-06-16
5513,Eduardo Antonio Salvio,Argentina,2018,7531,Argentina,Iceland,,0,92,0,1,0.0302,3,81,66,3,2,0,0,2,2018-06-16
5506,Javier Alejandro Mascherano,Argentina,2018,7531,Argentina,Iceland,,0,93,0,1,0.0198,2,144,134,0,0,1,6,2,2018-06-16
5510,Lucas Rodrigo Biglia,Argentina,2018,7531,Argentina,Iceland,,0,53,0,2,0.1345,0,49,44,0,0,0,0,1,2018-06-16
5499,Maximiliano Eduardo Meza,Argentina,2018,7531,Argentina,Iceland,,0,83,0,0,0.0,5,49,41,2,0,0,3,3,2018-06-16
5501,Hörður Björgvin Magnússon,Iceland,2018,7531,Argentina,Iceland,,0,93,0,0,0.0,0,29,10,0,0,0,1,0,2018-06-16
5503,Lionel Andrés Messi Cuccittini,Argentina,2018,7531,Argentina,Iceland,,0,94,0,11,1.0809,3,70,59,7,4,0,1,5,2018-06-16
5498,Hannes Þór Halldórsson,Iceland,2018,7531,Argentina,Iceland,,0,94,0,0,0.0,0,28,10,0,0,0,0,0,2018-06-16
5511,Ragnar Sigurðsson,Iceland,2018,7531,Argentina,Iceland,,0,89,0,0,0.0,1,14,10,0,0,3,0,0,2018-06-16
5512,Emil Hallfreðsson,Iceland,2018,7531,Argentina,Iceland,,0,94,0,0,0.0,0,26,23,1,1,4,2,3,2018-06-16
5515,Aron Einar Gunnarsson,Iceland,2018,7531,Argentina,Iceland,,0,75,0,0,0.0,1,20,11,0,0,1,2,0,2018-06-16
5508,Birkir Már Sævarsson,Iceland,2018,7531,Argentina,Iceland,,0,93,0,0,0.0,0,12,10,0,0,6,0,0,2018-06-16
5504,Éver Maximiliano David Banega,Argentina,2018,7531,Argentina,Iceland,,0,93,0,2,0.0793,0,57,48,2,1,0,0,1,2018-06-16
5495,Rúrik Gíslason,Iceland,2018,7531,Argentina,Iceland,,0,93,0,0,0.0,0,4,4,0,0,0,1,2,2018-06-16
5496,Cristian David Pavón,Argentina,2018,7531,Argentina,Iceland,,0,93,0,1,0.0291,0,9,7,0,0,0,0,0,2018-06-16
5502,Ari Freyr Skúlason,Iceland,2018,7531,Argentina,Iceland,,0,93,0,0,0.0,0,4,4,0,0,0,0,0,2018-06-16
5497,Gonzalo Gerardo Higuaín,Argentina,2018,7531,Argentina,Iceland,,0,91,0,0,0.0,0,6,5,0,0,0,0,1,2018-06-16
5500,Björn Bergmann Sigurðarson,Iceland,2018,7531,Argentina,Iceland,,0,93,0,0,0.0,0,3,1,0,0,0,0,0,2018-06-16
3318,Marcus Rashford,England,2018,7570,England,Belgium,,0,91,0,4,0.5553,1,36,26,7,5,0,3,1,2018-06-28
3244,John Stones,England,2018,7570,England,Belgium,,0,45,0,0,0.0,0,27,26,0,0,1,0,0,2018-06-28
3457,Michy Batshuayi Tunga,Belgium,2018,7570,England,Belgium,,0,92,0,2,0.2951,1,21,16,3,2,0,0,0,2018-06-28
3314,Phil Jones,England,2018,7570,England,Belgium,,0,91,0,0,0.0,0,74,69,0,0,2,2,1,2018-06-28
3664,Trent Alexander-Arnold,England,2018,7570,England,Belgium,,0,77,0,1,0.0627,2,66,52,2,1,2,0,0,2018-06-28
6330,Adnan Januzaj,Belgium,2018,7570,England,Belgium,,0,85,1,3,0.1666,1,22,15,6,2,0,1,1,2018-06-28
3645,Gary Cahill,England,2018,7570,England,Belgium,,0,92,0,0,0.0,0,44,41,0,0,0,1,0,2018-06-28
3468,Jordan Pickford,England,2018,7570,England,Belgium,,0,93,0,0,0.0,0,33,26,0,0,0,0,1,2018-06-28
3296,Marouane Fellaini-Bakkioui,Belgium,2018,7570,England,Belgium,,0,92,0,2,0.1563,1,39,29,3,3,1,3,4,2018-06-28
10960,Jamie Vardy,England,2018,7570,England,Belgium,,0,92,0,2,0.2446,1,12,7,0,0,0,1,2,2018-06-28
6332,Thomas Vermaelen,Belgium,2018,7570,England,Belgium,,0,74,0,0,0.0,0,57,49,0,0,0,1,1,2018-06-28
6331,Leander Dendoncker,Belgium,2018,7570,England,Belgium,,0,92,0,0,0.0,0,70,64,0,0,0,3,1,2018-06-28
2954,Youri Tielemans,Belgium,2018,7570,England,Belgium,,0,92,0,2,0.043,2,64,54,1,1,0,2,3,2018-06-28
10956,Eric Dier,England,2018,7570,England,Belgium,,0,92,0,0,0.0,0,61,54,0,0,0,4,1,2018-06-28
4597,Fabian Delph,England,2018,7570,England,Belgium,,0,92,0,2,0.0622,1,41,34,5,1,0,1,2,2018-06-28
3504,Ruben Loftus-Cheek,England,2018,7570,England,Belgium,,0,92,0,1,0.0855,1,41,32,5,4,0,0,4,2018-06-28
3037,Mousa Sidi Yaya Dembélé,Belgium,2018,7570,England,Belgium,,0,92,0,0,0.0,0,64,63,1,1,2,1,2,2018-06-28
5632,Thorgan Hazard,Belgium,2018,7570,England,Belgium,,0,92,0,3,0.1515,4,52,42,2,2,3,0,0,2018-06-28
3509,Thibaut Courtois,Belgium,2018,7570,England,Belgium,,0,87,0,0,0.0,0,38,24,0,0,0,0,0,2018-06-28
4831,Nacer Chadli,Belgium,2018,7570,England,Belgium,,0,91,0,0,0.0,2,51,43,0,0,1,0,1,2018-06-28
3594,Danny Rose,England,2018,7570,England,Belgium,,0,90,0,0,0.0,1,45,35,4,2,1,2,3,2018-06-28
5639,Anga Dedryck Boyata,Belgium,2018,7570,England,Belgium,,0,92,0,1,0.1015,0,71,69,0,0,0,3,1,2018-06-28
3336,Harry Maguire,England,2018,7570,England,Belgium,,0,92,0,0,0.0,0,33,29,1,1,0,0,0,2018-06-28
3101,Vincent Kompany,Belgium,2018,7570,England,Belgium,,0,92,0,0,0.0,0,16,16,0,0,0,1,0,2018-06-28
3569,Daniel Nii Tackie Mensah Welbeck,England,2018,7570,England,Belgium,,0,92,0,2,0.1904,0,1,1,0,0,0,0,0,2018-06-28
5630,Dries Mertens,Belgium,2018,7570,England,Belgium,,0,93,0,1,0.0515,0,4,3,0,0,0,1,0,2018-06-28
5625,Emil Peter Forsberg,Sweden,2018,7586,Sweden,Switzerland,,0,80,1,3,0.1337,0,24,19,2,1,1,1,4,2018-07-03
5607,Andreas Granqvist,Sweden,2018,7586,Sweden,Switzerland,,0,91,0,0,0.0,0,25,20,0,0,1,0,1,2018-07-03
5554,Blerim Džemaili,Switzerland,2018,7586,Sweden,Switzerland,,0,72,0,1,0.0593,1,18,17,0,0,0,2,0,2018-07-03
3702,Victor Nilsson Lindelöf,Sweden,2018,7586,Sweden,Switzerland,,0,85,0,0,0.0,0,28,22,0,0,0,0,0,2018-07-03
5612,Mikael Lustig,Sweden,2018,7586,Sweden,Switzerland,,0,81,0,1,0.02,1,35,18,0,0,0,1,0,2018-07-03
5835,Josip Drmic,Switzerland,2018,7586,Sweden,Switzerland,,0,91,0,1,0.0572,1,15,11,1,0,0,1,1,2018-07-03
3533,Xherdan Shaqiri,Switzerland,2018,7586,Sweden,Switzerland,,0,92,0,4,0.0558,4,63,45,1,0,0,1,0,2018-07-03
5622,Robin Olsen,Sweden,2018,7586,Sweden,Switzerland,,0,90,0,0,0.0,0,24,12,0,0,0,0,0,2018-07-03
3500,Granit Xhaka,Switzerland,2018,7586,Sweden,Switzerland,,0,92,0,2,0.0254,1,95,83,1,0,0,3,2,2018-07-03
5549,Manuel Obafemi Akanji,Switzerland,2018,7586,Sweden,Switzerland,,0,92,0,0,0.0,0,89,77,0,0,2,1,3,2018-07-03
4417,Ola Toivonen,Sweden,2018,7586,Sweden,Switzerland,,0,96,0,2,0.2337,2,21,13,0,0,0,0,3,2018-07-03
11098,Marcus Berg,Sweden,2018,7586,Sweden,Switzerland,,0,90,0,3,0.262,0,22,14,0,0,0,8,1,2018-07-03
5613,Viktor Claesson,Sweden,2018,7586,Sweden,Switzerland,,0,92,0,0,0.0,2,37,23,2,1,1,0,4,2018-07-03
5544,Ricardo Iván Rodríguez Araya,Switzerland,2018,7586,Sweden,Switzerland,,0,92,0,3,0.0673,2,73,49,3,3,0,1,1,2018-07-03
5621,Ludwig Augustinsson,Sweden,2018,7586,Sweden,Switzerland,,0,91,0,0,0.0,0,30,13,0,0,0,1,0,2018-07-03
5624,Albin Ekdal,Sweden,2018,7586,Sweden,Switzerland,,0,92,0,3,0.261,0,29,25,4,3,3,0,1,2018-07-03
5546,Michael Lang,Switzerland,2018,7586,Sweden,Switzerland,,0,92,0,1,0.0541,0,56,46,0,0,2,1,0,2018-07-03
5611,Gustav Svensson,Sweden,2018,7586,Sweden,Switzerland,,0,85,0,0,0.0,2,20,15,0,0,0,1,0,2018-07-03
5540,Valon Behrami,Switzerland,2018,7586,Sweden,Switzerland,,0,92,0,0,0.0,0,76,71,0,0,2,3,3,2018-07-03
6359,Johan Danon Djourou-Gbadjere,Switzerland,2018,7586,Sweden,Switzerland,,0,92,0,0,0.0,0,66,61,0,0,1,1,2,2018-07-03
5548,Steven Zuber,Switzerland,2018,7586,Sweden,Switzerland,,0,72,0,2,0.0757,1,25,19,0,0,0,1,0,2018-07-03
5550,Yann Sommer,Switzerland,2018,7586,Sweden,Switzerland,,0,96,0,0,0.0,0,28,23,0,0,0,0,0,2018-07-03
5545,Breel-Donald Embolo,Switzerland,2018,7586,Sweden,Switzerland,,0,92,0,1,0.0784,0,6,4,1,1,0,1,0,2018-07-03
5543,Haris Seferović,Switzerland,2018,7586,Sweden,Switzerland,,0,92,0,1,0.0599,0,5,4,0,0,0,0,0,2018-07-03
3576,Martin Olsson,Sweden,2018,7586,Sweden,Switzerland,,0,92,0,0,0.0,0,3,3,0,0,0,0,1,2018-07-03
6358,Emil Krafth,Sweden,2018,7586,Sweden,Switzerland,,0,92,0,0,0.0,0,3,3,0,0,0,0,0,2018-07-03
5615,Isaac Kiese Thelin,Sweden,2018,7586,Sweden,Switzerland,,0,92,0,0,0.0,0,3,2,0,0,0,0,0,2018-07-03
5218,André Miguel Valente Silva,Portugal,2018,7557,Iran,Portugal,,0,94,0,2,0.1221,0,25,20,2,2,0,0,2,2018-06-25
5214,William Silva de Carvalho,Portugal,2018,7557,Iran,Portugal,,0,96,0,0,0.0,1,84,74,0,0,0,1,2,2018-06-25
3329,Cédric Ricardo Alves Soares,Portugal,2018,7557,Iran,Portugal,,0,88,0,0,0.0,1,72,54,2,2,0,2,0,2018-06-25
5241,Vahid Amiri,Iran,2018,7557,Iran,Portugal,,0,97,0,1,0.0372,0,21,14,1,0,3,2,1,2018-06-25
20016,Kléper Laveran Lima Ferreira,Portugal,2018,7557,Iran,Portugal,,0,93,0,1,0.1035,0,57,48,0,0,3,0,3,2018-06-25
3960,José Miguel da Rocha Fonte,Portugal,2018,7557,Iran,Portugal,,0,97,0,2,0.1234,1,73,64,0,0,2,0,1,2018-06-25
5207,Cristiano Ronaldo dos Santos Aveiro,Portugal,2018,7557,Iran,Portugal,,0,97,0,5,0.9473,1,29,22,7,4,0,1,4,2018-06-25
5235,Ramin Rezaeian,Iran,2018,7557,Iran,Portugal,,0,95,0,1,0.0094,1,32,17,0,0,1,2,0,2018-06-25
5225,Omid Ebrahimi,Iran,2018,7557,Iran,Portugal,,0,97,0,0,0.0,0,23,19,0,0,3,1,0,2018-06-25
5209,Raphaël Adelino José Guerreiro,Portugal,2018,7557,Iran,Portugal,,0,95,0,1,0.0307,0,67,58,3,3,0,2,2,2018-06-25
4272,João Mário Naval da Costa Eduardo,Portugal,2018,7557,Iran,Portugal,,0,83,0,1,0.119,3,62,57,2,0,1,0,0,2018-06-25
5239,Alireza Jahanbakhsh,Iran,2018,7557,Iran,Portugal,,0,69,0,0,0.0,3,20,12,2,2,0,3,2,2018-06-25
5220,Morteza Pouraliganji,Iran,2018,7557,Iran,Portugal,,0,97,0,0,0.0,0,20,15,0,0,2,0,1,2018-06-25
5205,Rui Pedro dos Santos Patrício,Portugal,2018,7557,Iran,Portugal,,0,96,0,0,0.0,0,16,12,0,0,0,0,1,2018-06-25
3707,Adrien Sebastian Perruchet Silva,Portugal,2018,7557,Iran,Portugal,,0,95,0,1,0.0222,3,98,93,1,0,0,1,1,2018-06-25
5224,Sardar Azmoun,Iran,2018,7557,Iran,Portugal,,0,96,0,2,0.2192,2,19,12,1,0,1,1,1,2018-06-25
5722,Saeid Ezatolahi Afagh,Iran,2018,7557,Iran,Portugal,,0,75,0,1,0.1687,0,21,13,2,1,1,3,1,2018-06-25
5227,Alireza Safar Beiranvand,Iran,2018,7557,Iran,Portugal,,0,88,0,0,0.0,0,21,12,0,0,0,0,0,2018-06-25
5226,Mehdi Taremi,Iran,2018,7557,Iran,Portugal,,0,93,0,1,0.2515,0,20,10,1,0,3,2,0,2018-06-25
5215,Ricardo Andrade Quaresma Bernardo,Portugal,2018,7557,Iran,Portugal,,0,68,1,2,0.0542,1,36,23,3,2,0,2,0,2018-06-25
5228,Seyed Majid Hosseini,Iran,2018,7557,Iran,Portugal,,0,96,0,0,0.0,0,20,15,0,0,0,0,0,2018-06-25
5230,Ehsan Hajsafi,Iran,2018,7557,Iran,Portugal,,0,55,0,0,0.0,0,12,10,3,1,1,0,1,2018-06-25
5720,Milad Mohammadi,Iran,2018,7557,Iran,Portugal,,0,96,0,0,0.0,0,6,3,1,1,2,0,1,2018-06-25
5240,Saman Ghoddos,Iran,2018,7557,Iran,Portugal,,0,96,0,2,0.1074,0,2,1,0,0,0,1,0,2018-06-25
3193,Bernardo Mota Veiga de Carvalho e Silva,Portugal,2018,7557,Iran,Portugal,,0,96,0,0,0.0,0,5,5,1,1,1,0,0,2018-06-25
5231,Karim Ansarifard,Iran,2018,7557,Iran,Portugal,,0,92,1,1,0.7835,0,2,1,1,1,1,1,0,2018-06-25
3168,João Filipe Iria Santos Moutinho,Portugal,2018,7557,Iran,Portugal,,0,96,0,0,0.0,0,6,4,0,0,0,0,0,2018-06-25
4367,Gonçalo Manuel Ganchinho Guedes,Portugal,2018,7557,Iran,Portugal,,0,97,0,0,0.0,0,0,0,0,0,0,0,0,2018-06-25
3168,João Filipe Iria Santos Moutinho,Portugal,2018,7542,Portugal,Morocco,,0,88,0,0,0.0,2,40,33,0,0,0,5,3,2018-06-20
5726,Khalid Boutaïb,Morocco,2018,7542,Portugal,Morocco,,0,68,0,2,0.3049,1,15,11,2,2,1,2,2,2018-06-20
5232,Mbark Boussoufa,Morocco,2018,7542,Portugal,Morocco,,0,94,0,1,0.0844,2,60,47,0,0,2,3,3,2018-06-20
5221,Manuel Marouan da Costa Trinidade,Morocco,2018,7542,Portugal,Morocco,,0,91,0,1,0.0881,0,49,33,0,0,2,0,0,2018-06-20
5237,Hakim Ziyech,Morocco,2018,7542,Portugal,Morocco,,0,94,0,4,0.1891,4,61,40,10,3,1,2,1,2018-06-20
5245,Achraf Hakimi Mouh,Morocco,2018,7542,Portugal,Morocco,,0,93,0,0,0.0,2,58,44,1,1,1,1,0,2018-06-20
4367,Gonçalo Manuel Ganchinho Guedes,Portugal,2018,7542,Portugal,Morocco,,0,94,0,2,0.2709,1,18,13,1,0,0,0,4,2018-06-20
5242,Younès Belhanda,Morocco,2018,7542,Portugal,Morocco,,0,74,0,3,0.2731,0,49,33,4,4,1,2,2,2018-06-20
20016,Kléper Laveran Lima Ferreira,Portugal,2018,7542,Portugal,Morocco,,0,92,0,0,0.0,0,41,28,1,1,0,0,0,2018-06-20
5244,Medhi Amine El Mouttaqi Benatia,Morocco,2018,7542,Portugal,Morocco,,0,94,0,4,0.5037,0,36,27,1,1,0,4,1,2018-06-20
5207,Cristiano Ronaldo dos Santos Aveiro,Portugal,2018,7542,Portugal,Morocco,,0,94,1,6,0.4663,1,22,16,0,0,0,0,5,2018-06-20
3302,Nordin Amrabat,Morocco,2018,7542,Portugal,Morocco,,0,93,0,0,0.0,1,36,27,5,3,1,1,6,2018-06-20
5214,William Silva de Carvalho,Portugal,2018,7542,Portugal,Morocco,,0,93,0,0,0.0,0,48,38,0,0,1,2,1,2018-06-20
3329,Cédric Ricardo Alves Soares,Portugal,2018,7542,Portugal,Morocco,,0,94,0,0,0.0,0,48,33,0,0,1,3,2,2018-06-20
3193,Bernardo Mota Veiga de Carvalho e Silva,Portugal,2018,7542,Portugal,Morocco,,0,58,0,0,0.0,0,27,15,0,0,2,0,1,2018-06-20
5205,Rui Pedro dos Santos Patrício,Portugal,2018,7542,Portugal,Morocco,,0,92,0,0,0.0,0,24,13,0,0,0,0,0,2018-06-20
5727,Nabil Dirar,Morocco,2018,7542,Portugal,Morocco,,0,94,0,1,0.0061,1,63,54,2,1,3,3,0,2018-06-20
4272,João Mário Naval da Costa Eduardo,Portugal,2018,7542,Portugal,Morocco,,0,69,0,0,0.0,1,27,20,0,0,0,3,2,2018-06-20
5236,Karim El Ahmadi Al Aroos,Morocco,2018,7542,Portugal,Morocco,,0,85,0,1,0.0059,0,52,41,0,0,2,3,0,2018-06-20
5233,Munir Mohand Mohamedi,Morocco,2018,7542,Portugal,Morocco,,0,94,0,0,0.0,0,15,7,0,0,0,0,1,2018-06-20
5209,Raphaël Adelino José Guerreiro,Portugal,2018,7542,Portugal,Morocco,,0,94,0,1,0.0228,2,40,29,2,2,0,3,2,2018-06-20
3960,José Miguel da Rocha Fonte,Portugal,2018,7542,Portugal,Morocco,,0,93,0,1,0.0817,0,33,22,0,0,1,1,0,2018-06-20
5723,Gelson Dany Batalha Martins,Portugal,2018,7542,Portugal,Morocco,,0,94,0,0,0.0,1,9,8,3,2,0,0,1,2018-06-20
5204,Bruno Miguel Borges Fernandes,Portugal,2018,7542,Portugal,Morocco,,0,94,0,2,0.0433,0,15,11,0,0,1,0,0,2018-06-20
5229,Ayoub El Kaabi,Morocco,2018,7542,Portugal,Morocco,,0,93,0,0,0.0,0,4,3,0,0,0,0,1,2018-06-20
5725,Mehdi Carcela-González,Morocco,2018,7542,Portugal,Morocco,,0,93,0,0,0.0,0,8,5,0,0,0,1,0,2018-06-20
5724,Fayçal Fajr,Morocco,2018,7542,Portugal,Morocco,,0,93,0,0,0.0,0,13,10,1,0,0,1,0,2018-06-20
3707,Adrien Sebastian Perruchet Silva,Portugal,2018,7542,Portugal,Morocco,,0,94,0,0,0.0,0,5,2,0,0,0,1,0,2018-06-20
3094,Bamidele Alli,England,2018,8656,Croatia,England,,0,123,0,0,0.0,1,46,35,2,1,1,1,5,2018-07-11
3244,John Stones,England,2018,8656,Croatia,England,,0,122,0,1,0.0644,0,50,46,0,0,0,0,0,2018-07-11
5472,Mario Mandžukić,Croatia,2018,8656,Croatia,England,,0,114,1,3,0.7387,1,26,15,0,0,0,2,3,2018-07-11
3205,Kyle Walker,England,2018,8656,Croatia,England,,0,111,0,0,0.0,0,63,55,0,0,1,2,2,2018-07-11
5470,Ivan Rakitić,Croatia,2018,8656,Croatia,England,,0,120,0,1,0.0305,1,80,63,2,0,0,3,3,2018-07-11
3293,Jesse Lingard,England,2018,8656,Croatia,England,,0,123,0,3,0.1629,2,38,34,1,0,0,1,0,2018-07-11
10955,Harry Kane,England,2018,8656,Croatia,England,,0,123,0,2,0.0662,1,33,17,1,0,1,1,3,2018-07-11
3532,Jordan Brian Henderson,England,2018,8656,Croatia,England,,0,96,0,1,0.033,0,49,36,0,0,0,2,1,2018-07-11
5469,Marcelo Brozović,Croatia,2018,8656,Croatia,England,,0,122,0,3,0.1022,4,85,73,0,0,1,1,1,2018-07-11
3471,Dejan Lovren,Croatia,2018,8656,Croatia,England,,0,124,0,1,0.0067,0,54,47,0,0,0,3,0,2018-07-11
3233,Raheem Sterling,England,2018,8656,Croatia,England,,0,73,0,1,0.0446,1,11,8,1,1,0,2,2,2018-07-11
5468,Domagoj Vida,Croatia,2018,8656,Croatia,England,,0,122,0,0,0.0,0,46,38,0,0,3,1,0,2018-07-11
5457,Ivan Strinić,Croatia,2018,8656,Croatia,England,,0,94,0,0,0.0,0,71,48,0,0,0,2,1,2018-07-11
5474,Ivan Perišić,Croatia,2018,8656,Croatia,England,,0,124,1,7,0.59,3,44,26,1,1,0,2,1,2018-07-11
3308,Kieran Trippier,England,2018,8656,Croatia,England,,0,124,1,1,0.0876,4,59,39,2,2,1,1,3,2018-07-11
3468,Jordan Pickford,England,2018,8656,Croatia,England,,0,123,0,0,0.0,0,51,27,0,0,0,0,2,2018-07-11
3336,Harry Maguire,England,2018,8656,Croatia,England,,0,123,0,1,0.0674,0,53,46,1,1,1,0,1,2018-07-11
3612,Ashley Young,England,2018,8656,Croatia,England,,0,90,0,0,0.0,0,31,21,0,0,0,0,1,2018-07-11
5461,Šime Vrsaljko,Croatia,2018,8656,Croatia,England,,0,111,0,1,0.0141,1,76,54,1,1,0,3,2,2018-07-11
5463,Luka Modrić,Croatia,2018,8656,Croatia,England,,0,117,0,0,0.0,2,78,64,0,0,1,2,1,2018-07-11
3444,Danijel Subašić,Croatia,2018,8656,Croatia,England,,0,121,0,0,0.0,0,37,29,0,0,0,0,0,2018-07-11
5465,Ante Rebić,Croatia,2018,8656,Croatia,England,,0,100,0,3,0.4477,0,26,10,2,2,0,6,0,2018-07-11
3318,Marcus Rashford,England,2018,8656,Croatia,England,,0,124,0,0,0.0,0,16,9,5,3,0,2,1,2018-07-11
3594,Danny Rose,England,2018,8656,Croatia,England,,0,122,0,0,0.0,0,15,11,1,1,0,0,2,2018-07-11
6308,Josip Pivarić,Croatia,2018,8656,Croatia,England,,0,122,0,0,0.0,1,17,11,3,3,0,0,0,2018-07-11
10956,Eric Dier,England,2018,8656,Croatia,England,,0,121,0,1,0.0207,0,21,19,0,0,0,0,1,2018-07-11
5460,Andrej Kramarić,Croatia,2018,8656,Croatia,England,,0,122,0,3,0.2115,1,13,13,0,0,0,0,0,2018-07-11
10960,Jamie Vardy,England,2018,8656,Croatia,England,,0,121,0,0,0.0,0,1,0,0,0,0,1,0,2018-07-11
5739,Vedran Ćorluka,Croatia,2018,8656,Croatia,England,,0,123,0,0,0.0,0,3,1,1,1,0,0,0,2018-07-11
6305,Milan Badelj,Croatia,2018,8656,Croatia,England,,0,123,0,0,0.0,0,0,0,0,0,1,1,0,2018-07-11
5586,Marcos Danilo Ureña Porras,Costa Rica,2018,7548,Brazil,Costa Rica,,0,53,0,0,0.0,0,13,8,1,0,0,1,1,2018-06-22
5597,Keylor Navas Gamboa,Costa Rica,2018,7548,Brazil,Costa Rica,,0,98,0,0,0.0,0,31,17,0,0,0,0,2,2018-06-22
3202,Gabriel Fernando de Jesus,Brazil,2018,7548,Brazil,Costa Rica,,0,92,0,2,0.2829,0,18,13,1,1,1,2,1,2018-06-22
5595,Johan Alberto Venegas Ulloa,Costa Rica,2018,7548,Brazil,Costa Rica,,0,97,0,0,0.0,0,21,16,2,2,0,2,2,2018-06-22
5539,Carlos Henrique Casimiro,Brazil,2018,7548,Brazil,Costa Rica,,0,96,0,2,0.1383,0,97,81,1,1,0,0,0,2018-06-22
5584,Giancarlo González Castro,Costa Rica,2018,7548,Brazil,Costa Rica,,0,95,0,0,0.0,0,16,12,0,0,0,0,0,2018-06-22
5542,José Paulo Bezzera Maciel Júnior,Brazil,2018,7548,Brazil,Costa Rica,,0,67,0,0,0.0,3,38,35,1,1,0,1,1,2018-06-22
3472,Willian Borges da Silva,Brazil,2018,7548,Brazil,Costa Rica,,0,45,0,1,0.0415,0,26,20,2,2,0,1,3,2018-06-22
5836,Bryan Oviedo,Costa Rica,2018,7548,Brazil,Costa Rica,,0,96,0,1,0.0068,0,26,22,0,0,1,4,0,2018-06-22
5598,Óscar Esau Duarte Gaitán,Costa Rica,2018,7548,Brazil,Costa Rica,,0,92,0,1,0.0499,0,24,18,1,1,1,2,1,2018-06-22
5552,Marcelo Vieira da Silva Júnior,Brazil,2018,7548,Brazil,Costa Rica,,0,95,0,3,0.0473,2,115,100,2,1,0,0,0,2018-06-22
5590,Johnny Acosta Zamora,Costa Rica,2018,7548,Brazil,Costa Rica,,0,96,0,0,0.0,0,23,16,0,0,0,0,1,2018-06-22
5599,David Alberto Guzmán Pérez,Costa Rica,2018,7548,Brazil,Costa Rica,,0,82,0,0,0.0,0,30,22,0,0,0,5,0,2018-06-22
5592,Bryan Ruiz González,Costa Rica,2018,7548,Brazil,Costa Rica,,0,95,0,0,0.0,0,36,24,3,2,4,2,2,2018-06-22
3295,Thiago Emiliano da Silva,Brazil,2018,7548,Brazil,Costa Rica,,0,94,0,2,0.1277,0,86,80,0,0,1,0,1,2018-06-22
5838,Fágner Conserva Lemos,Brazil,2018,7548,Brazil,Costa Rica,,0,94,0,0,0.0,2,92,86,0,0,0,0,1,2018-06-22
5551,João Miranda de Souza Filho,Brazil,2018,7548,Brazil,Costa Rica,,0,94,0,0,0.0,0,57,56,0,0,1,3,1,2018-06-22
5602,Cristian Gamboa Luna,Costa Rica,2018,7548,Brazil,Costa Rica,,0,74,0,1,0.0075,1,26,18,1,1,2,1,2,2018-06-22
4320,Neymar da Silva Santos Junior,Brazil,2018,7548,Brazil,Costa Rica,,0,96,1,6,1.6917,3,65,48,6,3,0,4,4,2018-06-22
3501,Philippe Coutinho Correia,Brazil,2018,7548,Brazil,Costa Rica,,0,96,1,6,0.6074,6,86,79,0,0,0,0,1,2018-06-22
5547,Alisson Ramsés Becker,Brazil,2018,7548,Brazil,Costa Rica,,0,89,0,0,0.0,0,15,15,0,0,0,0,0,2018-06-22
5582,Celso Borges Mora,Costa Rica,2018,7548,Brazil,Costa Rica,,0,84,0,1,0.0944,1,30,24,1,1,0,0,0,2018-06-22
5837,Douglas Costa de Souza,Brazil,2018,7548,Brazil,Costa Rica,,0,96,0,0,0.0,3,33,27,5,4,0,0,3,2018-06-22
5593,Christian Bolaños Navarro,Costa Rica,2018,7548,Brazil,Costa Rica,,0,94,0,0,0.0,0,9,3,0,0,0,0,0,2018-06-22
3535,Roberto Firmino Barbosa de Oliveira,Brazil,2018,7548,Brazil,Costa Rica,,0,97,0,1,0.1596,0,12,11,1,1,0,0,0,2018-06-22
5600,Francisco Javier Calvo Quesada,Costa Rica,2018,7548,Brazil,Costa Rica,,0,96,0,0,0.0,0,4,2,0,0,0,0,0,2018-06-22
5839,Yeltsin Ignacio Tejeda Valverde,Costa Rica,2018,7548,Brazil,Costa Rica,,0,96,0,0,0.0,0,5,3,0,0,0,0,0,2018-06-22
3054,Fernando Luiz Roza,Brazil,2018,7548,Brazil,Costa Rica,,0,96,0,0,0.0,0,10,10,0,0,1,0,0,2018-06-22
4319,Edinson Roberto Cavani Gómez,Uruguay,2018,7578,Egypt,Uruguay,,0,93,0,5,0.226,1,28,26,3,1,1,0,1,2018-06-15
5259,José María Giménez de Vargas,Uruguay,2018,7578,Egypt,Uruguay,,0,94,1,3,0.2501,0,65,52,1,0,6,1,1,2018-06-15
5247,Nahitan Michel Nández Acosta,Uruguay,2018,7578,Egypt,Uruguay,,0,57,0,0,0.0,1,34,25,0,0,0,0,0,2018-06-15
5263,Mohamed Abdul Shafy Sayed Abouezeid,Egypt,2018,7578,Egypt,Uruguay,,0,94,0,0,0.0,0,63,47,2,1,4,1,0,2018-06-15
5255,Matías Vecino Falero,Uruguay,2018,7578,Egypt,Uruguay,,0,86,0,1,0.0056,0,88,74,1,1,2,0,1,2018-06-15
5264,Guillermo Varela Olivera,Uruguay,2018,7578,Egypt,Uruguay,,0,92,0,0,0.0,2,70,62,1,1,0,1,2,2018-06-15
5261,Mahmoud Ibrahim Hassan,Egypt,2018,7578,Egypt,Uruguay,,0,94,0,2,0.1101,0,39,33,5,1,2,3,1,2018-06-15
5252,Marwan Mohsen,Egypt,2018,7578,Egypt,Uruguay,,0,62,0,1,0.0565,0,13,8,0,0,0,1,1,2018-06-15
5249,Diego Roberto Godín Leal,Uruguay,2018,7578,Egypt,Uruguay,,0,96,0,0,0.0,0,66,53,0,0,3,0,3,2018-06-15
5260,Rodrigo Bentancur Colmán,Uruguay,2018,7578,Egypt,Uruguay,,0,91,0,0,0.0,1,89,80,1,0,6,1,2,2018-06-15
5258,Giorgian Daniel De Arrascaeta Benedetti,Uruguay,2018,7578,Egypt,Uruguay,,0,58,0,0,0.0,0,25,21,1,0,0,1,1,2018-06-15
3568,Mohamed Naser Elsayed Elneny,Egypt,2018,7578,Egypt,Uruguay,,0,94,0,2,0.091,0,48,41,0,0,1,3,0,2018-06-15
5248,José Martín Cáceres Silva,Uruguay,2018,7578,Egypt,Uruguay,,0,90,0,2,0.6256,0,49,38,1,0,1,3,1,2018-06-15
5251,Abdalla Mahmoud El Said Bekhit,Egypt,2018,7578,Egypt,Uruguay,,0,94,0,1,0.0793,0,58,42,0,0,2,1,0,2018-06-15
4063,Ahmed Elsayed Ali Elsayed Hegazy,Egypt,2018,7578,Egypt,Uruguay,,0,94,0,0,0.0,0,45,30,0,0,2,1,0,2018-06-15
5262,Tarek Hamed,Egypt,2018,7578,Egypt,Uruguay,,0,49,0,1,0.0194,0,33,27,0,0,0,1,1,2018-06-15
5246,Luis Alberto Suárez Díaz,Uruguay,2018,7578,Egypt,Uruguay,,0,96,0,4,0.8016,2,29,21,4,1,2,0,2,2018-06-15
5254,Ali Gabr,Egypt,2018,7578,Egypt,Uruguay,,0,90,0,0,0.0,0,23,14,0,0,0,0,0,2018-06-15
5253,Amr Medhat Warda,Egypt,2018,7578,Egypt,Uruguay,,0,81,0,0,0.0,1,31,16,2,2,2,1,3,2018-06-15
5250,Ahmed Fathy Abdel Meneim Ibrahim,Egypt,2018,7578,Egypt,Uruguay,,0,94,0,1,0.0083,1,54,42,0,0,1,1,0,2018-06-15
5265,Mohamed El Sayed Mohamed El Shenawy Gomaa,Egypt,2018,7578,Egypt,Uruguay,,0,89,0,0,0.0,0,19,8,0,0,0,0,0,2018-06-15
5267,Néstor Fernando Muslera Micol,Uruguay,2018,7578,Egypt,Uruguay,,0,94,0,0,0.0,0,19,16,0,0,0,0,0,2018-06-15
3878,Sam Morsy,Egypt,2018,7578,Egypt,Uruguay,,0,94,0,0,0.0,0,24,24,0,0,2,2,0,2018-06-15
5268,Carlos Andrés Sánchez Arcosa,Uruguay,2018,7578,Egypt,Uruguay,,0,94,0,1,0.0318,4,31,23,1,0,0,0,0,2018-06-15
5256,Cristian Gabriel Rodríguez Barrotti,Uruguay,2018,7578,Egypt,Uruguay,,0,91,0,0,0.0,0,25,19,1,1,0,0,1,2018-06-15
5257,Mahmoud Abdul Monem Abdelhamid Soliman,Egypt,2018,7578,Egypt,Uruguay,,0,94,0,0,0.0,0,15,9,0,0,0,1,0,2018-06-15
3536,Ramadan Sobhi Ramadan Ahmed,Egypt,2018,7578,Egypt,Uruguay,,0,91,0,0,0.0,0,4,3,0,0,0,0,0,2018-06-15
5266,Lucas Torreira Di Pascua,Uruguay,2018,7578,Egypt,Uruguay,,0,94,0,0,0.0,0,5,3,0,0,0,0,1,2018-06-15
3083,Heung-Min Son,South Korea,2018,7553,South Korea,Mexico,,0,94,1,8,0.3931,4,35,32,7,5,0,1,1,2018-06-23
3058,Javier Hernández Balcázar,Mexico,2018,7553,South Korea,Mexico,,0,94,1,3,0.3493,1,25,21,4,3,1,0,4,2018-06-23
3605,Sung-Yeung Ki,South Korea,2018,7553,South Korea,Mexico,,0,94,0,3,0.0854,0,37,33,0,0,0,3,0,2018-06-23
5604,Young-Gwon Kim,South Korea,2018,7553,South Korea,Mexico,,0,94,0,0,0.0,0,29,26,2,2,0,3,0,2018-06-23
5606,Hyun-Soo Jang,South Korea,2018,7553,South Korea,Mexico,,0,91,0,0,0.0,0,33,28,0,0,0,1,2,2018-06-23
5571,Hirving Rodrigo Lozano Bahena,Mexico,2018,7553,South Korea,Mexico,,0,70,0,3,0.2993,1,15,13,5,2,4,2,5,2018-06-23
5608,Yong Lee,South Korea,2018,7553,South Korea,Mexico,,0,91,0,0,0.0,0,39,26,2,2,0,4,1,2018-06-23
5576,Jesús Daniel Gallardo Vasconcelos,Mexico,2018,7553,South Korea,Mexico,,0,94,0,0,0.0,1,48,40,1,0,2,1,0,2018-06-23
5989,Seon-Min Moon,South Korea,2018,7553,South Korea,Mexico,,0,76,0,2,0.1834,0,22,16,1,0,0,1,1,2018-06-23
5988,Se-Jong Ju,South Korea,2018,7553,South Korea,Mexico,,0,63,0,0,0.0,0,33,24,0,0,1,2,1,2018-06-23
5573,Héctor Alfredo Moreno Herrera,Mexico,2018,7553,South Korea,Mexico,,0,94,0,0,0.0,1,57,51,0,0,0,1,0,2018-06-23
5623,Jae-Sung Lee,South Korea,2018,7553,South Korea,Mexico,,0,94,0,3,0.1106,2,45,36,1,1,2,1,0,2018-06-23
5560,Carlos Alberto Vela Garrido,Mexico,2018,7553,South Korea,Mexico,,0,76,1,2,0.8028,2,33,28,4,4,1,2,5,2018-06-23
5556,Miguel Arturo Layún Prado,Mexico,2018,7553,South Korea,Mexico,,0,93,0,1,0.0915,3,33,24,2,2,0,0,3,2018-06-23
5610,Min-Woo Kim,South Korea,2018,7553,South Korea,Mexico,,0,83,0,0,0.0,2,33,24,0,0,1,2,0,2018-06-23
5567,Edson Omar Álvarez Velázquez,Mexico,2018,7553,South Korea,Mexico,,0,94,0,1,0.1088,0,70,63,2,1,1,0,0,2018-06-23
5620,Hee-Chan Hwang,South Korea,2018,7553,South Korea,Mexico,,0,94,0,1,0.0494,2,15,5,6,2,0,2,2,2018-06-23
5563,José Andrés Guardado Hernández,Mexico,2018,7553,South Korea,Mexico,,0,67,0,2,0.1387,1,34,27,0,0,1,0,2,2018-06-23
5564,Carlos Joel Salcedo Hernández,Mexico,2018,7553,South Korea,Mexico,,0,94,0,1,0.0551,0,68,60,1,1,0,1,1,2018-06-23
5575,Héctor Miguel Herrera López,Mexico,2018,7553,South Korea,Mexico,,0,94,0,1,0.0321,0,55,48,1,0,0,1,2,2018-06-23
5619,Hyeon-Woo Jo,South Korea,2018,7553,South Korea,Mexico,,0,94,0,0,0.0,0,10,6,0,0,0,0,0,2018-06-23
5577,Francisco Guillermo Ochoa Magaña,Mexico,2018,7553,South Korea,Mexico,,0,95,0,0,0.0,0,21,15,0,0,0,0,1,2018-06-23
5616,Seung-Woo Lee,South Korea,2018,7553,South Korea,Mexico,,0,94,0,0,0.0,2,14,9,4,1,0,2,0,2018-06-23
5558,Rafael Márquez Álvarez,Mexico,2018,7553,South Korea,Mexico,,0,94,0,0,0.0,0,20,19,0,0,1,0,0,2018-06-23
5985,Jesús Manuel Corona Ruíz,Mexico,2018,7553,South Korea,Mexico,,0,94,0,0,0.0,0,13,10,1,1,1,0,0,2018-06-23
5618,Woo-Young Jung,South Korea,2018,7553,South Korea,Mexico,,0,89,0,0,0.0,0,9,9,0,0,0,2,0,2018-06-23
5987,Giovani dos Santos Ramírez,Mexico,2018,7553,South Korea,Mexico,,0,94,0,0,0.0,0,3,3,0,0,1,0,0,2018-06-23
5986,Chul Hong,South Korea,2018,7553,South Korea,Mexico,,0,94,0,0,0.0,0,6,5,1,0,1,2,0,2018-06-23
5645,Armando Enrique Cooper Whitaker,Panama,2018,7536,Belgium,Panama,,0,93,0,1,0.0231,1,34,28,5,4,2,2,4,2018-06-18
5638,Fidel Escobar Mendieta,Panama,2018,7536,Belgium,Panama,,0,93,0,1,0.0093,0,28,22,0,0,0,3,1,2018-06-18
5631,Blas Antonio Miguel Pérez Ortega,Panama,2018,7536,Belgium,Panama,,0,73,0,0,0.0,2,19,10,2,1,0,1,0,2018-06-18
5637,Edgar Yoel Bárcenas Herrera,Panama,2018,7536,Belgium,Panama,,0,62,0,2,0.0718,2,21,16,2,0,0,3,0,2018-06-18
3509,Thibaut Courtois,Belgium,2018,7536,Belgium,Panama,,0,88,0,0,0.0,0,25,18,0,0,0,0,0,2018-06-18
5633,Yannick Ferreira Carrasco,Belgium,2018,7536,Belgium,Panama,,0,73,0,1,0.0328,1,24,23,3,2,1,1,4,2018-06-18
3077,Jan Vertonghen,Belgium,2018,7536,Belgium,Panama,,0,90,0,0,0.0,0,74,66,0,0,0,2,1,2018-06-18
5639,Anga Dedryck Boyata,Belgium,2018,7536,Belgium,Panama,,0,93,0,0,0.0,0,88,81,0,0,2,1,1,2018-06-18
3089,Kevin De Bruyne,Belgium,2018,7536,Belgium,Panama,,0,91,0,3,0.1217,4,74,55,0,0,2,2,0,2018-06-18
3176,Thomas Meunier,Belgium,2018,7536,Belgium,Panama,,0,89,0,0,0.0,1,51,42,1,0,0,3,1,2018-06-18
5628,José Luis Rodríguez Francis,Panama,2018,7536,Belgium,Panama,,0,62,0,0,0.0,0,10,7,1,0,1,0,3,2018-06-18
3289,Romelu Lukaku Menama,Belgium,2018,7536,Belgium,Panama,,0,92,2,3,0.7453,0,18,13,5,2,0,2,2,2018-06-18
5646,Aníbal Cesis Godoy,Panama,2018,7536,Belgium,Panama,,0,94,0,0,0.0,0,43,40,3,1,4,2,4,2018-06-18
5642,Axel Witsel,Belgium,2018,7536,Belgium,Panama,,0,89,0,0,0.0,0,54,52,1,1,0,3,2,2018-06-18
5630,Dries Mertens,Belgium,2018,7536,Belgium,Panama,,0,82,1,4,0.1302,0,39,23,1,0,2,0,3,2018-06-18
5635,Román Aureliano Torres Morcillo,Panama,2018,7536,Belgium,Panama,,0,91,0,2,0.1747,0,24,17,0,0,0,1,1,2018-06-18
5640,Gabriel Enrique Gómez Girón,Panama,2018,7536,Belgium,Panama,,0,93,0,0,0.0,0,45,44,0,0,2,0,0,2018-06-18
5636,Jaime Manuel Penedo Cano,Panama,2018,7536,Belgium,Panama,,0,91,0,0,0.0,0,19,8,0,0,0,0,0,2018-06-18
3621,Eden Hazard,Belgium,2018,7536,Belgium,Panama,,0,92,0,4,0.1821,4,41,32,6,1,5,1,6,2018-06-18
5641,Michael Amir Murillo Bermudez,Panama,2018,7536,Belgium,Panama,,0,91,0,1,0.3464,0,48,37,0,0,1,4,2,2018-06-18
20005,Toby Alderweireld,Belgium,2018,7536,Belgium,Panama,,0,91,0,0,0.0,0,105,93,0,0,0,0,0,2018-06-18
5634,Erick Javier Davis Grajales,Panama,2018,7536,Belgium,Panama,,0,93,0,0,0.0,0,48,36,0,0,3,4,0,2018-06-18
5644,Ismael Díaz De León,Panama,2018,7536,Belgium,Panama,,0,93,0,0,0.0,0,5,5,2,0,2,0,0,2018-06-18
5629,Gabriel Arturo Torres Tejada,Panama,2018,7536,Belgium,Panama,,0,93,0,0,0.0,0,9,6,1,0,0,0,0,2018-06-18
5643,Luis Carlos Tejada Hansell,Panama,2018,7536,Belgium,Panama,,0,94,0,0,0.0,0,11,8,2,0,0,0,1,2018-06-18
3037,Mousa Sidi Yaya Dembélé,Belgium,2018,7536,Belgium,Panama,,0,94,0,0,0.0,0,8,8,0,0,0,1,0,2018-06-18
5632,Thorgan Hazard,Belgium,2018,7536,Belgium,Panama,,0,94,0,0,0.0,0,5,4,0,0,0,1,0,2018-06-18
4831,Nacer Chadli,Belgium,2018,7536,Belgium,Panama,,0,94,0,0,0.0,0,4,3,0,0,0,0,0,2018-06-18
5668,Robert Lewandowski,Poland,2018,7555,Poland,Colombia,,0,93,0,5,0.7335,1,35,25,5,3,0,3,3,2018-06-24
4626,Jan Bednarek,Poland,2018,7555,Poland,Colombia,,0,94,0,0,0.0,0,57,46,0,0,1,2,0,2018-06-24
3445,Radamel Falcao García Zárate,Colombia,2018,7555,Poland,Colombia,,0,77,1,2,0.3668,0,28,20,3,2,0,1,2,2018-06-24
5666,Dawid Kownacki,Poland,2018,7555,Poland,Colombia,,0,56,0,1,0.0098,1,19,14,1,0,0,2,0,2018-06-24
5691,Johan Andrés Mojica Palacio,Colombia,2018,7555,Poland,Colombia,,0,95,0,0,0.0,0,47,26,4,3,0,0,0,2018-06-24
5695,James David Rodríguez Rubio,Colombia,2018,7555,Poland,Colombia,,0,95,0,2,0.0601,3,73,62,8,7,0,1,2,2018-06-24
5658,Łukasz Piszczek,Poland,2018,7555,Poland,Colombia,,0,94,0,0,0.0,2,59,42,1,0,3,0,1,2018-06-24
3494,Davinson Sánchez Mina,Colombia,2018,7555,Poland,Colombia,,0,93,0,0,0.0,1,39,29,0,0,1,1,0,2018-06-24
5686,Wílmar Enrique Barrios Terán,Colombia,2018,7555,Poland,Colombia,,0,93,0,0,0.0,0,51,41,2,1,1,1,2,2018-06-24
5692,Juan Fernando Quintero Paniagua,Colombia,2018,7555,Poland,Colombia,,0,72,0,2,0.0711,1,63,47,2,0,0,2,2,2018-06-24
3637,Grzegorz Krychowiak,Poland,2018,7555,Poland,Colombia,,0,94,0,1,0.202,1,49,38,0,0,3,2,3,2018-06-24
5669,Wojciech Szczęsny,Poland,2018,7555,Poland,Colombia,,0,94,0,0,0.0,0,22,14,0,0,0,0,0,2018-06-24
6195,Jacek Góralski,Poland,2018,7555,Poland,Colombia,,0,94,0,0,0.0,0,38,30,2,1,3,4,3,2018-06-24
6192,Abel Enrique Aguilar Tapia,Colombia,2018,7555,Poland,Colombia,,0,31,0,0,0.0,0,13,9,0,0,0,0,0,2018-06-24
6196,Yerry Fernando Mina González,Colombia,2018,7555,Poland,Colombia,,0,94,1,1,0.5429,0,42,34,0,0,2,2,3,2018-06-24
5672,Maciej Rybus,Poland,2018,7555,Poland,Colombia,,0,92,0,0,0.0,1,34,25,2,1,4,1,0,2018-06-24
5696,Santiago Arias Naranjo,Colombia,2018,7555,Poland,Colombia,,0,94,0,1,0.0173,0,54,47,0,0,3,1,0,2018-06-24
4276,David Ospina Ramírez,Colombia,2018,7555,Poland,Colombia,,0,89,0,0,0.0,0,21,14,0,0,0,0,1,2018-06-24
5660,Piotr Zieliński,Poland,2018,7555,Poland,Colombia,,0,94,0,2,0.0483,0,43,33,4,3,0,1,0,2018-06-24
5670,Michał Pazdan,Poland,2018,7555,Poland,Colombia,,0,79,0,0,0.0,0,55,44,0,0,2,1,0,2018-06-24
5689,Juan Guillermo Cuadrado Bello,Colombia,2018,7555,Poland,Colombia,,0,94,1,3,0.2126,3,63,52,6,5,0,0,4,2018-06-24
5673,Bartosz Bereszyński,Poland,2018,7555,Poland,Colombia,,0,71,0,1,0.0517,1,17,13,1,1,1,0,0,2018-06-24
6193,Andrés Mateus Uribe Villa,Colombia,2018,7555,Poland,Colombia,,0,94,0,1,0.0985,0,35,30,1,1,2,1,1,2018-06-24
5667,Kamil Grosicki,Poland,2018,7555,Poland,Colombia,,0,94,0,0,0.0,1,9,7,1,0,1,0,0,2018-06-24
5678,Jefferson Andrés Lerma Solís,Colombia,2018,7555,Poland,Colombia,,0,95,0,1,0.0175,0,13,10,0,0,0,1,0,2018-06-24
6194,Łukasz Teodorczyk,Poland,2018,7555,Poland,Colombia,,0,94,0,1,0.0688,0,3,2,1,0,0,1,0,2018-06-24
5688,Carlos Arturo Bacca Ahumada,Colombia,2018,7555,Poland,Colombia,,0,94,0,0,0.0,0,6,6,0,0,0,0,0,2018-06-24
3034,Kamil Glik,Poland,2018,7555,Poland,Colombia,,0,93,0,0,0.0,0,8,7,0,0,0,0,0,2018-06-24
4367,Gonçalo Manuel Ganchinho Guedes,Portugal,2018,7576,Portugal,Spain,,0,79,0,1,0.0239,0,18,15,1,0,0,1,2,2018-06-15
5198,Diego da Silva Costa,Spain,2018,7576,Portugal,Spain,,0,76,2,3,1.047,1,17,17,2,2,0,0,0,2018-06-15
5203,Sergio Busquets i Burgos,Spain,2018,7576,Portugal,Spain,,0,93,0,1,0.1005,1,70,66,0,0,3,2,4,2018-06-15
5201,Sergio Ramos García,Spain,2018,7576,Portugal,Spain,,0,93,0,0,0.0,0,116,112,0,0,0,0,0,2018-06-15
5211,Jordi Alba Ramos,Spain,2018,7576,Portugal,Spain,,0,94,0,0,0.0,1,87,75,0,0,0,1,0,2018-06-15
3193,Bernardo Mota Veiga de Carvalho e Silva,Portugal,2018,7576,Portugal,Spain,,0,68,0,0,0.0,0,19,16,2,1,1,2,0,2018-06-15
5213,Gerard Piqué Bernabéu,Spain,2018,7576,Portugal,Spain,,0,94,0,0,0.0,0,70,66,0,0,1,2,0,2018-06-15
3168,João Filipe Iria Santos Moutinho,Portugal,2018,7576,Portugal,Spain,,0,93,0,0,0.0,2,40,39,1,1,0,3,1,2018-06-15
5216,Andrés Iniesta Luján,Spain,2018,7576,Portugal,Spain,,0,69,0,1,0.0736,1,67,61,4,2,0,0,1,2018-06-15
3064,David Josué Jiménez Silva,Spain,2018,7576,Portugal,Spain,,0,85,0,3,0.3072,3,56,50,3,3,2,2,0,2018-06-15
5209,Raphaël Adelino José Guerreiro,Portugal,2018,7576,Portugal,Spain,,0,94,0,0,0.0,0,60,46,4,1,1,0,0,2018-06-15
5204,Bruno Miguel Borges Fernandes,Portugal,2018,7576,Portugal,Spain,,0,67,0,1,0.0208,0,19,15,0,0,2,1,1,2018-06-15
5202,José Ignacio Fernández Iglesias,Spain,2018,7576,Portugal,Spain,,0,94,1,1,0.0355,0,61,57,4,4,3,4,1,2018-06-15
5214,William Silva de Carvalho,Portugal,2018,7576,Portugal,Spain,,0,91,0,0,0.0,0,50,45,1,1,1,1,0,2018-06-15
3960,José Miguel da Rocha Fonte,Portugal,2018,7576,Portugal,Spain,,0,90,0,0,0.0,0,34,28,0,0,0,0,1,2018-06-15
5199,Jorge Resurrección Merodio,Spain,2018,7576,Portugal,Spain,,0,94,0,0,0.0,0,84,75,1,1,2,0,1,2018-06-15
4926,Francisco Román Alarcón Suárez,Spain,2018,7576,Portugal,Spain,,0,94,0,2,0.0344,0,99,88,7,3,0,0,4,2018-06-15
5207,Cristiano Ronaldo dos Santos Aveiro,Portugal,2018,7576,Portugal,Spain,,0,93,3,5,1.1524,1,34,32,1,0,0,0,4,2018-06-15
3329,Cédric Ricardo Alves Soares,Portugal,2018,7576,Portugal,Spain,,0,93,0,0,0.0,1,41,28,0,0,0,1,0,2018-06-15
20016,Kléper Laveran Lima Ferreira,Portugal,2018,7576,Portugal,Spain,,0,84,0,1,0.1428,0,28,24,0,0,1,2,0,2018-06-15
3333,David de Gea Quintana,Spain,2018,7576,Portugal,Spain,,0,93,0,0,0.0,0,13,12,0,0,0,0,0,2018-06-15
5205,Rui Pedro dos Santos Patrício,Portugal,2018,7576,Portugal,Spain,,0,91,0,0,0.0,0,25,16,0,0,0,0,0,2018-06-15
4272,João Mário Naval da Costa Eduardo,Portugal,2018,7576,Portugal,Spain,,0,91,0,0,0.0,1,8,6,1,1,0,1,1,2018-06-15
5208,Thiago Alcântara do Nascimento,Spain,2018,7576,Portugal,Spain,,0,93,0,0,0.0,1,30,26,2,2,0,0,1,2018-06-15
5215,Ricardo Andrade Quaresma Bernardo,Portugal,2018,7576,Portugal,Spain,,0,93,0,2,0.0947,0,8,6,2,2,0,1,1,2018-06-15
5217,Iago Aspas Juncal,Spain,2018,7576,Portugal,Spain,,0,94,0,1,0.0629,0,6,5,0,0,0,0,0,2018-06-15
5218,André Miguel Valente Silva,Portugal,2018,7576,Portugal,Spain,,0,94,0,0,0.0,0,4,2,0,0,0,0,0,2018-06-15
5200,Lucas Vázquez Iglesias,Spain,2018,7576,Portugal,Spain,,0,94,0,0,0.0,0,4,4,0,0,1,0,0,2018-06-15
3202,Gabriel Fernando de Jesus,Brazil,2018,7565,Serbia,Brazil,,0,92,0,2,0.2463,1,26,22,4,2,2,1,2,2018-06-27
5539,Carlos Henrique Casimiro,Brazil,2018,7565,Serbia,Brazil,,0,92,0,1,0.0068,0,75,59,0,0,0,1,1,2018-06-27
5542,José Paulo Bezzera Maciel Júnior,Brazil,2018,7565,Serbia,Brazil,,0,65,1,1,0.3122,0,27,23,2,0,0,0,0,2018-06-27
5551,João Miranda de Souza Filho,Brazil,2018,7565,Serbia,Brazil,,0,92,0,0,0.0,0,51,46,0,0,1,1,0,2018-06-27
4269,Aleksandar Mitrović,Serbia,2018,7565,Serbia,Brazil,,0,88,0,5,0.6624,0,25,10,0,0,0,1,2,2018-06-27
3501,Philippe Coutinho Correia,Brazil,2018,7565,Serbia,Brazil,,0,79,0,2,0.1403,3,58,51,5,1,1,0,1,2018-06-27
5552,Marcelo Vieira da Silva Júnior,Brazil,2018,7565,Serbia,Brazil,,0,9,0,0,0.0,0,9,5,1,0,0,0,1,2018-06-27
3831,Dušan Tadić,Serbia,2018,7565,Serbia,Brazil,,0,90,0,1,0.0326,3,32,24,3,1,1,1,0,2018-06-27
4320,Neymar da Silva Santos Junior,Brazil,2018,7565,Serbia,Brazil,,0,92,0,7,0.5053,5,84,69,11,7,0,0,3,2018-06-27
5603,Nikola Milenković,Serbia,2018,7565,Serbia,Brazil,,0,90,0,0,0.0,0,43,39,0,0,0,0,0,2018-06-27
5547,Alisson Ramsés Becker,Brazil,2018,7565,Serbia,Brazil,,0,91,0,0,0.0,0,12,8,0,0,0,0,0,2018-06-27
5587,Adem Ljajić,Serbia,2018,7565,Serbia,Brazil,,0,74,0,0,0.0,1,45,35,5,3,0,2,0,2018-06-27
5589,Sergej Milinković-Savić,Serbia,2018,7565,Serbia,Brazil,,0,92,0,2,0.0839,0,50,39,1,0,0,1,1,2018-06-27
5588,Antonio Rukavina,Serbia,2018,7565,Serbia,Brazil,,0,90,0,0,0.0,1,40,32,0,0,1,3,0,2018-06-27
3381,Nemanja Matić,Serbia,2018,7565,Serbia,Brazil,,0,92,0,1,0.129,0,54,42,2,1,2,1,0,2018-06-27
5596,Aleksandar Kolarov,Serbia,2018,7565,Serbia,Brazil,,0,92,0,0,0.0,1,48,35,0,0,1,3,1,2018-06-27
3472,Willian Borges da Silva,Brazil,2018,7565,Serbia,Brazil,,0,92,0,0,0.0,0,63,52,2,1,1,1,2,2018-06-27
5591,Filip Kostić,Serbia,2018,7565,Serbia,Brazil,,0,81,0,1,0.0316,0,24,16,3,2,0,2,3,2018-06-27
5838,Fágner Conserva Lemos,Brazil,2018,7565,Serbia,Brazil,,0,92,0,0,0.0,0,61,51,2,2,1,2,1,2018-06-27
6321,Milos Veljkovic,Serbia,2018,7565,Serbia,Brazil,,0,92,0,0,0.0,0,44,41,0,0,1,0,0,2018-06-27
5601,Vladimir Stojković,Serbia,2018,7565,Serbia,Brazil,,0,92,0,0,0.0,0,21,8,0,0,0,0,0,2018-06-27
3295,Thiago Emiliano da Silva,Brazil,2018,7565,Serbia,Brazil,,0,93,1,1,0.1774,0,51,46,0,0,1,1,1,2018-06-27
6320,Filipe Luís Kasmirski,Brazil,2018,7565,Serbia,Brazil,,0,90,0,1,0.0315,1,82,73,1,1,2,0,0,2018-06-27
3054,Fernando Luiz Roza,Brazil,2018,7565,Serbia,Brazil,,0,92,0,0,0.0,2,32,27,0,0,1,0,0,2018-06-27
6318,Andrija Živković,Serbia,2018,7565,Serbia,Brazil,,0,91,0,1,0.0087,1,13,10,0,0,0,0,0,2018-06-27
5553,Renato Soares de Oliveira Augusto,Brazil,2018,7565,Serbia,Brazil,,0,92,0,0,0.0,0,22,21,0,0,0,0,0,2018-06-27
5833,Nemanja Radonjić,Serbia,2018,7565,Serbia,Brazil,,0,91,0,0,0.0,1,8,6,1,1,0,0,0,2018-06-27
6319,Luka Jović,Serbia,2018,7565,Serbia,Brazil,,0,92,0,0,0.0,0,0,0,0,0,0,0,0,2018-06-27
5625,Emil Peter Forsberg,Sweden,2018,7551,Germany,Sweden,,0,85,0,1,0.0092,0,13,10,4,2,2,1,1,2018-06-23
5559,Marco Reus,Germany,2018,7551,Germany,Sweden,,0,94,1,2,0.1849,1,54,44,2,1,0,1,1,2018-06-23
5607,Andreas Granqvist,Sweden,2018,7551,Germany,Sweden,,0,89,0,1,0.1289,0,15,12,0,0,0,1,1,2018-06-23
4417,Ola Toivonen,Sweden,2018,7551,Germany,Sweden,,0,77,1,1,0.1038,0,16,9,1,0,0,4,1,2018-06-23
3167,Antonio Rüdiger,Germany,2018,7551,Germany,Sweden,,0,92,0,0,0.0,0,86,80,0,0,0,2,2,2018-06-23
5613,Viktor Claesson,Sweden,2018,7551,Germany,Sweden,,0,73,0,0,0.0,2,19,13,4,1,1,1,1,2018-06-23
3186,Julian Draxler,Germany,2018,7551,Germany,Sweden,,0,45,0,1,0.2657,1,28,24,0,0,0,3,0,2018-06-23
5574,Toni Kroos,Germany,2018,7551,Germany,Sweden,,0,94,1,5,0.1916,2,122,111,3,3,0,0,1,2018-06-23
11098,Marcus Berg,Sweden,2018,7551,Germany,Sweden,,0,89,0,3,0.5597,0,18,15,0,0,1,1,2,2018-06-23
6040,Jonas Hector,Germany,2018,7551,Germany,Sweden,,0,86,0,2,0.1838,0,50,45,0,0,0,1,1,2018-06-23
5578,Jérôme Boateng,Germany,2018,7551,Germany,Sweden,,0,80,0,2,0.0341,0,103,93,0,0,2,2,1,2018-06-23
5579,Joshua Kimmich,Germany,2018,7551,Germany,Sweden,,0,93,0,0,0.0,2,85,69,1,1,1,0,3,2018-06-23
6039,Sebastian Rudy,Germany,2018,7551,Germany,Sweden,,0,30,0,1,0.0271,0,17,17,0,0,0,1,0,2018-06-23
5562,Thomas Müller,Germany,2018,7551,Germany,Sweden,,0,96,0,1,0.052,2,47,35,1,1,0,1,2,2018-06-23
5557,Timo Werner,Germany,2018,7551,Germany,Sweden,,0,94,0,1,0.1304,3,34,22,1,1,0,1,3,2018-06-23
5621,Ludwig Augustinsson,Sweden,2018,7551,Germany,Sweden,,0,96,0,0,0.0,1,27,18,1,0,1,0,0,2018-06-23
5624,Albin Ekdal,Sweden,2018,7551,Germany,Sweden,,0,95,0,0,0.0,0,21,12,2,2,0,1,1,2018-06-23
5612,Mikael Lustig,Sweden,2018,7551,Germany,Sweden,,0,91,0,0,0.0,1,30,22,0,0,3,2,2,2018-06-23
5617,Sebastian Larsson,Sweden,2018,7551,Germany,Sweden,,0,96,0,0,0.0,1,31,26,1,0,0,2,0,2018-06-23
5622,Robin Olsen,Sweden,2018,7551,Germany,Sweden,,0,94,0,0,0.0,0,18,7,0,0,0,0,1,2018-06-23
5570,Manuel Neuer,Germany,2018,7551,Germany,Sweden,,0,97,0,0,0.0,0,30,25,0,0,0,0,0,2018-06-23
3702,Victor Nilsson Lindelöf,Sweden,2018,7551,Germany,Sweden,,0,71,0,0,0.0,0,19,15,0,0,1,1,0,2018-06-23
10287,İlkay Gündoğan,Germany,2018,7551,Germany,Sweden,,0,96,0,1,0.0219,2,51,47,0,0,0,0,1,2018-06-23
5565,Mario Gómez García,Germany,2018,7551,Germany,Sweden,,0,87,0,1,0.1617,1,6,3,0,0,0,0,0,2018-06-23
19988,Jimmy Durmaz,Sweden,2018,7551,Germany,Sweden,,0,94,0,0,0.0,1,4,3,2,0,0,2,0,2018-06-23
6038,John Guidetti,Sweden,2018,7551,Germany,Sweden,,0,93,0,1,0.0136,0,2,1,0,0,0,0,0,2018-06-23
5555,Julian Brandt,Germany,2018,7551,Germany,Sweden,,0,91,0,1,0.065,0,5,4,1,0,0,0,1,2018-06-23
5615,Isaac Kiese Thelin,Sweden,2018,7551,Germany,Sweden,,0,95,0,0,0.0,0,1,1,0,0,0,1,0,2018-06-23
3094,Bamidele Alli,England,2018,7537,Tunisia,England,,0,79,0,2,0.1958,1,30,23,3,0,2,0,2,2018-06-18
3244,John Stones,England,2018,7537,Tunisia,England,,0,89,0,3,0.5886,0,71,69,0,0,1,1,1,2018-06-18
3196,Wahbi Khazri,Tunisia,2018,7537,Tunisia,England,,0,84,0,1,0.0088,1,21,14,1,0,0,2,1,2018-06-18
3205,Kyle Walker,England,2018,7537,Tunisia,England,,0,92,0,0,0.0,0,75,70,2,1,1,1,1,2018-06-18
3532,Jordan Brian Henderson,England,2018,7537,Tunisia,England,,0,93,0,1,0.0246,0,69,57,0,0,1,1,2,2018-06-18
5649,Anice Badri,Tunisia,2018,7537,Tunisia,England,,0,92,0,0,0.0,0,33,31,3,2,3,1,0,2018-06-18
3336,Harry Maguire,England,2018,7537,Tunisia,England,,0,90,0,2,0.089,3,80,70,2,1,1,2,1,2018-06-18
3612,Ashley Young,England,2018,7537,Tunisia,England,,0,92,0,1,0.0784,2,63,54,1,0,0,2,1,2018-06-18
5654,Fakhreddine Ben Youssef,Tunisia,2018,7537,Tunisia,England,,0,92,0,1,0.0651,0,33,24,0,0,1,1,4,2018-06-18
3557,Naïm Sliti,Tunisia,2018,7537,Tunisia,England,,0,72,0,2,0.0379,0,18,13,5,3,1,0,1,2018-06-18
3308,Kieran Trippier,England,2018,7537,Tunisia,England,,0,93,0,1,0.0375,5,72,58,4,4,0,0,1,2018-06-18
3293,Jesse Lingard,England,2018,7537,Tunisia,England,,0,91,0,4,0.6125,0,27,26,3,2,0,0,2,2018-06-18
5653,Mouez Hassen,Tunisia,2018,7537,Tunisia,England,,0,14,0,0,0.0,0,5,3,0,0,0,0,0,2018-06-18
5651,Yassine Meriah,Tunisia,2018,7537,Tunisia,England,,0,87,0,0,0.0,0,45,36,0,0,3,2,1,2018-06-18
5647,Ali Maâloul,Tunisia,2018,7537,Tunisia,England,,0,93,0,0,0.0,1,42,36,1,1,0,1,0,2018-06-18
5656,Syam Ben Youssef,Tunisia,2018,7537,Tunisia,England,,0,90,0,0,0.0,0,23,20,2,2,2,2,1,2018-06-18
5655,Dylan Daniel Mahmoud Bronn,Tunisia,2018,7537,Tunisia,England,,0,92,0,0,0.0,1,44,35,0,0,1,1,0,2018-06-18
3767,Ellyes Joris Skhiri,Tunisia,2018,7537,Tunisia,England,,0,89,0,0,0.0,0,34,30,2,1,1,2,0,2018-06-18
10955,Harry Kane,England,2018,7537,Tunisia,England,,0,93,2,3,0.5965,0,23,13,1,0,0,1,1,2018-06-18
5650,Ferjani Sassi,Tunisia,2018,7537,Tunisia,England,,0,92,1,2,0.834,1,39,31,0,0,1,3,0,2018-06-18
3233,Raheem Sterling,England,2018,7537,Tunisia,England,,0,67,0,1,0.4034,1,16,12,8,6,0,1,1,2018-06-18
3468,Jordan Pickford,England,2018,7537,Tunisia,England,,0,93,0,0,0.0,0,29,21,0,0,0,0,0,2018-06-18
5648,Farouk Ben Mustapha,Tunisia,2018,7537,Tunisia,England,,0,90,0,0,0.0,0,26,7,0,0,0,0,1,2018-06-18
3318,Marcus Rashford,England,2018,7537,Tunisia,England,,0,93,0,0,0.0,0,8,7,3,1,0,0,1,2018-06-18
5657,Mohamed Amine Ben Amor,Tunisia,2018,7537,Tunisia,England,,0,93,0,0,0.0,0,5,5,0,0,0,0,0,2018-06-18
3504,Ruben Loftus-Cheek,England,2018,7537,Tunisia,England,,0,89,0,0,0.0,0,7,4,2,2,0,0,0,2018-06-18
5652,Saber Khalifa,Tunisia,2018,7537,Tunisia,England,,0,92,0,0,0.0,0,0,0,0,0,0,0,0,2018-06-18
5487,Antoine Griezmann,France,2018,7580,France,Argentina,,0,82,1,3,1.0287,0,19,13,1,1,0,2,2,2018-06-30
5485,Raphaël Varane,France,2018,7580,France,Argentina,,0,85,0,0,0.0,0,35,33,0,0,0,0,0,2018-06-30
3604,Olivier Giroud,France,2018,7580,France,Argentina,,0,94,0,1,0.0798,1,14,9,0,0,0,4,0,2018-06-30
5507,Nicolás Alejandro Tagliafico,Argentina,2018,7580,France,Argentina,,0,91,0,0,0.0,0,30,25,0,0,0,1,1,2018-06-30
6312,Franco Armani,Argentina,2018,7580,France,Argentina,,0,94,0,0,0.0,0,20,15,0,0,0,0,0,2018-06-30
5504,Éver Maximiliano David Banega,Argentina,2018,7580,France,Argentina,,0,94,0,1,0.0273,2,63,54,3,1,2,0,2,2018-06-30
20004,Paul Pogba,France,2018,7580,France,Argentina,,0,92,0,1,0.091,1,44,34,3,3,1,4,3,2018-06-30
3009,Kylian Mbappé Lottin,France,2018,7580,France,Argentina,,0,88,2,2,0.3388,0,29,18,8,5,2,0,4,2018-06-30
5476,Benjamin Pavard,France,2018,7580,France,Argentina,,0,94,1,1,0.0242,0,27,25,0,0,0,2,1,2018-06-30
2995,Ángel Fabián Di María Hernández,Argentina,2018,7580,France,Argentina,,0,94,1,3,0.3611,0,26,14,4,3,0,1,4,2018-06-30
3099,Hugo Lloris,France,2018,7580,France,Argentina,,0,94,0,0,0.0,0,24,17,0,0,0,0,0,2018-06-30
5492,Samuel Yves Umtiti,France,2018,7580,France,Argentina,,0,94,0,0,0.0,0,45,40,1,1,1,1,1,2018-06-30
3602,Faustino Marcos Alberto Rojo,Argentina,2018,7580,France,Argentina,,0,46,0,0,0.0,0,25,25,0,0,2,1,0,2018-06-30
3090,Nicolás Hernán Otamendi,Argentina,2018,7580,France,Argentina,,0,92,0,1,0.1925,0,73,65,0,0,1,1,2,2018-06-30
5742,Gabriel Iván Mercado,Argentina,2018,7580,France,Argentina,,0,92,1,1,0.28,0,80,74,0,0,0,4,4,2018-06-30
5496,Cristian David Pavón,Argentina,2018,7580,France,Argentina,,0,74,0,0,0.0,0,32,21,1,0,0,0,0,2018-06-30
5484,Lucas Hernández Pi,France,2018,7580,France,Argentina,,0,94,0,0,0.0,2,18,14,2,0,1,1,0,2018-06-30
4375,Blaise Matuidi,France,2018,7580,France,Argentina,,0,74,0,1,0.0755,0,28,24,0,0,1,5,0,2018-06-30
5503,Lionel Andrés Messi Cuccittini,Argentina,2018,7580,France,Argentina,,0,92,0,4,0.24,2,39,31,5,3,0,0,5,2018-06-30
3961,N'Golo Kanté,France,2018,7580,France,Argentina,,0,88,0,0,0.0,0,53,48,0,0,2,2,2,2018-06-30
5506,Javier Alejandro Mascherano,Argentina,2018,7580,France,Argentina,,0,94,0,0,0.0,1,60,51,2,1,0,4,1,2018-06-30
5741,Enzo Nicolás Pérez,Argentina,2018,7580,France,Argentina,,0,65,0,0,0.0,0,38,36,1,1,1,2,2,2018-06-30
6349,Federico Julián Fazio,Argentina,2018,7580,France,Argentina,,0,92,0,0,0.0,1,27,21,0,0,0,0,1,2018-06-30
3237,Sergio Leonel Agüero del Castillo,Argentina,2018,7580,France,Argentina,,0,94,1,2,0.3456,0,9,6,2,1,1,0,1,2018-06-30
5499,Maximiliano Eduardo Meza,Argentina,2018,7580,France,Argentina,,0,94,0,0,0.0,1,13,10,4,2,0,0,0,2018-06-30
5480,Corentin Tolisso,France,2018,7580,France,Argentina,,0,92,0,0,0.0,0,10,6,0,0,0,1,1,2018-06-30
2948,Nabil Fekir,France,2018,7580,France,Argentina,,0,94,0,0,0.0,0,3,1,0,0,0,1,0,2018-06-30
3254,Florian Thauvin,France,2018,7580,France,Argentina,,0,91,0,0,0.0,0,1,1,0,0,0,0,0,2018-06-30
3043,Christian Dannemann Eriksen,Denmark,2018,7581,Croatia,Denmark,,0,120,0,4,0.8795,1,54,39,6,4,1,0,0,2018-07-01
3027,Mathias Jørgensen Jatta,Denmark,2018,7581,Croatia,Denmark,,0,116,1,1,0.1261,0,68,58,0,0,1,3,1,2018-07-01
5472,Mario Mandžukić,Croatia,2018,7581,Croatia,Denmark,,0,107,1,1,0.2635,0,27,19,0,0,0,2,0,2018-07-01
5468,Domagoj Vida,Croatia,2018,7581,Croatia,Denmark,,0,121,0,0,0.0,0,76,63,0,0,1,0,0,2018-07-01
5527,Thomas Delaney,Denmark,2018,7581,Croatia,Denmark,,0,97,0,1,0.0058,1,59,51,1,1,3,4,1,2018-07-01
3959,Andreas Christensen,Denmark,2018,7581,Croatia,Denmark,,0,45,0,0,0.0,0,23,19,0,0,0,0,1,2018-07-01
5463,Luka Modrić,Croatia,2018,7581,Croatia,Denmark,,0,124,1,4,1.6665,5,91,69,5,5,2,1,2,2018-07-01
5469,Marcelo Brozović,Croatia,2018,7581,Croatia,Denmark,,0,70,0,0,0.0,0,51,43,1,0,1,0,1,2018-07-01
5536,Yussuf Yurary Poulsen,Denmark,2018,7581,Croatia,Denmark,,0,120,0,0,0.0,1,36,24,9,6,3,4,2,2018-07-01
5474,Ivan Perišić,Croatia,2018,7581,Croatia,Denmark,,0,96,0,7,0.5153,0,21,15,1,0,2,0,0,2018-07-01
4763,Henrik Dalsgaard,Denmark,2018,7581,Croatia,Denmark,,0,120,0,0,0.0,1,54,38,1,1,2,2,0,2018-07-01
4447,Martin Braithwaite Christensen,Denmark,2018,7581,Croatia,Denmark,,0,105,0,3,0.2402,0,20,14,0,0,0,2,0,2018-07-01
5732,Andreas Evald Cornelius,Denmark,2018,7581,Croatia,Denmark,,0,65,0,0,0.0,1,11,7,1,0,0,1,0,2018-07-01
5457,Ivan Strinić,Croatia,2018,7581,Croatia,Denmark,,0,80,0,0,0.0,1,54,37,3,3,1,1,1,2018-07-01
6355,Jonas Knudsen,Denmark,2018,7581,Croatia,Denmark,,0,117,0,0,0.0,0,52,30,1,1,0,0,0,2018-07-01
3444,Danijel Subašić,Croatia,2018,7581,Croatia,Denmark,,0,127,0,0,0.0,0,34,22,0,0,0,0,0,2018-07-01
5534,Simon Thorup Kjær,Denmark,2018,7581,Croatia,Denmark,,0,121,1,1,0.7835,1,77,69,0,0,0,1,1,2018-07-01
5470,Ivan Rakitić,Croatia,2018,7581,Croatia,Denmark,,0,128,1,4,0.9186,2,81,69,1,1,0,2,3,2018-07-01
5461,Šime Vrsaljko,Croatia,2018,7581,Croatia,Denmark,,0,117,0,0,0.0,1,61,45,0,0,0,0,2,2018-07-01
5465,Ante Rebić,Croatia,2018,7581,Croatia,Denmark,,0,116,0,3,0.0728,0,25,14,6,6,1,1,5,2018-07-01
3815,Kasper Schmeichel,Denmark,2018,7581,Croatia,Denmark,,0,128,0,0,0.0,0,46,29,0,0,0,0,0,2018-07-01
3471,Dejan Lovren,Croatia,2018,7581,Croatia,Denmark,,0,117,0,1,0.1846,0,65,56,0,0,0,0,1,2018-07-01
5520,Lasse Schöne,Denmark,2018,7581,Croatia,Denmark,,0,125,0,4,0.8767,0,49,41,1,1,3,1,0,2018-07-01
5522,Nicolai Jørgensen,Denmark,2018,7581,Croatia,Denmark,,0,127,0,3,0.9085,2,16,11,0,0,0,1,0,2018-07-01
5456,Mateo Kovačić,Croatia,2018,7581,Croatia,Denmark,,0,120,0,1,0.0431,0,26,23,2,2,0,0,3,2018-07-01
6308,Josip Pivarić,Croatia,2018,7581,Croatia,Denmark,,0,126,0,2,0.8216,1,33,26,1,1,0,0,0,2018-07-01
5460,Andrej Kramarić,Croatia,2018,7581,Croatia,Denmark,,0,122,1,2,0.8181,1,15,12,0,0,1,0,0,2018-07-01
6356,Michael Krohn-Dehli,Denmark,2018,7581,Croatia,Denmark,,0,123,1,1,0.7835,1,11,11,0,0,0,0,0,2018-07-01
5516,Pione Sisto Ifolo Emirmija,Denmark,2018,7581,Croatia,Denmark,,0,118,0,1,0.0103,0,5,4,0,0,0,0,0,2018-07-01
6305,Milan Badelj,Croatia,2018,7581,Croatia,Denmark,,0,120,0,1,0.7835,1,5,4,0,0,0,0,1,2018-07-01
5475,John Michael Nchekwube Obinna,Nigeria,2018,7549,Nigeria,Iceland,,0,95,0,0,0.0,1,71,59,2,2,1,2,0,2018-06-22
5455,William Troost-Ekong,Nigeria,2018,7549,Nigeria,Iceland,,0,95,0,2,0.1239,0,44,35,0,0,1,0,1,2018-06-22
5829,Jón Daði Böðvarsson,Iceland,2018,7549,Nigeria,Iceland,,0,70,0,1,0.0453,1,18,14,0,0,0,0,1,2018-06-22
5509,Birkir Bjarnason,Iceland,2018,7549,Nigeria,Iceland,,0,92,0,2,0.0934,1,19,17,2,1,1,2,0,2018-06-22
3338,Onyinye Wilfred Ndidi,Nigeria,2018,7549,Nigeria,Iceland,,0,95,0,2,0.0391,1,82,65,0,0,1,1,0,2018-06-22
3944,Gylfi Þór Sigurðsson,Iceland,2018,7549,Nigeria,Iceland,,0,95,0,3,0.939,2,49,34,6,4,1,2,3,2018-06-22
5501,Hörður Björgvin Magnússon,Iceland,2018,7549,Nigeria,Iceland,,0,92,0,0,0.0,0,38,18,2,2,1,2,0,2018-06-22
5505,Kári Árnason,Iceland,2018,7549,Nigeria,Iceland,,0,95,0,0,0.0,0,33,18,0,0,0,1,1,2018-06-22
5511,Ragnar Sigurðsson,Iceland,2018,7549,Nigeria,Iceland,,0,64,0,0,0.0,0,14,6,0,0,1,1,0,2018-06-22
3708,Kelechi Promise Iheanacho,Nigeria,2018,7549,Nigeria,Iceland,,0,84,0,2,0.0723,2,31,20,4,2,0,0,1,2018-06-22
5498,Hannes Þór Halldórsson,Iceland,2018,7549,Nigeria,Iceland,,0,96,0,0,0.0,0,24,16,0,0,0,0,1,2018-06-22
5473,Ahmed Musa,Nigeria,2018,7549,Nigeria,Iceland,,0,95,2,3,0.7121,2,29,24,5,3,0,2,2,2018-06-22
5495,Rúrik Gíslason,Iceland,2018,7549,Nigeria,Iceland,,0,95,0,1,0.0436,1,30,21,0,0,1,2,2,2018-06-22
5462,Brian Oladapo Idowu,Nigeria,2018,7549,Nigeria,Iceland,,0,45,0,0,0.0,0,17,14,0,0,1,2,0,2018-06-22
5515,Aron Einar Gunnarsson,Iceland,2018,7549,Nigeria,Iceland,,0,86,0,0,0.0,0,33,21,2,2,1,0,0,2018-06-22
5466,Oghenekaro Etebo,Nigeria,2018,7549,Nigeria,Iceland,,0,89,0,2,0.088,2,53,41,2,1,0,1,2,2018-06-22
5830,Kenneth Josiah Omeruo,Nigeria,2018,7549,Nigeria,Iceland,,0,95,0,1,0.0442,1,46,29,0,0,3,1,2,2018-06-22
5454,Francis Odinaka Uzoho,Nigeria,2018,7549,Nigeria,Iceland,,0,93,0,0,0.0,0,15,7,0,0,0,0,0,2018-06-22
5467,Leon Aderemi Balogun,Nigeria,2018,7549,Nigeria,Iceland,,0,92,0,1,0.0789,0,55,44,0,0,1,0,0,2018-06-22
5514,Alfreð Finnbogason,Iceland,2018,7549,Nigeria,Iceland,,0,95,0,2,0.3522,1,20,16,0,0,0,1,1,2018-06-22
3963,Victor Moses,Nigeria,2018,7549,Nigeria,Iceland,,0,92,0,3,0.0921,2,54,47,1,1,0,0,3,2018-06-22
5508,Birkir Már Sævarsson,Iceland,2018,7549,Nigeria,Iceland,,0,95,0,0,0.0,0,40,28,2,1,1,0,1,2018-06-22
5832,Tyronne Ebuehi,Nigeria,2018,7549,Nigeria,Iceland,,0,95,0,0,0.0,2,25,23,0,0,0,1,0,2018-06-22
5831,Sverrir Ingi Ingason,Iceland,2018,7549,Nigeria,Iceland,,0,96,0,1,0.0786,0,11,8,0,0,0,1,0,2018-06-22
5500,Björn Bergmann Sigurðarson,Iceland,2018,7549,Nigeria,Iceland,,0,95,0,0,0.0,0,7,4,0,0,0,0,0,2018-06-22
5458,Odion Jude Ighalo,Nigeria,2018,7549,Nigeria,Iceland,,0,96,0,0,0.0,1,4,3,1,1,0,0,1,2018-06-22
5502,Ari Freyr Skúlason,Iceland,2018,7549,Nigeria,Iceland,,0,96,0,0,0.0,1,3,3,1,0,0,0,0,2018-06-22
3647,Alex Iwobi,Nigeria,2018,7549,Nigeria,Iceland,,0,96,0,1,0.0616,0,3,2,0,0,0,0,0,2018-06-22
5475,John Michael Nchekwube Obinna,Nigeria,2018,7529,Croatia,Nigeria,,0,87,0,0,0.0,2,42,32,2,2,0,1,1,2018-06-16
5472,Mario Mandžukić,Croatia,2018,7529,Croatia,Nigeria,,0,84,0,2,0.428,3,25,16,0,0,0,4,1,2018-06-16
5455,William Troost-Ekong,Nigeria,2018,7529,Croatia,Nigeria,,0,93,0,0,0.0,0,57,43,2,2,2,2,0,2018-06-16
5458,Odion Jude Ighalo,Nigeria,2018,7529,Croatia,Nigeria,,0,71,0,3,0.3088,0,6,5,1,0,0,3,1,2018-06-16
3471,Dejan Lovren,Croatia,2018,7529,Croatia,Nigeria,,0,92,0,1,0.0785,0,57,48,0,0,1,1,0,2018-06-16
3963,Victor Moses,Nigeria,2018,7529,Croatia,Nigeria,,0,93,0,3,0.1628,1,38,17,3,3,1,2,5,2018-06-16
5465,Ante Rebić,Croatia,2018,7529,Croatia,Nigeria,,0,77,0,1,0.0285,1,34,23,2,1,4,5,0,2018-06-16
5463,Luka Modrić,Croatia,2018,7529,Croatia,Nigeria,,0,92,1,1,0.7835,0,69,55,1,0,2,4,1,2018-06-16
5457,Ivan Strinić,Croatia,2018,7529,Croatia,Nigeria,,0,92,0,0,0.0,0,50,36,1,0,2,1,2,2018-06-16
5462,Brian Oladapo Idowu,Nigeria,2018,7529,Croatia,Nigeria,,0,93,0,0,0.0,1,35,23,0,0,0,0,1,2018-06-16
3338,Onyinye Wilfred Ndidi,Nigeria,2018,7529,Croatia,Nigeria,,0,94,0,0,0.0,1,48,39,0,0,0,1,3,2018-06-16
5470,Ivan Rakitić,Croatia,2018,7529,Croatia,Nigeria,,0,93,0,1,0.0184,3,69,55,1,1,0,3,3,2018-06-16
5468,Domagoj Vida,Croatia,2018,7529,Croatia,Nigeria,,0,92,0,0,0.0,0,38,33,0,0,3,0,1,2018-06-16
5461,Šime Vrsaljko,Croatia,2018,7529,Croatia,Nigeria,,0,94,0,1,0.0118,0,44,35,0,0,0,1,1,2018-06-16
5460,Andrej Kramarić,Croatia,2018,7529,Croatia,Nigeria,,0,59,0,2,0.1356,0,18,10,3,3,0,0,2,2018-06-16
5471,Abdullahi Shehu,Nigeria,2018,7529,Croatia,Nigeria,,0,89,0,0,0.0,0,32,31,1,0,1,0,1,2018-06-16
5454,Francis Odinaka Uzoho,Nigeria,2018,7529,Croatia,Nigeria,,0,91,0,0,0.0,0,27,14,0,0,0,0,0,2018-06-16
3647,Alex Iwobi,Nigeria,2018,7529,Croatia,Nigeria,,0,61,0,3,0.0972,1,20,14,2,0,0,1,0,2018-06-16
5474,Ivan Perišić,Croatia,2018,7529,Croatia,Nigeria,,0,93,0,1,0.067,1,41,32,2,2,1,0,0,2018-06-16
5467,Leon Aderemi Balogun,Nigeria,2018,7529,Croatia,Nigeria,,0,93,0,1,0.1124,0,44,34,0,0,2,1,0,2018-06-16
5466,Oghenekaro Etebo,Nigeria,2018,7529,Croatia,Nigeria,,0,94,0,2,0.0291,2,68,62,4,4,0,1,8,2018-06-16
3444,Danijel Subašić,Croatia,2018,7529,Croatia,Nigeria,,0,86,0,0,0.0,0,25,18,0,0,0,0,0,2018-06-16
5469,Marcelo Brozović,Croatia,2018,7529,Croatia,Nigeria,,0,92,0,0,0.0,0,26,24,0,0,1,2,0,2018-06-16
5473,Ahmed Musa,Nigeria,2018,7529,Croatia,Nigeria,,0,94,0,0,0.0,1,6,4,1,1,0,1,0,2018-06-16
3708,Kelechi Promise Iheanacho,Nigeria,2018,7529,Croatia,Nigeria,,0,89,0,1,0.052,1,2,1,0,0,0,0,0,2018-06-16
5456,Mateo Kovačić,Croatia,2018,7529,Croatia,Nigeria,,0,93,0,1,0.1431,0,3,2,0,0,0,0,0,2018-06-16
5459,Marko Pjaca,Croatia,2018,7529,Croatia,Nigeria,,0,93,0,0,0.0,1,4,2,0,0,0,0,1,2018-06-16
5464,Simeon Tochukwu Nwankwo,Nigeria,2018,7529,Croatia,Nigeria,,0,93,0,0,0.0,0,0,0,0,0,0,2,0,2018-06-16
5535,José Paolo Guerrero Gonzáles,Peru,2018,7562,Australia,Peru,,0,92,1,2,0.291,1,17,10,0,0,0,2,0,2018-06-26
5523,Renato Fabrizio Tapia Cortijo,Peru,2018,7562,Australia,Peru,,0,62,0,0,0.0,0,20,17,0,0,2,1,0,2018-06-26
5493,Tomi Jurić,Australia,2018,7562,Australia,Peru,,0,52,0,0,0.0,0,11,5,1,0,0,0,0,2018-06-26
5529,Víctor Yoshimar Yotún Flores,Peru,2018,7562,Australia,Peru,,0,45,0,1,0.0057,1,39,31,0,0,0,1,1,2018-06-26
5521,Luis Jan Piers Advíncula Castrillón,Peru,2018,7562,Australia,Peru,,0,93,0,0,0.0,0,45,36,0,0,1,2,4,2018-06-26
5738,Anderson Santamaría Bardales,Peru,2018,7562,Australia,Peru,,0,93,0,0,0.0,0,40,37,0,0,0,0,0,2018-06-26
5491,Tom Rogić,Australia,2018,7562,Australia,Peru,,0,71,0,2,0.2792,0,23,21,5,5,1,1,1,2018-06-26
5518,Miguel Ángel Trauco Saavedra,Peru,2018,7562,Australia,Peru,,0,93,0,0,0.0,0,68,55,2,1,0,0,0,2018-06-26
5481,Mathew Leckie,Australia,2018,7562,Australia,Peru,,0,93,0,2,0.1921,1,33,22,4,3,1,2,3,2018-06-26
5530,Christian Guillermo Martín Ramos Garagay,Peru,2018,7562,Australia,Peru,,0,93,0,0,0.0,1,40,33,0,0,1,0,0,2018-06-26
3632,André Martín Carrillo Díaz,Peru,2018,7562,Australia,Peru,,0,77,1,1,0.0397,0,25,19,2,2,1,0,1,2018-06-26
5494,Robbie Kruse,Australia,2018,7562,Australia,Peru,,0,57,0,0,0.0,0,14,9,0,0,0,0,1,2018-06-26
5525,Édison Michael Flores Peralta,Peru,2018,7562,Australia,Peru,,0,92,0,0,0.0,0,23,15,1,0,1,1,1,2018-06-26
5482,Josh Risdon,Australia,2018,7562,Australia,Peru,,0,93,0,0,0.0,0,66,53,2,2,0,1,1,2018-06-26
3281,Aaron Mooy,Australia,2018,7562,Australia,Peru,,0,90,0,1,0.009,6,84,71,0,0,0,1,0,2018-06-26
5479,Aziz Eraltay Behich,Australia,2018,7562,Australia,Peru,,0,92,0,1,0.1177,1,52,44,2,0,0,1,2,2018-06-26
5489,Mile Jedinak,Australia,2018,7562,Australia,Peru,,0,93,0,4,0.4221,0,75,68,0,0,0,3,1,2018-06-26
5488,Mark Milligan,Australia,2018,7562,Australia,Peru,,0,92,0,0,0.0,1,83,78,0,0,1,1,0,2018-06-26
5478,Trent Sainsbury,Australia,2018,7562,Australia,Peru,,0,92,0,3,0.3079,2,77,71,1,1,1,0,1,2018-06-26
5519,Christian Alberto Cueva Bravo,Peru,2018,7562,Australia,Peru,,0,93,0,0,0.0,0,32,28,2,2,0,0,4,2018-06-26
3240,Mathew Ryan,Australia,2018,7562,Australia,Peru,,0,86,0,0,0.0,0,28,27,0,0,0,0,0,2018-06-26
5528,Pedro David Gallese Quiróz,Peru,2018,7562,Australia,Peru,,0,93,0,0,0.0,0,32,18,0,0,0,0,0,2018-06-26
5526,Pedro Jesús Aquino Sánchez,Peru,2018,7562,Australia,Peru,,0,93,0,0,0.0,0,27,23,0,0,0,2,1,2018-06-26
6314,Tim Cahill,Australia,2018,7562,Australia,Peru,,0,93,0,2,0.2419,0,9,6,0,0,0,1,1,2018-06-26
5483,Daniel Arzani,Australia,2018,7562,Australia,Peru,,0,93,0,1,0.0595,0,12,10,1,0,0,1,1,2018-06-26
6315,Christopher Paolo César Hurtado Huertas,Peru,2018,7562,Australia,Peru,,0,93,0,0,0.0,0,19,16,1,1,0,2,0,2018-06-26
5490,Jackson Irvine,Australia,2018,7562,Australia,Peru,,0,93,0,0,0.0,0,8,4,0,0,1,0,0,2018-06-26
6313,Wilder José Cartagena Mendoza,Peru,2018,7562,Australia,Peru,,0,89,0,0,0.0,0,4,3,0,0,0,1,0,2018-06-26
3629,Sadio Mané,Senegal,2018,7571,Senegal,Colombia,,0,93,0,1,0.0472,2,26,17,3,2,1,3,3,2018-06-28
5675,Kalidou Koulibaly,Senegal,2018,7571,Senegal,Colombia,,0,92,0,0,0.0,0,40,29,0,0,3,3,0,2018-06-28
5661,M'Baye Babacar Niang,Senegal,2018,7571,Senegal,Colombia,,0,85,0,2,0.145,2,24,12,1,1,3,1,2,2018-06-28
6196,Yerry Fernando Mina González,Colombia,2018,7571,Senegal,Colombia,,0,92,1,1,0.058,0,58,52,1,1,2,2,2,2018-06-28
5696,Santiago Arias Naranjo,Colombia,2018,7571,Senegal,Colombia,,0,93,0,0,0.0,0,63,47,0,0,2,3,2,2018-06-28
3445,Radamel Falcao García Zárate,Colombia,2018,7571,Senegal,Colombia,,0,88,0,1,0.1134,0,19,13,0,0,0,2,2,2018-06-28
3684,Cheikhou Kouyaté,Senegal,2018,7571,Senegal,Colombia,,0,93,0,0,0.0,0,27,21,2,2,1,0,0,2018-06-28
5685,Carlos Alberto Sánchez Moreno,Colombia,2018,7571,Senegal,Colombia,,0,91,0,0,0.0,0,35,30,0,0,0,3,0,2018-06-28
4276,David Ospina Ramírez,Colombia,2018,7571,Senegal,Colombia,,0,93,0,0,0.0,0,32,21,0,0,0,0,1,2018-06-28
6335,Lamine Gassama,Senegal,2018,7571,Senegal,Colombia,,0,91,0,0,0.0,0,32,28,3,2,4,1,3,2018-06-28
3404,Youssouf Sabaly,Senegal,2018,7571,Senegal,Colombia,,0,73,0,0,0.0,0,32,21,1,1,0,3,0,2018-06-28
5664,Salif Sané,Senegal,2018,7571,Senegal,Colombia,,0,93,0,1,0.0203,0,42,32,0,0,1,0,0,2018-06-28
5695,James David Rodríguez Rubio,Colombia,2018,7571,Senegal,Colombia,,0,30,0,0,0.0,0,10,7,1,0,0,0,0,2018-06-28
3436,Idrissa Gana Gueye,Senegal,2018,7571,Senegal,Colombia,,0,93,0,0,0.0,0,49,42,0,0,1,1,1,2018-06-28
3145,Keita Baldé Diao,Senegal,2018,7571,Senegal,Colombia,,0,79,0,1,0.0332,0,14,9,0,0,2,2,3,2018-06-28
5689,Juan Guillermo Cuadrado Bello,Colombia,2018,7571,Senegal,Colombia,,0,92,0,0,0.0,0,41,29,3,0,1,1,5,2018-06-28
3494,Davinson Sánchez Mina,Colombia,2018,7571,Senegal,Colombia,,0,90,0,0,0.0,0,65,54,0,0,0,0,1,2018-06-28
5691,Johan Andrés Mojica Palacio,Colombia,2018,7571,Senegal,Colombia,,0,92,0,0,0.0,0,38,24,2,0,0,2,0,2018-06-28
2941,Ismaïla Sarr,Senegal,2018,7571,Senegal,Colombia,,0,92,0,2,0.1152,0,16,13,4,2,0,1,2,2018-06-28
5659,Khadim N'Diaye,Senegal,2018,7571,Senegal,Colombia,,0,91,0,0,0.0,0,19,6,0,0,0,0,1,2018-06-28
6193,Andrés Mateus Uribe Villa,Colombia,2018,7571,Senegal,Colombia,,0,82,0,0,0.0,0,32,30,0,0,0,1,0,2018-06-28
5692,Juan Fernando Quintero Paniagua,Colombia,2018,7571,Senegal,Colombia,,0,92,0,1,0.0482,2,51,37,1,1,0,0,1,2018-06-28
6334,Luis Fernando Muriel Fruto,Colombia,2018,7571,Senegal,Colombia,,0,92,0,1,0.0653,0,18,12,2,0,0,2,0,2018-06-28
5674,Moussa Wagué,Senegal,2018,7571,Senegal,Colombia,,0,93,0,0,0.0,0,3,2,1,1,0,0,0,2018-06-28
3555,Pape Moussa Konaté,Senegal,2018,7571,Senegal,Colombia,,0,92,0,0,0.0,0,2,1,0,0,0,0,0,2018-06-28
3962,Diafra Sakho,Senegal,2018,7571,Senegal,Colombia,,0,93,0,0,0.0,0,2,1,0,0,0,0,0,2018-06-28
5678,Jefferson Andrés Lerma Solís,Colombia,2018,7571,Senegal,Colombia,,0,92,0,0,0.0,0,3,2,0,0,0,0,1,2018-06-28
6333,Miguel Ángel Borja Hernández,Colombia,2018,7571,Senegal,Colombia,,0,92,0,0,0.0,0,1,0,0,0,0,0,0,2018-06-28
5834,Mario Gavranović,Switzerland,2018,7568,Switzerland,Costa Rica,,0,68,0,2,0.1532,0,11,7,0,0,0,1,1,2018-06-27
5585,Daniel Colindres Solera,Costa Rica,2018,7568,Switzerland,Costa Rica,,0,79,0,3,0.121,1,29,14,2,0,1,3,1,2018-06-27
3500,Granit Xhaka,Switzerland,2018,7568,Switzerland,Costa Rica,,0,93,0,0,0.0,2,103,100,2,2,2,0,0,2018-06-27
3533,Xherdan Shaqiri,Switzerland,2018,7568,Switzerland,Costa Rica,,0,80,0,0,0.0,3,37,26,2,2,0,1,2,2018-06-27
5541,Stephan Lichtsteiner,Switzerland,2018,7568,Switzerland,Costa Rica,,0,94,0,1,0.0187,0,54,41,0,0,1,1,3,2018-06-27
5537,Fabian Lukas Schär,Switzerland,2018,7568,Switzerland,Costa Rica,,0,93,0,0,0.0,0,85,73,0,0,0,2,0,2018-06-27
5549,Manuel Obafemi Akanji,Switzerland,2018,7568,Switzerland,Costa Rica,,0,84,0,0,0.0,0,77,72,0,0,0,0,2,2018-06-27
6328,Kendall Jamaal Waston Manley,Costa Rica,2018,7568,Switzerland,Costa Rica,,0,88,1,1,0.1312,0,41,37,0,0,4,0,1,2018-06-27
5581,Joel Nathaniel Campbell Samuels,Costa Rica,2018,7568,Switzerland,Costa Rica,,0,94,0,2,0.1735,4,23,18,10,7,0,2,2,2018-06-27
5540,Valon Behrami,Switzerland,2018,7568,Switzerland,Costa Rica,,0,59,0,1,0.0191,0,48,43,0,0,0,1,0,2018-06-27
5599,David Alberto Guzmán Pérez,Costa Rica,2018,7568,Switzerland,Costa Rica,,0,90,0,1,0.0263,1,46,31,1,1,1,2,0,2018-06-27
5545,Breel-Donald Embolo,Switzerland,2018,7568,Switzerland,Costa Rica,,0,94,0,2,0.0811,2,26,21,2,2,2,0,3,2018-06-27
5592,Bryan Ruiz González,Costa Rica,2018,7568,Switzerland,Costa Rica,,0,94,0,1,0.7835,1,37,31,4,3,0,1,2,2018-06-27
5582,Celso Borges Mora,Costa Rica,2018,7568,Switzerland,Costa Rica,,0,94,0,3,0.2296,1,40,31,0,0,0,1,0,2018-06-27
5597,Keylor Navas Gamboa,Costa Rica,2018,7568,Switzerland,Costa Rica,,0,87,0,0,0.0,0,15,12,0,0,0,0,0,2018-06-27
5602,Cristian Gamboa Luna,Costa Rica,2018,7568,Switzerland,Costa Rica,,0,92,0,1,0.0339,0,25,18,1,0,0,2,2,2018-06-27
5544,Ricardo Iván Rodríguez Araya,Switzerland,2018,7568,Switzerland,Costa Rica,,0,94,0,1,0.007,1,56,44,1,0,0,2,1,2018-06-27
5554,Blerim Džemaili,Switzerland,2018,7568,Switzerland,Costa Rica,,0,91,1,3,0.5794,0,31,19,3,3,1,0,2,2018-06-27
5836,Bryan Oviedo,Costa Rica,2018,7568,Switzerland,Costa Rica,,0,94,0,2,0.077,1,38,29,0,0,4,3,1,2018-06-27
5550,Yann Sommer,Switzerland,2018,7568,Switzerland,Costa Rica,,0,92,0,0,0.0,0,35,27,0,0,0,0,0,2018-06-27
5590,Johnny Acosta Zamora,Costa Rica,2018,7568,Switzerland,Costa Rica,,0,86,0,0,0.0,0,27,23,1,1,1,0,1,2018-06-27
5584,Giancarlo González Castro,Costa Rica,2018,7568,Switzerland,Costa Rica,,0,94,0,0,0.0,0,33,30,1,1,2,0,0,2018-06-27
5538,Denis Lemi Zakaria Lako Lado,Switzerland,2018,7568,Switzerland,Costa Rica,,0,91,0,0,0.0,1,22,20,0,0,1,2,1,2018-06-27
5835,Josip Drmic,Switzerland,2018,7568,Switzerland,Costa Rica,,0,94,1,3,0.3612,0,5,4,0,0,0,0,0,2018-06-27
5546,Michael Lang,Switzerland,2018,7568,Switzerland,Costa Rica,,0,94,0,0,0.0,0,5,5,0,0,0,0,0,2018-06-27
6326,Rodney Wallace,Costa Rica,2018,7568,Switzerland,Costa Rica,,0,94,0,0,0.0,0,5,4,0,0,0,1,0,2018-06-27
6327,Rándall Azofeifa Corrales,Costa Rica,2018,7568,Switzerland,Costa Rica,,0,94,0,0,0.0,0,2,1,0,0,0,0,0,2018-06-27
6329,Ian Rey Smith Quiros,Costa Rica,2018,7568,Switzerland,Costa Rica,,0,94,0,0,0.0,0,1,1,0,0,0,0,0,2018-06-27
5486,Andrew Nabbout,Australia,2018,7530,France,Australia,,0,63,0,0,0.0,0,5,3,0,0,0,1,2,2018-06-16
5478,Trent Sainsbury,Australia,2018,7530,France,Australia,,0,94,0,0,0.0,0,57,45,0,0,3,0,2,2018-06-16
5476,Benjamin Pavard,France,2018,7530,France,Australia,,0,94,0,1,0.0308,1,73,54,1,0,1,4,1,2018-06-16
3281,Aaron Mooy,Australia,2018,7530,France,Australia,,0,94,0,0,0.0,2,64,48,1,1,2,1,0,2018-06-16
5480,Corentin Tolisso,France,2018,7530,France,Australia,,0,77,0,0,0.0,0,68,57,1,0,2,2,2,2018-06-16
3009,Kylian Mbappé Lottin,France,2018,7530,France,Australia,,0,94,0,1,0.0116,2,21,19,8,4,0,1,1,2018-06-16
5479,Aziz Eraltay Behich,Australia,2018,7530,France,Australia,,0,94,0,1,0.0121,0,61,46,1,0,1,3,0,2018-06-16
5491,Tom Rogić,Australia,2018,7530,France,Australia,,0,70,0,0,0.0,0,14,13,2,1,1,2,3,2018-06-16
5485,Raphaël Varane,France,2018,7530,France,Australia,,0,95,0,0,0.0,0,70,60,1,0,1,0,1,2018-06-16
5487,Antoine Griezmann,France,2018,7530,France,Australia,,0,69,1,5,1.3364,0,21,10,0,0,0,1,2,2018-06-16
5494,Robbie Kruse,Australia,2018,7530,France,Australia,,0,83,0,0,0.0,0,13,11,0,0,0,2,4,2018-06-16
3099,Hugo Lloris,France,2018,7530,France,Australia,,0,93,0,0,0.0,0,19,15,0,0,0,0,0,2018-06-16
20004,Paul Pogba,France,2018,7530,France,Australia,,0,94,0,1,0.0507,1,58,48,1,0,0,1,3,2018-06-16
5489,Mile Jedinak,Australia,2018,7530,France,Australia,,0,94,1,1,0.7835,0,38,30,0,0,1,1,1,2018-06-16
5492,Samuel Yves Umtiti,France,2018,7530,France,Australia,,0,93,0,1,0.007,0,57,55,0,0,2,2,1,2018-06-16
3961,N'Golo Kanté,France,2018,7530,France,Australia,,0,94,0,0,0.0,0,62,56,3,3,0,2,0,2018-06-16
3240,Mathew Ryan,Australia,2018,7530,France,Australia,,0,91,0,0,0.0,0,45,38,0,0,0,0,0,2018-06-16
5481,Mathew Leckie,Australia,2018,7530,France,Australia,,0,94,0,2,0.14,0,20,11,0,0,2,6,2,2018-06-16
5484,Lucas Hernández Pi,France,2018,7530,France,Australia,,0,94,0,2,0.1159,0,55,41,4,2,0,2,6,2018-06-16
5482,Josh Risdon,Australia,2018,7530,France,Australia,,0,94,0,1,0.0445,0,40,23,1,1,1,3,0,2018-06-16
5477,Ousmane Dembélé,France,2018,7530,France,Australia,,0,69,0,0,0.0,1,17,10,3,1,0,1,1,2018-06-16
5488,Mark Milligan,Australia,2018,7530,France,Australia,,0,94,0,0,0.0,0,76,67,0,0,3,1,0,2018-06-16
5493,Tomi Jurić,Australia,2018,7530,France,Australia,,0,94,0,0,0.0,0,3,2,0,0,0,0,1,2018-06-16
2948,Nabil Fekir,France,2018,7530,France,Australia,,0,94,0,1,0.0093,0,14,10,3,1,0,0,2,2018-06-16
3604,Olivier Giroud,France,2018,7530,France,Australia,,0,94,0,0,0.0,0,3,3,0,0,0,1,0,2018-06-16
5490,Jackson Irvine,Australia,2018,7530,France,Australia,,0,94,0,0,0.0,0,4,3,0,0,1,0,0,2018-06-16
4375,Blaise Matuidi,France,2018,7530,France,Australia,,0,94,0,0,0.0,0,11,7,0,0,1,0,0,2018-06-16
5483,Daniel Arzani,Australia,2018,7530,France,Australia,,0,94,0,0,0.0,1,4,2,0,0,0,0,0,2018-06-16
6299,Aleksey Miranchuk,Russia,2018,7558,Uruguay,Russia,,0,59,0,0,0.0,0,20,15,1,1,0,1,1,2018-06-25
4319,Edinson Roberto Cavani Gómez,Uruguay,2018,7558,Uruguay,Russia,,0,92,1,4,0.9791,0,16,13,3,2,0,2,1,2018-06-25
5174,Sergei Ignashevich,Russia,2018,7558,Uruguay,Russia,,0,94,0,0,0.0,0,24,19,0,0,1,1,0,2018-06-25
5195,Artem Dzyuba,Russia,2018,7558,Uruguay,Russia,,0,93,0,1,0.071,1,29,18,3,1,0,7,5,2018-06-25
5267,Néstor Fernando Muslera Micol,Uruguay,2018,7558,Uruguay,Russia,,0,94,0,0,0.0,0,24,14,0,0,0,0,0,2018-06-25
6300,Sebastián Coates Nión,Uruguay,2018,7558,Uruguay,Russia,,0,93,0,0,0.0,0,64,60,0,0,1,3,0,2018-06-25
5248,José Martín Cáceres Silva,Uruguay,2018,7558,Uruguay,Russia,,0,92,0,1,0.2512,1,65,54,0,0,1,0,0,2018-06-25
5249,Diego Roberto Godín Leal,Uruguay,2018,7558,Uruguay,Russia,,0,92,0,2,0.2085,0,49,44,0,0,3,1,3,2018-06-25
5717,Diego Sebastián Laxalt Suárez,Uruguay,2018,7558,Uruguay,Russia,,0,94,0,1,0.019,2,62,47,1,1,0,2,2,2018-06-25
5255,Matías Vecino Falero,Uruguay,2018,7558,Uruguay,Russia,,0,92,0,1,0.0128,1,69,61,0,0,1,3,1,2018-06-25
5181,Yury Gazinskiy,Russia,2018,7558,Uruguay,Russia,,0,47,0,0,0.0,0,22,17,0,0,0,1,0,2018-06-25
6298,Igor Smolnikov,Russia,2018,7558,Uruguay,Russia,,0,35,0,0,0.0,0,12,9,0,0,0,2,2,2018-06-25
5260,Rodrigo Bentancur Colmán,Uruguay,2018,7558,Uruguay,Russia,,0,62,0,2,0.4453,0,29,23,2,1,0,6,1,2018-06-25
5172,Igor Akinfeev,Russia,2018,7558,Uruguay,Russia,,0,94,0,0,0.0,0,24,18,0,0,0,0,0,2018-06-25
5247,Nahitan Michel Nández Acosta,Uruguay,2018,7558,Uruguay,Russia,,0,71,0,0,0.0,0,36,30,1,1,0,2,3,2018-06-25
5186,Denis Cheryshev,Russia,2018,7558,Uruguay,Russia,,0,37,0,1,0.0864,0,12,5,0,0,0,1,0,2018-06-25
5677,Fedor Kudryashov,Russia,2018,7558,Uruguay,Russia,,0,91,0,0,0.0,0,45,38,0,0,0,2,2,2018-06-25
5171,Roman Zobnin,Russia,2018,7558,Uruguay,Russia,,0,93,0,1,0.0228,1,45,37,2,2,4,1,4,2018-06-25
5175,Ilya Kutepov,Russia,2018,7558,Uruguay,Russia,,0,91,0,0,0.0,0,33,27,0,0,1,1,1,2018-06-25
5182,Aleksandr Samedov,Russia,2018,7558,Uruguay,Russia,,0,94,0,0,0.0,0,38,31,0,0,1,0,2,2018-06-25
5266,Lucas Torreira Di Pascua,Uruguay,2018,7558,Uruguay,Russia,,0,94,0,1,0.026,1,60,53,1,0,0,0,3,2018-06-25
5246,Luis Alberto Suárez Díaz,Uruguay,2018,7558,Uruguay,Russia,,0,94,1,1,0.1216,1,25,17,0,0,0,0,2,2018-06-25
5170,Mário Figueira Fernandes,Russia,2018,7558,Uruguay,Russia,,0,92,0,0,0.0,1,44,32,0,0,0,0,0,2018-06-25
5179,Daler Kuzyaev,Russia,2018,7558,Uruguay,Russia,,0,94,0,0,0.0,0,15,13,1,1,0,2,1,2018-06-25
5194,Fyodor Smolov,Russia,2018,7558,Uruguay,Russia,,0,93,0,0,0.0,0,17,11,3,2,0,0,1,2018-06-25
5258,Giorgian Daniel De Arrascaeta Benedetti,Uruguay,2018,7558,Uruguay,Russia,,0,94,0,1,0.3701,3,21,15,0,0,0,0,1,2018-06-25
5256,Cristian Gabriel Rodríguez Barrotti,Uruguay,2018,7558,Uruguay,Russia,,0,94,0,2,0.0491,0,5,4,0,0,0,0,1,2018-06-25
6297,Maximiliano Gómez González,Uruguay,2018,7558,Uruguay,Russia,,0,94,0,0,0.0,1,1,1,0,0,0,0,0,2018-06-25
3058,Javier Hernández Balcázar,Mexico,2018,7583,Brazil,Mexico,,0,59,0,0,0.0,1,8,6,1,0,0,1,0,2018-07-02
5558,Rafael Márquez Álvarez,Mexico,2018,7583,Brazil,Mexico,,0,45,0,0,0.0,0,16,12,0,0,0,2,1,2018-07-02
3202,Gabriel Fernando de Jesus,Brazil,2018,7583,Brazil,Mexico,,0,94,0,3,0.2385,0,21,15,5,4,0,2,1,2018-07-02
5564,Carlos Joel Salcedo Hernández,Mexico,2018,7583,Brazil,Mexico,,0,95,0,1,0.0545,1,64,58,0,0,0,2,0,2018-07-02
5561,Hugo Ayala Castro,Mexico,2018,7583,Brazil,Mexico,,0,94,0,1,0.046,0,51,41,0,0,2,0,1,2018-07-02
5576,Jesús Daniel Gallardo Vasconcelos,Mexico,2018,7583,Brazil,Mexico,,0,95,0,1,0.0387,0,48,45,0,0,1,1,0,2018-07-02
5838,Fágner Conserva Lemos,Brazil,2018,7583,Brazil,Mexico,,0,95,0,0,0.0,1,36,29,1,0,1,2,1,2018-07-02
5563,José Andrés Guardado Hernández,Mexico,2018,7583,Brazil,Mexico,,0,95,0,2,0.0681,0,45,37,3,2,0,2,1,2018-07-02
5551,João Miranda de Souza Filho,Brazil,2018,7583,Brazil,Mexico,,0,94,0,0,0.0,0,37,33,1,1,1,0,0,2018-07-02
6320,Filipe Luís Kasmirski,Brazil,2018,7583,Brazil,Mexico,,0,96,0,0,0.0,2,47,40,1,0,0,1,0,2018-07-02
3501,Philippe Coutinho Correia,Brazil,2018,7583,Brazil,Mexico,,0,85,0,5,0.4779,1,30,26,4,3,2,2,2,2018-07-02
5575,Héctor Miguel Herrera López,Mexico,2018,7583,Brazil,Mexico,,0,96,0,1,0.0763,0,45,37,4,4,0,6,0,2018-07-02
5571,Hirving Rodrigo Lozano Bahena,Mexico,2018,7583,Brazil,Mexico,,0,94,0,4,0.1148,1,30,20,10,6,0,2,2,2018-07-02
5539,Carlos Henrique Casimiro,Brazil,2018,7583,Brazil,Mexico,,0,96,0,0,0.0,2,50,44,1,0,0,1,2,2018-07-02
4320,Neymar da Silva Santos Junior,Brazil,2018,7583,Brazil,Mexico,,0,94,1,7,1.5064,4,34,23,7,4,0,0,6,2018-07-02
3295,Thiago Emiliano da Silva,Brazil,2018,7583,Brazil,Mexico,,0,94,0,0,0.0,0,43,38,0,0,1,0,1,2018-07-02
3472,Willian Borges da Silva,Brazil,2018,7583,Brazil,Mexico,,0,90,0,2,0.0523,3,47,33,8,7,1,0,4,2018-07-02
5560,Carlos Alberto Vela Garrido,Mexico,2018,7583,Brazil,Mexico,,0,96,0,2,0.0916,4,31,26,9,5,0,0,3,2018-07-02
5567,Edson Omar Álvarez Velázquez,Mexico,2018,7583,Brazil,Mexico,,0,54,0,0,0.0,0,25,21,1,1,0,2,0,2018-07-02
5547,Alisson Ramsés Becker,Brazil,2018,7583,Brazil,Mexico,,0,95,0,0,0.0,0,21,14,0,0,0,0,0,2018-07-02
5542,José Paulo Bezzera Maciel Júnior,Brazil,2018,7583,Brazil,Mexico,,0,80,0,1,0.1231,0,31,25,2,1,2,0,2,2018-07-02
5577,Francisco Guillermo Ochoa Magaña,Mexico,2018,7583,Brazil,Mexico,,0,95,0,0,0.0,0,14,10,0,0,0,0,0,2018-07-02
5556,Miguel Arturo Layún Prado,Mexico,2018,7583,Brazil,Mexico,,0,96,0,1,0.0247,0,23,16,1,1,1,0,0,2018-07-02
6357,Jonathan dos Santos Ramírez,Mexico,2018,7583,Brazil,Mexico,,0,95,0,0,0.0,0,23,21,1,0,0,0,0,2018-07-02
5568,Raúl Alonso Jiménez Rodríguez,Mexico,2018,7583,Brazil,Mexico,,0,95,0,1,0.0679,1,6,3,1,0,0,1,0,2018-07-02
3054,Fernando Luiz Roza,Brazil,2018,7583,Brazil,Mexico,,0,95,0,0,0.0,1,4,4,0,0,1,0,0,2018-07-02
3535,Roberto Firmino Barbosa de Oliveira,Brazil,2018,7583,Brazil,Mexico,,0,96,1,1,0.922,0,6,3,1,0,0,0,0,2018-07-02
4372,Marcos Aoás Corrêa,Brazil,2018,7583,Brazil,Mexico,,0,95,0,0,0.0,0,3,3,0,0,0,0,0,2018-07-02
3043,Christian Dannemann Eriksen,Denmark,2018,7547,Denmark,Australia,,0,91,1,2,0.1731,2,44,35,0,0,1,0,1,2018-06-21
3959,Andreas Christensen,Denmark,2018,7547,Denmark,Australia,,0,92,0,0,0.0,0,69,67,0,0,2,0,0,2018-06-21
5494,Robbie Kruse,Australia,2018,7547,Denmark,Australia,,0,67,0,1,0.097,0,29,20,0,0,0,1,2,2018-06-21
5536,Yussuf Yurary Poulsen,Denmark,2018,7547,Denmark,Australia,,0,58,0,0,0.0,0,13,11,2,1,0,1,0,2018-06-21
4763,Henrik Dalsgaard,Denmark,2018,7547,Denmark,Australia,,0,93,0,0,0.0,1,57,38,0,0,5,2,1,2018-06-21
5534,Simon Thorup Kjær,Denmark,2018,7547,Denmark,Australia,,0,93,0,0,0.0,1,69,60,0,0,0,0,0,2018-06-21
5488,Mark Milligan,Australia,2018,7547,Denmark,Australia,,0,91,0,0,0.0,0,90,83,0,0,1,1,0,2018-06-21
5516,Pione Sisto Ifolo Emirmija,Denmark,2018,7547,Denmark,Australia,,0,92,0,3,0.1455,1,39,35,10,6,0,0,2,2018-06-21
5486,Andrew Nabbout,Australia,2018,7547,Denmark,Australia,,0,74,0,0,0.0,1,15,11,2,1,0,0,0,2018-06-21
5527,Thomas Delaney,Denmark,2018,7547,Denmark,Australia,,0,89,0,1,0.1978,1,47,36,1,1,1,2,0,2018-06-21
3281,Aaron Mooy,Australia,2018,7547,Denmark,Australia,,0,89,0,2,0.0451,3,58,49,0,0,1,2,1,2018-06-21
3240,Mathew Ryan,Australia,2018,7547,Denmark,Australia,,0,92,0,0,0.0,0,38,30,0,0,0,0,0,2018-06-21
5520,Lasse Schöne,Denmark,2018,7547,Denmark,Australia,,0,92,0,0,0.0,0,55,51,0,0,0,0,1,2018-06-21
5489,Mile Jedinak,Australia,2018,7547,Denmark,Australia,,0,92,1,1,0.7835,0,60,53,1,1,0,2,0,2018-06-21
5491,Tom Rogić,Australia,2018,7547,Denmark,Australia,,0,81,0,3,0.0846,0,27,19,2,2,0,0,1,2018-06-21
5478,Trent Sainsbury,Australia,2018,7547,Denmark,Australia,,0,89,0,0,0.0,0,57,53,0,0,0,0,0,2018-06-21
5522,Nicolai Jørgensen,Denmark,2018,7547,Denmark,Australia,,0,67,0,1,0.2253,2,15,13,1,0,0,0,0,2018-06-21
5482,Josh Risdon,Australia,2018,7547,Denmark,Australia,,0,92,0,0,0.0,0,48,37,3,2,1,0,0,2018-06-21
5479,Aziz Eraltay Behich,Australia,2018,7547,Denmark,Australia,,0,93,0,0,0.0,1,67,54,3,2,1,0,1,2018-06-21
5481,Mathew Leckie,Australia,2018,7547,Denmark,Australia,,0,93,0,5,0.3901,1,30,23,4,2,0,0,0,2018-06-21
5524,Jens Stryger Larsen,Denmark,2018,7547,Denmark,Australia,,0,92,0,1,0.0853,0,41,31,1,1,1,1,0,2018-06-21
3815,Kasper Schmeichel,Denmark,2018,7547,Denmark,Australia,,0,92,0,0,0.0,0,17,11,0,0,0,0,0,2018-06-21
4447,Martin Braithwaite Christensen,Denmark,2018,7547,Denmark,Australia,,0,92,0,1,0.0415,0,7,4,1,1,0,1,0,2018-06-21
5732,Andreas Evald Cornelius,Denmark,2018,7547,Denmark,Australia,,0,92,0,1,0.146,1,5,4,1,1,0,0,1,2018-06-21
5483,Daniel Arzani,Australia,2018,7547,Denmark,Australia,,0,93,0,1,0.012,2,7,6,2,2,0,0,0,2018-06-21
5493,Tomi Jurić,Australia,2018,7547,Denmark,Australia,,0,92,0,0,0.0,1,4,2,0,0,0,0,0,2018-06-21
5490,Jackson Irvine,Australia,2018,7547,Denmark,Australia,,0,92,0,0,0.0,1,3,2,0,0,0,0,1,2018-06-21
4269,Aleksandar Mitrović,Serbia,2018,7535,Costa Rica,Serbia,,0,88,0,5,0.7909,1,19,11,0,0,0,1,3,2018-06-17
5603,Nikola Milenković,Serbia,2018,7535,Costa Rica,Serbia,,0,97,0,0,0.0,0,47,41,0,0,0,1,0,2018-06-17
5589,Sergej Milinković-Savić,Serbia,2018,7535,Costa Rica,Serbia,,0,91,0,2,0.1824,3,37,25,8,4,0,4,1,2018-06-17
5587,Adem Ljajić,Serbia,2018,7535,Costa Rica,Serbia,,0,69,0,0,0.0,2,21,14,2,2,0,0,0,2018-06-17
5582,Celso Borges Mora,Costa Rica,2018,7535,Costa Rica,Serbia,,0,91,0,1,0.0686,1,55,43,2,2,1,2,0,2018-06-17
5596,Aleksandar Kolarov,Serbia,2018,7535,Costa Rica,Serbia,,0,95,1,2,0.0174,1,45,35,0,0,2,1,2,2018-06-17
3381,Nemanja Matić,Serbia,2018,7535,Costa Rica,Serbia,,0,92,0,1,0.0783,0,47,41,2,2,1,2,1,2018-06-17
5592,Bryan Ruiz González,Costa Rica,2018,7535,Costa Rica,Serbia,,0,94,0,1,0.1057,1,50,42,4,3,1,0,2,2018-06-17
5586,Marcos Danilo Ureña Porras,Costa Rica,2018,7535,Costa Rica,Serbia,,0,66,0,2,0.0671,0,7,6,1,1,0,3,0,2018-06-17
5594,Branislav Ivanović,Serbia,2018,7535,Costa Rica,Serbia,,0,97,0,0,0.0,1,61,44,1,1,1,1,1,2018-06-17
5590,Johnny Acosta Zamora,Costa Rica,2018,7535,Costa Rica,Serbia,,0,91,0,0,0.0,0,30,26,0,0,0,1,3,2018-06-17
5597,Keylor Navas Gamboa,Costa Rica,2018,7535,Costa Rica,Serbia,,0,97,0,0,0.0,0,26,17,0,0,0,0,0,2018-06-17
5599,David Alberto Guzmán Pérez,Costa Rica,2018,7535,Costa Rica,Serbia,,0,72,0,0,0.0,1,47,39,0,0,2,3,1,2018-06-17
3831,Dušan Tadić,Serbia,2018,7535,Costa Rica,Serbia,,0,81,0,0,0.0,2,31,20,2,0,0,2,3,2018-06-17
5595,Johan Alberto Venegas Ulloa,Costa Rica,2018,7535,Costa Rica,Serbia,,0,59,0,0,0.0,1,24,13,2,0,0,4,2,2018-06-17
5600,Francisco Javier Calvo Quesada,Costa Rica,2018,7535,Costa Rica,Serbia,,0,91,0,1,0.0561,0,51,42,3,2,2,1,0,2018-06-17
5598,Óscar Esau Duarte Gaitán,Costa Rica,2018,7535,Costa Rica,Serbia,,0,95,0,1,0.0599,2,59,45,1,1,3,1,0,2018-06-17
5584,Giancarlo González Castro,Costa Rica,2018,7535,Costa Rica,Serbia,,0,95,0,2,0.2047,0,41,35,0,0,0,1,1,2018-06-17
5601,Vladimir Stojković,Serbia,2018,7535,Costa Rica,Serbia,,0,95,0,0,0.0,0,19,13,0,0,0,0,0,2018-06-17
5602,Cristian Gamboa Luna,Costa Rica,2018,7535,Costa Rica,Serbia,,0,95,0,1,0.0066,1,47,35,0,0,0,1,2,2018-06-17
5580,Duško Tošić,Serbia,2018,7535,Costa Rica,Serbia,,0,95,0,0,0.0,0,47,39,0,0,2,0,3,2018-06-17
3455,Luka Milivojević,Serbia,2018,7535,Costa Rica,Serbia,,0,94,0,0,0.0,0,51,44,0,0,0,0,4,2018-06-17
5593,Christian Bolaños Navarro,Costa Rica,2018,7535,Costa Rica,Serbia,,0,94,0,0,0.0,1,26,19,2,1,0,0,0,2018-06-17
5581,Joel Nathaniel Campbell Samuels,Costa Rica,2018,7535,Costa Rica,Serbia,,0,97,0,1,0.0273,0,13,9,1,1,0,1,1,2018-06-17
5591,Filip Kostić,Serbia,2018,7535,Costa Rica,Serbia,,0,97,0,2,0.9236,0,6,1,0,0,0,1,0,2018-06-17
5585,Daniel Colindres Solera,Costa Rica,2018,7535,Costa Rica,Serbia,,0,92,0,0,0.0,0,5,5,0,0,0,0,1,2018-06-17
5588,Antonio Rukavina,Serbia,2018,7535,Costa Rica,Serbia,,0,92,0,0,0.0,0,5,5,0,0,0,0,0,2018-06-17
5583,Aleksandar Prijović,Serbia,2018,7535,Costa Rica,Serbia,,0,97,0,0,0.0,0,3,2,0,0,0,0,0,2018-06-17
5246,Luis Alberto Suárez Díaz,Uruguay,2018,8649,Uruguay,France,,0,94,0,0,0.0,1,27,15,1,1,1,0,4,2018-07-06
5266,Lucas Torreira Di Pascua,Uruguay,2018,8649,Uruguay,France,,0,93,0,0,0.0,2,45,29,0,0,4,3,2,2018-07-06
5249,Diego Roberto Godín Leal,Uruguay,2018,8649,Uruguay,France,,0,93,0,1,0.2094,0,34,24,1,1,3,0,0,2018-07-06
3604,Olivier Giroud,France,2018,8649,Uruguay,France,,0,94,0,1,0.0461,1,35,24,2,1,1,3,2,2018-07-06
5476,Benjamin Pavard,France,2018,8649,Uruguay,France,,0,86,0,1,0.0064,0,84,72,0,0,1,0,3,2018-07-06
6351,Cristhian Ricardo Stuani Curbelo,Uruguay,2018,8649,Uruguay,France,,0,58,0,1,0.014,0,13,3,0,0,1,4,2,2018-07-06
5485,Raphaël Varane,France,2018,8649,Uruguay,France,,0,94,1,2,0.1825,0,39,30,0,0,1,1,1,2018-07-06
3009,Kylian Mbappé Lottin,France,2018,8649,Uruguay,France,,0,87,0,1,0.1521,0,31,25,11,9,0,0,4,2018-07-06
5717,Diego Sebastián Laxalt Suárez,Uruguay,2018,8649,Uruguay,France,,0,94,0,0,0.0,0,24,15,0,0,2,3,0,2018-07-06
5487,Antoine Griezmann,France,2018,8649,Uruguay,France,,0,92,1,2,0.0422,2,66,48,5,3,0,0,0,2018-07-06
3961,N'Golo Kanté,France,2018,8649,Uruguay,France,,0,90,0,1,0.035,0,53,46,2,1,8,2,1,2018-07-06
5492,Samuel Yves Umtiti,France,2018,8649,Uruguay,France,,0,93,0,0,0.0,0,26,19,1,1,1,2,1,2018-07-06
5484,Lucas Hernández Pi,France,2018,8649,Uruguay,France,,0,94,0,1,0.0074,0,60,50,0,0,1,3,4,2018-07-06
5247,Nahitan Michel Nández Acosta,Uruguay,2018,8649,Uruguay,France,,0,72,0,1,0.0156,0,33,21,1,0,0,3,2,2018-07-06
5480,Corentin Tolisso,France,2018,8649,Uruguay,France,,0,79,0,1,0.0606,2,50,42,2,1,3,0,2,2018-07-06
5248,José Martín Cáceres Silva,Uruguay,2018,8649,Uruguay,France,,0,93,0,2,0.0868,1,52,29,3,1,1,1,1,2018-07-06
20004,Paul Pogba,France,2018,8649,Uruguay,France,,0,94,0,1,0.0063,1,77,59,2,1,0,4,3,2018-07-06
5259,José María Giménez de Vargas,Uruguay,2018,8649,Uruguay,France,,0,93,0,1,0.0762,0,31,19,0,0,1,1,0,2018-07-06
5260,Rodrigo Bentancur Colmán,Uruguay,2018,8649,Uruguay,France,,0,58,0,1,0.0301,0,18,15,4,3,0,2,2,2018-07-06
5267,Néstor Fernando Muslera Micol,Uruguay,2018,8649,Uruguay,France,,0,93,0,0,0.0,0,16,8,1,0,0,0,0,2018-07-06
5255,Matías Vecino Falero,Uruguay,2018,8649,Uruguay,France,,0,94,0,1,0.1625,0,23,17,0,0,1,4,2,2018-07-06
3099,Hugo Lloris,France,2018,8649,Uruguay,France,,0,94,0,0,0.0,0,29,15,0,0,0,0,0,2018-07-06
5256,Cristian Gabriel Rodríguez Barrotti,Uruguay,2018,8649,Uruguay,France,,0,94,0,2,0.0986,0,15,10,0,0,0,0,1,2018-07-06
6297,Maximiliano Gómez González,Uruguay,2018,8649,Uruguay,France,,0,94,0,0,0.0,0,3,2,0,0,0,1,1,2018-07-06
6426,Jonathan Matías Urretaviscaya da Luz,Uruguay,2018,8649,Uruguay,France,,0,94,0,0,0.0,0,18,10,2,2,0,0,1,2018-07-06
5737,Steven N'Kemboanza Mike Christopher Nzonzi,France,2018,8649,Uruguay,France,,0,94,0,0,0.0,0,13,12,0,0,1,2,0,2018-07-06
5477,Ousmane Dembélé,France,2018,8649,Uruguay,France,,0,94,0,0,0.0,0,3,2,0,0,0,0,0,2018-07-06
2948,Nabil Fekir,France,2018,8649,Uruguay,France,,0,93,0,0,0.0,0,1,1,1,0,0,1,0,2018-07-06
5472,Mario Mandžukić,Croatia,2018,8658,France,Croatia,,0,92,1,1,0.5632,1,28,21,0,0,0,2,2,2018-07-15
5469,Marcelo Brozović,Croatia,2018,8658,France,Croatia,,0,94,0,0,0.0,1,99,87,0,0,0,2,2,2018-07-15
3604,Olivier Giroud,France,2018,8658,France,Croatia,,0,80,0,1,0.0695,1,23,14,0,0,0,3,0,2018-07-15
5463,Luka Modrić,Croatia,2018,8658,France,Croatia,,0,92,0,0,0.0,3,77,66,2,2,1,2,3,2018-07-15
5461,Šime Vrsaljko,Croatia,2018,8658,France,Croatia,,0,91,0,2,0.0223,0,74,58,1,0,2,2,0,2018-07-15
4375,Blaise Matuidi,France,2018,8658,France,Croatia,,0,72,0,0,0.0,0,24,18,0,0,1,1,0,2018-07-15
3444,Danijel Subašić,Croatia,2018,8658,France,Croatia,,0,92,0,0,0.0,0,10,8,0,0,0,0,0,2018-07-15
5485,Raphaël Varane,France,2018,8658,France,Croatia,,0,94,0,0,0.0,0,24,18,0,0,2,1,0,2018-07-15
5474,Ivan Perišić,Croatia,2018,8658,France,Croatia,,0,94,1,2,0.1961,1,34,18,1,1,1,2,1,2018-07-15
5470,Ivan Rakitić,Croatia,2018,8658,France,Croatia,,0,94,0,3,0.1191,2,65,53,2,0,0,1,2,2018-07-15
5457,Ivan Strinić,Croatia,2018,8658,France,Croatia,,0,80,0,0,0.0,1,28,20,2,0,1,1,0,2018-07-15
20004,Paul Pogba,France,2018,8658,France,Croatia,,0,93,1,2,0.1385,1,34,29,1,1,2,2,3,2018-07-15
5468,Domagoj Vida,Croatia,2018,8658,France,Croatia,,0,94,0,2,0.2688,1,48,42,0,0,0,0,0,2018-07-15
3471,Dejan Lovren,Croatia,2018,8658,France,Croatia,,0,93,0,2,0.1018,0,64,55,0,0,0,0,2,2018-07-15
5476,Benjamin Pavard,France,2018,8658,France,Croatia,,0,93,0,0,0.0,0,28,17,0,0,1,1,0,2018-07-15
3961,N''Golo Kanté,France,2018,8658,France,Croatia,,0,54,0,0,0.0,0,11,7,0,0,1,3,0,2018-07-15
5487,Antoine Griezmann,France,2018,8658,France,Croatia,,0,92,1,2,0.8169,1,27,18,4,2,0,0,2,2018-07-15
3009,Kylian Mbappé Lottin,France,2018,8658,France,Croatia,,0,94,1,2,0.0635,0,16,8,6,3,0,0,1,2018-07-15
3099,Hugo Lloris,France,2018,8658,France,Croatia,,0,95,0,0,0.0,0,27,16,1,0,0,0,0,2018-07-15
5492,Samuel Yves Umtiti,France,2018,8658,France,Croatia,,0,90,0,0,0.0,0,22,17,0,0,1,1,2,2018-07-15
5465,Ante Rebić,Croatia,2018,8658,France,Croatia,,0,70,0,3,0.2091,0,14,8,3,3,1,2,2,2018-07-15
5484,Lucas Hernández Pi,France,2018,8658,France,Croatia,,0,91,0,0,0.0,1,32,22,2,1,3,1,1,2018-07-15
5737,Steven N''Kemboanza Mike Christopher Nzonzi,France,2018,8658,France,Croatia,,0,92,0,0,0.0,0,15,14,0,0,0,0,1,2018-07-15
5480,Corentin Tolisso,France,2018,8658,France,Croatia,,0,92,0,0,0.0,0,5,3,0,0,0,0,1,2018-07-15
5460,Andrej Kramarić,Croatia,2018,8658,France,Croatia,,0,93,0,0,0.0,2,10,10,1,1,0,0,0,2018-07-15
5459,Marko Pjaca,Croatia,2018,8658,France,Croatia,,0,94,0,0,0.0,0,3,2,0,0,0,0,0,2018-07-15
2948,Nabil Fekir,France,2018,8658,France,Croatia,,0,94,0,1,0.0096,0,4,1,2,2,0,1,2,2018-07-15
5199,Jorge Resurrección Merodio,Spain,2018,7582,Spain,Russia,,0,122,0,2,0.7955,3,154,145,0,0,0,0,0,2018-07-01
5201,Sergio Ramos García,Spain,2018,7582,Spain,Russia,,0,124,1,2,0.8563,1,180,168,0,0,0,3,0,2018-07-01
5195,Artem Dzyuba,Russia,2018,7582,Spain,Russia,,0,64,1,2,0.8462,0,22,10,1,0,0,1,2,2018-07-01
5198,Diego da Silva Costa,Spain,2018,7582,Spain,Russia,,0,79,0,3,0.1489,1,14,8,0,0,0,1,0,2018-07-01
5175,Ilya Kutepov,Russia,2018,7582,Spain,Russia,,0,115,0,0,0.0,0,33,25,0,0,7,1,0,2018-07-01
5182,Aleksandr Samedov,Russia,2018,7582,Spain,Russia,,0,60,0,0,0.0,1,25,17,1,0,2,2,0,2018-07-01
5170,Mário Figueira Fernandes,Russia,2018,7582,Spain,Russia,,0,119,0,0,0.0,0,63,44,3,0,5,1,2,2018-07-01
4926,Francisco Román Alarcón Suárez,Spain,2018,7582,Spain,Russia,,0,120,0,1,0.032,2,160,136,18,15,0,0,9,2018-07-01
5203,Sergio Busquets i Burgos,Spain,2018,7582,Spain,Russia,,0,120,0,2,0.0955,0,81,73,0,0,2,0,3,2018-07-01
5213,Gerard Piqué Bernabéu,Spain,2018,7582,Spain,Russia,,0,121,1,4,0.9391,1,132,121,0,0,0,1,1,2018-07-01
5211,Jordi Alba Ramos,Spain,2018,7582,Spain,Russia,,0,119,0,2,0.1254,1,166,154,3,2,1,0,3,2018-07-01
3064,David Josué Jiménez Silva,Spain,2018,7582,Spain,Russia,,0,66,0,1,0.1679,0,32,26,2,1,0,0,0,2018-07-01
5177,Aleksandr Golovin,Russia,2018,7582,Spain,Russia,,0,123,1,2,0.9179,0,29,23,4,3,2,5,0,2018-07-01
5202,José Ignacio Fernández Iglesias,Spain,2018,7582,Spain,Russia,,0,69,0,0,0.0,3,49,46,1,1,0,0,1,2018-07-01
5179,Daler Kuzyaev,Russia,2018,7582,Spain,Russia,,0,96,0,0,0.0,1,21,18,1,1,3,0,0,2018-07-01
5719,Marco Asensio Willemsen,Spain,2018,7582,Spain,Russia,,0,103,0,2,0.1538,2,50,43,1,1,0,0,2,2018-07-01
5193,Yuri Zhirkov,Russia,2018,7582,Spain,Russia,,0,45,0,1,0.0069,0,12,9,0,0,0,1,0,2018-07-01
3333,David de Gea Quintana,Spain,2018,7582,Spain,Russia,,0,124,0,0,0.0,0,24,13,0,0,0,0,0,2018-07-01
5677,Fedor Kudryashov,Russia,2018,7582,Spain,Russia,,0,115,0,0,0.0,1,18,14,0,0,1,1,0,2018-07-01
5174,Sergei Ignashevich,Russia,2018,7582,Spain,Russia,,0,122,1,1,0.7835,0,24,16,0,0,0,1,0,2018-07-01
5171,Roman Zobnin,Russia,2018,7582,Spain,Russia,,0,120,0,1,0.0235,2,31,20,5,3,0,5,0,2018-07-01
5172,Igor Akinfeev,Russia,2018,7582,Spain,Russia,,0,125,0,0,0.0,0,22,4,0,0,0,0,0,2018-07-01
6353,Vladimir Granat,Russia,2018,7582,Spain,Russia,,0,111,0,0,0.0,0,6,1,0,0,0,0,1,2018-07-01
5186,Denis Cheryshev,Russia,2018,7582,Spain,Russia,,0,124,1,2,1.0045,0,5,3,0,0,1,1,0,2018-07-01
5194,Fyodor Smolov,Russia,2018,7582,Spain,Russia,,0,120,1,2,0.8163,0,13,9,1,1,0,1,0,2018-07-01
5216,Andrés Iniesta Luján,Spain,2018,7582,Spain,Russia,,0,120,1,3,0.8927,3,49,41,1,0,0,0,0,2018-07-01
5721,Daniel Carvajal Ramos,Spain,2018,7582,Spain,Russia,,0,119,0,1,0.0827,0,44,37,1,1,0,0,0,2018-07-01
5217,Iago Aspas Juncal,Spain,2018,7582,Spain,Russia,,0,125,0,3,0.8431,3,17,11,0,0,0,0,0,2018-07-01
6354,Aleksandr Erokhin,Russia,2018,7582,Spain,Russia,,0,120,0,1,0.1414,0,2,2,1,0,0,1,0,2018-07-01
5718,Rodrigo Moreno Machado,Spain,2018,7582,Spain,Russia,,0,120,0,3,0.2258,0,5,4,1,1,0,1,0,2018-07-01
3289,Romelu Lukaku Menama,Belgium,2018,7552,Belgium,Tunisia,,0,58,2,2,0.5326,2,19,14,0,0,0,1,0,2018-06-23
5642,Axel Witsel,Belgium,2018,7552,Belgium,Tunisia,,0,92,0,3,0.1295,0,61,54,0,0,2,2,1,2018-06-23
3089,Kevin De Bruyne,Belgium,2018,7552,Belgium,Tunisia,,0,91,0,0,0.0,4,45,39,0,0,1,0,1,2018-06-23
3196,Wahbi Khazri,Tunisia,2018,7552,Belgium,Tunisia,,0,93,1,6,0.5079,1,27,18,0,0,1,0,1,2018-06-23
5639,Anga Dedryck Boyata,Belgium,2018,7552,Belgium,Tunisia,,0,91,0,0,0.0,0,33,31,0,0,3,1,1,2018-06-23
20005,Toby Alderweireld,Belgium,2018,7552,Belgium,Tunisia,,0,91,0,2,0.1217,1,60,52,0,0,2,0,1,2018-06-23
3176,Thomas Meunier,Belgium,2018,7552,Belgium,Tunisia,,0,90,0,2,0.0551,2,51,39,1,1,5,3,0,2018-06-23
5647,Ali Maâloul,Tunisia,2018,7552,Belgium,Tunisia,,0,86,0,0,0.0,3,70,60,0,0,1,0,1,2018-06-23
5630,Dries Mertens,Belgium,2018,7552,Belgium,Tunisia,,0,85,0,0,0.0,2,31,24,0,0,1,1,1,2018-06-23
3767,Ellyes Joris Skhiri,Tunisia,2018,7552,Belgium,Tunisia,,0,92,0,0,0.0,3,52,47,0,0,2,4,0,2018-06-23
3621,Eden Hazard,Belgium,2018,7552,Belgium,Tunisia,,0,67,2,4,2.0403,3,26,21,3,2,1,1,4,2018-06-23
5656,Syam Ben Youssef,Tunisia,2018,7552,Belgium,Tunisia,,0,40,0,0,0.0,0,19,15,0,0,0,3,0,2018-06-23
5648,Farouk Ben Mustapha,Tunisia,2018,7552,Belgium,Tunisia,,0,91,0,0,0.0,0,21,15,0,0,0,0,0,2018-06-23
5655,Dylan Daniel Mahmoud Bronn,Tunisia,2018,7552,Belgium,Tunisia,,0,23,1,1,0.1591,0,9,6,0,0,0,0,1,2018-06-23
5651,Yassine Meriah,Tunisia,2018,7552,Belgium,Tunisia,,0,86,0,0,0.0,0,39,36,0,0,1,0,1,2018-06-23
5650,Ferjani Sassi,Tunisia,2018,7552,Belgium,Tunisia,,0,59,0,2,0.0889,1,60,47,1,1,1,1,0,2018-06-23
5649,Anice Badri,Tunisia,2018,7552,Belgium,Tunisia,,0,92,0,3,0.1706,1,31,28,1,1,0,0,2,2018-06-23
2974,Saîf-Eddine Khaoui,Tunisia,2018,7552,Belgium,Tunisia,,0,92,0,2,0.0344,0,37,32,2,1,0,2,3,2018-06-23
3077,Jan Vertonghen,Belgium,2018,7552,Belgium,Tunisia,,0,93,0,0,0.0,0,47,39,0,0,1,1,2,2018-06-23
3509,Thibaut Courtois,Belgium,2018,7552,Belgium,Tunisia,,0,92,0,0,0.0,0,36,28,0,0,0,0,0,2018-06-23
5633,Yannick Ferreira Carrasco,Belgium,2018,7552,Belgium,Tunisia,,0,91,0,4,0.2366,2,32,23,2,1,0,2,2,2018-06-23
5654,Fakhreddine Ben Youssef,Tunisia,2018,7552,Belgium,Tunisia,,0,92,0,2,0.1517,2,26,18,0,0,1,1,1,2018-06-23
5936,Hamdi Nagguez,Tunisia,2018,7552,Belgium,Tunisia,,0,92,0,0,0.0,3,46,34,1,0,0,0,0,2018-06-23
4826,Yohan Benalouane,Tunisia,2018,7552,Belgium,Tunisia,,0,93,0,0,0.0,0,16,9,0,0,2,3,1,2018-06-23
3296,Marouane Fellaini-Bakkioui,Belgium,2018,7552,Belgium,Tunisia,,0,91,0,0,0.0,0,25,21,0,0,0,1,2,2018-06-23
3557,Naïm Sliti,Tunisia,2018,7552,Belgium,Tunisia,,0,91,0,1,0.0757,1,14,9,0,0,0,1,1,2018-06-23
3457,Michy Batshuayi Tunga,Belgium,2018,7552,Belgium,Tunisia,,0,92,1,6,2.2206,0,6,5,2,2,0,0,0,2018-06-23
2954,Youri Tielemans,Belgium,2018,7552,Belgium,Tunisia,,0,92,0,0,0.0,1,3,2,0,0,0,0,0,2018-06-23
3043,Christian Dannemann Eriksen,Denmark,2018,7532,Peru,Denmark,,0,94,0,3,0.4918,3,51,34,1,0,2,0,1,2018-06-16
3959,Andreas Christensen,Denmark,2018,7532,Peru,Denmark,,0,80,0,0,0.0,0,48,45,0,0,2,2,2,2018-06-16
5519,Christian Alberto Cueva Bravo,Peru,2018,7532,Peru,Denmark,,0,94,0,1,0.7835,4,56,43,2,1,0,0,3,2018-06-16
5536,Yussuf Yurary Poulsen,Denmark,2018,7532,Peru,Denmark,,0,94,1,2,0.3461,0,30,21,4,3,1,4,3,2018-06-16
5518,Miguel Ángel Trauco Saavedra,Peru,2018,7532,Peru,Denmark,,0,94,0,0,0.0,2,57,48,1,1,1,1,1,2018-06-16
5529,Víctor Yoshimar Yotún Flores,Peru,2018,7532,Peru,Denmark,,0,94,0,1,0.0055,1,75,63,1,0,0,3,3,2018-06-16
4763,Henrik Dalsgaard,Denmark,2018,7532,Peru,Denmark,,0,89,0,0,0.0,0,43,31,0,0,0,2,0,2018-06-16
5525,Édison Michael Flores Peralta,Peru,2018,7532,Peru,Denmark,,0,61,0,3,0.2227,1,25,18,2,1,2,0,1,2018-06-16
5531,Jefferson Agustín Farfán Guadalupe,Peru,2018,7532,Peru,Denmark,,0,84,0,3,0.2905,0,18,15,0,0,0,3,5,2018-06-16
5534,Simon Thorup Kjær,Denmark,2018,7532,Peru,Denmark,,0,94,0,0,0.0,0,36,32,0,0,0,2,0,2018-06-16
5517,William Vitved Kvist Jørgensen,Denmark,2018,7532,Peru,Denmark,,0,35,0,0,0.0,0,20,17,0,0,0,0,1,2018-06-16
5522,Nicolai Jørgensen,Denmark,2018,7532,Peru,Denmark,,0,94,0,1,0.1151,1,20,8,0,0,0,3,0,2018-06-16
5523,Renato Fabrizio Tapia Cortijo,Peru,2018,7532,Peru,Denmark,,0,86,0,1,0.0165,2,27,20,0,0,0,3,1,2018-06-16
5527,Thomas Delaney,Denmark,2018,7532,Peru,Denmark,,0,94,0,2,0.07,0,40,29,1,0,2,5,0,2018-06-16
3632,André Martín Carrillo Díaz,Peru,2018,7532,Peru,Denmark,,0,94,0,1,0.03,4,40,29,6,5,1,1,2,2018-06-16
5521,Luis Jan Piers Advíncula Castrillón,Peru,2018,7532,Peru,Denmark,,0,94,0,2,0.0171,0,39,37,4,3,1,0,0,2018-06-16
5516,Pione Sisto Ifolo Emirmija,Denmark,2018,7532,Peru,Denmark,,0,66,0,1,0.0551,0,30,25,4,3,0,0,3,2018-06-16
5530,Christian Guillermo Martín Ramos Garagay,Peru,2018,7532,Peru,Denmark,,0,90,0,0,0.0,0,32,26,0,0,1,0,1,2018-06-16
5532,Alberto Junior Rodríguez Valdelomar,Peru,2018,7532,Peru,Denmark,,0,93,0,2,0.1317,0,30,25,1,0,2,0,0,2018-06-16
5524,Jens Stryger Larsen,Denmark,2018,7532,Peru,Denmark,,0,91,0,1,0.0193,2,33,26,1,1,2,0,0,2018-06-16
5528,Pedro David Gallese Quiróz,Peru,2018,7532,Peru,Denmark,,0,88,0,0,0.0,0,17,8,0,0,0,0,1,2018-06-16
3815,Kasper Schmeichel,Denmark,2018,7532,Peru,Denmark,,0,94,0,0,0.0,0,28,17,0,0,0,0,0,2018-06-16
5520,Lasse Schöne,Denmark,2018,7532,Peru,Denmark,,0,89,0,1,0.0242,0,18,12,0,0,2,2,1,2018-06-16
5535,José Paolo Guerrero Gonzáles,Peru,2018,7532,Peru,Denmark,,0,94,0,3,0.4288,0,7,5,0,0,0,0,0,2018-06-16
4447,Martin Braithwaite Christensen,Denmark,2018,7532,Peru,Denmark,,0,94,0,0,0.0,0,3,3,0,0,0,1,0,2018-06-16
5526,Pedro Jesús Aquino Sánchez,Peru,2018,7532,Peru,Denmark,,0,94,0,0,0.0,0,10,8,0,0,0,0,1,2018-06-16
3027,Mathias Jattah-Njie Jørgensen,Denmark,2018,7532,Peru,Denmark,,0,94,0,0,0.0,0,2,2,0,0,0,0,0,2018-06-16
5533,Raúl Mario Ruidíaz Misitich,Peru,2018,7532,Peru,Denmark,,0,94,0,0,0.0,0,2,2,0,0,0,1,0,2018-06-16
5198,Diego da Silva Costa,Spain,2018,7560,Spain,Morocco,,0,73,0,2,0.6316,2,19,17,1,1,0,0,1,2018-06-25
5203,Sergio Busquets i Burgos,Spain,2018,7560,Spain,Morocco,,0,96,0,1,0.0924,0,63,56,0,0,1,1,2,2018-06-25
5726,Khalid Boutaïb,Morocco,2018,7560,Spain,Morocco,,0,70,1,2,0.7217,0,11,8,1,1,0,1,1,2018-06-25
5208,Thiago Alcântara do Nascimento,Spain,2018,7560,Spain,Morocco,,0,73,0,2,0.1253,0,88,87,4,3,1,1,2,2018-06-25
3064,David Josué Jiménez Silva,Spain,2018,7560,Spain,Morocco,,0,83,0,1,0.1246,2,45,36,0,0,1,0,0,2018-06-25
5201,Sergio Ramos García,Spain,2018,7560,Spain,Morocco,,0,96,0,1,0.0063,0,101,96,0,0,0,1,3,2018-06-25
3302,Nordin Amrabat,Morocco,2018,7560,Spain,Morocco,,0,96,0,1,0.0101,1,16,12,1,1,1,6,2,2018-06-25
5211,Jordi Alba Ramos,Spain,2018,7560,Spain,Morocco,,0,89,0,0,0.0,1,72,66,2,1,3,0,0,2018-06-25
4926,Francisco Román Alarcón Suárez,Spain,2018,7560,Spain,Morocco,,0,96,1,3,0.6136,6,103,90,6,6,1,1,5,2018-06-25
5232,Mbark Boussoufa,Morocco,2018,7560,Spain,Morocco,,0,89,0,1,0.0452,0,25,21,0,0,1,2,0,2018-06-25
5216,Andrés Iniesta Luján,Spain,2018,7560,Spain,Morocco,,0,89,0,2,0.1481,3,87,77,4,2,2,0,3,2018-06-25
5213,Gerard Piqué Bernabéu,Spain,2018,7560,Spain,Morocco,,0,89,0,3,0.143,1,78,71,0,0,0,1,0,2018-06-25
5236,Karim El Ahmadi Al Aroos,Morocco,2018,7560,Spain,Morocco,,0,89,0,0,0.0,1,14,14,1,0,0,1,0,2018-06-25
3333,David de Gea Quintana,Spain,2018,7560,Spain,Morocco,,0,80,0,0,0.0,0,12,9,0,0,0,0,0,2018-06-25
5237,Hakim Ziyech,Morocco,2018,7560,Spain,Morocco,,0,84,0,2,0.126,1,19,14,4,1,2,1,1,2018-06-25
5721,Daniel Carvajal Ramos,Spain,2018,7560,Spain,Morocco,,0,95,0,0,0.0,2,68,56,3,0,0,0,1,2018-06-25
5245,Achraf Hakimi Mouh,Morocco,2018,7560,Spain,Morocco,,0,94,0,0,0.0,1,28,21,3,3,0,0,0,2018-06-25
5242,Younès Belhanda,Morocco,2018,7560,Spain,Morocco,,0,62,0,0,0.0,1,16,15,0,0,0,1,0,2018-06-25
5727,Nabil Dirar,Morocco,2018,7560,Spain,Morocco,,0,89,0,1,0.1019,1,29,23,3,3,1,2,0,2018-06-25
5221,Manuel Marouan da Costa Trinidade,Morocco,2018,7560,Spain,Morocco,,0,94,0,0,0.0,0,27,17,0,0,1,2,1,2018-06-25
5233,Munir Mohand Mohamedi,Morocco,2018,7560,Spain,Morocco,,0,96,0,0,0.0,0,25,13,0,0,0,0,0,2018-06-25
5219,Romain Saïss,Morocco,2018,7560,Spain,Morocco,,0,89,0,0,0.0,0,25,19,0,0,2,0,1,2018-06-25
5724,Fayçal Fajr,Morocco,2018,7560,Spain,Morocco,,0,95,0,0,0.0,1,9,7,0,0,0,2,0,2018-06-25
6301,Youssef En-Nesyri,Morocco,2018,7560,Spain,Morocco,,0,94,1,1,0.0668,0,5,2,0,0,0,0,0,2018-06-25
5719,Marco Asensio Willemsen,Spain,2018,7560,Spain,Morocco,,0,96,0,1,0.1922,0,8,7,1,0,0,0,1,2018-06-25
5217,Iago Aspas Juncal,Spain,2018,7560,Spain,Morocco,,0,95,1,1,0.4141,1,5,5,0,0,0,1,0,2018-06-25
5718,Rodrigo Moreno Machado,Spain,2018,7560,Spain,Morocco,,0,95,0,1,0.1131,0,4,2,0,0,0,0,0,2018-06-25
5223,Aziz Bouhaddouz,Morocco,2018,7560,Spain,Morocco,,0,94,0,0,0.0,0,2,1,0,0,0,0,0,2018-06-25
3202,Gabriel Fernando de Jesus,Brazil,2018,7533,Brazil,Switzerland,,0,78,0,1,0.1763,1,20,11,6,3,3,2,0,2018-06-17
5539,Carlos Henrique Casimiro,Brazil,2018,7533,Brazil,Switzerland,,0,59,0,1,0.0276,1,36,33,3,3,5,1,0,2018-06-17
3501,Philippe Coutinho Correia,Brazil,2018,7533,Brazil,Switzerland,,0,91,1,4,0.2142,1,76,67,1,1,0,2,1,2018-06-17
5543,Haris Seferović,Switzerland,2018,7533,Brazil,Switzerland,,0,79,0,0,0.0,0,11,5,1,1,1,2,1,2018-06-17
5552,Marcelo Vieira da Silva Júnior,Brazil,2018,7533,Brazil,Switzerland,,0,93,0,0,0.0,3,87,67,1,1,5,0,2,2018-06-17
5540,Valon Behrami,Switzerland,2018,7533,Brazil,Switzerland,,0,69,0,0,0.0,0,45,42,0,0,3,4,0,2018-06-17
5541,Stephan Lichtsteiner,Switzerland,2018,7533,Brazil,Switzerland,,0,86,0,1,0.0084,0,47,34,3,0,1,1,0,2018-06-17
3533,Xherdan Shaqiri,Switzerland,2018,7533,Brazil,Switzerland,,0,94,0,1,0.0292,3,47,35,5,2,2,0,2,2018-06-17
5537,Fabian Lukas Schär,Switzerland,2018,7533,Brazil,Switzerland,,0,95,0,0,0.0,0,58,46,0,0,3,1,0,2018-06-17
5549,Manuel Obafemi Akanji,Switzerland,2018,7533,Brazil,Switzerland,,0,95,0,0,0.0,0,69,60,1,1,1,0,1,2018-06-17
5551,João Miranda de Souza Filho,Brazil,2018,7533,Brazil,Switzerland,,0,95,0,1,0.0508,0,69,63,1,1,1,1,1,2018-06-17
5548,Steven Zuber,Switzerland,2018,7533,Brazil,Switzerland,,0,92,1,2,0.2351,1,30,21,5,3,0,1,1,2018-06-17
5542,José Paulo Bezzera Maciel Júnior,Brazil,2018,7533,Brazil,Switzerland,,0,66,0,1,0.5254,0,27,24,0,0,1,0,2,2018-06-17
5544,Ricardo Iván Rodríguez Araya,Switzerland,2018,7533,Brazil,Switzerland,,0,95,0,0,0.0,1,39,32,2,2,0,0,1,2018-06-17
3472,Willian Borges da Silva,Brazil,2018,7533,Brazil,Switzerland,,0,95,0,2,0.0569,1,41,29,3,2,1,2,1,2018-06-17
3500,Granit Xhaka,Switzerland,2018,7533,Brazil,Switzerland,,0,93,0,0,0.0,0,59,50,0,0,1,3,1,2018-06-17
3063,Danilo Luiz da Silva,Brazil,2018,7533,Brazil,Switzerland,,0,92,0,0,0.0,0,57,53,1,1,0,0,1,2018-06-17
5554,Blerim Džemaili,Switzerland,2018,7533,Brazil,Switzerland,,0,93,0,3,0.1994,1,23,20,2,0,2,5,3,2018-06-17
5547,Alisson Ramsés Becker,Brazil,2018,7533,Brazil,Switzerland,,0,91,0,0,0.0,0,12,12,0,0,0,0,0,2018-06-17
3295,Thiago Emiliano da Silva,Brazil,2018,7533,Brazil,Switzerland,,0,95,0,2,0.1953,0,55,49,0,0,4,1,0,2018-06-17
4320,Neymar da Silva Santos Junior,Brazil,2018,7533,Brazil,Switzerland,,0,95,0,4,0.2637,4,40,32,13,10,0,0,11,2018-06-17
5550,Yann Sommer,Switzerland,2018,7533,Brazil,Switzerland,,0,95,0,0,0.0,0,24,15,0,0,0,0,0,2018-06-17
3054,Fernando Luiz Roza,Brazil,2018,7533,Brazil,Switzerland,,0,91,0,2,0.0486,0,13,13,1,0,0,2,1,2018-06-17
5553,Renato Soares de Oliveira Augusto,Brazil,2018,7533,Brazil,Switzerland,,0,95,0,1,0.1243,0,17,15,0,0,1,0,1,2018-06-17
5538,Denis Lemi Zakaria Lako Lado,Switzerland,2018,7533,Brazil,Switzerland,,0,94,0,0,0.0,0,4,3,0,0,0,1,0,2018-06-17
3535,Roberto Firmino Barbosa de Oliveira,Brazil,2018,7533,Brazil,Switzerland,,0,95,0,2,0.1835,0,5,5,1,0,1,1,0,2018-06-17
5545,Breel-Donald Embolo,Switzerland,2018,7533,Brazil,Switzerland,,0,94,0,0,0.0,0,0,0,1,0,0,1,1,2018-06-17
5546,Michael Lang,Switzerland,2018,7533,Brazil,Switzerland,,0,93,0,0,0.0,0,2,0,0,0,1,2,0,2018-06-17
5475,John Michael Nchekwube Obinna,Nigeria,2018,7564,Nigeria,Argentina,,0,94,0,0,0.0,0,42,32,1,1,2,5,1,2018-06-26
5497,Gonzalo Gerardo Higuaín,Argentina,2018,7564,Nigeria,Argentina,,0,94,0,2,0.2632,0,23,18,1,0,0,2,1,2018-06-26
5455,William Troost-Ekong,Nigeria,2018,7564,Nigeria,Argentina,,0,94,0,0,0.0,0,18,11,1,1,2,0,0,2018-06-26
3708,Kelechi Promise Iheanacho,Nigeria,2018,7564,Nigeria,Argentina,,0,47,0,0,0.0,1,10,6,0,0,0,0,1,2018-06-26
5742,Gabriel Iván Mercado,Argentina,2018,7564,Nigeria,Argentina,,0,88,0,0,0.0,1,54,44,1,0,1,1,0,2018-06-26
3090,Nicolás Hernán Otamendi,Argentina,2018,7564,Nigeria,Argentina,,0,93,0,0,0.0,0,65,56,0,0,2,0,0,2018-06-26
3602,Faustino Marcos Alberto Rojo,Argentina,2018,7564,Nigeria,Argentina,,0,90,1,1,0.0872,1,62,47,1,1,5,2,1,2018-06-26
5741,Enzo Nicolás Pérez,Argentina,2018,7564,Nigeria,Argentina,,0,60,0,0,0.0,0,33,31,0,0,0,2,3,2018-06-26
5503,Lionel Andrés Messi Cuccittini,Argentina,2018,7564,Nigeria,Argentina,,0,93,1,2,0.2985,2,64,50,12,10,0,2,4,2018-06-26
5473,Ahmed Musa,Nigeria,2018,7564,Nigeria,Argentina,,0,91,0,1,0.0236,1,27,15,4,3,2,2,2,2018-06-26
5506,Javier Alejandro Mascherano,Argentina,2018,7564,Nigeria,Argentina,,0,93,0,0,0.0,0,83,72,1,1,3,2,4,2018-06-26
5504,Éver Maximiliano David Banega,Argentina,2018,7564,Nigeria,Argentina,,0,88,0,0,0.0,3,91,78,2,1,1,4,1,2018-06-26
3338,Onyinye Wilfred Ndidi,Nigeria,2018,7564,Nigeria,Argentina,,0,90,0,1,0.0398,0,41,29,3,2,3,3,3,2018-06-26
5507,Nicolás Alejandro Tagliafico,Argentina,2018,7564,Nigeria,Argentina,,0,79,0,2,0.1315,0,52,41,0,0,1,1,2,2018-06-26
5466,Oghenekaro Etebo,Nigeria,2018,7564,Nigeria,Argentina,,0,93,0,3,0.1339,1,31,21,7,6,5,2,5,2018-06-26
3963,Victor Moses,Nigeria,2018,7564,Nigeria,Argentina,,0,90,1,1,0.7835,0,28,15,2,0,3,2,0,2018-06-26
5462,Brian Oladapo Idowu,Nigeria,2018,7564,Nigeria,Argentina,,0,94,0,0,0.0,1,43,33,1,0,2,1,1,2018-06-26
5830,Kenneth Josiah Omeruo,Nigeria,2018,7564,Nigeria,Argentina,,0,89,0,0,0.0,0,27,21,1,1,3,1,1,2018-06-26
5454,Francis Odinaka Uzoho,Nigeria,2018,7564,Nigeria,Argentina,,0,94,0,0,0.0,0,15,7,0,0,0,0,1,2018-06-26
6312,Franco Armani,Argentina,2018,7564,Nigeria,Argentina,,0,94,0,0,0.0,0,21,11,0,0,0,0,0,2018-06-26
2995,Ángel Fabián Di María Hernández,Argentina,2018,7564,Nigeria,Argentina,,0,71,0,1,0.07,0,21,13,4,1,0,0,3,2018-06-26
5467,Leon Aderemi Balogun,Nigeria,2018,7564,Nigeria,Argentina,,0,94,0,1,0.0984,0,32,13,1,1,4,2,1,2018-06-26
5458,Odion Jude Ighalo,Nigeria,2018,7564,Nigeria,Argentina,,0,93,0,2,0.226,1,6,5,4,2,1,2,1,2018-06-26
5496,Cristian David Pavón,Argentina,2018,7564,Nigeria,Argentina,,0,88,0,0,0.0,0,19,12,2,2,0,1,0,2018-06-26
5499,Maximiliano Eduardo Meza,Argentina,2018,7564,Nigeria,Argentina,,0,88,0,0,0.0,0,7,6,1,0,0,0,0,2018-06-26
3237,Sergio Leonel Agüero del Castillo,Argentina,2018,7564,Nigeria,Argentina,,0,94,0,0,0.0,0,0,0,0,0,0,0,0,2018-06-26
5464,Simeon Tochukwu Nwankwo,Nigeria,2018,7564,Nigeria,Argentina,,0,93,0,0,0.0,0,1,1,0,0,0,1,0,2018-06-26
3647,Alex Iwobi,Nigeria,2018,7564,Nigeria,Argentina,,0,93,0,0,0.0,0,1,1,0,0,0,0,0,2018-06-26
4367,Gonçalo Manuel Ganchinho Guedes,Portugal,2018,7579,Uruguay,Portugal,,0,72,0,3,0.1148,0,26,23,0,0,0,2,1,2018-06-30
3707,Adrien Sebastian Perruchet Silva,Portugal,2018,7579,Uruguay,Portugal,,0,64,0,1,0.0677,0,57,50,0,0,1,1,0,2018-06-30
5247,Nahitan Michel Nández Acosta,Uruguay,2018,7579,Uruguay,Portugal,,0,80,0,0,0.0,1,19,14,3,0,0,2,3,2018-06-30
5209,Raphaël Adelino José Guerreiro,Portugal,2018,7579,Uruguay,Portugal,,0,95,0,2,0.0407,4,85,65,2,2,3,1,1,2018-06-30
4272,João Mário Naval da Costa Eduardo,Portugal,2018,7579,Uruguay,Portugal,,0,84,0,0,0.0,2,68,57,3,2,0,1,0,2018-06-30
3960,José Miguel da Rocha Fonte,Portugal,2018,7579,Uruguay,Portugal,,0,94,0,1,0.1339,0,37,30,0,0,2,2,2,2018-06-30
5246,Luis Alberto Suárez Díaz,Uruguay,2018,7579,Uruguay,Portugal,,0,92,0,3,0.0656,1,32,18,6,3,1,1,2,2018-06-30
5207,Cristiano Ronaldo dos Santos Aveiro,Portugal,2018,7579,Uruguay,Portugal,,0,92,0,6,0.139,1,28,21,6,4,0,0,1,2018-06-30
5248,José Martín Cáceres Silva,Uruguay,2018,7579,Uruguay,Portugal,,0,88,0,0,0.0,0,39,16,2,2,1,1,0,2018-06-30
5260,Rodrigo Bentancur Colmán,Uruguay,2018,7579,Uruguay,Portugal,,0,62,0,0,0.0,1,13,9,1,1,0,1,1,2018-06-30
4319,Edinson Roberto Cavani Gómez,Uruguay,2018,7579,Uruguay,Portugal,,0,73,2,3,0.2517,1,13,10,1,0,1,2,2,2018-06-30
5249,Diego Roberto Godín Leal,Uruguay,2018,7579,Uruguay,Portugal,,0,89,0,0,0.0,1,30,25,1,1,1,2,0,2018-06-30
5267,Néstor Fernando Muslera Micol,Uruguay,2018,7579,Uruguay,Portugal,,0,95,0,0,0.0,0,29,17,0,0,0,0,0,2018-06-30
5259,José María Giménez de Vargas,Uruguay,2018,7579,Uruguay,Portugal,,0,94,0,0,0.0,0,14,13,0,0,0,0,0,2018-06-30
5266,Lucas Torreira Di Pascua,Uruguay,2018,7579,Uruguay,Portugal,,0,92,0,0,0.0,0,24,19,1,0,0,1,0,2018-06-30
5717,Diego Sebastián Laxalt Suárez,Uruguay,2018,7579,Uruguay,Portugal,,0,94,0,0,0.0,0,22,12,1,1,4,0,3,2018-06-30
3193,Bernardo Mota Veiga de Carvalho e Silva,Portugal,2018,7579,Uruguay,Portugal,,0,94,0,2,0.1658,4,81,69,7,7,0,1,3,2018-06-30
20016,Kléper Laveran Lima Ferreira,Portugal,2018,7579,Uruguay,Portugal,,0,94,1,1,0.1587,0,41,31,0,0,2,0,2,2018-06-30
5214,William Silva de Carvalho,Portugal,2018,7579,Uruguay,Portugal,,0,95,0,1,0.0248,2,69,63,1,1,0,2,1,2018-06-30
5255,Matías Vecino Falero,Uruguay,2018,7579,Uruguay,Portugal,,0,94,0,1,0.1586,0,24,16,0,0,1,1,0,2018-06-30
6352,Ricardo Domingos Barbosa Pereira,Portugal,2018,7579,Uruguay,Portugal,,0,94,0,0,0.0,1,55,46,2,1,1,3,2,2018-06-30
5205,Rui Pedro dos Santos Patrício,Portugal,2018,7579,Uruguay,Portugal,,0,94,0,1,0.0756,0,12,9,0,0,0,0,0,2018-06-30
5215,Ricardo Andrade Quaresma Bernardo,Portugal,2018,7579,Uruguay,Portugal,,0,94,0,1,0.0432,1,22,12,4,2,1,0,1,2018-06-30
5256,Cristian Gabriel Rodríguez Barrotti,Uruguay,2018,7579,Uruguay,Portugal,,0,94,0,0,0.0,0,16,12,1,0,1,1,0,2018-06-30
6351,Cristhian Ricardo Stuani Curbelo,Uruguay,2018,7579,Uruguay,Portugal,,0,93,0,0,0.0,0,6,3,0,0,0,2,1,2018-06-30
5218,André Miguel Valente Silva,Portugal,2018,7579,Uruguay,Portugal,,0,94,0,0,0.0,0,2,2,1,1,0,0,0,2018-06-30
5268,Carlos Andrés Sánchez Arcosa,Uruguay,2018,7579,Uruguay,Portugal,,0,91,0,0,0.0,0,10,6,0,0,1,0,0,2018-06-30
6350,Manuel Henrique Tavares Fernandes,Portugal,2018,7579,Uruguay,Portugal,,0,94,0,2,0.0317,1,10,8,1,1,0,0,0,2018-06-30
5229,Ayoub El Kaabi,Morocco,2018,7577,Morocco,Iran,,0,76,0,1,0.0904,0,8,4,2,0,0,2,0,2018-06-15
5219,Romain Saïss,Morocco,2018,7577,Morocco,Iran,,0,95,0,1,0.13,0,68,58,0,0,1,2,0,2018-06-15
3302,Nordin Amrabat,Morocco,2018,7577,Morocco,Iran,,0,75,0,0,0.0,2,38,28,5,4,0,4,0,2018-06-15
5230,Ehsan Hajsafi,Iran,2018,7577,Morocco,Iran,,0,94,0,2,0.0478,0,37,14,0,0,0,0,5,2018-06-15
5227,Alireza Safar Beiranvand,Iran,2018,7577,Morocco,Iran,,0,95,0,0,0.0,0,20,8,0,0,0,0,0,2018-06-15
5224,Sardar Azmoun,Iran,2018,7577,Morocco,Iran,,0,95,0,2,0.4896,0,25,12,1,0,1,0,1,2018-06-15
5244,Medhi Amine El Mouttaqi Benatia,Morocco,2018,7577,Morocco,Iran,,0,95,0,1,0.0867,0,91,76,0,0,1,1,1,2018-06-15
5232,Mbark Boussoufa,Morocco,2018,7577,Morocco,Iran,,0,95,0,0,0.0,1,46,36,1,0,1,0,5,2018-06-15
5238,Masoud Shojaei Soleimani,Iran,2018,7577,Morocco,Iran,,0,67,0,0,0.0,0,15,8,3,2,2,4,1,2018-06-15
5242,Younès Belhanda,Morocco,2018,7577,Morocco,Iran,,0,95,0,3,0.3451,1,48,42,1,1,0,1,4,2018-06-15
5243,Amine Harit,Morocco,2018,7577,Morocco,Iran,,0,81,0,3,0.2037,2,30,22,13,8,0,1,2,2018-06-15
5239,Alireza Jahanbakhsh,Iran,2018,7577,Morocco,Iran,,0,83,0,2,0.0857,0,20,9,4,3,1,2,2,2018-06-15
5245,Achraf Hakimi Mouh,Morocco,2018,7577,Morocco,Iran,,0,95,0,1,0.029,2,36,32,3,1,0,1,0,2018-06-15
5222,Roozbeh Cheshmi,Iran,2018,7577,Morocco,Iran,,0,88,0,1,0.0443,0,15,11,0,0,1,0,0,2018-06-15
5220,Morteza Pouraliganji,Iran,2018,7577,Morocco,Iran,,0,95,0,0,0.0,0,25,14,0,0,0,0,1,2018-06-15
5233,Munir Mohand Mohamedi,Morocco,2018,7577,Morocco,Iran,,0,95,0,0,0.0,0,17,11,0,0,0,0,0,2018-06-15
5236,Karim El Ahmadi Al Aroos,Morocco,2018,7577,Morocco,Iran,,0,95,0,0,0.0,0,47,38,1,0,2,2,1,2018-06-15
5235,Ramin Rezaeian,Iran,2018,7577,Morocco,Iran,,0,89,0,0,0.0,0,37,21,0,0,0,2,2,2018-06-15
5225,Omid Ebrahimi,Iran,2018,7577,Morocco,Iran,,0,79,0,1,0.0302,0,25,18,0,0,1,0,1,2018-06-15
5231,Karim Ansarifard,Iran,2018,7577,Morocco,Iran,,0,91,0,0,0.0,1,18,9,1,0,2,2,2,2018-06-15
5237,Hakim Ziyech,Morocco,2018,7577,Morocco,Iran,,0,95,0,3,0.1684,1,50,39,3,1,4,5,2,2018-06-15
5241,Vahid Amiri,Iran,2018,7577,Morocco,Iran,,0,92,0,0,0.0,1,24,15,1,1,1,3,2,2018-06-15
5226,Mehdi Taremi,Iran,2018,7577,Morocco,Iran,,0,95,0,0,0.0,0,2,2,0,0,0,1,2,2018-06-15
5234,Sofyan Amrabat,Morocco,2018,7577,Morocco,Iran,,0,93,0,0,0.0,0,6,4,0,0,0,2,0,2018-06-15
5223,Aziz Bouhaddouz,Morocco,2018,7577,Morocco,Iran,,0,95,0,0,0.0,1,1,1,0,0,0,1,1,2018-06-15
5228,Seyed Majid Hosseini,Iran,2018,7577,Morocco,Iran,,0,92,0,0,0.0,0,2,2,0,0,0,0,1,2018-06-15
5221,Manuel Marouan da Costa Trinidade,Morocco,2018,7577,Morocco,Iran,,0,90,0,1,0.006,0,6,6,0,0,0,0,0,2018-06-15
5240,Saman Ghoddos,Iran,2018,7577,Morocco,Iran,,0,95,0,0,0.0,0,2,1,0,0,0,2,1,2018-06-15
5196,Mohammad Ibrahim Al Sahlawi,Saudi Arabia,2018,7525,Russia,Saudi Arabia,,0,83,0,1,0.0556,0,10,7,1,0,0,2,1,2018-06-14
5173,Abdullah Ibrahim Otayf,Saudi Arabia,2018,7525,Russia,Saudi Arabia,,0,63,0,0,0.0,0,54,47,0,0,1,1,3,2018-06-14
5183,Yasir Gharsan Al Shahrani,Saudi Arabia,2018,7525,Russia,Saudi Arabia,,0,92,0,2,0.1086,1,77,55,2,2,1,1,1,2018-06-14
5175,Ilya Kutepov,Russia,2018,7525,Russia,Saudi Arabia,,0,88,0,0,0.0,0,35,26,0,0,0,1,0,2018-06-14
5178,Salman Mohammed Al Faraj,Saudi Arabia,2018,7525,Russia,Saudi Arabia,,0,92,0,0,0.0,1,80,71,2,1,0,1,2,2018-06-14
5187,Salem Mohammed Al Dawsari,Saudi Arabia,2018,7525,Russia,Saudi Arabia,,0,88,0,2,0.0594,1,43,40,0,0,1,0,5,2018-06-14
5170,Mário Figueira Fernandes,Russia,2018,7525,Russia,Saudi Arabia,,0,89,0,0,0.0,1,48,39,1,0,0,0,0,2018-06-14
5182,Aleksandr Samedov,Russia,2018,7525,Russia,Saudi Arabia,,0,63,0,2,0.0801,1,19,16,1,1,1,2,1,2018-06-14
5192,Yehya Sulaiman Ali Al-Shehri,Saudi Arabia,2018,7525,Russia,Saudi Arabia,,0,71,0,0,0.0,0,39,34,3,0,1,0,1,2018-06-14
5180,Alan Dzagoev,Russia,2018,7525,Russia,Saudi Arabia,,0,23,0,1,0.0751,0,10,8,0,0,0,0,0,2018-06-14
5194,Fyodor Smolov,Russia,2018,7525,Russia,Saudi Arabia,,0,69,0,0,0.0,2,20,13,3,1,0,2,1,2018-06-14
5185,Taisir Jabir Al Jassim,Saudi Arabia,2018,7525,Russia,Saudi Arabia,,0,92,0,0,0.0,1,35,30,1,0,1,4,1,2018-06-14
5197,Omar Ibrahim Omar Othman Hawsawi,Saudi Arabia,2018,7525,Russia,Saudi Arabia,,0,88,0,0,0.0,0,58,44,1,1,0,1,2,2018-06-14
5174,Sergei Ignashevich,Russia,2018,7525,Russia,Saudi Arabia,,0,90,0,0,0.0,0,39,26,0,0,0,0,2,2018-06-14
5171,Roman Zobnin,Russia,2018,7525,Russia,Saudi Arabia,,0,92,0,2,0.1202,2,35,19,0,0,1,1,4,2018-06-14
5181,Yury Gazinskiy,Russia,2018,7525,Russia,Saudi Arabia,,0,92,1,1,0.1465,0,31,25,0,0,1,3,1,2018-06-14
5177,Aleksandr Golovin,Russia,2018,7525,Russia,Saudi Arabia,,0,93,1,1,0.0745,4,36,24,1,1,1,6,1,2018-06-14
5193,Yuri Zhirkov,Russia,2018,7525,Russia,Saudi Arabia,,0,89,0,1,0.0256,0,49,30,1,1,0,2,1,2018-06-14
5191,Mohammed Al Burayk,Saudi Arabia,2018,7525,Russia,Saudi Arabia,,0,92,0,0,0.0,0,72,58,0,0,1,0,5,2018-06-14
5172,Igor Akinfeev,Russia,2018,7525,Russia,Saudi Arabia,,0,89,0,0,0.0,0,22,12,0,0,0,0,0,2018-06-14
5189,Abdullah Ibrahim Al Maiouf,Saudi Arabia,2018,7525,Russia,Saudi Arabia,,0,93,0,0,0.0,0,35,15,0,0,0,0,0,2018-06-14
5184,Osama Abdulrezag Hawsawi,Saudi Arabia,2018,7525,Russia,Saudi Arabia,,0,92,0,0,0.0,0,61,50,0,0,0,0,2,2018-06-14
5186,Denis Cheryshev,Russia,2018,7525,Russia,Saudi Arabia,,0,92,2,4,0.4424,0,24,16,4,3,0,4,0,2018-06-14
5179,Daler Kuzyaev,Russia,2018,7525,Russia,Saudi Arabia,,0,92,0,1,0.0245,1,13,11,1,0,0,1,1,2018-06-14
5190,Fahad Mosaed Al Muwallad Al Harbi,Saudi Arabia,2018,7525,Russia,Saudi Arabia,,0,90,0,0,0.0,0,1,1,1,0,0,1,0,2018-06-14
5195,Artem Dzyuba,Russia,2018,7525,Russia,Saudi Arabia,,0,90,1,1,0.2925,1,7,7,0,0,0,1,0,2018-06-14
5188,Hattan Babhir,Saudi Arabia,2018,7525,Russia,Saudi Arabia,,0,88,0,1,0.0252,0,5,4,0,0,1,1,0,2018-06-14
5176,Mohanad Aseri Abu Radiah,Saudi Arabia,2018,7525,Russia,Saudi Arabia,,0,94,0,0,0.0,0,2,2,0,0,0,0,0,2018-06-14
5625,Emil Peter Forsberg,Sweden,2018,7566,Mexico,Sweden,,0,89,0,6,0.4623,1,22,18,0,0,1,0,3,2018-06-27
5607,Andreas Granqvist,Sweden,2018,7566,Mexico,Sweden,,0,93,1,2,0.862,0,29,21,1,1,0,4,1,2018-06-27
3058,Javier Hernández Balcázar,Mexico,2018,7566,Mexico,Sweden,,0,93,0,2,0.1476,3,21,13,2,1,1,0,2,2018-06-27
4417,Ola Toivonen,Sweden,2018,7566,Mexico,Sweden,,0,92,0,0,0.0,1,29,17,1,0,0,2,4,2018-06-27
5576,Jesús Daniel Gallardo Vasconcelos,Mexico,2018,7566,Mexico,Sweden,,0,64,0,0,0.0,0,34,23,0,0,0,1,0,2018-06-27
5617,Sebastian Larsson,Sweden,2018,7566,Mexico,Sweden,,0,56,0,0,0.0,0,20,12,0,0,0,1,0,2018-06-27
11098,Marcus Berg,Sweden,2018,7566,Mexico,Sweden,,0,67,0,4,0.8489,1,18,14,0,0,2,1,3,2018-06-27
5573,Héctor Alfredo Moreno Herrera,Mexico,2018,7566,Mexico,Sweden,,0,92,0,1,0.0667,1,57,50,0,0,1,2,0,2018-06-27
5621,Ludwig Augustinsson,Sweden,2018,7566,Mexico,Sweden,,0,93,1,2,0.2781,1,25,14,1,1,1,1,0,2018-06-27
5622,Robin Olsen,Sweden,2018,7566,Mexico,Sweden,,0,92,0,0,0.0,0,23,3,0,0,0,0,0,2018-06-27
5563,José Andrés Guardado Hernández,Mexico,2018,7566,Mexico,Sweden,,0,74,0,3,0.2481,1,30,29,3,0,1,2,0,2018-06-27
5612,Mikael Lustig,Sweden,2018,7566,Mexico,Sweden,,0,87,0,0,0.0,3,22,13,0,0,2,3,0,2018-06-27
5571,Hirving Rodrigo Lozano Bahena,Mexico,2018,7566,Mexico,Sweden,,0,93,0,3,0.0889,1,23,18,6,5,2,1,7,2018-06-27
5560,Carlos Alberto Vela Garrido,Mexico,2018,7566,Mexico,Sweden,,0,93,0,5,0.8818,3,34,27,2,1,0,0,1,2018-06-27
3702,Victor Nilsson Lindelöf,Sweden,2018,7566,Mexico,Sweden,,0,93,0,0,0.0,0,16,8,1,1,0,0,0,2018-06-27
5575,Héctor Miguel Herrera López,Mexico,2018,7566,Mexico,Sweden,,0,93,0,2,0.0319,2,77,66,6,2,2,3,2,2018-06-27
5613,Viktor Claesson,Sweden,2018,7566,Mexico,Sweden,,0,92,0,1,0.3396,1,18,11,1,0,2,3,0,2018-06-27
5577,Francisco Guillermo Ochoa Magaña,Mexico,2018,7566,Mexico,Sweden,,0,93,0,0,0.0,0,21,14,0,0,0,1,0,2018-06-27
5556,Miguel Arturo Layún Prado,Mexico,2018,7566,Mexico,Sweden,,0,88,0,2,0.0157,1,45,34,2,2,0,1,1,2018-06-27
5567,Edson Omar Álvarez Velázquez,Mexico,2018,7566,Mexico,Sweden,,0,93,0,0,0.0,1,68,53,5,4,3,3,4,2018-06-27
5564,Carlos Joel Salcedo Hernández,Mexico,2018,7566,Mexico,Sweden,,0,92,0,3,0.108,0,69,54,1,1,2,1,0,2018-06-27
5624,Albin Ekdal,Sweden,2018,7566,Mexico,Sweden,,0,79,0,0,0.0,0,19,14,1,1,2,2,3,2018-06-27
5611,Gustav Svensson,Sweden,2018,7566,Mexico,Sweden,,0,89,0,0,0.0,0,4,4,0,0,0,0,0,2018-06-27
6317,Marco Jhonfai Fabián De La Mora,Mexico,2018,7566,Mexico,Sweden,,0,91,0,1,0.0221,1,15,12,0,0,0,1,0,2018-06-27
5615,Isaac Kiese Thelin,Sweden,2018,7566,Mexico,Sweden,,0,92,0,0,0.0,0,7,3,0,0,0,1,0,2018-06-27
5985,Jesús Manuel Corona Ruíz,Mexico,2018,7566,Mexico,Sweden,,0,93,0,0,0.0,3,11,8,2,1,0,0,0,2018-06-27
5605,Oscar Hiljemark,Sweden,2018,7566,Mexico,Sweden,,0,93,0,0,0.0,0,2,0,0,0,2,0,0,2018-06-27
6316,Oribe Peralta Morones,Mexico,2018,7566,Mexico,Sweden,,0,93,0,0,0.0,0,3,3,1,1,0,0,0,2018-06-27
5613,Viktor Claesson,Sweden,2018,8651,Sweden,England,,0,94,0,3,0.397,0,39,30,2,2,3,0,0,2018-07-07
6358,Emil Krafth,Sweden,2018,8651,Sweden,England,,0,84,0,0,0.0,0,54,34,3,2,0,0,0,2018-07-07
4417,Ola Toivonen,Sweden,2018,8651,Sweden,England,,0,64,0,1,0.0686,0,18,11,1,0,0,1,2,2018-07-07
3205,Kyle Walker,England,2018,8651,Sweden,England,,0,92,0,0,0.0,0,78,60,3,3,1,0,0,2018-07-07
5607,Andreas Granqvist,Sweden,2018,8651,Sweden,England,,0,94,0,0,0.0,0,35,29,1,1,2,3,2,2018-07-07
3308,Kieran Trippier,England,2018,8651,Sweden,England,,0,92,0,0,0.0,1,78,50,1,0,0,0,1,2018-07-07
3336,Harry Maguire,England,2018,8651,Sweden,England,,0,94,1,2,0.1445,1,53,41,1,0,1,3,1,2018-07-07
3244,John Stones,England,2018,8651,Sweden,England,,0,93,0,0,0.0,0,58,50,0,0,0,0,0,2018-07-07
10955,Harry Kane,England,2018,8651,Sweden,England,,0,94,0,1,0.058,0,21,16,3,2,0,1,5,2018-07-07
3233,Raheem Sterling,England,2018,8651,Sweden,England,,0,90,0,2,0.2028,0,27,20,5,2,0,1,1,2018-07-07
5621,Ludwig Augustinsson,Sweden,2018,8651,Sweden,England,,0,92,0,1,0.0818,2,52,36,0,0,0,1,0,2018-07-07
3293,Jesse Lingard,England,2018,8651,Sweden,England,,0,94,0,3,0.136,2,49,45,4,4,0,0,2,2018-07-07
3612,Ashley Young,England,2018,8651,Sweden,England,,0,93,0,0,0.0,1,58,49,1,1,1,1,0,2018-07-07
3094,Bamidele Alli,England,2018,8651,Sweden,England,,0,76,1,3,0.2084,1,33,22,0,0,0,2,0,2018-07-07
5617,Sebastian Larsson,Sweden,2018,8651,Sweden,England,,0,93,0,0,0.0,1,39,31,0,0,0,4,0,2018-07-07
5624,Albin Ekdal,Sweden,2018,8651,Sweden,England,,0,92,0,0,0.0,0,36,25,2,1,2,1,1,2018-07-07
11098,Marcus Berg,Sweden,2018,8651,Sweden,England,,0,81,0,2,0.2806,1,18,11,1,0,1,1,1,2018-07-07
3532,Jordan Brian Henderson,England,2018,8651,Sweden,England,,0,83,0,1,0.0084,0,59,44,0,0,1,0,0,2018-07-07
5625,Emil Peter Forsberg,Sweden,2018,8651,Sweden,England,,0,64,0,1,0.0061,0,17,13,2,2,0,0,1,2018-07-07
3468,Jordan Pickford,England,2018,8651,Sweden,England,,0,93,0,0,0.0,0,36,20,0,0,0,0,0,2018-07-07
5622,Robin Olsen,Sweden,2018,8651,Sweden,England,,0,92,0,0,0.0,0,27,20,0,0,0,0,0,2018-07-07
3702,Victor Nilsson Lindelöf,Sweden,2018,8651,Sweden,England,,0,94,0,0,0.0,0,46,39,0,0,1,1,0,2018-07-07
6038,John Guidetti,Sweden,2018,8651,Sweden,England,,0,92,0,0,0.0,1,5,3,1,0,0,0,1,2018-07-07
3576,Martin Olsson,Sweden,2018,8651,Sweden,England,,0,94,0,0,0.0,0,10,6,0,0,0,1,0,2018-07-07
4597,Fabian Delph,England,2018,8651,Sweden,England,,0,94,0,0,0.0,0,6,6,0,0,0,0,0,2018-07-07
10956,Eric Dier,England,2018,8651,Sweden,England,,0,94,0,0,0.0,0,6,2,0,0,0,0,2,2018-07-07
4709,Pontus Jansson,Sweden,2018,8651,Sweden,England,,0,94,0,0,0.0,0,4,3,0,0,0,1,0,2018-07-07
3318,Marcus Rashford,England,2018,8651,Sweden,England,,0,94,0,0,0.0,0,1,1,0,0,0,0,0,2018-07-07
3496,Mesut Özil,Germany,2018,7567,South Korea,Germany,,0,98,0,1,0.0101,6,95,81,7,5,1,0,1,2018-06-27
5574,Toni Kroos,Germany,2018,7567,South Korea,Germany,,0,98,0,5,0.2316,4,118,105,2,2,0,0,4,2018-06-27
3083,Heung-Min Son,South Korea,2018,7567,South Korea,Germany,,0,95,1,6,1.1785,0,19,15,4,3,0,2,0,2018-06-27
5618,Woo-Young Jung,South Korea,2018,7567,South Korea,Germany,,0,98,0,3,0.067,0,29,22,2,1,2,1,1,2018-06-27
6322,Niklas Süle,Germany,2018,7567,South Korea,Germany,,0,98,0,0,0.0,1,86,78,0,0,2,0,1,2018-06-27
5627,Ja-Cheol Koo,South Korea,2018,7567,South Korea,Germany,,0,55,0,0,0.0,0,7,6,0,0,0,0,0,2018-06-27
5623,Jae-Sung Lee,South Korea,2018,7567,South Korea,Germany,,0,97,0,1,0.0375,2,36,30,3,1,0,4,1,2018-06-27
5570,Manuel Neuer,Germany,2018,7567,South Korea,Germany,,0,95,0,0,0.0,0,31,28,2,1,0,0,0,2018-06-27
5566,Sami Khedira,Germany,2018,7567,South Korea,Germany,,0,57,0,2,0.0825,0,49,43,0,0,1,2,0,2018-06-27
6040,Jonas Hector,Germany,2018,7567,South Korea,Germany,,0,77,0,0,0.0,1,57,46,2,1,2,1,2,2018-06-27
5989,Seon-Min Moon,South Korea,2018,7567,South Korea,Germany,,0,68,0,0,0.0,1,11,9,1,1,0,6,1,2018-06-27
5604,Young-Gwon Kim,South Korea,2018,7567,South Korea,Germany,,0,97,1,1,0.4729,0,19,14,0,0,1,0,1,2018-06-27
5606,Hyun-Soo Jang,South Korea,2018,7567,South Korea,Germany,,0,98,0,0,0.0,0,18,14,1,1,0,0,0,2018-06-27
5608,Yong Lee,South Korea,2018,7567,South Korea,Germany,,0,98,0,1,0.0187,0,33,21,1,0,0,0,1,2018-06-27
5559,Marco Reus,Germany,2018,7567,South Korea,Germany,,0,97,0,3,0.101,1,43,37,0,0,0,2,0,2018-06-27
5557,Timo Werner,Germany,2018,7567,South Korea,Germany,,0,98,0,3,0.1956,2,40,25,4,2,0,1,1,2018-06-27
6323,Young-Sun Yun,South Korea,2018,7567,South Korea,Germany,,0,88,0,0,0.0,0,12,12,0,0,0,1,0,2018-06-27
5986,Chul Hong,South Korea,2018,7567,South Korea,Germany,,0,85,0,0,0.0,1,30,17,1,1,1,0,1,2018-06-27
6324,Leon Goretzka,Germany,2018,7567,South Korea,Germany,,0,62,0,2,0.2822,1,22,20,1,1,0,1,1,2018-06-27
5579,Joshua Kimmich,Germany,2018,7567,South Korea,Germany,,0,94,0,1,0.0332,5,91,78,1,0,0,0,5,2018-06-27
5572,Mats Hummels,Germany,2018,7567,South Korea,Germany,,0,98,0,5,0.8075,0,69,61,2,2,2,0,0,2018-06-27
5619,Hyeon-Woo Jo,South Korea,2018,7567,South Korea,Germany,,0,99,0,0,0.0,0,31,13,0,0,0,0,0,2018-06-27
5620,Hee-Chan Hwang,South Korea,2018,7567,South Korea,Germany,,0,78,0,0,0.0,0,3,3,1,1,2,0,0,2018-06-27
5565,Mario Gómez García,Germany,2018,7567,South Korea,Germany,,0,97,0,2,0.4063,1,5,3,0,0,0,0,0,2018-06-27
5562,Thomas Müller,Germany,2018,7567,South Korea,Germany,,0,98,0,3,0.341,2,14,13,0,0,0,0,0,2018-06-27
5988,Se-Jong Ju,South Korea,2018,7567,South Korea,Germany,,0,98,0,0,0.0,1,8,5,0,0,0,1,0,2018-06-27
5555,Julian Brandt,Germany,2018,7567,South Korea,Germany,,0,97,0,2,0.2154,0,14,13,1,0,0,0,0,2018-06-27
6325,Yo-Han Go,South Korea,2018,7567,South Korea,Germany,,0,98,0,0,0.0,1,3,3,0,0,0,1,0,2018-06-27
5684,Shinji Kagawa,Japan,2018,7541,Colombia,Japan,,0,69,1,2,1.0208,2,44,37,1,1,1,1,2,2018-06-19
5681,Makoto Hasebe,Japan,2018,7541,Colombia,Japan,,0,94,0,0,0.0,1,78,71,0,0,1,2,0,2018-06-19
3300,Maya Yoshida,Japan,2018,7541,Colombia,Japan,,0,93,0,1,0.1208,0,93,82,0,0,3,3,0,2018-06-19
3445,Radamel Falcao García Zárate,Colombia,2018,7541,Colombia,Japan,,0,93,0,2,0.3842,0,26,21,2,0,0,1,4,2018-06-19
5679,Yūya Ōsako,Japan,2018,7541,Colombia,Japan,,0,84,1,5,0.8049,2,22,15,1,1,1,1,0,2018-06-19
5680,Oscar Fabián Murillo Murillo,Colombia,2018,7541,Colombia,Japan,,0,94,0,2,0.1908,0,45,33,0,0,4,0,1,2018-06-19
3279,José Heriberto Izquierdo Mena,Colombia,2018,7541,Colombia,Japan,,0,69,0,0,0.0,0,25,19,4,2,0,1,0,2018-06-19
5697,Genki Haraguchi,Japan,2018,7541,Colombia,Japan,,0,93,0,0,0.0,0,39,34,1,1,2,1,3,2018-06-19
5691,Johan Andrés Mojica Palacio,Colombia,2018,7541,Colombia,Japan,,0,94,0,0,0.0,1,69,53,8,5,2,1,1,2018-06-19
3530,Hiroki Sakai,Japan,2018,7541,Colombia,Japan,,0,93,0,2,0.1091,2,57,44,2,1,1,0,2,2018-06-19
5693,Gaku Shibasaki,Japan,2018,7541,Colombia,Japan,,0,79,0,0,0.0,2,73,58,2,1,3,0,0,2018-06-19
5678,Jefferson Andrés Lerma Solís,Colombia,2018,7541,Colombia,Japan,,0,94,0,1,0.0563,2,46,40,1,0,2,2,1,2018-06-19
5685,Carlos Alberto Sánchez Moreno,Colombia,2018,7541,Colombia,Japan,,0,2,0,0,0.0,0,4,3,0,0,0,1,0,2018-06-19
5696,Santiago Arias Naranjo,Colombia,2018,7541,Colombia,Japan,,0,94,0,0,0.0,0,50,33,1,1,1,4,0,2018-06-19
5689,Juan Guillermo Cuadrado Bello,Colombia,2018,7541,Colombia,Japan,,0,30,0,1,0.0088,1,11,8,3,2,0,0,4,2018-06-19
5692,Juan Fernando Quintero Paniagua,Colombia,2018,7541,Colombia,Japan,,0,57,1,2,0.0331,3,29,22,1,1,0,0,0,2018-06-19
5687,Takashi Inui,Japan,2018,7541,Colombia,Japan,,0,92,0,3,0.2566,0,33,27,3,2,3,2,5,2018-06-19
3494,Davinson Sánchez Mina,Colombia,2018,7541,Colombia,Japan,,0,94,0,0,0.0,0,38,26,0,0,3,0,0,2018-06-19
4276,David Ospina Ramírez,Colombia,2018,7541,Colombia,Japan,,0,91,0,0,0.0,0,22,13,0,0,0,0,0,2018-06-19
5682,Gen Shōji,Japan,2018,7541,Colombia,Japan,,0,93,0,0,0.0,0,77,71,0,0,2,0,0,2018-06-19
5690,Yuto Nagatomo,Japan,2018,7541,Colombia,Japan,,0,95,0,0,0.0,0,55,44,1,1,2,1,1,2018-06-19
3175,Eiji Kawashima,Japan,2018,7541,Colombia,Japan,,0,93,0,0,0.0,0,18,14,0,0,0,0,0,2018-06-19
5686,Wílmar Enrique Barrios Terán,Colombia,2018,7541,Colombia,Japan,,0,92,0,0,0.0,0,26,21,1,0,1,2,0,2018-06-19
5695,James David Rodríguez Rubio,Colombia,2018,7541,Colombia,Japan,,0,95,0,1,0.0605,1,21,14,3,1,0,3,0,2018-06-19
5688,Carlos Arturo Bacca Ahumada,Colombia,2018,7541,Colombia,Japan,,0,94,0,1,0.0725,0,10,8,0,0,0,0,0,2018-06-19
5683,Keisuke Honda,Japan,2018,7541,Colombia,Japan,,0,94,0,1,0.0085,1,26,21,1,1,0,0,1,2018-06-19
5694,Hotaru Yamaguchi,Japan,2018,7541,Colombia,Japan,,0,94,0,0,0.0,0,14,11,0,0,0,0,0,2018-06-19
3810,Shinji Okazaki,Japan,2018,7541,Colombia,Japan,,0,94,0,0,0.0,0,1,1,1,0,0,0,0,2018-06-19
5487,Antoine Griezmann,France,2018,8655,France,Belgium,,0,95,0,5,0.2084,4,38,33,1,0,1,1,4,2018-07-10
5485,Raphaël Varane,France,2018,8655,France,Belgium,,0,94,0,0,0.0,0,39,35,0,0,0,0,1,2018-07-10
5476,Benjamin Pavard,France,2018,8655,France,Belgium,,0,95,0,1,0.0745,1,52,45,0,0,1,0,0,2018-07-10
3621,Eden Hazard,Belgium,2018,8655,France,Belgium,,0,94,0,2,0.0381,1,50,47,8,7,0,1,4,2018-07-10
3009,Kylian Mbappé Lottin,France,2018,8655,France,Belgium,,0,94,0,0,0.0,5,33,23,12,4,0,0,3,2018-07-10
3077,Jan Vertonghen,Belgium,2018,8655,France,Belgium,,0,94,0,0,0.0,0,55,49,0,0,0,2,0,2018-07-10
3037,Mousa Sidi Yaya Dembélé,Belgium,2018,8655,France,Belgium,,0,59,0,0,0.0,0,28,25,0,0,0,4,0,2018-07-10
20005,Toby Alderweireld,Belgium,2018,8655,France,Belgium,,0,94,0,2,0.1101,0,114,105,0,0,1,1,0,2018-07-10
3089,Kevin De Bruyne,Belgium,2018,8655,France,Belgium,,0,94,0,2,0.1123,1,60,41,2,1,2,1,0,2018-07-10
4375,Blaise Matuidi,France,2018,8655,France,Belgium,,0,85,0,3,0.1845,2,23,21,1,0,2,0,4,2018-07-10
3296,Marouane Fellaini-Bakkioui,Belgium,2018,8655,France,Belgium,,0,79,0,1,0.1208,1,28,26,0,0,0,2,0,2018-07-10
20004,Paul Pogba,France,2018,8655,France,Belgium,,0,96,0,1,0.0638,3,32,29,1,1,0,2,2,2018-07-10
5642,Axel Witsel,Belgium,2018,8655,France,Belgium,,0,94,0,1,0.0179,1,58,57,0,0,0,2,1,2018-07-10
5492,Samuel Yves Umtiti,France,2018,8655,France,Belgium,,0,74,1,1,0.0803,1,35,28,0,0,0,0,0,2018-07-10
5484,Lucas Hernández Pi,France,2018,8655,France,Belgium,,0,90,0,0,0.0,0,34,25,0,0,1,1,1,2018-07-10
3961,N'Golo Kanté,France,2018,8655,France,Belgium,,0,92,0,0,0.0,0,45,41,0,0,2,1,0,2018-07-10
3099,Hugo Lloris,France,2018,8655,France,Belgium,,0,84,0,0,0.0,0,16,7,0,0,0,0,0,2018-07-10
3604,Olivier Giroud,France,2018,8655,France,Belgium,,0,84,0,7,0.9145,0,17,11,0,0,1,1,2,2018-07-10
4831,Nacer Chadli,Belgium,2018,8655,France,Belgium,,0,90,0,0,0.0,1,80,65,4,2,1,1,0,2018-07-10
3289,Romelu Lukaku Menama,Belgium,2018,8655,France,Belgium,,0,94,0,1,0.1677,0,18,16,0,0,0,1,0,2018-07-10
3101,Vincent Kompany,Belgium,2018,8655,France,Belgium,,0,94,0,0,0.0,1,95,91,0,0,0,1,0,2018-07-10
3509,Thibaut Courtois,Belgium,2018,8655,France,Belgium,,0,95,0,0,0.0,0,14,11,0,0,0,0,0,2018-07-10
5630,Dries Mertens,Belgium,2018,8655,France,Belgium,,0,89,0,0,0.0,1,19,13,0,0,1,1,0,2018-07-10
5633,Yannick Ferreira Carrasco,Belgium,2018,8655,France,Belgium,,0,96,0,0,0.0,0,4,3,0,0,0,0,1,2018-07-10
5737,Steven N'Kemboanza Mike Christopher Nzonzi,France,2018,8655,France,Belgium,,0,93,0,0,0.0,0,1,1,0,0,0,0,0,2018-07-10
5480,Corentin Tolisso,France,2018,8655,France,Belgium,,0,95,0,1,0.156,0,2,2,0,0,0,0,0,2018-07-10
3457,Michy Batshuayi Tunga,Belgium,2018,8655,France,Belgium,,0,93,0,0,0.0,0,0,0,0,0,0,0,0,2018-07-10
3289,Romelu Lukaku Menama,Belgium,2018,8657,Belgium,England,,0,59,0,1,0.0879,0,11,8,0,0,0,1,0,2018-07-14
5642,Axel Witsel,Belgium,2018,8657,Belgium,England,,0,93,0,0,0.0,0,51,50,3,2,1,2,1,2018-07-14
10955,Harry Kane,England,2018,8657,Belgium,England,,0,92,0,2,0.1233,0,18,18,0,0,0,0,3,2018-07-14
3077,Jan Vertonghen,Belgium,2018,8657,Belgium,England,,0,92,0,0,0.0,0,49,42,1,1,1,0,0,2018-07-14
3101,Vincent Kompany,Belgium,2018,8657,Belgium,England,,0,91,0,0,0.0,0,39,34,0,0,1,2,0,2018-07-14
20005,Toby Alderweireld,Belgium,2018,8657,Belgium,England,,0,91,0,1,0.1282,0,62,55,0,0,1,0,0,2018-07-14
3233,Raheem Sterling,England,2018,8657,Belgium,England,,0,46,0,2,0.0811,1,25,23,7,4,0,0,0,2018-07-14
3176,Thomas Meunier,Belgium,2018,8657,Belgium,England,,0,91,1,2,0.3688,0,38,29,1,1,2,0,0,2018-07-14
3594,Danny Rose,England,2018,8657,Belgium,England,,0,45,0,0,0.0,1,26,24,1,1,1,0,1,2018-07-14
2954,Youri Tielemans,Belgium,2018,8657,Belgium,England,,0,77,0,2,0.0764,1,46,41,1,1,2,3,1,2018-07-14
4597,Fabian Delph,England,2018,8657,Belgium,England,,0,91,0,1,0.0362,2,79,74,1,1,3,0,0,2018-07-14
3504,Ruben Loftus-Cheek,England,2018,8657,Belgium,England,,0,83,0,1,0.1546,1,49,42,4,3,0,0,0,2018-07-14
3509,Thibaut Courtois,Belgium,2018,8657,Belgium,England,,0,90,0,0,0.0,0,28,22,0,0,0,0,0,2018-07-14
3089,Kevin De Bruyne,Belgium,2018,8657,Belgium,England,,0,92,0,2,0.111,4,64,54,3,2,0,0,0,2018-07-14
10956,Eric Dier,England,2018,8657,Belgium,England,,0,92,0,3,0.589,0,82,79,3,1,1,1,1,2018-07-14
3314,Phil Jones,England,2018,8657,Belgium,England,,0,91,0,0,0.0,0,71,64,0,0,2,0,1,2018-07-14
3244,John Stones,England,2018,8657,Belgium,England,,0,91,0,0,0.0,0,89,84,0,0,2,1,0,2018-07-14
3336,Harry Maguire,England,2018,8657,Belgium,England,,0,91,0,3,0.2635,0,60,58,0,0,2,1,0,2018-07-14
3308,Kieran Trippier,England,2018,8657,Belgium,England,,0,92,0,0,0.0,8,99,80,0,0,1,1,1,2018-07-14
4831,Nacer Chadli,Belgium,2018,8657,Belgium,England,,0,38,0,0,0.0,1,11,11,1,0,0,0,0,2018-07-14
3621,Eden Hazard,Belgium,2018,8657,Belgium,England,,0,92,1,2,0.4405,2,58,43,11,6,0,0,2,2018-07-14
3468,Jordan Pickford,England,2018,8657,Belgium,England,,0,91,0,0,0.0,0,18,13,0,0,0,0,0,2018-07-14
6332,Thomas Vermaelen,Belgium,2018,8657,Belgium,England,,0,92,0,0,0.0,0,18,15,0,0,1,2,0,2018-07-14
3293,Jesse Lingard,England,2018,8657,Belgium,England,,0,92,0,2,0.0622,1,39,34,0,0,1,0,0,2018-07-14
3318,Marcus Rashford,England,2018,8657,Belgium,England,,0,89,0,1,0.0256,1,24,21,1,1,0,0,4,2018-07-14
5630,Dries Mertens,Belgium,2018,8657,Belgium,England,,0,91,0,1,0.1081,1,14,13,0,0,0,1,0,2018-07-14
3037,Mousa Sidi Yaya Dembélé,Belgium,2018,8657,Belgium,England,,0,89,0,0,0.0,0,10,10,0,0,0,1,0,2018-07-14
3094,Bamidele Alli,England,2018,8657,Belgium,England,,0,91,0,0,0.0,0,6,5,0,0,0,0,0,2018-07-14
5472,Mario Mandžukić,Croatia,2018,8652,Russia,Croatia,,0,120,0,2,0.2387,2,38,24,0,0,0,0,3,2018-07-07
5470,Ivan Rakitić,Croatia,2018,8652,Russia,Croatia,,0,127,1,2,0.829,1,88,76,2,2,1,1,3,2018-07-07
5463,Luka Modrić,Croatia,2018,8652,Russia,Croatia,,0,125,1,4,0.9014,3,110,90,6,5,0,1,4,2018-07-07
5171,Roman Zobnin,Russia,2018,8652,Russia,Croatia,,0,120,0,1,0.0292,0,43,27,0,0,8,3,3,2018-07-07
5468,Domagoj Vida,Croatia,2018,8652,Russia,Croatia,,0,126,2,2,0.8922,0,76,63,0,0,1,1,1,2018-07-07
5457,Ivan Strinić,Croatia,2018,8652,Russia,Croatia,,0,73,0,0,0.0,1,51,44,2,2,0,3,3,2018-07-07
5182,Aleksandr Samedov,Russia,2018,8652,Russia,Croatia,,0,53,0,0,0.0,0,11,5,2,1,1,3,2,2018-07-07
5195,Artem Dzyuba,Russia,2018,8652,Russia,Croatia,,0,78,0,2,0.1122,3,17,12,0,0,0,3,3,2018-07-07
3444,Danijel Subašić,Croatia,2018,8652,Russia,Croatia,,0,127,0,0,0.0,0,38,23,0,0,0,0,1,2018-07-07
5179,Daler Kuzyaev,Russia,2018,8652,Russia,Croatia,,0,127,1,2,0.82,0,33,25,1,1,0,2,0,2018-07-07
5177,Aleksandr Golovin,Russia,2018,8652,Russia,Croatia,,0,101,0,0,0.0,0,28,16,0,0,0,3,1,2018-07-07
5460,Andrej Kramarić,Croatia,2018,8652,Russia,Croatia,,0,87,1,3,0.3792,1,33,25,1,1,1,1,0,2018-07-07
5170,Mário Figueira Fernandes,Russia,2018,8652,Russia,Croatia,,0,124,1,2,1.0248,2,55,38,1,1,0,2,3,2018-07-07
3471,Dejan Lovren,Croatia,2018,8652,Russia,Croatia,,0,121,0,1,0.0099,1,92,77,0,0,1,2,2,2018-07-07
5461,Šime Vrsaljko,Croatia,2018,8652,Russia,Croatia,,0,96,0,1,0.0158,2,76,58,1,0,3,1,1,2018-07-07
5186,Denis Cheryshev,Russia,2018,8652,Russia,Croatia,,0,66,1,3,0.1837,1,19,8,2,1,0,1,0,2018-07-07
5677,Fedor Kudryashov,Russia,2018,8652,Russia,Croatia,,0,118,0,0,0.0,0,42,29,0,0,0,3,0,2018-07-07
5174,Sergei Ignashevich,Russia,2018,8652,Russia,Croatia,,0,125,1,2,0.7973,0,43,33,0,0,0,0,1,2018-07-07
5175,Ilya Kutepov,Russia,2018,8652,Russia,Croatia,,0,112,0,1,0.1674,0,40,28,0,0,0,1,1,2018-07-07
5172,Igor Akinfeev,Russia,2018,8652,Russia,Croatia,,0,127,0,0,0.0,0,30,10,0,0,0,0,0,2018-07-07
5474,Ivan Perišić,Croatia,2018,8652,Russia,Croatia,,0,62,0,3,0.4317,0,20,15,0,0,0,1,0,2018-07-07
5465,Ante Rebić,Croatia,2018,8652,Russia,Croatia,,0,120,0,3,0.303,0,24,9,5,4,0,2,2,2018-07-07
6354,Aleksandr Erokhin,Russia,2018,8652,Russia,Croatia,,0,120,0,2,0.2818,1,15,6,0,0,0,1,0,2018-07-07
5469,Marcelo Brozović,Croatia,2018,8652,Russia,Croatia,,0,121,1,1,0.7835,0,59,50,1,0,0,0,1,2018-07-07
5194,Fyodor Smolov,Russia,2018,8652,Russia,Croatia,,0,121,0,2,0.7886,0,14,10,2,2,0,0,0,2018-07-07
6308,Josip Pivarić,Croatia,2018,8652,Russia,Croatia,,0,119,0,0,0.0,0,45,34,2,2,0,4,0,2018-07-07
5181,Yury Gazinskiy,Russia,2018,8652,Russia,Croatia,,0,119,0,0,0.0,0,16,13,0,0,0,2,0,2018-07-07
5456,Mateo Kovačić,Croatia,2018,8652,Russia,Croatia,,0,123,0,1,0.7835,0,10,8,0,0,0,1,2,2018-07-07
5739,Vedran Ćorluka,Croatia,2018,8652,Russia,Croatia,,0,120,0,0,0.0,0,11,11,0,0,0,0,0,2018-07-07
5180,Alan Dzagoev,Russia,2018,8652,Russia,Croatia,,0,122,1,1,0.7835,2,11,6,0,0,0,0,1,2018-07-07
5487,Antoine Griezmann,France,2018,7563,Denmark,France,,0,67,0,2,0.032,0,42,29,2,2,1,2,1,2018-06-26
5732,Andreas Evald Cornelius,Denmark,2018,7563,Denmark,France,,0,74,0,0,0.0,0,19,8,2,2,0,2,2,2018-06-26
5737,Steven N'Kemboanza Mike Christopher Nzonzi,France,2018,7563,Denmark,France,,0,92,0,0,0.0,1,73,61,0,0,1,0,1,2018-06-26
5485,Raphaël Varane,France,2018,7563,Denmark,France,,0,92,0,1,0.0722,0,89,79,1,1,0,1,0,2018-06-26
3446,Djibril Sidibé,France,2018,7563,Denmark,France,,0,92,0,0,0.0,3,99,83,0,0,0,1,0,2018-06-26
5516,Pione Sisto Ifolo Emirmija,Denmark,2018,7563,Denmark,France,,0,59,0,0,0.0,0,13,7,2,2,1,0,2,2018-06-26
2999,Presnel Kimpembe,France,2018,7563,Denmark,France,,0,92,0,0,0.0,0,76,68,0,0,1,1,2,2018-06-26
5484,Lucas Hernández Pi,France,2018,7563,Denmark,France,,0,49,0,0,0.0,1,43,38,0,0,0,1,2,2018-06-26
4447,Martin Braithwaite Christensen,Denmark,2018,7563,Denmark,France,,0,87,0,0,0.0,0,24,18,2,2,0,2,1,2018-06-26
3245,Thomas Lemar,France,2018,7563,Denmark,France,,0,92,0,1,0.0266,2,54,49,4,3,0,1,1,2018-06-26
3043,Christian Dannemann Eriksen,Denmark,2018,7563,Denmark,France,,0,92,0,3,0.1072,0,35,21,1,1,0,1,1,2018-06-26
3961,N'Golo Kanté,France,2018,7563,Denmark,France,,0,92,0,0,0.0,0,79,70,1,0,2,1,2,2018-06-26
5477,Ousmane Dembélé,France,2018,7563,Denmark,France,,0,77,0,2,0.0197,1,43,36,5,4,0,0,1,2018-06-26
3543,Steve Mandanda,France,2018,7563,Denmark,France,,0,89,0,0,0.0,0,25,20,0,0,0,0,0,2018-06-26
5527,Thomas Delaney,Denmark,2018,7563,Denmark,France,,0,91,0,0,0.0,1,39,33,2,1,1,2,2,2018-06-26
3027,Mathias Jørgensen Jatta,Denmark,2018,7563,Denmark,France,,0,90,0,0,0.0,0,30,26,0,0,1,1,2,2018-06-26
3815,Kasper Schmeichel,Denmark,2018,7563,Denmark,France,,0,89,0,0,0.0,0,31,10,0,0,0,0,0,2018-06-26
4763,Henrik Dalsgaard,Denmark,2018,7563,Denmark,France,,0,92,0,1,0.0053,0,43,27,0,0,0,2,0,2018-06-26
5524,Jens Stryger Larsen,Denmark,2018,7563,Denmark,France,,0,90,0,0,0.0,1,30,21,0,0,3,0,0,2018-06-26
3604,Olivier Giroud,France,2018,7563,Denmark,France,,0,92,0,3,0.2266,0,15,12,0,0,0,2,1,2018-06-26
5534,Simon Thorup Kjær,Denmark,2018,7563,Denmark,France,,0,90,0,0,0.0,0,39,30,0,0,1,0,0,2018-06-26
3959,Andreas Christensen,Denmark,2018,7563,Denmark,France,,0,92,0,0,0.0,0,26,23,1,0,2,0,0,2018-06-26
3261,Benjamin Mendy,France,2018,7563,Denmark,France,,0,92,0,0,0.0,1,35,26,0,0,0,0,0,2018-06-26
6303,Viktor Fischer,Denmark,2018,7563,Denmark,France,,0,88,0,1,0.0265,0,8,8,2,0,1,0,0,2018-06-26
2948,Nabil Fekir,France,2018,7563,Denmark,France,,0,90,0,2,0.0409,0,14,12,2,2,0,0,0,2018-06-26
6302,Kasper Dolberg,Denmark,2018,7563,Denmark,France,,0,92,0,0,0.0,0,5,4,0,0,0,1,0,2018-06-26
3009,Kylian Mbappé Lottin,France,2018,7563,Denmark,France,,0,92,0,0,0.0,1,12,9,1,0,0,0,0,2018-06-26
5684,Shinji Kagawa,Japan,2018,7556,Japan,Senegal,,0,71,0,0,0.0,1,40,32,2,2,2,0,2,2018-06-24
5681,Makoto Hasebe,Japan,2018,7556,Japan,Senegal,,0,93,0,1,0.0305,0,69,56,0,0,1,1,3,2018-06-24
3300,Maya Yoshida,Japan,2018,7556,Japan,Senegal,,0,91,0,0,0.0,0,67,50,0,0,0,1,1,2018-06-24
5682,Gen Shōji,Japan,2018,7556,Japan,Senegal,,0,93,0,0,0.0,0,63,55,1,0,0,0,0,2018-06-24
4277,Papa Alioune N'Diaye,Senegal,2018,7556,Japan,Senegal,,0,80,0,1,0.0882,1,22,16,1,1,2,1,0,2018-06-24
3175,Eiji Kawashima,Japan,2018,7556,Japan,Senegal,,0,93,0,0,0.0,0,24,14,0,0,0,0,0,2018-06-24
5661,M'Baye Babacar Niang,Senegal,2018,7556,Japan,Senegal,,0,85,0,5,0.5946,1,23,15,3,1,0,1,1,2018-06-24
5664,Salif Sané,Senegal,2018,7556,Japan,Senegal,,0,92,0,1,0.0528,0,46,32,0,0,3,0,0,2018-06-24
5693,Gaku Shibasaki,Japan,2018,7556,Japan,Senegal,,0,93,0,0,0.0,0,50,35,1,1,2,1,2,2018-06-24
5679,Yūya Ōsako,Japan,2018,7556,Japan,Senegal,,0,93,0,2,0.3551,2,22,15,2,2,0,0,1,2018-06-24
5675,Kalidou Koulibaly,Senegal,2018,7556,Japan,Senegal,,0,93,0,0,0.0,0,40,34,0,0,2,1,0,2018-06-24
5687,Takashi Inui,Japan,2018,7556,Japan,Senegal,,0,86,1,2,0.0784,1,26,23,1,1,0,1,3,2018-06-24
2941,Ismaïla Sarr,Senegal,2018,7556,Japan,Senegal,,0,93,0,1,0.134,1,31,19,1,0,1,1,2,2018-06-24
5690,Yuto Nagatomo,Japan,2018,7556,Japan,Senegal,,0,93,0,0,0.0,1,37,29,1,0,2,0,0,2018-06-24
5674,Moussa Wagué,Senegal,2018,7556,Japan,Senegal,,0,91,1,1,0.0754,5,55,42,1,1,0,0,0,2018-06-24
3629,Sadio Mané,Senegal,2018,7556,Japan,Senegal,,0,93,1,1,0.5738,1,29,20,2,1,1,2,4,2018-06-24
3530,Hiroki Sakai,Japan,2018,7556,Japan,Senegal,,0,91,0,0,0.0,0,40,31,0,0,0,2,1,2018-06-24
5671,Alfred John Momar N'Diaye,Senegal,2018,7556,Japan,Senegal,,0,64,0,1,0.1117,0,19,17,0,0,0,1,0,2018-06-24
3436,Idrissa Gana Gueye,Senegal,2018,7556,Japan,Senegal,,0,93,0,0,0.0,0,45,38,1,1,0,2,1,2018-06-24
3404,Youssouf Sabaly,Senegal,2018,7556,Japan,Senegal,,0,93,0,2,0.0365,1,36,26,2,1,0,4,1,2018-06-24
5697,Genki Haraguchi,Japan,2018,7556,Japan,Senegal,,0,74,0,1,0.0292,1,23,18,0,0,1,2,0,2018-06-24
5659,Khadim N'Diaye,Senegal,2018,7556,Japan,Senegal,,0,89,0,0,0.0,0,27,13,0,0,0,0,0,2018-06-24
3684,Cheikhou Kouyaté,Senegal,2018,7556,Japan,Senegal,,0,90,0,0,0.0,0,12,9,0,0,0,1,0,2018-06-24
5683,Keisuke Honda,Japan,2018,7556,Japan,Senegal,,0,93,1,1,0.4889,0,9,6,1,0,0,0,1,2018-06-24
3810,Shinji Okazaki,Japan,2018,7556,Japan,Senegal,,0,92,0,0,0.0,0,4,3,1,1,0,0,0,2018-06-24
5676,Cheikh N'Doye,Senegal,2018,7556,Japan,Senegal,,0,93,0,1,0.1318,0,6,3,0,0,0,1,0,2018-06-24
6191,Takashi Usami,Japan,2018,7556,Japan,Senegal,,0,92,0,0,0.0,0,2,1,0,0,0,1,1,2018-06-24
3603,Mame Biram Diouf,Senegal,2018,7556,Japan,Senegal,,0,93,0,1,0.0795,0,1,1,0,0,0,0,0,2018-06-24
5252,Marwan Mohsen,Egypt,2018,7559,Saudi Arabia,Egypt,,0,63,0,1,0.0217,0,18,7,2,1,0,2,1,2018-06-25
3568,Mohamed Naser Elsayed Elneny,Egypt,2018,7559,Saudi Arabia,Egypt,,0,92,0,1,0.0403,0,40,38,0,0,2,1,0,2018-06-25
5250,Ahmed Fathy Abdel Meneim Ibrahim,Egypt,2018,7559,Saudi Arabia,Egypt,,0,91,0,0,0.0,1,46,32,1,0,2,6,0,2018-06-25
5187,Salem Mohammed Al Dawsari,Saudi Arabia,2018,7559,Saudi Arabia,Egypt,,0,94,1,4,0.1963,2,63,59,10,6,3,0,3,2018-06-25
5254,Ali Gabr,Egypt,2018,7559,Saudi Arabia,Egypt,,0,91,0,0,0.0,0,31,26,0,0,1,1,1,2018-06-25
4063,Ahmed Elsayed Ali Elsayed Hegazy,Egypt,2018,7559,Saudi Arabia,Egypt,,0,94,0,0,0.0,0,35,29,0,0,1,0,0,2018-06-25
5263,Mohamed Abdul Shafy Sayed Abouezeid,Egypt,2018,7559,Saudi Arabia,Egypt,,0,93,0,0,0.0,0,45,38,1,1,4,0,1,2018-06-25
5188,Hattan Babhir,Saudi Arabia,2018,7559,Saudi Arabia,Egypt,,0,64,0,3,0.0845,0,33,25,0,0,0,1,0,2018-06-25
5190,Fahad Mosaed Al Muwallad Al Harbi,Saudi Arabia,2018,7559,Saudi Arabia,Egypt,,0,78,0,1,0.7835,1,15,11,2,1,1,3,1,2018-06-25
5178,Salman Mohammed Al Faraj,Saudi Arabia,2018,7559,Saudi Arabia,Egypt,,0,93,1,3,0.9693,5,108,89,5,3,5,1,0,2018-06-25
5184,Osama Abdulrezag Hawsawi,Saudi Arabia,2018,7559,Saudi Arabia,Egypt,,0,93,0,0,0.0,0,35,30,0,0,2,2,1,2018-06-25
5191,Mohammed Al Burayk,Saudi Arabia,2018,7559,Saudi Arabia,Egypt,,0,94,0,2,0.0752,0,86,78,0,0,2,0,2,2018-06-25
5261,Mahmoud Ibrahim Hassan,Egypt,2018,7559,Saudi Arabia,Egypt,,0,80,0,3,0.2811,2,21,15,1,1,1,0,1,2018-06-25
5173,Abdullah Ibrahim Otayf,Saudi Arabia,2018,7559,Saudi Arabia,Egypt,,0,94,0,2,0.1322,2,115,107,2,2,4,1,3,2018-06-25
5251,Abdalla Mahmoud El Said Bekhit,Egypt,2018,7559,Saudi Arabia,Egypt,,0,51,0,0,0.0,1,21,12,0,0,0,0,0,2018-06-25
3531,Mohamed Salah,Egypt,2018,7559,Saudi Arabia,Egypt,,0,95,1,2,0.5517,3,20,15,7,6,0,1,0,2018-06-25
5183,Yasir Gharsan Al Shahrani,Saudi Arabia,2018,7559,Saudi Arabia,Egypt,,0,89,0,1,0.0263,0,78,63,0,0,0,0,1,2018-06-25
5716,Hussain Al Mogahwi,Saudi Arabia,2018,7559,Saudi Arabia,Egypt,,0,93,0,4,0.1694,2,72,68,2,1,1,1,3,2018-06-25
6292,Essam Kamal Tawfik El Hadary,Egypt,2018,7559,Saudi Arabia,Egypt,,0,94,0,0,0.0,0,19,14,0,0,0,0,0,2018-06-25
5262,Tarek Hamed,Egypt,2018,7559,Saudi Arabia,Egypt,,0,93,0,0,0.0,0,52,45,0,0,0,4,3,2018-06-25
6290,Motaz Ali Hassan Hawsawi,Saudi Arabia,2018,7559,Saudi Arabia,Egypt,,0,93,0,0,0.0,0,31,27,0,0,0,0,1,2018-06-25
6291,Yasser Abdullah Al Mosailem,Saudi Arabia,2018,7559,Saudi Arabia,Egypt,,0,91,0,0,0.0,0,13,12,0,0,0,0,0,2018-06-25
5253,Amr Medhat Warda,Egypt,2018,7559,Saudi Arabia,Egypt,,0,93,0,1,0.029,0,16,11,0,0,1,0,2,2018-06-25
3536,Ramadan Sobhi Ramadan Ahmed,Egypt,2018,7559,Saudi Arabia,Egypt,,0,93,0,0,0.0,0,11,7,0,0,0,1,0,2018-06-25
5176,Mohanad Aseri Abu Radiah,Saudi Arabia,2018,7559,Saudi Arabia,Egypt,,0,92,0,1,0.1091,0,4,0,0,0,1,0,0,2018-06-25
5192,Yehya Sulaiman Ali Al-Shehri,Saudi Arabia,2018,7559,Saudi Arabia,Egypt,,0,93,0,0,0.0,0,21,20,0,0,0,0,0,2018-06-25
5257,Mahmoud Abdul Monem Abdelhamid Soliman,Egypt,2018,7559,Saudi Arabia,Egypt,,0,92,0,0,0.0,0,4,3,0,0,0,1,0,2018-06-25
6301,Youssef En-Nesyri,Morocco,2022,3857276,Canada,Morocco,,0,93,1,2,0.1986,0,18,12,4,2,0,1,2,2022-12-01
5234,Sofyan Amrabat,Morocco,2022,3857276,Canada,Morocco,,0,93,0,0,0.0,0,47,43,0,0,2,3,1,2022-12-01
12149,Nayef Aguerd,Morocco,2022,3857276,Canada,Morocco,,0,90,0,0,0.0,0,41,35,0,0,2,0,0,2022-12-01
5219,Romain Saïss,Morocco,2022,3857276,Canada,Morocco,,0,88,0,0,0.0,0,39,30,0,0,1,0,0,2022-12-01
5245,Achraf Hakimi Mouh,Morocco,2022,3857276,Canada,Morocco,,0,84,0,0,0.0,1,58,49,0,0,3,0,2,2022-12-01
29758,Sam Adekugbe,Canada,2022,3857276,Canada,Morocco,,0,60,0,0,0.0,0,37,31,1,1,0,1,0,2022-12-01
5237,Hakim Ziyech,Morocco,2022,3857276,Canada,Morocco,,0,75,1,2,0.0471,0,40,26,4,2,1,1,0,2022-12-01
24024,Tajon Buchanan,Canada,2022,3857276,Canada,Morocco,,0,93,0,1,0.2791,0,28,21,7,1,2,3,1,2022-12-01
6785,Yassine Bounou,Morocco,2022,3857276,Canada,Morocco,,0,92,0,0,0.0,0,36,25,0,0,0,0,0,2022-12-01
3634,Abdelhamid Sabiri,Morocco,2022,3857276,Canada,Morocco,,0,64,0,2,0.1192,0,26,21,0,0,2,0,1,2022-12-01
3625,Sofiane Boufal,Morocco,2022,3857276,Canada,Morocco,,0,64,0,1,0.0616,2,18,15,1,0,1,5,4,2022-12-01
23828,Kamal Miller,Canada,2022,3857276,Canada,Morocco,,0,93,0,0,0.0,0,91,83,1,1,2,0,1,2022-12-01
44703,Alistair Johnston,Canada,2022,3857276,Canada,Morocco,,0,93,0,1,0.6388,0,65,58,0,0,1,2,0,2022-12-01
15890,Noussair Mazraoui,Morocco,2022,3857276,Canada,Morocco,,0,93,0,0,0.0,0,22,18,1,0,0,0,1,2022-12-01
15958,Milan Borjan,Canada,2022,3857276,Canada,Morocco,,0,93,0,0,0.0,0,24,21,0,0,0,0,0,2022-12-01
16459,Cyle Larin,Canada,2022,3857276,Canada,Morocco,,0,59,0,0,0.0,1,11,6,2,1,0,2,0,2022-12-01
12770,Jonathan Osorio,Canada,2022,3857276,Canada,Morocco,,0,65,0,0,0.0,0,29,27,0,0,0,2,1,2022-12-01
9922,David Junior Hoilett,Canada,2022,3857276,Canada,Morocco,,0,75,0,0,0.0,2,28,20,4,3,2,1,2,2022-12-01
12365,Alphonso Davies,Canada,2022,3857276,Canada,Morocco,,0,93,0,1,0.0519,1,29,19,4,2,1,0,1,2022-12-01
16252,Mark Anthony Kaye,Canada,2022,3857276,Canada,Morocco,,0,59,0,1,0.0389,0,57,50,0,0,1,1,1,2022-12-01
46258,Azzedine Ounahi,Morocco,2022,3857276,Canada,Morocco,,0,75,0,0,0.0,0,33,27,2,2,1,1,3,2022-12-01
11846,Steven de Sousa Vitoria,Canada,2022,3857276,Canada,Morocco,,0,93,0,0,0.0,0,79,70,0,0,0,4,3,2022-12-01
31684,Atiba Hutchinson,Canada,2022,3857276,Canada,Morocco,,0,90,0,1,0.0869,0,30,28,0,0,1,0,1,2022-12-01
133229,Ismael Koné,Canada,2022,3857276,Canada,Morocco,,0,93,0,0,0.0,0,29,27,1,1,0,0,1,2022-12-01
23640,Jonathan David,Canada,2022,3857276,Canada,Morocco,,0,93,0,0,0.0,0,12,11,3,1,0,0,1,2022-12-01
23774,Selim Amallah,Morocco,2022,3857276,Canada,Morocco,,0,92,0,0,0.0,0,2,0,1,0,0,0,0,2022-12-01
21736,Zakaria Aboukhlal,Morocco,2022,3857276,Canada,Morocco,,0,93,0,0,0.0,0,4,3,0,0,0,1,0,2022-12-01
16120,Richie Laryea,Canada,2022,3857276,Canada,Morocco,,0,93,0,0,0.0,0,7,5,2,1,0,0,1,2022-12-01
9036,David Wallace Wotherspoon,Canada,2022,3857276,Canada,Morocco,,0,89,0,0,0.0,0,6,3,1,1,0,0,1,2022-12-01
59493,Abderrazak Hamdallah,Morocco,2022,3857276,Canada,Morocco,,0,93,0,0,0.0,0,5,3,0,0,0,3,1,2022-12-01
7459,Jawad El Yamiq,Morocco,2022,3857276,Canada,Morocco,,0,90,0,0,0.0,0,1,1,0,0,0,0,1,2022-12-01
102668,Yahya Jabrane,Morocco,2022,3857276,Canada,Morocco,,0,90,0,0,0.0,0,3,2,0,0,0,0,0,2022-12-01
5239,Alireza Jahanbakhsh,Iran,2022,3857271,England,Iran,,0,58,0,1,0.1123,0,8,5,1,0,1,2,0,2022-11-21
5220,Morteza Pouraliganji,Iran,2022,3857271,England,Iran,,0,99,0,0,0.0,0,28,18,0,0,4,4,1,2022-11-21
5226,Mehdi Taremi,Iran,2022,3857271,England,Iran,,0,102,2,3,0.9112,1,21,17,2,0,2,2,1,2022-11-21
30714,Jude Bellingham,England,2022,3857271,England,Iran,,0,96,1,1,0.0829,0,102,94,2,2,0,1,2,2022-11-21
3308,Kieran Trippier,England,2022,3857271,England,Iran,,0,97,0,1,0.0429,1,104,84,0,0,1,0,0,2022-11-21
3244,John Stones,England,2022,3857271,England,Iran,,0,99,0,0,0.0,0,119,117,0,0,0,2,0,2022-11-21
3382,Luke Shaw,England,2022,3857271,England,Iran,,0,96,0,1,0.0215,1,118,104,0,0,1,0,1,2022-11-21
3336,Harry Maguire,England,2022,3857271,England,Iran,,0,70,0,2,0.303,1,72,64,1,1,0,0,0,2022-11-21
3943,Declan Rice,England,2022,3857271,England,Iran,,0,95,0,0,0.0,0,97,92,1,0,2,0,0,2022-11-21
23538,Sadegh Moharrami,Iran,2022,3857271,England,Iran,,0,98,0,0,0.0,0,26,19,2,1,3,3,0,2022-11-21
7843,Mason Mount,England,2022,3857271,England,Iran,,0,70,0,1,0.067,1,37,32,1,1,1,2,5,2022-11-21
5230,Ehsan Hajsafi,Iran,2022,3857271,England,Iran,,0,99,0,0,0.0,1,28,16,1,0,1,1,2,2022-11-21
125818,Ali Karimi,Iran,2022,3857271,England,Iran,,0,58,0,0,0.0,0,5,3,0,0,0,2,1,2022-11-21
22084,Bukayo Saka,England,2022,3857271,England,Iran,,0,70,2,3,0.1693,1,29,22,2,1,1,2,3,2022-11-21
5228,Seyed Majid Hosseini,Iran,2022,3857271,England,Iran,,0,94,0,0,0.0,0,19,12,0,0,0,1,1,2022-11-21
3233,Raheem Sterling,England,2022,3857271,England,Iran,,0,70,1,1,0.1885,0,29,25,3,2,0,0,2,2022-11-21
5227,Alireza Safar Beiranvand,Iran,2022,3857271,England,Iran,,0,19,0,0,0.0,0,3,0,0,0,0,0,0,2022-11-21
5222,Roozbeh Cheshmi,Iran,2022,3857271,England,Iran,,0,52,0,0,0.0,0,9,5,0,0,1,2,0,2022-11-21
10955,Harry Kane,England,2022,3857271,England,Iran,,0,75,0,0,0.0,2,16,10,1,1,0,0,1,2022-11-21
124167,Ahmad Nourollahi,Iran,2022,3857271,England,Iran,,0,76,0,1,0.0285,0,18,12,0,0,2,3,0,2022-11-21
5720,Milad Mohammadi,Iran,2022,3857271,England,Iran,,0,62,0,0,0.0,0,12,9,2,0,1,1,0,2022-11-21
3468,Jordan Pickford,England,2022,3857271,England,Iran,,0,102,0,0,0.0,0,29,18,0,0,0,0,0,2022-11-21
125823,Seyed Hossein Hosseini,Iran,2022,3857271,England,Iran,,0,97,0,0,0.0,0,20,7,0,0,0,0,0,2022-11-21
5722,Saeid Ezatolahi Afagh,Iran,2022,3857271,England,Iran,,0,94,0,1,0.0065,1,9,9,0,0,0,0,1,2022-11-21
124175,Mohammad Hossein Kanani Zadegan,Iran,2022,3857271,England,Iran,,0,95,0,0,0.0,0,11,8,0,0,2,0,1,2022-11-21
23874,Ali Gholizadeh,Iran,2022,3857271,England,Iran,,0,97,0,0,0.0,2,16,10,2,0,2,0,1,2022-11-21
124161,Mehdi Torabi,Iran,2022,3857271,England,Iran,,0,97,0,1,0.0458,1,10,9,1,0,2,0,0,2022-11-21
3318,Marcus Rashford,England,2022,3857271,England,Iran,,0,97,1,2,0.4858,0,20,15,3,2,0,1,0,2022-11-21
10956,Eric Dier,England,2022,3857271,England,Iran,,0,95,0,0,0.0,0,29,29,0,0,0,0,0,2022-11-21
9638,Jack Grealish,England,2022,3857271,England,Iran,,0,98,1,1,0.6263,0,19,19,0,0,0,0,3,2022-11-21
4354,Phil Foden,England,2022,3857271,England,Iran,,0,98,0,0,0.0,1,21,17,0,0,0,1,0,2022-11-21
3616,Callum Wilson,England,2022,3857271,England,Iran,,0,103,0,0,0.0,1,5,4,0,0,0,0,0,2022-11-21
5224,Sardar Azmoun,Iran,2022,3857271,England,Iran,,0,97,0,1,0.3513,0,4,4,0,0,0,0,0,2022-11-21
5456,Mateo Kovačić,Croatia,2022,3857296,Croatia,Belgium,,0,90,0,1,0.0796,1,64,59,0,0,1,0,3,2022-12-01
5469,Marcelo Brozović,Croatia,2022,3857296,Croatia,Belgium,,0,93,0,2,0.1565,0,87,79,0,0,2,2,3,2022-12-01
5463,Luka Modrić,Croatia,2022,3857296,Croatia,Belgium,,0,93,0,2,0.1433,1,57,45,2,1,2,1,2,2022-12-01
5474,Ivan Perišić,Croatia,2022,3857296,Croatia,Belgium,,0,93,0,2,0.1217,1,42,33,8,3,1,1,0,2022-12-01
3176,Thomas Meunier,Belgium,2022,3857296,Croatia,Belgium,,0,86,0,1,0.0431,1,69,53,1,1,1,0,0,2022-12-01
3509,Thibaut Courtois,Belgium,2022,3857296,Croatia,Belgium,,0,81,0,0,0.0,0,36,33,0,0,0,0,0,2022-12-01
29163,Josip Juranović,Croatia,2022,3857296,Croatia,Belgium,,0,91,0,1,0.0413,0,58,42,0,0,2,0,0,2022-12-01
3471,Dejan Lovren,Croatia,2022,3857296,Croatia,Belgium,,0,93,0,0,0.0,0,50,40,0,0,1,0,0,2022-12-01
5633,Yannick Ferreira Carrasco,Belgium,2022,3857296,Croatia,Belgium,,0,71,0,4,0.2023,0,32,26,2,1,1,0,1,2022-12-01
16531,Dominik Livaković,Croatia,2022,3857296,Croatia,Belgium,,0,92,0,0,0.0,0,34,28,0,0,0,0,0,2022-12-01
12625,Borna Sosa,Croatia,2022,3857296,Croatia,Belgium,,0,93,0,2,0.0484,1,84,74,4,1,1,0,0,2022-12-01
20005,Toby Alderweireld,Belgium,2022,3857296,Croatia,Belgium,,0,93,0,0,0.0,0,92,81,0,0,1,0,0,2022-12-01
22041,Marko Livaja,Croatia,2022,3857296,Croatia,Belgium,,0,63,0,1,0.1042,1,14,9,0,0,0,4,0,2022-12-01
3089,Kevin De Bruyne,Belgium,2022,3857296,Croatia,Belgium,,0,90,0,2,0.055,3,38,26,2,2,0,0,0,2022-12-01
5460,Andrej Kramarić,Croatia,2022,3857296,Croatia,Belgium,,0,63,0,0,0.0,2,32,29,0,0,0,0,0,2022-12-01
5642,Axel Witsel,Belgium,2022,3857296,Croatia,Belgium,,0,93,0,1,0.0253,0,50,47,0,0,3,4,2,2022-12-01
6989,Timothy Castagne,Belgium,2022,3857296,Croatia,Belgium,,0,93,0,0,0.0,0,83,77,0,0,0,1,0,2022-12-01
5630,Dries Mertens,Belgium,2022,3857296,Croatia,Belgium,,0,47,0,2,0.3015,2,18,13,0,0,0,0,0,2022-12-01
16559,Leandro Trossard,Belgium,2022,3857296,Croatia,Belgium,,0,58,0,0,0.0,1,30,22,1,1,0,0,3,2022-12-01
33018,Joško Gvardiol,Croatia,2022,3857296,Croatia,Belgium,,0,92,0,0,0.0,1,61,59,1,1,2,2,0,2022-12-01
3077,Jan Vertonghen,Belgium,2022,3857296,Croatia,Belgium,,0,93,0,1,0.0705,0,89,85,0,0,3,0,2,2022-12-01
6331,Leander Dendoncker,Belgium,2022,3857296,Croatia,Belgium,,0,71,0,0,0.0,1,46,44,1,0,1,2,0,2022-12-01
3289,Romelu Lukaku Menama,Belgium,2022,3857296,Croatia,Belgium,,0,92,0,5,1.6842,1,8,6,1,1,0,1,1,2022-12-01
5632,Thorgan Hazard,Belgium,2022,3857296,Croatia,Belgium,,0,93,0,0,0.0,2,11,11,0,0,0,0,0,2022-12-01
7693,Bruno Petković,Croatia,2022,3857296,Croatia,Belgium,,0,93,0,0,0.0,1,19,12,0,0,0,0,2,2022-12-01
11603,Mario Pašalić,Croatia,2022,3857296,Croatia,Belgium,,0,92,0,0,0.0,0,5,4,0,0,0,1,0,2022-12-01
2954,Youri Tielemans,Belgium,2022,3857296,Croatia,Belgium,,0,92,0,0,0.0,0,12,10,0,0,2,2,0,2022-12-01
23650,Jeremy Doku,Belgium,2022,3857296,Croatia,Belgium,,0,91,0,0,0.0,0,14,8,3,2,0,0,1,2022-12-01
3621,Eden Hazard,Belgium,2022,3857296,Croatia,Belgium,,0,92,0,0,0.0,0,2,1,1,1,0,0,0,2022-12-01
28914,Lovro Majer,Croatia,2022,3857296,Croatia,Belgium,,0,93,0,0,0.0,0,2,1,0,0,0,0,0,2022-12-01
31152,Gonzalo Jordy Plata Jiménez,Ecuador,2022,3857274,Netherlands,Ecuador,,0,89,0,1,0.0463,1,33,27,3,1,0,0,0,2022-11-25
38004,Piero Martín Hincapié Reyna,Ecuador,2022,3857274,Netherlands,Ecuador,,0,95,0,0,0.0,0,44,29,0,0,2,3,1,2022-11-25
3669,Virgil van Dijk,Netherlands,2022,3857274,Netherlands,Ecuador,,0,95,0,0,0.0,0,55,48,0,0,1,0,2,2022-11-25
28559,Enner Remberto Valencia Lastra,Ecuador,2022,3857274,Netherlands,Ecuador,,0,89,1,5,1.0026,2,21,17,4,1,2,1,2,2022-11-25
8125,Denzel Dumfries,Netherlands,2022,3857274,Netherlands,Ecuador,,0,95,0,0,0.0,0,30,19,1,0,1,4,3,2022-11-25
7891,Teun Koopmeiners,Netherlands,2022,3857274,Netherlands,Ecuador,,0,79,0,1,0.0452,0,37,29,1,1,1,2,1,2022-11-25
24085,Pervis Josué Estupiñán Tenorio,Ecuador,2022,3857274,Netherlands,Ecuador,,0,95,0,2,0.27,2,59,44,5,0,3,2,3,2022-11-25
37726,Moisés Isaac Caicedo Corozo,Ecuador,2022,3857274,Netherlands,Ecuador,,0,95,0,2,0.0639,0,55,43,1,1,0,3,1,2022-11-25
4318,Davy Klaassen,Netherlands,2022,3857274,Netherlands,Ecuador,,0,68,0,0,0.0,1,26,21,0,0,0,0,0,2022-11-25
20750,Cody Mathès Gakpo,Netherlands,2022,3857274,Netherlands,Ecuador,,0,78,1,1,0.0593,1,20,12,1,0,0,1,1,2022-11-25
8259,Steven Bergwijn,Netherlands,2022,3857274,Netherlands,Ecuador,,0,47,0,0,0.0,0,16,15,1,1,0,1,2,2022-11-25
30111,Felix Eduardo Torres Caicedo,Ecuador,2022,3857274,Netherlands,Ecuador,,0,95,0,0,0.0,0,64,53,0,0,1,0,0,2022-11-25
37737,Angelo Smit Preciado Quiñónez,Ecuador,2022,3857274,Netherlands,Ecuador,,0,95,0,3,0.0643,1,37,26,1,0,2,0,0,2022-11-25
3311,Daley Blind,Netherlands,2022,3857274,Netherlands,Ecuador,,0,96,0,0,0.0,0,66,56,0,0,1,0,0,2022-11-25
34396,Michael Steveen Estrada Martínez,Ecuador,2022,3857274,Netherlands,Ecuador,,0,73,0,2,0.2039,1,17,15,0,0,0,3,3,2022-11-25
3306,Nathan Aké,Netherlands,2022,3857274,Netherlands,Ecuador,,0,96,0,0,0.0,0,82,73,0,0,1,0,2,2022-11-25
21809,Jurriën David Norman Timber,Netherlands,2022,3857274,Netherlands,Ecuador,,0,95,0,0,0.0,0,64,56,1,1,0,6,0,2022-11-25
8118,Frenkie de Jong,Netherlands,2022,3857274,Netherlands,Ecuador,,0,95,0,0,0.0,0,73,67,1,0,0,1,0,2022-11-25
23830,Jhegson Sebastián Méndez Carabalí,Ecuador,2022,3857274,Netherlands,Ecuador,,0,95,0,0,0.0,0,63,54,1,0,1,1,1,2022-11-25
37522,Hernán Ismael Galíndez,Ecuador,2022,3857274,Netherlands,Ecuador,,0,89,0,0,0.0,0,20,12,0,0,0,0,0,2022-11-25
51969,Jackson Gabriel Porozo Vernaza,Ecuador,2022,3857274,Netherlands,Ecuador,,0,95,0,0,0.0,0,37,33,0,0,4,0,2,2022-11-25
8326,Andries Noppert,Netherlands,2022,3857274,Netherlands,Ecuador,,0,92,0,0,0.0,0,44,36,0,0,0,0,0,2022-11-25
2988,Memphis Depay,Netherlands,2022,3857274,Netherlands,Ecuador,,0,95,0,0,0.0,0,12,9,2,0,0,0,1,2022-11-25
7745,Steven Berghuis,Netherlands,2022,3857274,Netherlands,Ecuador,,0,95,0,0,0.0,0,16,8,0,0,0,1,0,2022-11-25
40211,Jeremy Leonel Sarmiento Morante,Ecuador,2022,3857274,Netherlands,Ecuador,,0,95,0,0,0.0,1,10,6,0,0,0,0,1,2022-11-25
6994,Marten de Roon,Netherlands,2022,3857274,Netherlands,Ecuador,,0,96,0,0,0.0,0,9,7,0,0,0,0,0,2022-11-25
7829,Wout Weghorst,Netherlands,2022,3857274,Netherlands,Ecuador,,0,91,0,0,0.0,0,2,1,0,0,0,0,0,2022-11-25
348757,Kevin José Rodríguez Cortez,Ecuador,2022,3857274,Netherlands,Ecuador,,0,95,0,0,0.0,0,1,0,0,0,0,0,0,2022-11-25
12803,Romario Andrés Ibarra Mina,Ecuador,2022,3857274,Netherlands,Ecuador,,0,96,0,0,0.0,0,2,0,0,0,0,0,0,2022-11-25
133353,Pablo Martín Páez Gavira,Spain,2022,3857255,Japan,Spain,,0,67,0,0,0.0,0,45,41,3,1,0,0,3,2022-12-01
6892,Pau Francisco Torres,Spain,2022,3857255,Japan,Spain,,0,96,0,0,0.0,0,190,171,0,0,2,1,0,2022-12-01
68574,Nicholas Williams Arthuer,Spain,2022,3857255,Japan,Spain,,0,56,0,0,0.0,0,25,22,3,1,0,0,1,2022-12-01
5690,Yuto Nagatomo,Japan,2022,3857255,Japan,Spain,,0,45,0,0,0.0,0,12,7,1,1,0,0,0,2022-12-01
3957,César Azpilicueta Tanco,Spain,2022,3857255,Japan,Spain,,0,45,0,0,0.0,1,73,70,1,1,0,0,0,2022-12-01
6765,Rodrigo Hernández Cascante,Spain,2022,3857255,Japan,Spain,,0,96,0,0,0.0,2,212,206,0,0,2,2,0,2022-12-01
30628,Daizen Maeda,Japan,2022,3857255,Japan,Spain,,0,61,0,0,0.0,0,7,3,0,0,2,1,2,2022-12-01
9411,Daichi Kamada,Japan,2022,3857255,Japan,Spain,,0,68,0,1,0.0336,0,13,10,0,0,0,1,0,2022-12-01
30486,Pedro González López,Spain,2022,3857255,Japan,Spain,,0,96,0,0,0.0,1,129,116,1,0,1,1,2,2022-12-01
31090,Takefusa Kubo,Japan,2022,3857255,Japan,Spain,,0,45,0,0,0.0,0,9,6,0,0,0,0,1,2022-12-01
5203,Sergio Busquets i Burgos,Spain,2022,3857255,Japan,Spain,,0,93,0,1,0.0327,1,74,69,0,0,1,1,2,2022-12-01
37208,Ao Tanaka,Japan,2022,3857255,Japan,Spain,,0,86,1,1,0.8726,1,29,20,0,0,3,0,2,2022-12-01
3477,Álvaro Borja Morata Martín,Spain,2022,3857255,Japan,Spain,,0,56,1,3,0.4958,0,15,11,0,0,0,0,1,2022-12-01
39161,Alejandro Balde Martínez,Spain,2022,3857255,Japan,Spain,,0,68,0,0,0.0,0,63,58,0,0,2,2,0,2022-12-01
37215,Shogo Taniguchi,Japan,2022,3857255,Japan,Spain,,0,95,0,0,0.0,0,30,26,0,0,0,3,0,2022-12-01
16532,Daniel Olmo Carvajal,Spain,2022,3857255,Japan,Spain,,0,95,0,4,0.2526,2,47,36,7,3,0,1,0,2022-12-01
23527,Junya Ito,Japan,2022,3857255,Japan,Spain,,0,95,0,1,0.0421,1,24,20,2,0,0,0,1,2022-12-01
37221,Hidemasa Morita,Japan,2022,3857255,Japan,Spain,,0,93,0,0,0.0,0,36,26,1,0,3,1,0,2022-12-01
11748,Unai Simón Mendibil,Spain,2022,3857255,Japan,Spain,,0,96,0,0,0.0,0,37,37,0,0,0,0,0,2022-12-01
29595,Ko Itakura,Japan,2022,3857255,Japan,Spain,,0,96,0,1,0.0505,0,18,16,1,0,1,1,0,2022-12-01
3300,Maya Yoshida,Japan,2022,3857255,Japan,Spain,,0,94,0,0,0.0,0,22,17,0,0,2,1,1,2022-12-01
25719,Shūichi Gonda,Japan,2022,3857255,Japan,Spain,,0,96,0,0,0.0,0,23,11,0,0,0,0,0,2022-12-01
37211,Kaoru Mitoma,Japan,2022,3857255,Japan,Spain,,0,94,0,0,0.0,2,11,8,0,0,2,2,1,2022-12-01
5721,Daniel Carvajal Ramos,Spain,2022,3857255,Japan,Spain,,0,95,0,0,0.0,0,61,57,0,0,1,0,0,2022-12-01
8361,Ritsu Doan,Japan,2022,3857255,Japan,Spain,,0,90,1,1,0.0278,1,7,2,1,1,1,1,0,2022-12-01
6748,Ferrán Torres García,Spain,2022,3857255,Japan,Spain,,0,96,0,0,0.0,1,17,13,2,1,0,0,1,2022-12-01
5719,Marco Asensio Willemsen,Spain,2022,3857255,Japan,Spain,,0,95,0,3,0.0524,0,29,20,0,0,0,0,1,2022-12-01
8949,Takuma Asano,Japan,2022,3857255,Japan,Spain,,0,96,0,1,0.1312,0,6,4,0,0,0,0,0,2022-12-01
23730,Takehiro Tomiyasu,Japan,2022,3857255,Japan,Spain,,0,96,0,0,0.0,0,4,1,0,0,0,0,0,2022-12-01
5211,Jordi Alba Ramos,Spain,2022,3857255,Japan,Spain,,0,96,0,1,0.0242,1,56,49,0,0,0,0,0,2022-12-01
30756,Anssumane Fati,Spain,2022,3857255,Japan,Spain,,0,95,0,0,0.0,0,20,17,1,0,0,0,0,2022-12-01
23721,Wataru Endo,Japan,2022,3857255,Japan,Spain,,0,96,0,0,0.0,0,2,0,0,0,0,0,0,2022-12-01
7843,Mason Mount,England,2022,3857272,England,United States,,0,88,0,2,0.0907,0,32,27,3,2,0,3,2,2022-11-25
3244,John Stones,England,2022,3857272,England,United States,,0,93,0,1,0.0422,0,90,86,0,0,0,1,0,2022-11-25
3336,Harry Maguire,England,2022,3857272,England,United States,,0,93,0,1,0.0556,0,79,70,2,2,2,2,0,2022-11-25
3382,Luke Shaw,England,2022,3857272,England,United States,,0,92,0,0,0.0,2,83,69,1,1,1,2,1,2022-11-25
12524,Walker Zimmerman,United States,2022,3857272,England,United States,,0,91,0,0,0.0,0,70,62,0,0,0,1,0,2022-11-25
12352,Matthew Charles Turner,United States,2022,3857272,England,United States,,0,93,0,0,0.0,0,38,29,0,0,0,0,0,2022-11-25
3943,Declan Rice,England,2022,3857272,England,United States,,0,93,0,0,0.0,0,60,56,0,0,2,0,0,2022-11-25
8526,Weston McKennie,United States,2022,3857272,England,United States,,0,76,0,2,0.215,1,33,29,1,1,0,1,1,2022-11-25
12751,Tyler Adams,United States,2022,3857272,England,United States,,0,91,0,0,0.0,0,44,41,0,0,1,2,2,2022-11-25
22008,Haji Wright,United States,2022,3857272,England,United States,,0,82,0,2,0.0903,0,11,7,0,0,0,0,1,2022-11-25
3377,Timothy Weah,United States,2022,3857272,England,United States,,0,82,0,0,0.0,2,25,19,3,3,0,0,1,2022-11-25
3233,Raheem Sterling,England,2022,3857272,England,United States,,0,67,0,0,0.0,0,21,18,0,0,1,0,2,2022-11-25
30714,Jude Bellingham,England,2022,3857272,England,United States,,0,68,0,0,0.0,0,36,33,1,0,0,0,2,2022-11-25
3308,Kieran Trippier,England,2022,3857272,England,United States,,0,90,0,0,0.0,2,74,64,1,1,0,2,0,2022-11-25
3468,Jordan Pickford,England,2022,3857272,England,United States,,0,88,0,0,0.0,0,28,21,0,0,0,0,0,2022-11-25
10955,Harry Kane,England,2022,3857272,England,United States,,0,92,0,2,0.176,0,25,16,2,0,0,0,3,2022-11-25
18242,Tim Ream,United States,2022,3857272,England,United States,,0,93,0,0,0.0,0,54,47,1,1,2,0,0,2022-11-25
21881,Sergino Dest,United States,2022,3857272,England,United States,,0,77,0,1,0.0561,2,40,33,0,0,0,3,0,2022-11-25
8246,Christian Pulisic,United States,2022,3857272,England,United States,,0,94,0,4,0.1361,1,36,23,5,3,0,2,3,2022-11-25
4614,Antonee Robinson,United States,2022,3857272,England,United States,,0,93,0,0,0.0,2,41,33,0,0,1,0,1,2022-11-25
38792,Yunus Dimoara Musah,United States,2022,3857272,England,United States,,0,91,0,1,0.0168,1,35,30,0,0,0,4,1,2022-11-25
22084,Bukayo Saka,England,2022,3857272,England,United States,,0,77,0,1,0.0868,1,27,20,2,1,0,1,0,2022-11-25
3532,Jordan Brian Henderson,England,2022,3857272,England,United States,,0,90,0,0,0.0,0,12,9,0,0,0,0,1,2022-11-25
9638,Jack Grealish,England,2022,3857272,England,United States,,0,94,0,0,0.0,1,13,9,0,0,1,0,4,2022-11-25
3318,Marcus Rashford,England,2022,3857272,England,United States,,0,93,0,1,0.0093,0,2,2,1,1,0,0,0,2022-11-25
6806,Shaquell Moore,United States,2022,3857272,England,United States,,0,91,0,0,0.0,0,14,12,0,0,0,3,0,2022-11-25
24243,Brenden Aaronson,United States,2022,3857272,England,United States,,0,91,0,0,0.0,0,9,9,0,0,0,0,0,2022-11-25
22168,Joshua Sargent,United States,2022,3857272,England,United States,,0,93,0,0,0.0,0,2,1,0,0,0,0,0,2022-11-25
34339,Giovanni Reyna,United States,2022,3857272,England,United States,,0,94,0,0,0.0,0,4,2,0,0,0,0,1,2022-11-25
5226,Mehdi Taremi,Iran,2022,3857278,Iran,United States,,0,97,0,1,0.3054,0,35,27,2,1,0,3,0,2022-11-29
5235,Ramin Rezaeian,Iran,2022,3857278,Iran,United States,,0,99,0,0,0.0,2,58,39,2,2,1,4,2,2022-11-29
8526,Weston McKennie,United States,2022,3857278,Iran,United States,,0,64,0,0,0.0,1,38,31,1,0,0,2,1,2022-11-29
5230,Ehsan Hajsafi,Iran,2022,3857278,Iran,United States,,0,71,0,0,0.0,0,37,27,0,0,1,1,1,2022-11-29
5228,Seyed Majid Hosseini,Iran,2022,3857278,Iran,United States,,0,99,0,0,0.0,0,57,51,0,0,3,2,0,2022-11-29
12751,Tyler Adams,United States,2022,3857278,Iran,United States,,0,98,0,0,0.0,0,69,63,1,1,0,2,3,2022-11-29
8246,Christian Pulisic,United States,2022,3857278,Iran,United States,,0,50,1,2,0.6108,2,16,12,2,1,0,0,1,2022-11-29
5220,Morteza Pouraliganji,Iran,2022,3857278,Iran,United States,,0,97,0,1,0.2172,1,72,60,0,0,1,1,0,2022-11-29
21881,Sergino Dest,United States,2022,3857278,Iran,United States,,0,81,0,2,0.0988,1,55,43,3,2,1,0,3,2022-11-29
3377,Timothy Weah,United States,2022,3857278,Iran,United States,,0,81,0,2,0.1675,1,32,27,1,1,0,1,1,2022-11-29
5720,Milad Mohammadi,Iran,2022,3857278,Iran,United States,,0,47,0,0,0.0,0,15,13,1,1,0,0,0,2022-11-29
23874,Ali Gholizadeh,Iran,2022,3857278,Iran,United States,,0,76,0,0,0.0,0,24,16,3,3,3,1,0,2022-11-29
124167,Ahmad Nourollahi,Iran,2022,3857278,Iran,United States,,0,70,0,0,0.0,0,17,14,2,1,0,0,1,2022-11-29
5224,Sardar Azmoun,Iran,2022,3857278,Iran,United States,,0,48,0,0,0.0,0,13,6,0,0,0,2,0,2022-11-29
38792,Yunus Dimoara Musah,United States,2022,3857278,Iran,United States,,0,99,0,2,0.1262,1,52,47,5,2,0,4,2,2022-11-29
15971,Cameron Carter-Vickers,United States,2022,3857278,Iran,United States,,0,99,0,0,0.0,0,55,50,1,1,0,0,1,2022-11-29
18242,Tim Ream,United States,2022,3857278,Iran,United States,,0,97,0,0,0.0,0,58,54,0,0,3,0,0,2022-11-29
5722,Saeid Ezatolahi Afagh,Iran,2022,3857278,Iran,United States,,0,99,0,1,0.0068,0,57,44,0,0,1,1,3,2022-11-29
4614,Antonee Robinson,United States,2022,3857278,Iran,United States,,0,97,0,0,0.0,0,58,36,4,2,2,1,0,2022-11-29
22168,Joshua Sargent,United States,2022,3857278,Iran,United States,,0,76,0,3,0.1087,1,21,19,1,1,1,2,2,2022-11-29
12352,Matthew Charles Turner,United States,2022,3857278,Iran,United States,,0,97,0,0,0.0,0,33,29,0,0,0,0,1,2022-11-29
5227,Alireza Safar Beiranvand,Iran,2022,3857278,Iran,United States,,0,99,0,0,0.0,0,28,21,0,0,0,0,0,2022-11-29
125818,Ali Karimi,Iran,2022,3857278,Iran,United States,,0,99,0,0,0.0,0,33,30,0,0,1,3,0,2022-11-29
24243,Brenden Aaronson,United States,2022,3857278,Iran,United States,,0,99,0,0,0.0,2,12,7,4,2,1,0,1,2022-11-29
5240,Saman Ghoddos,Iran,2022,3857278,Iran,United States,,0,97,0,1,0.3913,1,21,15,0,0,0,2,0,2022-11-29
13035,Kellyn Kai Perry-Acosta,United States,2022,3857278,Iran,United States,,0,96,0,0,0.0,0,4,3,0,0,0,0,0,2022-11-29
326758,Abolfazl Jalali,Iran,2022,3857278,Iran,United States,,0,98,0,0,0.0,0,29,21,2,1,0,1,4,2022-11-29
124161,Mehdi Torabi,Iran,2022,3857278,Iran,United States,,0,96,0,0,0.0,0,17,16,0,0,0,0,0,2022-11-29
5231,Karim Ansarifard,Iran,2022,3857278,Iran,United States,,0,94,0,0,0.0,0,2,2,0,0,0,0,0,2022-11-29
22008,Haji Wright,United States,2022,3857278,Iran,United States,,0,99,0,1,0.0577,0,4,1,0,0,0,1,1,2022-11-29
6806,Shaquell Moore,United States,2022,3857278,Iran,United States,,0,99,0,0,0.0,0,7,2,0,0,0,0,0,2022-11-29
124175,Mohammad Hossein Kanani Zadegan,Iran,2022,3857278,Iran,United States,,0,82,0,0,0.0,0,0,0,0,0,0,0,0,2022-11-29
12524,Walker Zimmerman,United States,2022,3857278,Iran,United States,,0,99,0,0,0.0,0,3,2,0,0,0,0,0,2022-11-29
6301,Youssef En-Nesyri,Morocco,2022,3857277,Morocco,Croatia,,0,80,0,1,0.0342,0,15,7,0,0,0,0,0,2022-11-23
5234,Sofyan Amrabat,Morocco,2022,3857277,Morocco,Croatia,,0,94,0,0,0.0,0,47,41,0,0,1,3,1,2022-11-23
15890,Noussair Mazraoui,Morocco,2022,3857277,Morocco,Croatia,,0,59,0,2,0.1057,0,20,17,0,0,0,1,0,2022-11-23
3441,Nikola Vlašić,Croatia,2022,3857277,Morocco,Croatia,,0,46,0,2,0.5166,0,10,7,0,0,0,1,1,2022-11-23
5219,Romain Saïss,Morocco,2022,3857277,Morocco,Croatia,,0,92,0,0,0.0,0,51,45,0,0,2,0,0,2022-11-23
3471,Dejan Lovren,Croatia,2022,3857277,Morocco,Croatia,,0,94,0,1,0.2503,0,93,82,0,0,0,0,0,2022-11-23
12149,Nayef Aguerd,Morocco,2022,3857277,Morocco,Croatia,,0,94,0,0,0.0,0,47,41,0,0,1,0,0,2022-11-23
5469,Marcelo Brozović,Croatia,2022,3857277,Morocco,Croatia,,0,94,0,0,0.0,0,89,77,2,1,1,3,2,2022-11-23
29163,Josip Juranović,Croatia,2022,3857277,Morocco,Croatia,,0,94,0,0,0.0,0,56,45,2,1,0,0,3,2022-11-23
33018,Joško Gvardiol,Croatia,2022,3857277,Morocco,Croatia,,0,95,0,0,0.0,0,115,102,0,0,2,1,2,2022-11-23
46258,Azzedine Ounahi,Morocco,2022,3857277,Morocco,Croatia,,0,81,0,0,0.0,1,31,22,1,1,2,0,0,2022-11-23
5456,Mateo Kovačić,Croatia,2022,3857277,Morocco,Croatia,,0,78,0,0,0.0,0,54,48,1,1,1,0,2,2022-11-23
12625,Borna Sosa,Croatia,2022,3857277,Morocco,Croatia,,0,95,0,0,0.0,1,61,47,2,1,2,1,1,2022-11-23
5237,Hakim Ziyech,Morocco,2022,3857277,Morocco,Croatia,,0,92,0,2,0.1187,2,34,20,3,2,2,3,2,2022-11-23
5463,Luka Modrić,Croatia,2022,3857277,Morocco,Croatia,,0,95,0,1,0.0732,0,93,77,1,0,4,5,3,2022-11-23
5474,Ivan Perišić,Croatia,2022,3857277,Morocco,Croatia,,0,89,0,1,0.0098,0,41,29,1,0,2,1,0,2022-11-23
5245,Achraf Hakimi Mouh,Morocco,2022,3857277,Morocco,Croatia,,0,93,0,1,0.0194,1,51,43,3,2,2,1,4,2022-11-23
3625,Sofiane Boufal,Morocco,2022,3857277,Morocco,Croatia,,0,64,0,2,0.0847,0,17,14,3,1,1,2,1,2022-11-23
23774,Selim Amallah,Morocco,2022,3857277,Morocco,Croatia,,0,95,0,0,0.0,1,13,10,2,1,1,4,4,2022-11-23
6785,Yassine Bounou,Morocco,2022,3857277,Morocco,Croatia,,0,91,0,0,0.0,0,27,20,0,0,0,0,0,2022-11-23
5460,Andrej Kramarić,Croatia,2022,3857277,Morocco,Croatia,,0,69,0,0,0.0,0,12,10,3,1,0,0,0,2022-11-23
16531,Dominik Livaković,Croatia,2022,3857277,Morocco,Croatia,,0,90,0,0,0.0,0,26,26,0,0,0,0,0,2022-11-23
11603,Mario Pašalić,Croatia,2022,3857277,Morocco,Croatia,,0,95,0,0,0.0,0,15,14,0,0,0,0,0,2022-11-23
31295,Yahia Attiyat allah,Morocco,2022,3857277,Morocco,Croatia,,0,94,0,0,0.0,0,19,14,1,1,0,1,0,2022-11-23
149714,Abdessamad Ezzalzouli,Morocco,2022,3857277,Morocco,Croatia,,0,94,0,0,0.0,0,2,0,1,0,1,3,0,2022-11-23
22041,Marko Livaja,Croatia,2022,3857277,Morocco,Croatia,,0,95,0,0,0.0,0,9,3,0,0,0,0,1,2022-11-23
28914,Lovro Majer,Croatia,2022,3857277,Morocco,Croatia,,0,95,0,0,0.0,0,11,9,0,0,0,0,2,2022-11-23
3634,Abdelhamid Sabiri,Morocco,2022,3857277,Morocco,Croatia,,0,95,0,0,0.0,0,9,7,0,0,2,0,0,2022-11-23
59493,Abderrazak Hamdallah,Morocco,2022,3857277,Morocco,Croatia,,0,95,0,0,0.0,0,1,0,0,0,0,0,0,2022-11-23
16527,Mislav Oršić,Croatia,2022,3857277,Morocco,Croatia,,0,95,0,0,0.0,0,1,1,0,0,0,0,0,2022-11-23
3517,Aaron Ramsey,Wales,2022,3857273,Wales,Iran,,0,86,0,1,0.0254,0,50,38,3,0,1,0,1,2022-11-25
4767,Chris Mepham,Wales,2022,3857273,Wales,Iran,,0,97,0,0,0.0,0,61,49,0,0,1,2,1,2022-11-25
3853,Kieffer Roberto Francisco Moore,Wales,2022,3857273,Wales,Iran,,0,99,0,2,0.3495,3,28,17,0,0,1,1,2,2022-11-25
5235,Ramin Rezaeian,Iran,2022,3857273,Wales,Iran,,0,100,1,2,0.2303,1,47,32,1,0,4,0,2,2022-11-25
23874,Ali Gholizadeh,Iran,2022,3857273,Wales,Iran,,0,75,0,1,0.0428,0,33,21,2,1,0,2,0,2022-11-25
11250,Joe Rodon,Wales,2022,3857273,Wales,Iran,,0,97,0,0,0.0,0,57,54,0,0,2,1,0,2022-11-25
5722,Saeid Ezatolahi Afagh,Iran,2022,3857273,Wales,Iran,,0,82,0,1,0.0479,1,27,18,0,0,0,1,2,2022-11-25
124167,Ahmad Nourollahi,Iran,2022,3857273,Wales,Iran,,0,77,0,4,0.052,0,20,13,2,1,3,0,0,2022-11-25
4934,Ethan Ampadu,Wales,2022,3857273,Wales,Iran,,0,76,0,0,0.0,0,68,54,2,2,1,2,1,2022-11-25
5228,Seyed Majid Hosseini,Iran,2022,3857273,Wales,Iran,,0,97,0,0,0.0,0,32,24,1,0,1,2,0,2022-11-25
5226,Mehdi Taremi,Iran,2022,3857273,Wales,Iran,,0,100,0,2,0.1616,6,26,17,1,0,0,0,3,2022-11-25
5230,Ehsan Hajsafi,Iran,2022,3857273,Wales,Iran,,0,75,0,1,0.0682,1,34,21,1,0,0,0,0,2022-11-25
5220,Morteza Pouraliganji,Iran,2022,3857273,Wales,Iran,,0,97,0,1,0.0516,1,28,15,0,0,3,1,0,2022-11-25
3086,Ben Davies,Wales,2022,3857273,Wales,Iran,,0,96,0,1,0.0535,0,78,65,1,1,0,0,1,2022-11-25
34794,Neco Williams,Wales,2022,3857273,Wales,Iran,,0,100,0,3,0.0756,0,56,42,6,1,1,2,1,2022-11-25
9540,Harry Wilson,Wales,2022,3857273,Wales,Iran,,0,56,0,1,0.0302,1,27,19,0,0,0,0,1,2022-11-25
4774,Connor Roberts,Wales,2022,3857273,Wales,Iran,,0,56,0,0,0.0,1,39,27,0,0,1,0,0,2022-11-25
5720,Milad Mohammadi,Iran,2022,3857273,Wales,Iran,,0,99,0,0,0.0,0,39,23,0,0,2,2,1,2022-11-25
3488,Wayne Hennessey,Wales,2022,3857273,Wales,Iran,,0,83,0,0,0.0,0,34,30,0,0,0,1,0,2022-11-25
5224,Sardar Azmoun,Iran,2022,3857273,Wales,Iran,,0,67,0,4,0.6092,1,15,8,0,0,0,0,1,2022-11-25
125823,Seyed Hossein Hosseini,Iran,2022,3857273,Wales,Iran,,0,95,0,0,0.0,0,28,15,0,0,0,0,0,2022-11-25
6399,Gareth Frank Bale,Wales,2022,3857273,Wales,Iran,,0,102,0,1,0.0217,1,25,19,2,1,0,0,1,2022-11-25
11252,Daniel James,Wales,2022,3857273,Wales,Iran,,0,97,0,0,0.0,1,11,6,1,0,1,0,1,2022-11-25
29377,Brennan Johnson,Wales,2022,3857273,Wales,Iran,,0,99,0,1,0.0598,0,9,7,2,1,0,0,0,2022-11-25
5231,Karim Ansarifard,Iran,2022,3857273,Wales,Iran,,0,99,0,1,0.064,1,4,3,0,0,1,0,0,2022-11-25
10931,Joe Allen,Wales,2022,3857273,Wales,Iran,,0,100,0,0,0.0,0,9,7,0,0,1,0,0,2022-11-25
124161,Mehdi Torabi,Iran,2022,3857273,Wales,Iran,,0,97,0,1,0.0511,1,10,6,1,1,1,0,0,2022-11-25
5239,Alireza Jahanbakhsh,Iran,2022,3857273,Wales,Iran,,0,97,0,2,0.0425,0,8,6,1,1,0,1,0,2022-11-25
5222,Roozbeh Cheshmi,Iran,2022,3857273,Wales,Iran,,0,100,1,1,0.0327,0,5,2,0,0,0,0,0,2022-11-25
125818,Ali Karimi,Iran,2022,3857273,Wales,Iran,,0,99,0,0,0.0,0,7,3,0,0,0,1,0,2022-11-25
9914,Daniel Ward,Wales,2022,3857273,Wales,Iran,,0,100,0,0,0.0,0,7,4,0,0,0,0,0,2022-11-25
3767,Ellyes Joris Skhiri,Tunisia,2022,3857275,Tunisia,France,,0,96,0,0,0.0,0,36,30,1,1,3,3,1,2022-11-30
3196,Wahbi Khazri,Tunisia,2022,3857275,Tunisia,France,,0,59,1,3,0.1837,0,10,8,1,0,0,1,1,2022-11-30
35592,Anis Ben Slimane,Tunisia,2022,3857275,Tunisia,France,,0,82,0,1,0.1008,0,25,18,0,0,1,1,0,2022-11-30
105944,Wajdi Kechrida,Tunisia,2022,3857275,Tunisia,France,,0,95,0,0,0.0,0,47,29,1,1,0,2,0,2022-11-30
5651,Yassine Meriah,Tunisia,2022,3857275,Tunisia,France,,0,95,0,0,0.0,0,35,32,0,0,1,1,0,2022-11-30
25582,Nader Ghandri,Tunisia,2022,3857275,Tunisia,France,,0,97,0,0,0.0,0,30,27,0,0,1,0,1,2022-11-30
32450,Montassar Omar Talbi,Tunisia,2022,3857275,Tunisia,France,,0,100,0,0,0.0,0,29,25,0,0,1,0,0,2022-11-30
5647,Ali Maâloul,Tunisia,2022,3857275,Tunisia,France,,0,97,0,0,0.0,0,61,39,0,0,2,0,0,2022-11-30
3543,Steve Mandanda,France,2022,3857275,Tunisia,France,,0,95,0,0,0.0,0,31,18,0,0,0,0,0,2022-11-30
5485,Raphaël Varane,France,2022,3857275,Tunisia,France,,0,62,0,0,0.0,0,46,41,0,0,0,0,0,2022-11-30
7439,Axel Disasi,France,2022,3857275,Tunisia,France,,0,102,0,1,0.061,0,72,55,1,1,4,0,2,2022-11-30
22097,Randal Kolo Muani,France,2022,3857275,Tunisia,France,,0,97,0,1,0.041,0,17,12,3,2,1,2,1,2022-11-30
44955,Aïssa Bilal Laïdouni,Tunisia,2022,3857275,Tunisia,France,,0,97,0,1,0.0139,3,43,37,2,1,3,3,2,2022-11-30
24778,Eduardo Camavinga,France,2022,3857275,Tunisia,France,,0,102,0,0,0.0,1,79,70,2,1,2,1,4,2022-11-30
105943,Aymen Dahmen,Tunisia,2022,3857275,Tunisia,France,,0,102,0,0,0.0,0,16,8,0,0,0,0,0,2022-11-30
11135,Ibrahima Konaté,France,2022,3857275,Tunisia,France,,0,95,0,0,0.0,0,68,66,0,0,0,0,1,2022-11-30
8217,Kingsley Coman,France,2022,3857275,Tunisia,France,,0,62,0,1,0.0879,0,18,16,1,1,1,0,2,2022-11-30
10481,Aurélien Djani Tchouaméni,France,2022,3857275,Tunisia,France,,0,102,0,0,0.0,1,95,89,0,0,2,2,2,2022-11-30
102816,Mohamed Ali Ben Romdhane,Tunisia,2022,3857275,Tunisia,France,,0,73,0,0,0.0,0,19,14,1,0,0,1,2,2022-11-30
7153,Jordan Veretout,France,2022,3857275,Tunisia,France,,0,62,0,0,0.0,0,35,32,0,0,0,2,0,2022-11-30
11990,Youssouf Fofana,France,2022,3857275,Tunisia,France,,0,72,0,1,0.0412,1,36,27,1,0,1,1,0,2022-11-30
7345,Mattéo Guendouzi Olié,France,2022,3857275,Tunisia,France,,0,78,0,0,0.0,0,32,28,1,0,0,0,1,2022-11-30
17592,William Saliba,France,2022,3857275,Tunisia,France,,0,102,0,0,0.0,1,37,37,1,1,0,0,0,2022-11-30
3009,Kylian Mbappé Lottin,France,2022,3857275,Tunisia,France,,0,97,0,3,0.0811,0,25,17,2,2,0,0,2,2022-11-30
3026,Adrien Rabiot,France,2022,3857275,Tunisia,France,,0,97,0,2,0.1444,0,17,14,1,0,0,0,1,2022-11-30
16352,Issam Jebali,Tunisia,2022,3857275,Tunisia,France,,0,102,0,0,0.0,0,4,3,0,0,0,3,1,2022-11-30
5487,Antoine Griezmann,France,2022,3857275,Tunisia,France,,0,102,0,0,0.0,2,35,29,0,0,0,0,0,2022-11-30
6347,Ghilane Chalali,Tunisia,2022,3857275,Tunisia,France,,0,97,0,0,0.0,0,5,4,0,0,1,1,0,2022-11-30
5477,Ousmane Dembélé,France,2022,3857275,Tunisia,France,,0,102,0,1,0.0203,1,18,13,2,0,1,0,0,2022-11-30
30681,Ali Abdi,Tunisia,2022,3857275,Tunisia,France,,0,102,0,0,0.0,0,1,1,1,0,0,0,0,2022-11-30
3517,Aaron Ramsey,Wales,2022,3857261,Wales,England,,0,93,0,0,0.0,1,30,24,1,0,0,3,1,2022-11-29
3086,Ben Davies,Wales,2022,3857261,Wales,England,,0,58,0,0,0.0,0,29,15,1,0,1,1,1,2022-11-29
3943,Declan Rice,England,2022,3857261,Wales,England,,0,57,0,0,0.0,0,48,45,0,0,0,1,0,2022-11-29
4354,Phil Foden,England,2022,3857261,Wales,England,,0,93,1,5,1.2286,1,36,27,2,2,0,2,1,2022-11-29
3853,Kieffer Roberto Francisco Moore,Wales,2022,3857261,Wales,England,,0,92,0,2,0.0659,0,17,11,0,0,0,2,2,2022-11-29
3244,John Stones,England,2022,3857261,Wales,England,,0,92,0,2,0.4616,0,82,75,0,0,1,0,2,2022-11-29
10955,Harry Kane,England,2022,3857261,Wales,England,,0,57,0,2,0.0583,2,9,7,1,0,0,0,3,2022-11-29
11250,Joe Rodon,Wales,2022,3857261,Wales,England,,0,93,0,0,0.0,0,46,42,0,0,1,1,1,2022-11-29
4934,Ethan Ampadu,Wales,2022,3857261,Wales,England,,0,92,0,0,0.0,2,35,27,0,0,1,2,1,2022-11-29
3532,Jordan Brian Henderson,England,2022,3857261,Wales,England,,0,93,0,0,0.0,1,61,50,2,0,1,3,2,2022-11-29
30714,Jude Bellingham,England,2022,3857261,Wales,England,,0,93,0,2,0.4939,2,52,47,4,2,2,0,1,2022-11-29
11252,Daniel James,Wales,2022,3857261,Wales,England,,0,76,0,0,0.0,0,15,10,0,0,0,1,1,2022-11-29
3205,Kyle Walker,England,2022,3857261,Wales,England,,0,56,0,0,0.0,0,55,50,0,0,1,1,1,2022-11-29
10931,Joe Allen,Wales,2022,3857261,Wales,England,,0,80,0,2,0.0637,1,27,23,0,0,0,1,2,2022-11-29
4767,Chris Mepham,Wales,2022,3857261,Wales,England,,0,93,0,0,0.0,1,53,48,0,0,0,3,0,2022-11-29
9914,Daniel Ward,Wales,2022,3857261,Wales,England,,0,93,0,0,0.0,0,32,20,0,0,0,0,0,2022-11-29
3336,Harry Maguire,England,2022,3857261,Wales,England,,0,92,0,1,0.0108,0,87,77,0,0,1,2,0,2022-11-29
3318,Marcus Rashford,England,2022,3857261,Wales,England,,0,75,2,6,0.6623,0,31,23,6,3,1,0,1,2022-11-29
3468,Jordan Pickford,England,2022,3857261,Wales,England,,0,92,0,0,0.0,0,32,29,0,0,0,0,0,2022-11-29
3382,Luke Shaw,England,2022,3857261,Wales,England,,0,64,0,0,0.0,2,60,51,0,0,0,0,1,2022-11-29
34794,Neco Williams,Wales,2022,3857261,Wales,England,,0,35,0,0,0.0,0,6,5,0,0,0,2,1,2022-11-29
6399,Gareth Frank Bale,Wales,2022,3857261,Wales,England,,0,45,0,0,0.0,0,5,1,1,0,0,0,0,2022-11-29
4774,Connor Roberts,Wales,2022,3857261,Wales,England,,0,93,0,0,0.0,0,30,27,1,1,0,0,0,2022-11-29
29377,Brennan Johnson,Wales,2022,3857261,Wales,England,,0,91,0,1,0.0219,0,3,2,2,0,0,2,0,2022-11-29
3616,Callum Wilson,England,2022,3857261,Wales,England,,0,93,0,0,0.0,2,7,5,1,0,0,0,2,2022-11-29
4706,Kalvin Phillips,England,2022,3857261,Wales,England,,0,93,0,0,0.0,1,15,15,0,0,1,1,0,2022-11-29
22074,Joseff Morrell,Wales,2022,3857261,Wales,England,,0,93,0,0,0.0,0,12,11,0,0,1,1,1,2022-11-29
3664,Trent Alexander-Arnold,England,2022,3857261,Wales,England,,0,93,0,0,0.0,0,23,21,0,0,1,1,0,2022-11-29
3308,Kieran Trippier,England,2022,3857261,Wales,England,,0,92,0,0,0.0,0,17,17,0,0,0,0,0,2022-11-29
9638,Jack Grealish,England,2022,3857261,Wales,England,,0,93,0,0,0.0,1,15,14,2,2,0,0,3,2022-11-29
9540,Harry Wilson,Wales,2022,3857261,Wales,England,,0,93,0,1,0.0313,0,7,6,0,0,0,0,0,2022-11-29
82257,Rubin Colwill,Wales,2022,3857261,Wales,England,,0,93,0,1,0.0251,0,4,2,0,0,0,0,0,2022-11-29
3533,Xherdan Shaqiri,Switzerland,2022,3857290,Switzerland,Cameroon,,0,71,0,0,0.0,1,41,24,0,0,1,0,2,2022-11-24
5549,Manuel Obafemi Akanji,Switzerland,2022,3857290,Switzerland,Cameroon,,0,95,0,1,0.1556,0,65,58,0,0,1,1,1,2022-11-24
30401,Ruben Vargas,Switzerland,2022,3857290,Switzerland,Cameroon,,0,80,0,1,0.1978,2,36,24,1,1,0,2,1,2022-11-24
16346,Ngoran Suiru Fai Collins,Cameroon,2022,3857290,Switzerland,Cameroon,,0,95,0,1,0.0095,0,60,40,0,0,3,2,1,2022-11-24
4935,Bryan Mbeumo,Cameroon,2022,3857290,Switzerland,Cameroon,,0,80,0,1,0.0161,2,43,31,3,2,0,0,3,2022-11-24
5544,Ricardo Iván Rodríguez Araya,Switzerland,2022,3857290,Switzerland,Cameroon,,0,89,0,0,0.0,0,57,49,0,0,0,4,2,2022-11-24
3500,Granit Xhaka,Switzerland,2022,3857290,Switzerland,Cameroon,,0,95,0,2,0.061,0,43,38,0,0,0,0,0,2022-11-24
8814,Nico Elvedi,Switzerland,2022,3857290,Switzerland,Cameroon,,0,93,0,1,0.19,0,69,65,0,0,1,1,1,2022-11-24
5545,Breel-Donald Embolo,Switzerland,2022,3857290,Switzerland,Cameroon,,0,71,1,1,0.5519,0,18,14,1,0,1,0,1,2022-11-24
7472,Nicolas Alexis Julio N'Koulou Ndoubena,Cameroon,2022,3857290,Switzerland,Cameroon,,0,94,0,1,0.2457,0,60,52,1,1,1,1,1,2022-11-24
8591,Samuel Yves Oum Gwet,Cameroon,2022,3857290,Switzerland,Cameroon,,0,93,0,0,0.0,0,51,48,0,0,0,0,1,2022-11-24
3499,Jean-Eric Maxim Choupo-Moting,Cameroon,2022,3857290,Switzerland,Cameroon,,0,73,0,2,0.0541,0,19,15,1,1,1,0,1,2022-11-24
16026,Djibril Sow,Switzerland,2022,3857290,Switzerland,Cameroon,,0,70,0,0,0.0,1,34,31,0,0,0,2,0,2022-11-24
30016,Martin Hongla Yma II,Cameroon,2022,3857290,Switzerland,Cameroon,,0,67,0,1,0.0824,2,35,30,1,1,1,0,0,2022-11-24
6983,Remo Freuler,Switzerland,2022,3857290,Switzerland,Cameroon,,0,92,0,0,0.0,0,64,59,0,0,1,2,0,2022-11-24
7796,Silvan Widmer,Switzerland,2022,3857290,Switzerland,Cameroon,,0,94,0,0,0.0,1,50,42,0,0,2,0,0,2022-11-24
3551,Karl Brillant Toko Ekambi,Cameroon,2022,3857290,Switzerland,Cameroon,,0,73,0,1,0.159,1,31,27,0,0,0,0,2,2022-11-24
13454,Nouhou Tolo,Cameroon,2022,3857290,Switzerland,Cameroon,,0,94,0,0,0.0,0,46,40,0,0,3,2,1,2022-11-24
3141,André-Frank Zambo Anguissa,Cameroon,2022,3857290,Switzerland,Cameroon,,0,93,0,1,0.0464,0,60,56,1,1,3,2,3,2022-11-24
8064,André Onana,Cameroon,2022,3857290,Switzerland,Cameroon,,0,95,0,0,0.0,0,60,44,0,0,0,0,0,2022-11-24
7426,Jean-Charles Castelletto,Cameroon,2022,3857290,Switzerland,Cameroon,,0,94,0,0,0.0,0,45,39,1,1,2,0,0,2022-11-24
5550,Yann Sommer,Switzerland,2022,3857290,Switzerland,Cameroon,,0,94,0,0,0.0,0,34,30,0,0,0,0,0,2022-11-24
28966,Gaël Ondoua,Cameroon,2022,3857290,Switzerland,Cameroon,,0,89,0,0,0.0,0,9,7,0,0,1,1,0,2022-11-24
8561,Fabian Frei,Switzerland,2022,3857290,Switzerland,Cameroon,,0,93,0,0,0.0,0,10,7,0,0,1,1,0,2022-11-24
11174,Vincent Paté Aboubakar,Cameroon,2022,3857290,Switzerland,Cameroon,,0,93,0,0,0.0,0,8,6,1,1,0,0,0,2022-11-24
3639,Georges-Kévin Nkoudou Mbida,Cameroon,2022,3857290,Switzerland,Cameroon,,0,95,0,0,0.0,0,3,3,2,1,0,1,0,2022-11-24
5543,Haris Seferović,Switzerland,2022,3857290,Switzerland,Cameroon,,0,94,0,1,0.2703,0,5,4,0,0,0,1,0,2022-11-24
29006,Noah Okafor,Switzerland,2022,3857290,Switzerland,Cameroon,,0,95,0,0,0.0,1,11,9,0,0,0,0,1,2022-11-24
50436,Fabian Rieder,Switzerland,2022,3857290,Switzerland,Cameroon,,0,95,0,0,0.0,1,9,5,0,0,0,0,1,2022-11-24
16015,Nicolas Moumi Ngamaleu,Cameroon,2022,3857290,Switzerland,Cameroon,,0,91,0,0,0.0,0,3,2,0,0,0,1,0,2022-11-24
29012,Eray Ervin Cömert,Switzerland,2022,3857290,Switzerland,Cameroon,,0,93,0,0,0.0,0,3,2,0,0,0,0,0,2022-11-24
5207,Cristiano Ronaldo dos Santos Aveiro,Portugal,2022,3857298,Portugal,Ghana,,0,87,1,4,1.4791,0,19,14,1,0,0,2,4,2022-11-24
3193,Bernardo Mota Veiga de Carvalho e Silva,Portugal,2022,3857298,Portugal,Ghana,,0,87,0,0,0.0,1,73,69,2,0,1,1,0,2022-11-24
9927,Rúben Diogo Da Silva Neves,Portugal,2022,3857298,Portugal,Ghana,,0,76,0,1,0.0717,0,64,59,0,0,0,2,0,2022-11-24
5206,Rúben Santos Gato Alves Dias,Portugal,2022,3857298,Portugal,Ghana,,0,99,0,0,0.0,0,66,63,0,0,0,1,0,2022-11-24
7005,João Pedro Cavaco Cancelo,Portugal,2022,3857298,Portugal,Ghana,,0,97,0,0,0.0,0,71,59,1,0,0,0,2,2022-11-24
3347,André Ayew Pelé,Ghana,2022,3857298,Portugal,Ghana,,0,76,1,1,0.4852,0,14,13,0,0,0,2,3,2022-11-24
13621,Danilo Luís Hélio Pereira,Portugal,2022,3857298,Portugal,Ghana,,0,99,0,0,0.0,0,80,72,1,1,1,1,2,2022-11-24
5209,Raphaël Adelino José Guerreiro,Portugal,2022,3857298,Portugal,Ghana,,0,100,0,0,0.0,2,82,69,0,0,1,0,1,2022-11-24
12041,João Félix Sequeira,Portugal,2022,3857298,Portugal,Ghana,,0,87,1,2,0.2935,0,32,22,3,2,0,3,3,2022-11-24
32975,Diogo Meireles Costa,Portugal,2022,3857298,Portugal,Ghana,,0,99,0,0,0.0,0,29,25,0,0,0,0,0,2022-11-24
11184,Otávio Edmilson da Silva Monteiro,Portugal,2022,3857298,Portugal,Ghana,,0,55,0,2,0.071,1,41,29,0,0,0,3,3,2022-11-24
12325,Abdul Rahman Baba,Ghana,2022,3857298,Portugal,Ghana,,0,99,0,0,0.0,1,42,27,1,0,1,3,1,2022-11-24
30519,Mohamed Salisu,Ghana,2022,3857298,Portugal,Ghana,,0,99,0,1,0.0243,0,47,32,0,0,2,3,0,2022-11-24
6393,Iñaki Williams Arthuer,Ghana,2022,3857298,Portugal,Ghana,,0,99,0,1,0.0205,0,16,14,1,1,0,1,2,2022-11-24
2989,Alexander Djiku,Ghana,2022,3857298,Portugal,Ghana,,0,91,0,0,0.0,0,26,23,1,1,4,1,1,2022-11-24
8108,Lawrence Ati-Zigi,Ghana,2022,3857298,Portugal,Ghana,,0,98,0,0,0.0,0,28,20,0,0,0,0,0,2022-11-24
17033,Mohammed Kudus,Ghana,2022,3857298,Portugal,Ghana,,0,75,0,2,0.0517,0,27,17,7,7,0,1,2,2022-11-24
45047,Alidu Seidu,Ghana,2022,3857298,Portugal,Ghana,,0,65,0,1,0.0154,0,23,19,2,2,0,3,4,2022-11-24
3709,Daniel Amartey,Ghana,2022,3857298,Portugal,Ghana,,0,100,0,0,0.0,2,52,46,0,0,1,2,1,2022-11-24
6383,Thomas Teye Partey,Ghana,2022,3857298,Portugal,Ghana,,0,99,0,1,0.0211,2,54,47,0,0,0,1,0,2022-11-24
31029,Salis Abdul Samed,Ghana,2022,3857298,Portugal,Ghana,,0,92,0,0,0.0,0,49,47,0,0,2,1,0,2022-11-24
5204,Bruno Miguel Borges Fernandes,Portugal,2022,3857298,Portugal,Ghana,,0,100,0,0,0.0,3,57,49,1,0,0,1,4,2022-11-24
5214,William Silva de Carvalho,Portugal,2022,3857298,Portugal,Ghana,,0,100,0,0,0.0,0,29,27,1,1,0,0,0,2022-11-24
33602,Tariq Lamptey,Ghana,2022,3857298,Portugal,Ghana,,0,99,0,0,0.0,0,14,10,0,0,1,1,0,2022-11-24
18360,Rafael Alexandre Conceição Leão,Portugal,2022,3857298,Portugal,Ghana,,0,99,1,2,0.1815,0,9,7,0,0,0,1,0,2022-11-24
3450,Jordan Ayew,Ghana,2022,3857298,Portugal,Ghana,,0,98,0,0,0.0,1,13,12,1,0,0,0,0,2022-11-24
44225,Osman Bukari,Ghana,2022,3857298,Portugal,Ghana,,0,97,1,2,0.1619,0,8,7,1,0,1,1,1,2022-11-24
12169,João Maria Lobo Alves Palhinha Gonçalves,Portugal,2022,3857298,Portugal,Ghana,,0,97,0,0,0.0,1,3,3,1,0,0,0,0,2022-11-24
38803,Gonçalo Matias Ramos,Portugal,2022,3857298,Portugal,Ghana,,0,99,0,0,0.0,0,7,6,0,0,0,0,1,2022-11-24
4272,João Mário Naval da Costa Eduardo,Portugal,2022,3857298,Portugal,Ghana,,0,99,0,0,0.0,0,3,3,0,0,0,0,0,2022-11-24
9286,Antoine Semenyo,Ghana,2022,3857298,Portugal,Ghana,,0,94,0,0,0.0,0,0,0,0,0,0,0,0,2022-11-24
28616,Daniel-Kofi Kyereh,Ghana,2022,3857298,Portugal,Ghana,,0,99,0,0,0.0,0,2,2,1,1,0,0,0,2022-11-24
3264,Vincent Janssen,Netherlands,2022,3857285,Senegal,Netherlands,,0,61,0,2,0.1555,1,12,9,1,1,0,1,2,2022-11-21
8118,Frenkie de Jong,Netherlands,2022,3857285,Senegal,Netherlands,,0,97,0,0,0.0,2,67,57,5,4,1,1,3,2022-11-21
3311,Daley Blind,Netherlands,2022,3857285,Senegal,Netherlands,,0,97,0,1,0.0487,0,58,46,0,0,1,2,0,2022-11-21
3306,Nathan Aké,Netherlands,2022,3857285,Senegal,Netherlands,,0,90,0,0,0.0,0,64,57,0,0,2,2,0,2022-11-21
3669,Virgil van Dijk,Netherlands,2022,3857285,Senegal,Netherlands,,0,96,0,2,0.1141,0,61,49,0,0,2,1,0,2022-11-21
7745,Steven Berghuis,Netherlands,2022,3857285,Senegal,Netherlands,,0,78,0,2,0.0686,1,44,38,2,0,0,0,0,2022-11-21
3436,Idrissa Gana Gueye,Senegal,2022,3857285,Senegal,Netherlands,,0,99,0,2,0.0903,0,44,36,0,0,0,1,0,2022-11-21
8069,Matthijs de Ligt,Netherlands,2022,3857285,Senegal,Netherlands,,0,98,0,0,0.0,0,45,40,0,0,1,5,1,2022-11-21
2941,Ismaïla Sarr,Senegal,2022,3857285,Senegal,Netherlands,,0,99,0,3,0.1587,4,22,14,2,2,1,1,5,2022-11-21
20611,Boulaye Dia,Senegal,2022,3857285,Senegal,Netherlands,,0,68,0,2,0.0771,0,11,11,1,0,0,0,2,2022-11-21
8326,Andries Noppert,Netherlands,2022,3857285,Senegal,Netherlands,,0,98,0,0,0.0,0,28,25,0,0,0,0,0,2022-11-21
20750,Cody Mathès Gakpo,Netherlands,2022,3857285,Senegal,Netherlands,,0,93,1,1,0.286,3,27,14,0,0,2,1,0,2022-11-21
5675,Kalidou Koulibaly,Senegal,2022,3857285,Senegal,Netherlands,,0,99,0,0,0.0,1,48,40,0,0,2,1,0,2022-11-21
8259,Steven Bergwijn,Netherlands,2022,3857285,Senegal,Netherlands,,0,78,0,0,0.0,0,19,16,0,0,0,0,1,2022-11-21
3404,Youssouf Sabaly,Senegal,2022,3857285,Senegal,Netherlands,,0,99,0,2,0.0179,3,70,61,0,0,2,2,0,2022-11-21
4506,Nampalys Mendy,Senegal,2022,3857285,Senegal,Netherlands,,0,99,0,0,0.0,1,50,38,0,0,0,2,2,2022-11-21
20758,Krépin Diatta,Senegal,2022,3857285,Senegal,Netherlands,,0,73,0,2,0.0895,1,36,32,1,0,0,0,2,2022-11-21
8553,Abdou Diallo,Senegal,2022,3857285,Senegal,Netherlands,,0,61,0,0,0.0,1,27,13,0,0,0,2,0,2022-11-21
8125,Denzel Dumfries,Netherlands,2022,3857285,Senegal,Netherlands,,0,98,0,0,0.0,0,43,25,2,0,1,3,2,2022-11-21
15970,Pape Abou Cissé,Senegal,2022,3857285,Senegal,Netherlands,,0,99,0,0,0.0,0,26,21,1,1,1,1,0,2022-11-21
3684,Cheikhou Kouyaté,Senegal,2022,3857285,Senegal,Netherlands,,0,73,0,0,0.0,1,26,21,1,1,1,1,2,2022-11-21
7379,Edouard Mendy,Senegal,2022,3857285,Senegal,Netherlands,,0,98,0,0,0.0,0,32,27,0,0,0,0,0,2022-11-21
32915,Ismail Jakobs,Senegal,2022,3857285,Senegal,Netherlands,,0,99,0,1,0.0144,1,11,10,0,0,1,0,3,2022-11-21
2988,Memphis Depay,Netherlands,2022,3857285,Senegal,Netherlands,,0,98,0,1,0.1028,0,12,10,2,1,0,0,1,2022-11-21
21026,Pape Gueye,Senegal,2022,3857285,Senegal,Netherlands,,0,99,0,1,0.0087,0,14,9,0,0,1,0,0,2022-11-21
50497,Nicolas Jackson,Senegal,2022,3857285,Senegal,Netherlands,,0,97,0,0,0.0,0,10,9,0,0,0,1,0,2022-11-21
88123,Cheikh Ahmadou Bamba Mbacke Dieng,Senegal,2022,3857285,Senegal,Netherlands,,0,99,0,2,0.2349,0,3,2,0,0,0,1,0,2022-11-21
7891,Teun Koopmeiners,Netherlands,2022,3857285,Senegal,Netherlands,,0,98,0,0,0.0,1,6,4,0,0,1,0,0,2022-11-21
4318,Davy Klaassen,Netherlands,2022,3857285,Senegal,Netherlands,,0,98,1,1,0.3481,0,4,3,0,0,0,0,2,2022-11-21
6994,Marten de Roon,Netherlands,2022,3857285,Senegal,Netherlands,,0,99,0,0,0.0,0,1,0,0,0,0,0,0,2022-11-21
22168,Joshua Sargent,United States,2022,3857282,United States,Wales,,0,73,0,1,0.2533,0,11,10,0,0,0,1,0,2022-11-21
18242,Tim Ream,United States,2022,3857282,United States,Wales,,0,99,0,0,0.0,0,74,68,0,0,3,1,1,2022-11-21
8526,Weston McKennie,United States,2022,3857282,United States,Wales,,0,65,0,0,0.0,0,35,27,0,0,0,4,0,2022-11-21
3086,Ben Davies,Wales,2022,3857282,United States,Wales,,0,99,0,2,0.3307,0,53,41,1,1,1,0,1,2022-11-21
9540,Harry Wilson,Wales,2022,3857282,United States,Wales,,0,92,0,0,0.0,2,28,23,0,0,1,1,2,2022-11-21
12524,Walker Zimmerman,United States,2022,3857282,United States,Wales,,0,99,0,0,0.0,0,85,82,0,0,1,1,0,2022-11-21
11252,Daniel James,Wales,2022,3857282,United States,Wales,,0,46,0,0,0.0,0,8,7,1,0,0,0,0,2022-11-21
4614,Antonee Robinson,United States,2022,3857282,United States,Wales,,0,99,0,0,0.0,1,63,49,0,0,3,2,0,2022-11-21
3517,Aaron Ramsey,Wales,2022,3857282,United States,Wales,,0,99,0,0,0.0,0,30,24,5,3,0,0,1,2022-11-21
38792,Yunus Dimoara Musah,United States,2022,3857282,United States,Wales,,0,74,0,0,0.0,1,43,38,0,0,2,2,1,2022-11-21
21881,Sergino Dest,United States,2022,3857282,United States,Wales,,0,74,0,1,0.0066,0,68,65,0,0,1,1,0,2022-11-21
4767,Chris Mepham,Wales,2022,3857282,United States,Wales,,0,97,0,0,0.0,1,56,46,0,0,0,2,0,2022-11-21
4774,Connor Roberts,Wales,2022,3857282,United States,Wales,,0,99,0,0,0.0,0,50,38,0,0,1,0,2,2022-11-21
6399,Gareth Frank Bale,Wales,2022,3857282,United States,Wales,,0,99,1,1,0.7835,1,25,14,0,0,1,2,4,2022-11-21
12751,Tyler Adams,United States,2022,3857282,United States,Wales,,0,98,0,1,0.0198,0,70,63,1,1,2,3,0,2022-11-21
4934,Ethan Ampadu,Wales,2022,3857282,United States,Wales,,0,94,0,1,0.0138,0,41,29,2,1,3,1,2,2022-11-21
3377,Timothy Weah,United States,2022,3857282,United States,Wales,,0,87,1,1,0.201,1,28,24,0,0,0,0,0,2022-11-21
34794,Neco Williams,Wales,2022,3857282,United States,Wales,,0,78,0,0,0.0,0,35,24,1,0,3,0,3,2022-11-21
8246,Christian Pulisic,United States,2022,3857282,United States,Wales,,0,99,0,0,0.0,2,51,30,2,1,0,0,4,2022-11-21
11250,Joe Rodon,Wales,2022,3857282,United States,Wales,,0,98,0,0,0.0,0,59,51,0,0,0,1,0,2022-11-21
3488,Wayne Hennessey,Wales,2022,3857282,United States,Wales,,0,96,0,0,0.0,0,32,22,0,0,0,0,0,2022-11-21
12352,Matthew Charles Turner,United States,2022,3857282,United States,Wales,,0,100,0,0,0.0,0,31,22,0,0,0,0,2,2022-11-21
3853,Kieffer Roberto Francisco Moore,Wales,2022,3857282,United States,Wales,,0,99,0,2,0.2248,1,15,13,0,0,0,2,0,2022-11-21
24243,Brenden Aaronson,United States,2022,3857282,United States,Wales,,0,99,0,1,0.0943,0,18,17,3,1,1,1,1,2022-11-21
22008,Haji Wright,United States,2022,3857282,United States,Wales,,0,98,0,1,0.0274,0,4,4,0,0,0,0,1,2022-11-21
3658,DeAndre Yedlin,United States,2022,3857282,United States,Wales,,0,99,0,0,0.0,0,18,12,0,0,0,0,0,2022-11-21
13035,Kellyn Kai Perry-Acosta,United States,2022,3857282,United States,Wales,,0,99,0,0,0.0,0,8,7,0,0,0,1,0,2022-11-21
29377,Brennan Johnson,Wales,2022,3857282,United States,Wales,,0,97,0,1,0.0426,0,6,3,1,0,0,0,1,2022-11-21
23789,Jordan Morris,United States,2022,3857282,United States,Wales,,0,99,0,0,0.0,0,3,2,0,0,0,0,0,2022-11-21
22074,Joseff Morrell,Wales,2022,3857282,United States,Wales,,0,99,0,0,0.0,0,1,1,0,0,0,1,0,2022-11-21
50528,Sorba Thomas,Wales,2022,3857282,United States,Wales,,0,100,0,0,0.0,0,4,3,1,0,0,0,0,2022-11-21
5660,Piotr Zieliński,Poland,2022,3857297,Poland,Saudi Arabia,,0,62,1,1,0.235,1,20,16,1,0,1,2,1,2022-11-26
44166,Jakub Piotr Kiwior,Poland,2022,3857297,Poland,Saudi Arabia,,0,96,0,0,0.0,0,36,30,0,0,2,1,0,2022-11-26
4734,Matty Cash,Poland,2022,3857297,Poland,Saudi Arabia,,0,96,0,0,0.0,1,40,29,0,0,1,4,0,2022-11-26
5191,Mohammed Al Burayk,Saudi Arabia,2022,3857297,Poland,Saudi Arabia,,0,64,0,2,0.3697,1,47,38,1,1,0,0,1,2022-11-26
5715,Ali Albulayhi,Saudi Arabia,2022,3857297,Poland,Saudi Arabia,,0,96,0,0,0.0,0,59,51,0,0,1,0,1,2022-11-26
5187,Salem Mohammed Al Dawsari,Saudi Arabia,2022,3857297,Poland,Saudi Arabia,,0,96,0,4,0.9957,4,70,60,3,2,0,0,2,2022-11-26
5713,Mohammed Kanoo,Saudi Arabia,2022,3857297,Poland,Saudi Arabia,,0,96,0,4,0.1982,0,80,68,3,3,1,3,0,2022-11-26
51469,Saleh Khalid Al Shehri,Saudi Arabia,2022,3857297,Poland,Saudi Arabia,,0,85,0,1,0.0446,0,15,12,2,1,0,3,3,2022-11-26
7979,Przemysław Frankowski,Poland,2022,3857297,Poland,Saudi Arabia,,0,93,0,0,0.0,1,30,20,0,0,1,0,1,2022-11-26
5668,Robert Lewandowski,Poland,2022,3857297,Poland,Saudi Arabia,,0,96,1,5,1.2604,1,21,16,5,3,0,2,2,2022-11-26
56755,Abdulelah Saad Hameed Al-Malki,Saudi Arabia,2022,3857297,Poland,Saudi Arabia,,0,84,0,2,0.1394,0,49,42,0,0,0,3,3,2022-11-26
51094,Abdulelah Al Amri,Saudi Arabia,2022,3857297,Poland,Saudi Arabia,,0,96,0,0,0.0,0,59,52,0,0,1,2,2,2022-11-26
51099,Firas Tariq Nasser Al Albirakan,Saudi Arabia,2022,3857297,Poland,Saudi Arabia,,0,95,0,1,0.1109,0,28,22,1,1,1,1,1,2022-11-26
51710,Saud Abdullah Abdul Hamid,Saudi Arabia,2022,3857297,Poland,Saudi Arabia,,0,96,0,1,0.0059,2,65,56,2,2,0,1,1,2022-11-26
5714,Mohammed Khalil Al Owais,Saudi Arabia,2022,3857297,Poland,Saudi Arabia,,0,92,0,0,0.0,0,25,19,0,0,0,0,0,2022-11-26
5665,Arkadiusz Milik,Poland,2022,3857297,Poland,Saudi Arabia,,0,70,0,1,0.1352,0,15,13,0,0,0,1,2,2022-11-26
51632,Sami Khalil Al Naji,Saudi Arabia,2022,3857297,Poland,Saudi Arabia,,0,54,0,0,0.0,1,21,15,0,0,0,0,0,2022-11-26
11737,Krystian Bielik,Poland,2022,3857297,Poland,Saudi Arabia,,0,95,0,1,0.0753,0,30,28,0,0,2,4,3,2022-11-26
5669,Wojciech Szczęsny,Poland,2022,3857297,Poland,Saudi Arabia,,0,96,0,0,0.0,0,41,26,0,0,0,0,0,2022-11-26
5673,Bartosz Bereszyński,Poland,2022,3857297,Poland,Saudi Arabia,,0,91,0,0,0.0,0,32,22,0,0,1,0,1,2022-11-26
3034,Kamil Glik,Poland,2022,3857297,Poland,Saudi Arabia,,0,95,0,0,0.0,0,29,27,0,0,1,0,0,2022-11-26
3637,Grzegorz Krychowiak,Poland,2022,3857297,Poland,Saudi Arabia,,0,91,0,0,0.0,1,26,20,0,0,2,2,3,2022-11-26
54144,Nawaf Shaker Al Abid,Saudi Arabia,2022,3857297,Poland,Saudi Arabia,,0,94,0,1,0.066,1,32,28,2,1,0,1,3,2022-11-26
31955,Jakub Kamiński,Poland,2022,3857297,Poland,Saudi Arabia,,0,96,0,0,0.0,2,13,10,1,0,1,2,1,2022-11-26
57620,Sultan Abdullah Salim Al Ghannam,Saudi Arabia,2022,3857297,Poland,Saudi Arabia,,0,96,0,0,0.0,0,15,13,1,1,1,1,0,2022-11-26
12493,Krzysztof Piątek,Poland,2022,3857297,Poland,Saudi Arabia,,0,96,0,1,0.0282,0,4,2,0,0,0,0,1,2022-11-26
51705,Abdulrahman Al-Obood,Saudi Arabia,2022,3857297,Poland,Saudi Arabia,,0,96,0,1,0.0417,0,6,2,1,0,0,0,0,2022-11-26
74623,Nasser Al Dawsari,Saudi Arabia,2022,3857297,Poland,Saudi Arabia,,0,97,0,0,0.0,1,10,10,0,0,0,1,0,2022-11-26
5188,Hattan Babhir,Saudi Arabia,2022,3857297,Poland,Saudi Arabia,,0,96,0,0,0.0,0,1,1,0,0,0,0,0,2022-11-26
2988,Memphis Depay,Netherlands,2022,3857294,Netherlands,Qatar,,0,65,0,5,0.5852,1,33,27,1,0,0,2,1,2022-11-29
8118,Frenkie de Jong,Netherlands,2022,3857294,Netherlands,Qatar,,0,85,1,2,0.721,1,94,87,2,1,1,0,0,2022-11-29
124495,Almoez Ali Zainalabiddin Abdulla,Qatar,2022,3857294,Netherlands,Qatar,,0,64,0,0,0.0,0,14,13,2,1,0,0,0,2022-11-29
6994,Marten de Roon,Netherlands,2022,3857294,Netherlands,Qatar,,0,82,0,0,0.0,0,69,56,0,0,1,1,0,2022-11-29
3306,Nathan Aké,Netherlands,2022,3857294,Netherlands,Qatar,,0,95,0,0,0.0,0,99,97,0,0,0,1,0,2022-11-29
3311,Daley Blind,Netherlands,2022,3857294,Netherlands,Qatar,,0,95,0,2,0.1494,1,110,102,0,0,0,2,1,2022-11-29
3669,Virgil van Dijk,Netherlands,2022,3857294,Netherlands,Qatar,,0,96,0,0,0.0,1,86,80,0,0,0,0,0,2022-11-29
21809,Jurriën David Norman Timber,Netherlands,2022,3857294,Netherlands,Qatar,,0,95,0,0,0.0,0,115,107,1,1,0,2,3,2022-11-29
124510,Meshaal Aissa Barsham,Qatar,2022,3857294,Netherlands,Qatar,,0,93,0,0,0.0,0,31,17,0,0,0,0,0,2022-11-29
124493,Boualem Khoukhi,Qatar,2022,3857294,Netherlands,Qatar,,0,95,0,0,0.0,0,54,44,0,0,2,0,3,2022-11-29
124506,Pedro Miguel Correia,Qatar,2022,3857294,Netherlands,Qatar,,0,95,0,1,0.0062,0,45,34,0,0,2,0,1,2022-11-29
4318,Davy Klaassen,Netherlands,2022,3857294,Netherlands,Qatar,,0,65,0,1,0.0836,2,35,27,0,0,1,1,1,2022-11-29
20750,Cody Mathès Gakpo,Netherlands,2022,3857294,Netherlands,Qatar,,0,82,1,2,0.164,1,40,29,0,0,1,1,0,2022-11-29
8125,Denzel Dumfries,Netherlands,2022,3857294,Netherlands,Qatar,,0,92,0,0,0.0,0,56,48,0,0,0,4,1,2022-11-29
124494,Abdelkarim Hassan Al Haj Fadlalla,Qatar,2022,3857294,Netherlands,Qatar,,0,89,0,1,0.0671,0,45,34,2,1,2,1,1,2022-11-29
124500,Assim Omer Al Haj Madibo,Qatar,2022,3857294,Netherlands,Qatar,,0,63,0,0,0.0,0,30,24,0,0,2,1,0,2022-11-29
124514,Abdulaziz Hatem Mohammed Abdullah,Qatar,2022,3857294,Netherlands,Qatar,,0,84,0,1,0.0245,0,39,35,1,1,1,1,0,2022-11-29
124488,Hassan Khalid Al Heidos,Qatar,2022,3857294,Netherlands,Qatar,,0,63,0,1,0.0157,0,24,20,5,2,1,2,0,2022-11-29
8326,Andries Noppert,Netherlands,2022,3857294,Netherlands,Qatar,,0,94,0,0,0.0,0,28,27,0,0,0,0,0,2022-11-29
124899,Ismaeel Mohammad Mohammad,Qatar,2022,3857294,Netherlands,Qatar,,0,84,0,1,0.0302,0,29,25,1,1,2,0,3,2022-11-29
40784,Akram Hassan Afif,Qatar,2022,3857294,Netherlands,Qatar,,0,94,0,0,0.0,2,81,68,0,0,0,0,4,2022-11-29
124900,Homam Alamin Ahmed,Qatar,2022,3857294,Netherlands,Qatar,,0,95,0,0,0.0,0,30,24,1,0,0,2,3,2022-11-29
149463,Ali Assadalla Thaimn Qambar,Qatar,2022,3857294,Netherlands,Qatar,,0,93,0,0,0.0,0,23,22,1,1,0,0,0,2022-11-29
124492,Karim Boudiaf,Qatar,2022,3857294,Netherlands,Qatar,,0,95,0,0,0.0,0,23,21,2,1,0,0,0,2022-11-29
124901,Mohammed Muntari,Qatar,2022,3857294,Netherlands,Qatar,,0,95,0,0,0.0,1,13,12,0,0,0,1,2,2022-11-29
7745,Steven Berghuis,Netherlands,2022,3857294,Netherlands,Qatar,,0,95,0,1,0.0107,0,33,28,1,1,0,0,0,2022-11-29
3264,Vincent Janssen,Netherlands,2022,3857294,Netherlands,Qatar,,0,95,0,0,0.0,0,8,7,0,0,0,1,0,2022-11-29
7891,Teun Koopmeiners,Netherlands,2022,3857294,Netherlands,Qatar,,0,95,0,0,0.0,0,15,14,0,0,0,2,0,2022-11-29
7829,Wout Weghorst,Netherlands,2022,3857294,Netherlands,Qatar,,0,95,0,0,0.0,1,2,2,0,0,0,2,0,2022-11-29
124512,Mosaab Khoder Jibril,Qatar,2022,3857294,Netherlands,Qatar,,0,95,0,0,0.0,0,3,3,0,0,0,0,1,2022-11-29
21879,Kenneth Taylor,Netherlands,2022,3857294,Netherlands,Qatar,,0,95,0,0,0.0,0,9,9,0,0,0,0,0,2022-11-29
124490,Ahmed Alaa Eldin Abdelmotaal,Qatar,2022,3857294,Netherlands,Qatar,,0,95,0,0,0.0,0,2,0,0,0,0,0,0,2022-11-29
5732,Andreas Evald Cornelius,Denmark,2022,3857266,France,Denmark,,0,47,0,1,0.0483,0,15,10,0,0,0,3,0,2022-11-26
3043,Christian Dannemann Eriksen,Denmark,2022,3857266,France,Denmark,,0,96,0,2,0.0334,2,71,58,0,0,2,1,0,2022-11-26
16190,Rasmus Nissen Kristensen,Denmark,2022,3857266,France,Denmark,,0,91,0,0,0.0,1,76,56,3,1,0,2,0,2022-11-26
6704,Theo Bernard François Hernández,France,2022,3857266,France,Denmark,,0,96,0,0,0.0,5,72,66,2,1,1,0,2,2022-11-26
27569,Jesper Lindstrøm,Denmark,2022,3857266,France,Denmark,,0,84,0,1,0.1893,0,24,15,5,2,4,1,1,2022-11-26
3570,Pierre-Emile Højbjerg,Denmark,2022,3857266,France,Denmark,,0,94,0,1,0.0152,1,70,61,1,1,0,0,0,2022-11-26
16554,Joakim Mæhle,Denmark,2022,3857266,France,Denmark,,0,96,0,1,0.0136,0,43,37,1,0,1,0,0,2022-11-26
5487,Antoine Griezmann,France,2022,3857266,France,Denmark,,0,92,0,2,0.2282,3,50,37,1,1,3,0,1,2022-11-26
17043,Victor Nelsson,Denmark,2022,3857266,France,Denmark,,0,96,0,0,0.0,0,72,68,0,0,1,0,2,2022-11-26
3959,Andreas Christensen,Denmark,2022,3857266,France,Denmark,,0,93,1,1,0.2538,0,72,69,0,0,3,1,0,2022-11-26
3815,Kasper Schmeichel,Denmark,2022,3857266,France,Denmark,,0,90,0,0,0.0,0,17,16,0,0,0,0,0,2022-11-26
8247,Joachim Andersen,Denmark,2022,3857266,France,Denmark,,0,95,0,2,0.0971,0,46,42,0,0,0,2,0,2022-11-26
5477,Ousmane Dembélé,France,2022,3857266,France,Denmark,,0,74,0,2,0.0944,4,27,23,8,4,0,1,0,2022-11-26
24443,Mikkel Damsgaard,Denmark,2022,3857266,France,Denmark,,0,72,0,0,0.0,1,29,23,0,0,0,0,1,2022-11-26
4445,Jules Koundé,France,2022,3857266,France,Denmark,,0,94,0,2,0.1357,0,68,53,1,1,1,1,0,2022-11-26
8519,Dayotchanculle Upamecano,France,2022,3857266,France,Denmark,,0,95,0,0,0.0,0,58,54,0,0,3,0,1,2022-11-26
10481,Aurélien Djani Tchouaméni,France,2022,3857266,France,Denmark,,0,94,0,2,0.2782,2,68,67,0,0,2,1,1,2022-11-26
3604,Olivier Giroud,France,2022,3857266,France,Denmark,,0,61,0,2,0.164,1,10,8,0,0,0,0,1,2022-11-26
3026,Adrien Rabiot,France,2022,3857266,France,Denmark,,0,96,0,4,0.2547,0,44,41,0,0,3,1,0,2022-11-26
3009,Kylian Mbappé Lottin,France,2022,3857266,France,Denmark,,0,95,2,6,0.7359,3,37,30,7,3,0,0,5,2022-11-26
3099,Hugo Lloris,France,2022,3857266,France,Denmark,,0,96,0,0,0.0,0,34,20,0,0,0,0,0,2022-11-26
5485,Raphaël Varane,France,2022,3857266,France,Denmark,,0,73,0,1,0.0426,0,38,35,0,0,0,0,0,2022-11-26
4447,Martin Braithwaite Christensen,Denmark,2022,3857266,France,Denmark,,0,91,0,1,0.2379,0,7,3,2,1,0,0,0,2022-11-26
2972,Marcus Thuram,France,2022,3857266,France,Denmark,,0,95,0,0,0.0,0,5,4,1,1,2,0,0,2022-11-26
11135,Ibrahima Konaté,France,2022,3857266,France,Denmark,,0,94,0,0,0.0,0,13,11,0,0,0,0,0,2022-11-26
8217,Kingsley Coman,France,2022,3857266,France,Denmark,,0,94,0,0,0.0,1,14,13,5,5,0,0,0,2022-11-26
6302,Kasper Dolberg,Denmark,2022,3857266,France,Denmark,,0,94,0,0,0.0,1,3,3,2,1,0,0,0,2022-11-26
7097,Christian Nørgaard,Denmark,2022,3857266,France,Denmark,,0,95,0,0,0.0,0,15,14,0,0,0,0,0,2022-11-26
24547,Alexander Hartmann Bah,Denmark,2022,3857266,France,Denmark,,0,96,0,0,0.0,0,7,4,1,1,0,1,0,2022-11-26
11990,Youssouf Fofana,France,2022,3857266,France,Denmark,,0,94,0,0,0.0,0,2,2,0,0,0,0,0,2022-11-26
8966,Kai Havertz,Germany,2022,3857284,Germany,Japan,,0,78,0,0,0.0,1,22,17,1,0,0,2,0,2022-11-23
5579,Joshua Kimmich,Germany,2022,3857284,Germany,Japan,,0,97,0,4,0.1738,3,97,82,2,0,1,0,1,2022-11-23
29595,Ko Itakura,Japan,2022,3857284,Germany,Japan,,0,92,0,1,0.034,1,25,22,0,0,1,3,0,2022-11-23
5562,Thomas Müller,Germany,2022,3857284,Germany,Japan,,0,66,0,0,0.0,3,41,32,0,0,0,0,2,2022-11-23
37208,Ao Tanaka,Japan,2022,3857284,Germany,Japan,,0,70,0,0,0.0,0,30,23,0,0,0,0,0,2022-11-23
30628,Daizen Maeda,Japan,2022,3857284,Germany,Japan,,0,56,0,1,0.0771,0,5,2,0,0,0,1,0,2022-11-23
6322,Niklas Süle,Germany,2022,3857284,Germany,Japan,,0,97,0,1,0.0761,0,102,95,0,0,0,0,0,2022-11-23
5570,Manuel Neuer,Germany,2022,3857284,Germany,Japan,,0,95,0,0,0.0,0,55,50,0,0,0,0,0,2022-11-23
24118,Nico Schlotterbeck,Germany,2022,3857284,Germany,Japan,,0,98,0,0,0.0,2,119,109,2,0,1,2,1,2022-11-23
3167,Antonio Rüdiger,Germany,2022,3857284,Germany,Japan,,0,96,0,3,0.2293,0,113,106,0,0,0,0,2,2022-11-23
9411,Daichi Kamada,Japan,2022,3857284,Germany,Japan,,0,90,0,1,0.0644,1,21,15,2,1,0,0,0,2022-11-23
23721,Wataru Endo,Japan,2022,3857284,Germany,Japan,,0,97,0,0,0.0,1,31,24,2,1,0,3,4,2022-11-23
5690,Yuto Nagatomo,Japan,2022,3857284,Germany,Japan,,0,56,0,0,0.0,1,14,10,0,0,1,0,0,2022-11-23
39565,Jamal Musiala,Germany,2022,3857284,Germany,Japan,,0,78,0,3,0.264,2,44,38,3,1,0,0,3,2022-11-23
3530,Hiroki Sakai,Japan,2022,3857284,Germany,Japan,,0,73,0,1,0.2877,1,24,17,2,1,1,1,2,2022-11-23
23527,Junya Ito,Japan,2022,3857284,Germany,Japan,,0,93,0,1,0.0685,2,18,7,1,0,1,0,0,2022-11-23
12034,David Raum,Germany,2022,3857284,Germany,Japan,,0,95,0,0,0.0,3,76,60,2,1,1,1,3,2022-11-23
8400,Serge Gnabry,Germany,2022,3857284,Germany,Japan,,0,89,0,6,0.4486,2,50,39,0,0,0,0,0,2022-11-23
31090,Takefusa Kubo,Japan,2022,3857284,Germany,Japan,,0,46,0,0,0.0,0,4,1,0,0,0,2,1,2022-11-23
10287,İlkay Gündoğan,Germany,2022,3857284,Germany,Japan,,0,67,1,6,1.1289,0,69,64,1,1,0,1,0,2022-11-23
3300,Maya Yoshida,Japan,2022,3857284,Germany,Japan,,0,97,0,0,0.0,0,40,32,2,1,2,1,0,2022-11-23
25719,Shūichi Gonda,Japan,2022,3857284,Germany,Japan,,0,97,0,0,0.0,0,35,23,0,0,0,1,0,2022-11-23
23730,Takehiro Tomiyasu,Japan,2022,3857284,Germany,Japan,,0,96,0,0,0.0,1,19,18,0,0,1,0,0,2022-11-23
8949,Takuma Asano,Japan,2022,3857284,Germany,Japan,,0,98,1,5,0.2261,0,6,5,0,0,0,2,0,2022-11-23
37211,Kaoru Mitoma,Japan,2022,3857284,Germany,Japan,,0,96,0,0,0.0,1,17,13,0,0,0,0,0,2022-11-23
8804,Jonas Hofmann,Germany,2022,3857284,Germany,Japan,,0,98,0,1,0.3266,1,18,15,1,1,0,0,0,2022-11-23
6324,Leon Goretzka,Germany,2022,3857284,Germany,Japan,,0,96,0,1,0.0889,0,9,7,0,0,0,1,0,2022-11-23
8361,Ritsu Doan,Japan,2022,3857284,Germany,Japan,,0,95,1,1,0.4778,0,2,2,1,0,1,0,0,2022-11-23
8776,Takumi Minamino,Japan,2022,3857284,Germany,Japan,,0,98,0,1,0.0138,0,3,1,0,0,0,1,0,2022-11-23
8227,Mario Götze,Germany,2022,3857284,Germany,Japan,,0,98,0,0,0.0,1,5,4,2,1,0,0,1,2022-11-23
8546,Niclas Füllkrug,Germany,2022,3857284,Germany,Japan,,0,97,0,1,0.0316,1,4,3,0,0,0,0,0,2022-11-23
38837,Youssoufa Moukoko,Germany,2022,3857284,Germany,Japan,,0,92,0,0,0.0,0,2,2,0,0,0,0,0,2022-11-23
6302,Kasper Dolberg,Denmark,2022,3857254,Denmark,Tunisia,,0,64,0,2,0.3805,0,11,10,1,0,0,2,2,2022-11-22
3043,Christian Dannemann Eriksen,Denmark,2022,3857254,Denmark,Tunisia,,0,96,0,1,0.0851,4,80,66,5,1,0,2,0,2022-11-22
17042,Andreas Skov Olsen,Denmark,2022,3857254,Denmark,Tunisia,,0,64,0,0,0.0,0,28,19,0,0,0,0,0,2022-11-22
23910,Youssef Msakni,Tunisia,2022,3857254,Denmark,Tunisia,,0,79,0,3,0.1396,2,25,19,3,3,1,0,4,2022-11-22
16190,Rasmus Nissen Kristensen,Denmark,2022,3857254,Denmark,Tunisia,,0,95,0,0,0.0,0,58,44,1,0,1,1,1,2022-11-22
5651,Yassine Meriah,Tunisia,2022,3857254,Denmark,Tunisia,,0,97,0,1,0.0461,0,53,44,0,0,0,2,0,2022-11-22
16554,Joakim Mæhle,Denmark,2022,3857254,Denmark,Tunisia,,0,95,0,1,0.0287,1,52,43,3,0,0,1,0,2022-11-22
30681,Ali Abdi,Tunisia,2022,3857254,Denmark,Tunisia,,0,95,0,0,0.0,1,44,27,2,1,2,1,0,2022-11-22
35592,Anis Ben Slimane,Tunisia,2022,3857254,Denmark,Tunisia,,0,66,0,0,0.0,2,24,17,1,1,0,0,1,2022-11-22
9236,Mohamed Dräger,Tunisia,2022,3857254,Denmark,Tunisia,,0,87,0,2,0.054,1,31,23,2,0,1,1,1,2022-11-22
3570,Pierre-Emile Højbjerg,Denmark,2022,3857254,Denmark,Tunisia,,0,88,0,1,0.0087,0,74,68,1,0,1,0,1,2022-11-22
44955,Aïssa Bilal Laïdouni,Tunisia,2022,3857254,Denmark,Tunisia,,0,87,0,1,0.0671,0,45,36,2,1,3,1,3,2022-11-22
105943,Aymen Dahmen,Tunisia,2022,3857254,Denmark,Tunisia,,0,96,0,0,0.0,0,38,25,0,0,0,0,0,2022-11-22
3959,Andreas Christensen,Denmark,2022,3857254,Denmark,Tunisia,,0,95,0,1,0.2713,0,82,78,0,0,2,0,0,2022-11-22
5655,Dylan Daniel Mahmoud Bronn,Tunisia,2022,3857254,Denmark,Tunisia,,0,94,0,1,0.0591,0,41,30,1,0,0,0,1,2022-11-22
5534,Simon Thorup Kjær,Denmark,2022,3857254,Denmark,Tunisia,,0,63,0,0,0.0,0,55,50,0,0,2,0,0,2022-11-22
16352,Issam Jebali,Tunisia,2022,3857254,Denmark,Tunisia,,0,80,0,3,0.5931,1,18,15,2,1,0,2,0,2022-11-22
5527,Thomas Delaney,Denmark,2022,3857254,Denmark,Tunisia,,0,45,0,0,0.0,0,31,26,0,0,0,1,0,2022-11-22
3815,Kasper Schmeichel,Denmark,2022,3857254,Denmark,Tunisia,,0,96,0,0,0.0,0,29,22,0,0,0,0,0,2022-11-22
8247,Joachim Andersen,Denmark,2022,3857254,Denmark,Tunisia,,0,96,0,1,0.0277,0,78,62,1,0,2,3,2,2022-11-22
32450,Montassar Omar Talbi,Tunisia,2022,3857254,Denmark,Tunisia,,0,96,0,0,0.0,0,46,38,0,0,2,0,0,2022-11-22
3767,Ellyes Joris Skhiri,Tunisia,2022,3857254,Denmark,Tunisia,,0,97,0,2,0.101,1,35,30,1,1,0,1,1,2022-11-22
24443,Mikkel Damsgaard,Denmark,2022,3857254,Denmark,Tunisia,,0,97,0,0,0.0,1,28,22,0,0,2,1,0,2022-11-22
27569,Jesper Lindstrøm,Denmark,2022,3857254,Denmark,Tunisia,,0,94,0,0,0.0,0,4,3,1,0,0,0,0,2022-11-22
18722,Mathias Jensen,Denmark,2022,3857254,Denmark,Tunisia,,0,95,0,1,0.0287,2,32,28,0,0,0,2,1,2022-11-22
3557,Naïm Sliti,Tunisia,2022,3857254,Denmark,Tunisia,,0,95,0,0,0.0,0,10,6,2,2,1,0,1,2022-11-22
5732,Andreas Evald Cornelius,Denmark,2022,3857254,Denmark,Tunisia,,0,97,0,3,0.7358,1,4,3,1,1,0,0,2,2022-11-22
50988,Hannibal Mejbri,Tunisia,2022,3857254,Denmark,Tunisia,,0,89,0,0,0.0,0,2,2,0,0,1,0,0,2022-11-22
128793,Taha Yassine Khenissi,Tunisia,2022,3857254,Denmark,Tunisia,,0,96,0,0,0.0,0,2,1,0,0,0,2,1,2022-11-22
105944,Wajdi Kechrida,Tunisia,2022,3857254,Denmark,Tunisia,,0,95,0,0,0.0,0,1,1,0,0,1,0,0,2022-11-22
5650,Ferjani Sassi,Tunisia,2022,3857254,Denmark,Tunisia,,0,95,0,0,0.0,0,2,1,0,0,0,0,0,2022-11-22
26400,Henry Josué Martín Mex,Mexico,2022,3857265,Mexico,Poland,,0,70,0,1,0.0643,1,12,8,0,0,1,1,1,2022-11-22
5575,Héctor Miguel Herrera López,Mexico,2022,3857265,Mexico,Poland,,0,70,0,0,0.0,1,33,26,0,0,0,0,1,2022-11-22
28825,Luis Gerardo Chávez Magallón,Mexico,2022,3857265,Mexico,Poland,,0,95,0,1,0.0082,2,56,45,2,2,0,0,3,2022-11-22
5660,Piotr Zieliński,Poland,2022,3857265,Mexico,Poland,,0,87,0,0,0.0,2,29,21,1,1,0,1,0,2022-11-22
5576,Jesús Daniel Gallardo Vasconcelos,Mexico,2022,3857265,Mexico,Poland,,0,97,0,0,0.0,2,53,40,0,0,1,1,0,2022-11-22
31955,Jakub Kamiński,Poland,2022,3857265,Mexico,Poland,,0,97,0,2,0.1513,0,17,9,2,2,0,3,1,2022-11-22
5573,Héctor Alfredo Moreno Herrera,Mexico,2022,3857265,Mexico,Poland,,0,94,0,1,0.1767,0,82,73,0,0,0,1,1,2022-11-22
3637,Grzegorz Krychowiak,Poland,2022,3857265,Mexico,Poland,,0,96,0,1,0.0217,0,30,19,0,0,1,3,2,2022-11-22
5668,Robert Lewandowski,Poland,2022,3857265,Mexico,Poland,,0,96,0,2,0.8405,2,24,13,2,1,0,1,4,2022-11-22
5577,Francisco Guillermo Ochoa Magaña,Mexico,2022,3857265,Mexico,Poland,,0,95,0,0,0.0,0,33,32,0,0,0,0,0,2022-11-22
26301,Ernesto Alexis Vega Rojas,Mexico,2022,3857265,Mexico,Poland,,0,83,0,5,0.2087,0,32,25,1,1,1,0,4,2022-11-22
4734,Matty Cash,Poland,2022,3857265,Mexico,Poland,,0,93,0,0,0.0,0,35,27,1,0,0,2,2,2022-11-22
4664,Sebastian Szymański,Poland,2022,3857265,Mexico,Poland,,0,71,0,0,0.0,0,25,16,1,1,0,1,3,2022-11-22
5567,Edson Omar Álvarez Velázquez,Mexico,2022,3857265,Mexico,Poland,,0,97,0,0,0.0,1,58,44,1,1,3,1,0,2022-11-22
26368,César Jasib Montes Castro,Mexico,2022,3857265,Mexico,Poland,,0,97,0,0,0.0,0,67,57,0,0,0,2,0,2022-11-22
26406,Jorge Eduardo Sánchez Ramos,Mexico,2022,3857265,Mexico,Poland,,0,96,0,1,0.007,0,52,43,2,1,2,3,1,2022-11-22
5571,Hirving Rodrigo Lozano Bahena,Mexico,2022,3857265,Mexico,Poland,,0,96,0,1,0.0241,2,33,19,2,2,0,4,3,2022-11-22
5673,Bartosz Bereszyński,Poland,2022,3857265,Mexico,Poland,,0,93,0,0,0.0,0,38,30,2,0,2,2,0,2022-11-22
50502,Nicola Zalewski,Poland,2022,3857265,Mexico,Poland,,0,46,0,0,0.0,0,13,12,0,0,0,0,1,2022-11-22
5669,Wojciech Szczęsny,Poland,2022,3857265,Mexico,Poland,,0,96,0,0,0.0,0,40,24,0,0,0,0,0,2022-11-22
44166,Jakub Piotr Kiwior,Poland,2022,3857265,Mexico,Poland,,0,94,0,1,0.1245,0,48,34,0,0,2,0,0,2022-11-22
3034,Kamil Glik,Poland,2022,3857265,Mexico,Poland,,0,93,0,0,0.0,0,27,25,0,0,1,1,0,2022-11-22
11737,Krystian Bielik,Poland,2022,3857265,Mexico,Poland,,0,96,0,0,0.0,0,20,18,3,1,1,0,0,2022-11-22
26297,Carlos Alberto Rodríguez Gómez,Mexico,2022,3857265,Mexico,Poland,,0,96,0,0,0.0,0,20,17,1,1,0,1,0,2022-11-22
7979,Przemysław Frankowski,Poland,2022,3857265,Mexico,Poland,,0,95,0,0,0.0,0,9,7,1,1,1,1,1,2022-11-22
5568,Raúl Alonso Jiménez Rodríguez,Mexico,2022,3857265,Mexico,Poland,,0,93,0,0,0.0,0,9,6,0,0,0,0,0,2022-11-22
15452,Carlos Uriel Antuna Romero,Mexico,2022,3857265,Mexico,Poland,,0,95,0,1,0.04,0,4,2,0,0,0,0,0,2022-11-22
5665,Arkadiusz Milik,Poland,2022,3857265,Mexico,Poland,,0,96,0,0,0.0,0,7,4,1,1,0,0,0,2022-11-22
40784,Akram Hassan Afif,Qatar,2022,3857301,Qatar,Senegal,,0,93,0,1,0.02,2,49,40,2,1,0,1,1,2022-11-25
124493,Boualem Khoukhi,Qatar,2022,3857301,Qatar,Senegal,,0,95,0,0,0.0,0,64,57,1,0,0,1,3,2022-11-25
124900,Homam Alamin Ahmed,Qatar,2022,3857301,Qatar,Senegal,,0,82,0,0,0.0,1,34,24,0,0,1,2,2,2022-11-25
3404,Youssouf Sabaly,Senegal,2022,3857301,Qatar,Senegal,,0,94,0,0,0.0,2,79,69,1,1,0,1,3,2022-11-25
2941,Ismaïla Sarr,Senegal,2022,3857301,Qatar,Senegal,,0,73,0,2,0.1036,1,16,11,6,3,1,0,1,2022-11-25
124494,Abdelkarim Hassan Al Haj Fadlalla,Qatar,2022,3857301,Qatar,Senegal,,0,94,0,4,0.2016,0,47,34,0,0,0,1,0,2022-11-25
5675,Kalidou Koulibaly,Senegal,2022,3857301,Qatar,Senegal,,0,94,0,0,0.0,0,67,60,0,0,1,1,0,2022-11-25
20758,Krépin Diatta,Senegal,2022,3857301,Qatar,Senegal,,0,63,0,1,0.0395,1,27,21,3,1,0,1,0,2022-11-25
124492,Karim Boudiaf,Qatar,2022,3857301,Qatar,Senegal,,0,68,0,0,0.0,0,35,31,0,0,0,0,1,2022-11-25
124899,Ismaeel Mohammad Mohammad,Qatar,2022,3857301,Qatar,Senegal,,0,93,0,1,0.3277,1,38,28,0,0,1,1,3,2022-11-25
13314,Famara Diedhiou,Senegal,2022,3857301,Qatar,Senegal,,0,73,1,3,0.2381,0,9,6,0,0,0,2,1,2022-11-25
124506,Pedro Miguel Correia,Qatar,2022,3857301,Qatar,Senegal,,0,82,0,0,0.0,0,36,23,0,0,4,1,1,2022-11-25
124510,Meshaal Aissa Barsham,Qatar,2022,3857301,Qatar,Senegal,,0,92,0,0,0.0,1,32,27,0,0,0,0,0,2022-11-25
124495,Almoez Ali Zainalabiddin Abdulla,Qatar,2022,3857301,Qatar,Senegal,,0,93,0,2,0.2711,0,22,16,2,2,0,1,1,2022-11-25
8553,Abdou Diallo,Senegal,2022,3857301,Qatar,Senegal,,0,94,0,0,0.0,0,75,66,0,0,1,0,0,2022-11-25
4506,Nampalys Mendy,Senegal,2022,3857301,Qatar,Senegal,,0,76,0,2,0.0934,0,48,46,3,2,0,1,1,2022-11-25
32915,Ismail Jakobs,Senegal,2022,3857301,Qatar,Senegal,,0,76,0,0,0.0,1,63,49,0,0,0,2,1,2022-11-25
7379,Edouard Mendy,Senegal,2022,3857301,Qatar,Senegal,,0,94,0,0,0.0,0,32,25,0,0,0,0,0,2022-11-25
124488,Hassan Khalid Al Heidos,Qatar,2022,3857301,Qatar,Senegal,,0,74,0,0,0.0,1,25,21,0,0,0,1,0,2022-11-25
20611,Boulaye Dia,Senegal,2022,3857301,Qatar,Senegal,,0,93,1,2,0.2829,1,22,16,1,1,1,2,2,2022-11-25
3436,Idrissa Gana Gueye,Senegal,2022,3857301,Qatar,Senegal,,0,95,0,1,0.0293,1,56,48,0,0,2,0,0,2022-11-25
124500,Assim Omer Al Haj Madibo,Qatar,2022,3857301,Qatar,Senegal,,0,94,0,0,0.0,1,41,38,0,0,1,1,1,2022-11-25
31751,Pathé Ismaël Ciss,Senegal,2022,3857301,Qatar,Senegal,,0,94,0,0,0.0,0,12,11,0,0,0,1,0,2022-11-25
124514,Abdulaziz Hatem Mohammed Abdullah,Qatar,2022,3857301,Qatar,Senegal,,0,93,0,0,0.0,1,8,7,0,0,1,0,0,2022-11-25
88123,Cheikh Ahmadou Bamba Mbacke Dieng,Senegal,2022,3857301,Qatar,Senegal,,0,95,1,1,0.1161,0,4,3,0,0,0,2,1,2022-11-25
80484,Iliman Ndiaye,Senegal,2022,3857301,Qatar,Senegal,,0,94,0,0,0.0,1,10,9,3,2,0,0,0,2022-11-25
124901,Mohammed Muntari,Qatar,2022,3857301,Qatar,Senegal,,0,91,1,2,0.1396,0,2,2,0,0,0,1,0,2022-11-25
50498,Pape Matar Sarr,Senegal,2022,3857301,Qatar,Senegal,,0,95,0,0,0.0,1,15,13,0,0,0,0,0,2022-11-25
15970,Pape Abou Cissé,Senegal,2022,3857301,Qatar,Senegal,,0,94,0,0,0.0,0,12,9,0,0,0,0,0,2022-11-25
124504,Tarek Salman Salman,Qatar,2022,3857301,Qatar,Senegal,,0,93,0,0,0.0,0,11,7,0,0,1,0,0,2022-11-25
124909,Mohammed Waed Abdulwahhab Al Bayati,Qatar,2022,3857301,Qatar,Senegal,,0,95,0,0,0.0,0,8,7,0,0,1,0,0,2022-11-25
23640,Jonathan David,Canada,2022,3857268,Belgium,Canada,,0,92,0,7,0.7599,0,24,17,1,0,0,1,0,2022-11-23
11187,Stephen Antunes Eustáquio,Canada,2022,3857268,Belgium,Canada,,0,80,0,3,0.1645,2,66,58,2,2,2,1,1,2022-11-23
16120,Richie Laryea,Canada,2022,3857268,Belgium,Canada,,0,73,0,2,0.0566,4,17,14,2,0,0,1,0,2022-11-23
44703,Alistair Johnston,Canada,2022,3857268,Belgium,Canada,,0,91,0,1,0.0335,4,58,46,0,0,0,3,0,2022-11-23
15958,Milan Borjan,Canada,2022,3857268,Belgium,Canada,,0,94,0,0,0.0,0,33,27,0,0,0,0,0,2022-11-23
23828,Kamal Miller,Canada,2022,3857268,Belgium,Canada,,0,93,0,0,0.0,0,42,39,0,0,4,0,1,2022-11-23
31684,Atiba Hutchinson,Canada,2022,3857268,Belgium,Canada,,0,57,0,1,0.0463,0,31,27,0,0,0,2,1,2022-11-23
11846,Steven de Sousa Vitoria,Canada,2022,3857268,Belgium,Canada,,0,94,0,0,0.0,0,50,44,0,0,2,1,2,2022-11-23
3089,Kevin De Bruyne,Belgium,2022,3857268,Belgium,Canada,,0,93,0,2,0.0703,4,39,29,3,2,1,0,0,2022-11-23
9922,David Junior Hoilett,Canada,2022,3857268,Belgium,Canada,,0,57,0,1,0.0407,2,10,6,1,0,0,0,1,2022-11-23
6331,Leander Dendoncker,Belgium,2022,3857268,Belgium,Canada,,0,92,0,1,0.0889,0,73,73,0,0,1,1,0,2022-11-23
12365,Alphonso Davies,Canada,2022,3857268,Belgium,Canada,,0,93,0,1,0.7835,2,41,33,4,1,4,3,1,2022-11-23
3457,Michy Batshuayi Tunga,Belgium,2022,3857268,Belgium,Canada,,0,77,1,5,0.485,0,13,8,0,0,0,3,2,2022-11-23
24024,Tajon Buchanan,Canada,2022,3857268,Belgium,Canada,,0,80,0,3,0.4112,2,25,18,5,3,0,2,3,2022-11-23
20005,Toby Alderweireld,Belgium,2022,3857268,Belgium,Canada,,0,92,0,0,0.0,1,75,69,0,0,1,0,0,2022-11-23
6989,Timothy Castagne,Belgium,2022,3857268,Belgium,Canada,,0,94,0,0,0.0,0,43,34,1,0,1,1,1,2022-11-23
5633,Yannick Ferreira Carrasco,Belgium,2022,3857268,Belgium,Canada,,0,49,0,0,0.0,0,14,13,0,0,0,1,1,2022-11-23
3077,Jan Vertonghen,Belgium,2022,3857268,Belgium,Canada,,0,93,0,0,0.0,0,71,55,0,0,0,0,2,2022-11-23
3509,Thibaut Courtois,Belgium,2022,3857268,Belgium,Canada,,0,93,0,0,0.0,0,50,42,0,0,0,0,0,2022-11-23
2954,Youri Tielemans,Belgium,2022,3857268,Belgium,Canada,,0,48,0,0,0.0,1,19,14,1,1,0,0,1,2022-11-23
3621,Eden Hazard,Belgium,2022,3857268,Belgium,Canada,,0,61,0,0,0.0,0,27,20,3,3,1,0,4,2022-11-23
5642,Axel Witsel,Belgium,2022,3857268,Belgium,Canada,,0,93,0,0,0.0,1,47,45,0,0,0,1,1,2022-11-23
48347,Amadou Onana,Belgium,2022,3857268,Belgium,Canada,,0,93,0,0,0.0,0,20,18,1,1,0,2,0,2022-11-23
3176,Thomas Meunier,Belgium,2022,3857268,Belgium,Canada,,0,93,0,1,0.0258,0,25,17,0,0,4,2,1,2022-11-23
133229,Ismael Koné,Canada,2022,3857268,Belgium,Canada,,0,95,0,0,0.0,0,32,30,0,0,0,0,0,2022-11-23
16459,Cyle Larin,Canada,2022,3857268,Belgium,Canada,,0,93,0,3,0.2498,1,11,9,0,0,0,0,0,2022-11-23
16559,Leandro Trossard,Belgium,2022,3857268,Belgium,Canada,,0,93,0,0,0.0,1,13,11,1,0,0,0,1,2022-11-23
29758,Sam Adekugbe,Canada,2022,3857268,Belgium,Canada,,0,94,0,0,0.0,1,22,20,0,0,0,0,0,2022-11-23
16275,Ikoma Loïs Openda,Belgium,2022,3857268,Belgium,Canada,,0,94,0,0,0.0,0,5,3,1,1,0,0,1,2022-11-23
23363,Liam Millar,Canada,2022,3857268,Belgium,Canada,,0,92,0,0,0.0,0,9,5,0,0,0,1,0,2022-11-23
12770,Jonathan Osorio,Canada,2022,3857268,Belgium,Canada,,0,95,0,0,0.0,0,9,8,1,1,0,0,0,2022-11-23
16026,Djibril Sow,Switzerland,2022,3857269,Brazil,Switzerland,,0,74,0,2,0.1504,1,20,19,1,0,1,0,3,2022-11-28
5549,Manuel Obafemi Akanji,Switzerland,2022,3857269,Brazil,Switzerland,,0,94,0,1,0.0281,0,74,67,0,0,0,2,0,2022-11-28
8814,Nico Elvedi,Switzerland,2022,3857269,Brazil,Switzerland,,0,94,0,0,0.0,0,72,67,0,0,2,2,0,2022-11-28
5544,Ricardo Iván Rodríguez Araya,Switzerland,2022,3857269,Brazil,Switzerland,,0,92,0,0,0.0,1,56,41,1,0,0,1,0,2022-11-28
30401,Ruben Vargas,Switzerland,2022,3857269,Brazil,Switzerland,,0,57,0,1,0.0297,1,20,13,1,0,0,2,1,2022-11-28
4372,Marcos Aoás Corrêa,Brazil,2022,3857269,Brazil,Switzerland,,0,94,0,1,0.0781,0,96,92,0,0,0,0,0,2022-11-28
5545,Breel-Donald Embolo,Switzerland,2022,3857269,Brazil,Switzerland,,0,74,0,0,0.0,1,12,8,1,0,0,0,3,2022-11-28
18395,Vinícius José Paixão de Oliveira Júnior,Brazil,2022,3857269,Brazil,Switzerland,,0,94,0,1,0.2164,2,22,18,4,1,0,0,5,2022-11-28
6983,Remo Freuler,Switzerland,2022,3857269,Brazil,Switzerland,,0,90,0,0,0.0,0,39,35,2,0,0,1,0,2022-11-28
50436,Fabian Rieder,Switzerland,2022,3857269,Brazil,Switzerland,,0,58,0,0,0.0,0,18,9,1,1,1,4,1,2022-11-28
5539,Carlos Henrique Casimiro,Brazil,2022,3857269,Brazil,Switzerland,,0,95,1,2,0.0919,0,50,40,0,0,4,3,0,2022-11-28
22600,Lucas Tolentino Coelho de Lima,Brazil,2022,3857269,Brazil,Switzerland,,0,45,0,0,0.0,1,39,33,0,0,0,0,0,2022-11-28
6945,Alex Sandro Lobo Silva,Brazil,2022,3857269,Brazil,Switzerland,,0,85,0,0,0.0,1,74,63,1,1,2,1,2,2022-11-28
3295,Thiago Emiliano da Silva,Brazil,2022,3857269,Brazil,Switzerland,,0,95,0,1,0.1415,1,81,77,0,0,5,2,0,2022-11-28
13620,Éder Gabriel Militão,Brazil,2022,3857269,Brazil,Switzerland,,0,95,0,1,0.0286,0,67,56,0,0,1,3,1,2022-11-28
5547,Alisson Ramsés Becker,Brazil,2022,3857269,Brazil,Switzerland,,0,90,0,0,0.0,0,17,11,0,0,0,0,0,2022-11-28
7796,Silvan Widmer,Switzerland,2022,3857269,Brazil,Switzerland,,0,85,0,1,0.0512,0,50,35,0,0,2,3,0,2022-11-28
9904,Frederico Rodrigues Santos,Brazil,2022,3857269,Brazil,Switzerland,,0,57,0,0,0.0,1,27,23,0,0,0,1,0,2022-11-28
3280,Richarlison de Andrade,Brazil,2022,3857269,Brazil,Switzerland,,0,72,0,2,0.0605,0,7,3,1,0,0,0,3,2022-11-28
10595,Raphael Dias Belloli,Brazil,2022,3857269,Brazil,Switzerland,,0,72,0,1,0.022,2,35,25,0,0,0,0,1,2022-11-28
5550,Yann Sommer,Switzerland,2022,3857269,Brazil,Switzerland,,0,93,0,0,0.0,0,49,46,0,0,0,0,0,2022-11-28
3500,Granit Xhaka,Switzerland,2022,3857269,Brazil,Switzerland,,0,95,0,0,0.0,0,67,59,0,0,1,2,0,2022-11-28
25104,Rodrygo Silva de Goes,Brazil,2022,3857269,Brazil,Switzerland,,0,95,0,2,0.2417,1,26,21,2,0,1,0,1,2022-11-28
3913,Edimilson Fernandes,Switzerland,2022,3857269,Brazil,Switzerland,,0,95,0,1,0.0292,1,13,11,1,1,0,0,1,2022-11-28
25142,Bruno Guimarães Rodriguez Moura,Brazil,2022,3857269,Brazil,Switzerland,,0,94,0,1,0.0212,0,24,20,2,2,0,0,1,2022-11-28
12326,Renato Steffen,Switzerland,2022,3857269,Brazil,Switzerland,,0,92,0,0,0.0,0,13,12,1,0,1,0,1,2022-11-28
25363,Antony Matheus dos Santos,Brazil,2022,3857269,Brazil,Switzerland,,0,95,0,1,0.0207,0,15,11,3,1,1,0,1,2022-11-28
3202,Gabriel Fernando de Jesus,Brazil,2022,3857269,Brazil,Switzerland,,0,95,0,0,0.0,1,6,4,0,0,0,0,2,2022-11-28
16016,Michel Aebischer,Switzerland,2022,3857269,Brazil,Switzerland,,0,94,0,0,0.0,0,4,2,0,0,0,1,0,2022-11-28
5543,Haris Seferović,Switzerland,2022,3857269,Brazil,Switzerland,,0,95,0,0,0.0,0,3,2,0,0,0,0,0,2022-11-28
11183,Alex Nicolao Telles,Brazil,2022,3857269,Brazil,Switzerland,,0,95,0,0,0.0,0,11,10,0,0,0,0,1,2022-11-28
8561,Fabian Frei,Switzerland,2022,3857269,Brazil,Switzerland,,0,94,0,0,0.0,0,3,2,0,0,0,0,0,2022-11-28
2988,Memphis Depay,Netherlands,2022,3869321,Netherlands,Argentina,,0,77,0,0,0.0,1,40,27,4,0,1,2,2,2022-12-09
3306,Nathan Aké,Netherlands,2022,3869321,Netherlands,Argentina,,0,119,0,0,0.0,0,75,62,0,0,7,2,3,2022-12-09
8125,Denzel Dumfries,Netherlands,2022,3869321,Netherlands,Argentina,,0,127,0,1,0.0474,0,41,29,2,0,1,7,2,2022-12-09
19597,Marcos Javier Acuña,Argentina,2022,3869321,Netherlands,Argentina,,0,77,0,0,0.0,0,26,18,1,1,1,1,4,2022-12-09
20750,Cody Mathès Gakpo,Netherlands,2022,3869321,Netherlands,Argentina,,0,112,0,0,0.0,1,38,21,7,2,5,6,4,2022-12-09
27886,Alexis Mac Allister,Argentina,2022,3869321,Netherlands,Argentina,,0,119,0,0,0.0,1,47,43,1,1,0,0,7,2022-12-09
6994,Marten de Roon,Netherlands,2022,3869321,Netherlands,Argentina,,0,48,0,0,0.0,0,26,24,0,0,0,2,0,2022-12-09
38718,Enzo Fernandez,Argentina,2022,3869321,Netherlands,Argentina,,0,126,0,3,0.8545,2,70,60,2,1,1,2,2,2022-12-09
3090,Nicolás Hernán Otamendi,Argentina,2022,3869321,Netherlands,Argentina,,0,120,0,0,0.0,0,87,80,0,0,1,3,2,2022-12-09
20572,Cristian Gabriel Romero,Argentina,2022,3869321,Netherlands,Argentina,,0,77,0,0,0.0,0,48,44,0,0,1,2,1,2022-12-09
29201,Nahuel Molina Lucero,Argentina,2022,3869321,Netherlands,Argentina,,0,105,1,1,0.4344,0,44,36,0,0,2,0,0,2022-12-09
3311,Daley Blind,Netherlands,2022,3869321,Netherlands,Argentina,,0,64,0,0,0.0,0,29,24,0,0,2,0,0,2022-12-09
7797,Rodrigo Javier De Paul,Argentina,2022,3869321,Netherlands,Argentina,,0,65,0,2,0.0736,1,53,41,2,1,1,2,2,2022-12-09
5503,Lionel Andrés Messi Cuccittini,Argentina,2022,3869321,Netherlands,Argentina,,0,121,2,7,1.7922,3,48,40,7,6,0,3,10,2022-12-09
8118,Frenkie de Jong,Netherlands,2022,3869321,Netherlands,Argentina,,0,117,0,0,0.0,0,87,81,2,2,1,2,5,2022-12-09
3669,Virgil van Dijk,Netherlands,2022,3869321,Netherlands,Argentina,,0,120,0,1,0.7835,0,94,85,1,1,2,2,0,2022-12-09
21809,Jurriën David Norman Timber,Netherlands,2022,3869321,Netherlands,Argentina,,0,119,0,0,0.0,0,93,87,3,2,4,5,0,2022-12-09
8326,Andries Noppert,Netherlands,2022,3869321,Netherlands,Argentina,,0,127,0,0,0.0,0,54,46,0,0,0,0,0,2022-12-09
8259,Steven Bergwijn,Netherlands,2022,3869321,Netherlands,Argentina,,0,102,0,1,0.0895,0,17,16,0,0,0,0,1,2022-12-09
27768,Lisandro Martínez,Argentina,2022,3869321,Netherlands,Argentina,,0,111,0,0,0.0,0,38,29,0,0,2,0,1,2022-12-09
29560,Julián Álvarez,Argentina,2022,3869321,Netherlands,Argentina,,0,80,0,0,0.0,1,17,12,2,0,0,2,0,2022-12-09
6909,Damián Emiliano Martínez,Argentina,2022,3869321,Netherlands,Argentina,,0,126,0,0,0.0,0,35,19,0,0,0,0,0,2022-12-09
7829,Wout Weghorst,Netherlands,2022,3869321,Netherlands,Argentina,,0,124,3,3,1.0505,0,11,6,0,0,0,3,1,2022-12-09
7891,Teun Koopmeiners,Netherlands,2022,3869321,Netherlands,Argentina,,0,123,1,1,0.7835,1,37,32,0,0,0,1,0,2022-12-09
7745,Steven Berghuis,Netherlands,2022,3869321,Netherlands,Argentina,,0,121,0,3,0.8962,2,35,24,2,1,0,3,1,2022-12-09
20033,Luuk de Jong,Netherlands,2022,3869321,Netherlands,Argentina,,0,126,1,2,0.8364,1,11,8,0,0,0,2,1,2022-12-09
16308,Leandro Daniel Paredes,Argentina,2022,3869321,Netherlands,Argentina,,0,122,1,1,0.7835,1,49,44,0,0,0,3,3,2022-12-09
7161,Germán Alejandro Pezzella,Argentina,2022,3869321,Netherlands,Argentina,,0,121,0,1,0.0445,0,30,28,0,0,0,2,2,2022-12-09
5507,Nicolás Alejandro Tagliafico,Argentina,2022,3869321,Netherlands,Argentina,,0,119,0,0,0.0,0,11,10,0,0,0,1,0,2022-12-09
11456,Lautaro Javier Martínez,Argentina,2022,3869321,Netherlands,Argentina,,0,127,1,3,1.0905,0,12,8,2,1,1,1,3,2022-12-09
28263,Gonzalo Ariel Montiel,Argentina,2022,3869321,Netherlands,Argentina,,0,124,1,1,0.7835,1,11,10,0,0,0,0,0,2022-12-09
2995,Ángel Fabián Di María Hernández,Argentina,2022,3869321,Netherlands,Argentina,,0,120,0,0,0.0,1,14,9,1,1,0,0,0,2022-12-09
21547,Noa Lang,Netherlands,2022,3869321,Netherlands,Argentina,,0,127,0,0,0.0,0,3,0,0,0,1,0,0,2022-12-09
5562,Thomas Müller,Germany,2022,3857292,Costa Rica,Germany,,0,65,0,3,0.2701,3,19,14,0,0,1,0,0,2022-12-01
3167,Antonio Rüdiger,Germany,2022,3857292,Costa Rica,Germany,,0,98,0,1,0.415,0,86,80,0,0,0,0,0,2022-12-01
5579,Joshua Kimmich,Germany,2022,3857292,Costa Rica,Germany,,0,99,0,1,0.0115,4,135,117,0,0,5,1,1,2022-12-01
5582,Celso Borges Mora,Costa Rica,2022,3857292,Costa Rica,Germany,,0,98,0,0,0.0,1,36,31,0,0,1,0,0,2022-12-01
108340,Brandon Aguilera Zamora,Costa Rica,2022,3857292,Costa Rica,Germany,,0,45,0,0,0.0,0,19,14,2,2,0,0,1,2022-12-01
6322,Niklas Süle,Germany,2022,3857292,Costa Rica,Germany,,0,93,0,0,0.0,0,103,97,0,0,0,0,1,2022-12-01
5595,Johan Alberto Venegas Ulloa,Costa Rica,2022,3857292,Costa Rica,Germany,,0,73,0,0,0.0,0,14,11,1,0,1,1,1,2022-12-01
39565,Jamal Musiala,Germany,2022,3857292,Costa Rica,Germany,,0,99,0,7,0.5984,3,53,39,18,13,1,1,0,2022-12-01
5597,Keylor Navas Gamboa,Costa Rica,2022,3857292,Costa Rica,Germany,,0,99,0,0,0.0,0,34,21,0,0,0,0,0,2022-12-01
12034,David Raum,Germany,2022,3857292,Costa Rica,Germany,,0,65,0,0,0.0,3,71,58,0,0,0,2,0,2022-12-01
5581,Joel Nathaniel Campbell Samuels,Costa Rica,2022,3857292,Costa Rica,Germany,,0,99,0,0,0.0,1,67,50,6,3,0,1,3,2022-12-01
10287,İlkay Gündoğan,Germany,2022,3857292,Costa Rica,Germany,,0,53,0,0,0.0,0,77,71,0,0,0,2,1,2022-12-01
5570,Manuel Neuer,Germany,2022,3857292,Costa Rica,Germany,,0,98,0,0,0.0,0,29,29,0,0,0,0,0,2022-12-01
130185,Keysher Fuller Spence,Costa Rica,2022,3857292,Costa Rica,Germany,,0,73,0,2,0.1913,1,22,15,1,1,0,0,1,2022-12-01
6324,Leon Goretzka,Germany,2022,3857292,Costa Rica,Germany,,0,45,0,2,0.3354,1,24,20,0,0,0,0,0,2022-12-01
5839,Yeltsin Ignacio Tejeda Valverde,Costa Rica,2022,3857292,Costa Rica,Germany,,0,92,1,2,0.5221,0,30,24,0,0,4,0,0,2022-12-01
8400,Serge Gnabry,Germany,2022,3857292,Costa Rica,Germany,,0,99,1,4,0.226,4,45,34,3,1,2,0,0,2022-12-01
27163,Juan Pablo Vargas Campos,Costa Rica,2022,3857292,Costa Rica,Germany,,0,100,0,1,0.1843,0,28,22,0,0,4,0,0,2022-12-01
6328,Kendall Jamaal Waston Manley,Costa Rica,2022,3857292,Costa Rica,Germany,,0,99,0,1,0.0993,0,21,16,0,0,2,0,0,2022-12-01
3053,Leroy Sané,Germany,2022,3857292,Costa Rica,Germany,,0,99,0,3,0.1834,4,47,41,2,1,1,0,0,2022-12-01
5836,Bryan Oviedo,Costa Rica,2022,3857292,Costa Rica,Germany,,0,92,0,0,0.0,0,27,25,0,0,1,0,3,2022-12-01
5598,Óscar Esau Duarte Gaitán,Costa Rica,2022,3857292,Costa Rica,Germany,,0,98,0,0,0.0,1,22,12,0,0,1,1,0,2022-12-01
8507,Lukas Klostermann,Germany,2022,3857292,Costa Rica,Germany,,0,98,0,0,0.0,0,38,38,0,0,0,1,0,2022-12-01
132756,Youstin Delfin Salas Gómez,Costa Rica,2022,3857292,Costa Rica,Germany,,0,97,0,0,0.0,0,18,15,1,1,1,0,0,2022-12-01
8546,Niclas Füllkrug,Germany,2022,3857292,Costa Rica,Germany,,0,98,1,4,1.0546,1,14,8,0,0,0,0,0,2022-12-01
8227,Mario Götze,Germany,2022,3857292,Costa Rica,Germany,,0,98,0,1,0.0665,1,11,11,1,0,0,0,0,2022-12-01
8966,Kai Havertz,Germany,2022,3857292,Costa Rica,Germany,,0,99,2,5,1.1553,1,11,9,0,0,1,2,1,2022-12-01
132728,Jewison Bennette,Costa Rica,2022,3857292,Costa Rica,Germany,,0,99,0,1,0.0378,0,7,6,2,0,0,0,0,2022-12-01
15477,Ronald Alberto Matarrita Ulate,Costa Rica,2022,3857292,Costa Rica,Germany,,0,99,0,0,0.0,0,17,11,0,0,0,1,0,2022-12-01
135271,Roan Roberto Wilson Gordon,Costa Rica,2022,3857292,Costa Rica,Germany,,0,99,0,0,0.0,0,6,6,0,0,0,0,0,2022-12-01
132296,Anthony Daniel Contreras Enríquez,Costa Rica,2022,3857292,Costa Rica,Germany,,0,99,0,0,0.0,0,6,5,0,0,0,0,0,2022-12-01
8808,Matthias Ginter,Germany,2022,3857292,Costa Rica,Germany,,0,99,0,0,0.0,0,3,3,0,0,0,0,0,2022-12-01
5581,Joel Nathaniel Campbell Samuels,Costa Rica,2022,3857295,Japan,Costa Rica,,0,94,0,1,0.0513,0,46,38,7,4,0,0,5,2022-11-27
5600,Francisco Javier Calvo Quesada,Costa Rica,2022,3857295,Japan,Costa Rica,,0,96,0,1,0.0142,0,75,67,3,3,4,3,1,2022-11-27
132296,Anthony Daniel Contreras Enríquez,Costa Rica,2022,3857295,Japan,Costa Rica,,0,64,0,0,0.0,1,12,8,1,1,0,1,2,2022-11-27
6328,Kendall Jamaal Waston Manley,Costa Rica,2022,3857295,Japan,Costa Rica,,0,92,0,0,0.0,0,42,38,0,0,2,1,0,2022-11-27
23721,Wataru Endo,Japan,2022,3857295,Japan,Costa Rica,,0,96,0,3,0.1148,0,89,72,1,0,2,3,1,2022-11-27
5839,Yeltsin Ignacio Tejeda Valverde,Costa Rica,2022,3857295,Japan,Costa Rica,,0,92,0,0,0.0,1,49,43,0,0,0,1,1,2022-11-27
37221,Hidemasa Morita,Japan,2022,3857295,Japan,Costa Rica,,0,93,0,1,0.0974,2,68,59,2,0,0,1,0,2022-11-27
130185,Keysher Fuller Spence,Costa Rica,2022,3857295,Japan,Costa Rica,,0,93,1,1,0.1203,0,24,18,0,0,1,2,3,2022-11-27
38285,Ayase Ueda,Japan,2022,3857295,Japan,Costa Rica,,0,45,0,0,0.0,1,11,7,0,0,0,1,2,2022-11-27
37122,Yuki Soma,Japan,2022,3857295,Japan,Costa Rica,,0,81,0,3,0.1349,0,20,13,2,1,0,2,3,2022-11-27
132497,Gerson Torres Barrantes,Costa Rica,2022,3857295,Japan,Costa Rica,,0,64,0,1,0.0135,0,17,17,2,2,0,2,8,2022-11-27
5690,Yuto Nagatomo,Japan,2022,3857295,Japan,Costa Rica,,0,45,0,0,0.0,0,48,41,2,2,1,4,1,2022-11-27
8361,Ritsu Doan,Japan,2022,3857295,Japan,Costa Rica,,0,66,0,1,0.0156,1,15,10,4,3,1,2,0,2022-11-27
5598,Óscar Esau Duarte Gaitán,Costa Rica,2022,3857295,Japan,Costa Rica,,0,92,0,0,0.0,0,48,38,0,0,2,0,0,2022-11-27
5582,Celso Borges Mora,Costa Rica,2022,3857295,Japan,Costa Rica,,0,88,0,0,0.0,0,58,47,2,2,1,1,0,2022-11-27
9411,Daichi Kamada,Japan,2022,3857295,Japan,Costa Rica,,0,94,0,2,0.1943,0,34,26,1,0,0,1,1,2022-11-27
5597,Keylor Navas Gamboa,Costa Rica,2022,3857295,Japan,Costa Rica,,0,94,0,0,0.0,0,42,21,0,0,0,0,0,2022-11-27
5836,Bryan Oviedo,Costa Rica,2022,3857295,Japan,Costa Rica,,0,95,0,0,0.0,0,43,31,0,0,2,2,1,2022-11-27
29595,Ko Itakura,Japan,2022,3857295,Japan,Costa Rica,,0,95,0,1,0.0777,0,68,64,2,0,2,1,0,2022-11-27
25719,Shūichi Gonda,Japan,2022,3857295,Japan,Costa Rica,,0,93,0,0,0.0,0,19,19,0,0,0,0,0,2022-11-27
37209,Miki Yamane,Japan,2022,3857295,Japan,Costa Rica,,0,61,0,0,0.0,1,33,25,1,1,1,3,1,2022-11-27
3300,Maya Yoshida,Japan,2022,3857295,Japan,Costa Rica,,0,95,0,0,0.0,0,117,112,0,0,0,0,2,2022-11-27
95272,Hiroki Ito,Japan,2022,3857295,Japan,Costa Rica,,0,94,0,0,0.0,1,63,58,0,0,0,3,0,2022-11-27
8949,Takuma Asano,Japan,2022,3857295,Japan,Costa Rica,,0,92,0,2,0.1389,1,6,5,0,0,1,1,0,2022-11-27
37211,Kaoru Mitoma,Japan,2022,3857295,Japan,Costa Rica,,0,94,0,0,0.0,0,14,11,2,2,0,1,0,2022-11-27
108340,Brandon Aguilera Zamora,Costa Rica,2022,3857295,Japan,Costa Rica,,0,96,0,0,0.0,0,10,5,1,0,0,0,1,2022-11-27
132728,Jewison Bennette,Costa Rica,2022,3857295,Japan,Costa Rica,,0,96,0,0,0.0,0,3,2,0,0,0,0,1,2022-11-27
23527,Junya Ito,Japan,2022,3857295,Japan,Costa Rica,,0,95,0,0,0.0,0,7,2,2,2,0,1,2,2022-11-27
8776,Takumi Minamino,Japan,2022,3857295,Japan,Costa Rica,,0,96,0,0,0.0,0,7,3,0,0,0,0,0,2022-11-27
132756,Youstin Delfin Salas Gómez,Costa Rica,2022,3857295,Japan,Costa Rica,,0,94,0,0,0.0,0,0,0,0,0,0,0,0,2022-11-27
132772,Daniel Alonso Chacón Salas,Costa Rica,2022,3857295,Japan,Costa Rica,,0,96,0,0,0.0,0,1,1,0,0,0,0,0,2022-11-27
5487,Antoine Griezmann,France,2022,3869685,Argentina,France,,0,70,0,0,0.0,1,30,21,1,0,2,0,1,2022-12-18
10481,Aurélien Djani Tchouaméni,France,2022,3869685,Argentina,France,,0,123,0,1,0.7835,0,69,56,2,2,5,2,2,2022-12-18
3604,Olivier Giroud,France,2022,3869685,Argentina,France,,0,94,0,0,0.0,0,9,5,0,0,0,1,1,2022-12-18
29201,Nahuel Molina Lucero,Argentina,2022,3869685,Argentina,France,,0,95,0,0,0.0,0,56,39,0,0,1,0,0,2022-12-18
3026,Adrien Rabiot,France,2022,3869685,Argentina,France,,0,98,0,1,0.0933,0,51,43,0,0,3,3,4,2022-12-18
7797,Rodrigo Javier De Paul,Argentina,2022,3869685,Argentina,France,,0,101,0,2,0.103,1,68,57,4,1,2,2,6,2022-12-18
20572,Cristian Gabriel Romero,Argentina,2022,3869685,Argentina,France,,0,123,0,0,0.0,0,71,60,0,0,2,3,1,2022-12-18
3090,Nicolás Hernán Otamendi,Argentina,2022,3869685,Argentina,France,,0,122,0,0,0.0,0,75,69,0,0,1,2,0,2022-12-18
5477,Ousmane Dembélé,France,2022,3869685,Argentina,France,,0,40,0,0,0.0,0,13,9,1,0,0,1,0,2022-12-18
5507,Nicolás Alejandro Tagliafico,Argentina,2022,3869685,Argentina,France,,0,120,0,0,0.0,1,56,44,0,0,2,3,2,2022-12-18
27886,Alexis Mac Allister,Argentina,2022,3869685,Argentina,France,,0,115,0,3,0.0544,1,52,45,2,2,0,0,3,2022-12-18
6909,Damián Emiliano Martínez,Argentina,2022,3869685,Argentina,France,,0,125,0,0,0.0,0,33,18,0,0,0,0,0,2022-12-18
6704,Theo Bernard François Hernández,France,2022,3869685,Argentina,France,,0,70,0,0,0.0,0,49,38,2,2,0,2,3,2022-12-18
5485,Raphaël Varane,France,2022,3869685,Argentina,France,,0,112,0,0,0.0,0,61,55,0,0,2,0,1,2022-12-18
4445,Jules Koundé,France,2022,3869685,Argentina,France,,0,120,0,0,0.0,0,67,52,2,1,1,2,1,2022-12-18
5503,Lionel Andrés Messi Cuccittini,Argentina,2022,3869685,Argentina,France,,0,122,3,6,2.2388,2,60,49,3,0,0,2,2,2022-12-18
2995,Ángel Fabián Di María Hernández,Argentina,2022,3869685,Argentina,France,,0,63,1,2,0.4102,4,29,25,8,5,2,0,3,2022-12-18
29560,Julián Álvarez,Argentina,2022,3869685,Argentina,France,,0,101,0,1,0.0595,1,32,26,0,0,2,8,0,2022-12-18
3099,Hugo Lloris,France,2022,3869685,Argentina,France,,0,125,0,0,0.0,0,41,23,0,0,0,0,1,2022-12-18
8519,Dayotchanculle Upamecano,France,2022,3869685,Argentina,France,,0,122,0,0,0.0,0,64,51,0,0,1,1,0,2022-12-18
38718,Enzo Fernandez,Argentina,2022,3869685,Argentina,France,,0,123,0,2,0.0718,1,94,79,1,1,1,4,0,2022-12-18
3009,Kylian Mbappé Lottin,France,2022,3869685,Argentina,France,,0,123,4,7,2.566,0,27,19,11,6,0,1,0,2022-12-18
22097,Randal Kolo Muani,France,2022,3869685,Argentina,France,,0,125,1,3,1.1572,0,15,11,4,1,0,3,4,2022-12-18
2972,Marcus Thuram,France,2022,3869685,Argentina,France,,0,119,0,0,0.0,1,22,15,4,2,0,2,1,2022-12-18
19597,Marcos Javier Acuña,Argentina,2022,3869685,Argentina,France,,0,123,0,0,0.0,2,28,19,2,0,0,2,0,2022-12-18
8217,Kingsley Coman,France,2022,3869685,Argentina,France,,0,121,0,1,0.7835,0,15,5,4,4,0,0,3,2022-12-18
24778,Eduardo Camavinga,France,2022,3869685,Argentina,France,,0,122,0,0,0.0,1,24,21,2,1,0,1,3,2022-12-18
28263,Gonzalo Ariel Montiel,Argentina,2022,3869685,Argentina,France,,0,125,1,2,0.8041,2,13,8,1,0,0,2,1,2022-12-18
11990,Youssouf Fofana,France,2022,3869685,Argentina,France,,0,119,0,1,0.023,0,11,9,0,0,0,0,1,2022-12-18
11456,Lautaro Javier Martínez,Argentina,2022,3869685,Argentina,France,,0,122,0,4,0.5836,0,7,5,0,0,0,0,0,2022-12-18
16308,Leandro Daniel Paredes,Argentina,2022,3869685,Argentina,France,,0,124,1,1,0.7835,0,15,15,0,0,0,1,0,2022-12-18
11135,Ibrahima Konaté,France,2022,3869685,Argentina,France,,0,122,0,0,0.0,1,2,1,0,0,1,0,0,2022-12-18
5743,Paulo Bruno Exequiel Dybala,Argentina,2022,3869685,Argentina,France,,0,123,1,1,0.7835,0,3,1,0,0,0,0,0,2022-12-18
7161,Germán Alejandro Pezzella,Argentina,2022,3869685,Argentina,France,,0,121,0,0,0.0,0,1,1,0,0,0,0,0,2022-12-18
5456,Mateo Kovačić,Croatia,2022,3869684,Croatia,Morocco,,0,95,0,1,0.2356,1,69,63,4,3,0,0,3,2022-12-17
33018,Joško Gvardiol,Croatia,2022,3869684,Croatia,Morocco,,0,95,1,1,0.1244,0,67,61,0,0,2,3,0,2022-12-17
22041,Marko Livaja,Croatia,2022,3869684,Croatia,Morocco,,0,66,0,1,0.0202,1,13,8,1,0,0,1,1,2022-12-17
139016,Achraf Dari,Morocco,2022,3869684,Croatia,Morocco,,0,63,1,1,0.4178,0,31,29,0,0,2,0,1,2022-12-17
49337,Josip Stanišić,Croatia,2022,3869684,Croatia,Morocco,,0,92,0,1,0.0405,0,49,36,0,0,1,1,3,2022-12-17
37148,Josip Šutalo,Croatia,2022,3869684,Croatia,Morocco,,0,86,0,0,0.0,0,66,62,0,0,0,0,0,2022-12-17
5463,Luka Modrić,Croatia,2022,3869684,Croatia,Morocco,,0,92,0,1,0.0701,0,74,64,1,0,3,0,2,2022-12-17
3625,Sofiane Boufal,Morocco,2022,3869684,Croatia,Morocco,,0,63,0,1,0.0861,0,23,18,2,1,0,1,0,2022-12-17
31295,Yahia Attiyat allah,Morocco,2022,3869684,Croatia,Morocco,,0,95,0,0,0.0,1,51,40,0,0,1,2,2,2022-12-17
28914,Lovro Majer,Croatia,2022,3869684,Croatia,Morocco,,0,66,0,0,0.0,1,32,25,0,0,0,3,1,2022-12-17
7459,Jawad El Yamiq,Morocco,2022,3869684,Croatia,Morocco,,0,66,0,0,0.0,0,35,31,0,0,1,1,2,2022-12-17
5245,Achraf Hakimi Mouh,Morocco,2022,3869684,Croatia,Morocco,,0,94,0,0,0.0,3,73,63,0,0,2,2,1,2022-12-17
16527,Mislav Oršić,Croatia,2022,3869684,Croatia,Morocco,,0,94,1,5,0.1882,1,30,22,1,0,0,3,0,2022-12-17
5460,Andrej Kramarić,Croatia,2022,3869684,Croatia,Morocco,,0,61,0,1,0.1343,1,16,12,0,0,0,0,1,2022-12-17
5237,Hakim Ziyech,Morocco,2022,3869684,Croatia,Morocco,,0,95,0,2,0.0364,1,66,50,6,4,4,1,1,2022-12-17
5474,Ivan Perišić,Croatia,2022,3869684,Croatia,Morocco,,0,95,0,0,0.0,3,50,41,1,1,2,0,0,2022-12-17
156734,Bilal El Khannous,Morocco,2022,3869684,Croatia,Morocco,,0,55,0,0,0.0,0,24,20,0,0,0,0,1,2022-12-17
3634,Abdelhamid Sabiri,Morocco,2022,3869684,Croatia,Morocco,,0,46,0,0,0.0,0,10,9,1,0,0,1,2,2022-12-17
6301,Youssef En-Nesyri,Morocco,2022,3869684,Croatia,Morocco,,0,95,0,5,0.4512,0,12,9,0,0,0,2,0,2022-12-17
6785,Yassine Bounou,Morocco,2022,3869684,Croatia,Morocco,,0,92,0,0,0.0,0,45,38,0,0,0,0,0,2022-12-17
5234,Sofyan Amrabat,Morocco,2022,3869684,Croatia,Morocco,,0,95,0,0,0.0,0,52,45,0,0,1,2,0,2022-12-17
16531,Dominik Livaković,Croatia,2022,3869684,Croatia,Morocco,,0,96,0,0,0.0,0,33,29,0,0,0,0,0,2022-12-17
21214,Ilias Chair,Morocco,2022,3869684,Croatia,Morocco,,0,92,0,0,0.0,0,15,13,1,0,1,0,0,2022-12-17
46258,Azzedine Ounahi,Morocco,2022,3869684,Croatia,Morocco,,0,95,0,0,0.0,1,26,24,1,1,0,0,2,2022-12-17
3441,Nikola Vlašić,Croatia,2022,3869684,Croatia,Morocco,,0,94,0,1,0.036,0,8,5,1,1,0,0,0,2022-12-17
67700,Badr Banoun,Morocco,2022,3869684,Croatia,Morocco,,0,93,0,0,0.0,0,21,21,0,0,1,1,0,2022-12-17
131037,Anass Zaroury,Morocco,2022,3869684,Croatia,Morocco,,0,95,0,0,0.0,1,12,10,1,0,0,0,0,2022-12-17
7693,Bruno Petković,Croatia,2022,3869684,Croatia,Morocco,,0,95,0,0,0.0,0,13,4,0,0,0,2,4,2022-12-17
23774,Selim Amallah,Morocco,2022,3869684,Croatia,Morocco,,0,95,0,0,0.0,0,16,11,1,1,3,2,2,2022-12-17
11603,Mario Pašalić,Croatia,2022,3869684,Croatia,Morocco,,0,92,0,0,0.0,0,8,7,1,0,0,1,0,2022-12-17
5545,Breel-Donald Embolo,Switzerland,2022,3857256,Serbia,Switzerland,,0,95,1,3,1.7451,0,17,14,1,1,0,2,6,2022-12-02
6983,Remo Freuler,Switzerland,2022,3857256,Serbia,Switzerland,,0,96,1,2,0.2499,0,23,14,2,1,5,1,2,2022-12-02
7796,Silvan Widmer,Switzerland,2022,3857256,Serbia,Switzerland,,0,99,0,0,0.0,1,64,50,0,0,0,1,2,2022-12-02
5537,Fabian Lukas Schär,Switzerland,2022,3857256,Serbia,Switzerland,,0,98,0,1,0.0793,0,44,35,0,0,2,1,2,2022-12-02
16026,Djibril Sow,Switzerland,2022,3857256,Serbia,Switzerland,,0,67,0,0,0.0,1,27,23,0,0,1,0,3,2022-12-02
30401,Ruben Vargas,Switzerland,2022,3857256,Serbia,Switzerland,,0,82,0,1,0.0683,3,23,17,0,0,0,1,0,2022-12-02
27719,Strahinja Pavlović,Serbia,2022,3857256,Serbia,Switzerland,,0,99,0,0,0.0,0,85,66,0,0,1,3,2,2022-12-02
3500,Granit Xhaka,Switzerland,2022,3857256,Serbia,Switzerland,,0,97,0,3,0.1509,1,57,52,0,0,2,3,3,2022-12-02
5603,Nikola Milenković,Serbia,2022,3857256,Serbia,Switzerland,,0,99,0,1,0.0816,0,58,51,0,0,0,2,2,2022-12-02
20600,Vanja Milinković Savić,Serbia,2022,3857256,Serbia,Switzerland,,0,99,0,0,0.0,0,45,30,0,0,0,0,0,2022-12-02
3533,Xherdan Shaqiri,Switzerland,2022,3857256,Serbia,Switzerland,,0,68,1,2,0.4632,1,24,16,0,0,0,1,0,2022-12-02
6318,Andrija Živković,Serbia,2022,3857256,Serbia,Switzerland,,0,77,0,1,0.03,0,31,21,1,0,2,0,1,2022-12-02
5549,Manuel Obafemi Akanji,Switzerland,2022,3857256,Serbia,Switzerland,,0,99,0,1,0.0301,1,53,46,0,0,2,1,0,2022-12-02
6687,Saša Lukić,Serbia,2022,3857256,Serbia,Switzerland,,0,99,0,0,0.0,0,59,53,0,0,0,7,0,2022-12-02
6321,Milos Veljkovic,Serbia,2022,3857256,Serbia,Switzerland,,0,54,0,0,0.0,0,32,29,0,0,0,1,0,2022-12-02
5589,Sergej Milinković-Savić,Serbia,2022,3857256,Serbia,Switzerland,,0,66,0,0,0.0,0,33,26,0,0,1,2,0,2022-12-02
17974,Gregor Kobel,Switzerland,2022,3857256,Serbia,Switzerland,,0,99,0,0,0.0,0,29,19,0,0,0,0,0,2022-12-02
5544,Ricardo Iván Rodríguez Araya,Switzerland,2022,3857256,Serbia,Switzerland,,0,99,0,0,0.0,1,50,31,0,0,0,1,1,2022-12-02
5591,Filip Kostić,Serbia,2022,3857256,Serbia,Switzerland,,0,99,0,0,0.0,1,56,35,0,0,0,2,1,2022-12-02
3831,Dušan Tadić,Serbia,2022,3857256,Serbia,Switzerland,,0,77,0,1,0.0617,5,35,28,4,2,0,0,3,2022-12-02
4269,Aleksandar Mitrović,Serbia,2022,3857256,Serbia,Switzerland,,0,96,1,3,0.1522,0,23,17,0,0,0,1,0,2022-12-02
18015,Dušan Vlahović,Serbia,2022,3857256,Serbia,Switzerland,,0,54,1,3,0.7625,0,5,3,1,0,0,0,2,2022-12-02
6319,Luka Jović,Serbia,2022,3857256,Serbia,Switzerland,,0,99,0,2,0.0581,1,10,7,0,0,1,1,0,2022-12-02
16489,Nemanja Gudelj,Serbia,2022,3857256,Serbia,Switzerland,,0,97,0,0,0.0,0,21,17,0,0,0,2,0,2022-12-02
15731,Predrag Rajković,Serbia,2022,3857256,Serbia,Switzerland,,0,66,0,0,0.0,0,0,0,0,0,0,0,0,2022-12-02
3913,Edimilson Fernandes,Switzerland,2022,3857256,Serbia,Switzerland,,0,99,0,0,0.0,1,15,13,0,0,1,1,0,2022-12-02
6901,Nemanja Maksimović,Serbia,2022,3857256,Serbia,Switzerland,,0,96,0,0,0.0,1,18,17,0,0,0,0,0,2022-12-02
5538,Denis Lemi Zakaria Lako Lado,Switzerland,2022,3857256,Serbia,Switzerland,,0,96,0,0,0.0,0,9,8,1,0,5,0,1,2022-12-02
7117,Filip Đuričić,Serbia,2022,3857256,Serbia,Switzerland,,0,99,0,0,0.0,0,3,2,0,0,0,0,1,2022-12-02
5833,Nemanja Radonjić,Serbia,2022,3857256,Serbia,Switzerland,,0,99,0,1,0.0428,1,7,5,0,0,0,0,2,2022-12-02
16022,Christian Fassnacht,Switzerland,2022,3857256,Serbia,Switzerland,,0,97,0,1,0.3168,0,10,8,2,2,0,0,0,2022-12-02
29006,Noah Okafor,Switzerland,2022,3857256,Serbia,Switzerland,,0,99,0,0,0.0,0,0,0,0,0,0,1,0,2022-12-02
5490,Jackson Irvine,Australia,2022,3869151,Argentina,Australia,,0,95,0,0,0.0,0,37,29,2,0,0,2,0,2022-12-03
33495,Kye Rowles,Australia,2022,3869151,Argentina,Australia,,0,96,0,0,0.0,0,71,65,0,0,1,0,0,2022-12-03
5481,Mathew Leckie,Australia,2022,3869151,Argentina,Australia,,0,71,0,0,0.0,0,16,10,1,0,1,2,1,2022-12-03
19597,Marcos Javier Acuña,Argentina,2022,3869151,Argentina,Australia,,0,71,0,0,0.0,0,60,52,1,0,0,3,3,2022-12-03
33492,Mitchell Thomas Duke,Australia,2022,3869151,Argentina,Australia,,0,71,0,0,0.0,0,14,6,1,0,0,2,0,2022-12-03
3090,Nicolás Hernán Otamendi,Argentina,2022,3869151,Argentina,Australia,,0,96,0,0,0.0,1,96,91,0,0,2,1,0,2022-12-03
38718,Enzo Fernandez,Argentina,2022,3869151,Argentina,Australia,,0,94,0,0,0.0,0,100,94,0,0,1,1,2,2022-12-03
15957,Miloš Degenek,Australia,2022,3869151,Argentina,Australia,,0,71,0,0,0.0,0,42,32,2,1,0,1,2,2022-12-03
5503,Lionel Andrés Messi Cuccittini,Argentina,2022,3869151,Argentina,Australia,,0,96,1,6,0.3426,4,61,53,7,4,0,0,2,2022-12-03
7006,Alejandro Darío Gómez,Argentina,2022,3869151,Argentina,Australia,,0,49,0,1,0.0111,0,33,32,3,2,0,0,2,2022-12-03
20572,Cristian Gabriel Romero,Argentina,2022,3869151,Argentina,Australia,,0,95,0,0,0.0,0,78,72,1,1,2,1,0,2022-12-03
29201,Nahuel Molina Lucero,Argentina,2022,3869151,Argentina,Australia,,0,79,0,0,0.0,0,61,55,2,0,4,0,0,2022-12-03
7797,Rodrigo Javier De Paul,Argentina,2022,3869151,Argentina,Australia,,0,95,0,0,0.0,3,91,76,1,0,3,0,1,2022-12-03
5479,Aziz Eraltay Behich,Australia,2022,3869151,Argentina,Australia,,0,96,0,1,0.0772,0,54,42,2,2,2,1,1,2022-12-03
29560,Julián Álvarez,Argentina,2022,3869151,Argentina,Australia,,0,71,1,1,0.2806,0,17,15,1,0,0,2,0,2022-12-03
22293,Harry Souttar,Australia,2022,3869151,Argentina,Australia,,0,95,0,1,0.0681,0,58,53,0,0,2,1,0,2022-12-03
3240,Mathew Ryan,Australia,2022,3869151,Argentina,Australia,,0,95,0,0,0.0,0,53,45,1,1,0,0,0,2022-12-03
33477,Riley McGree,Australia,2022,3869151,Argentina,Australia,,0,57,0,0,0.0,1,15,14,1,1,0,1,1,2022-12-03
3281,Aaron Mooy,Australia,2022,3869151,Argentina,Australia,,0,96,0,0,0.0,0,59,52,1,0,1,2,0,2022-12-03
6909,Damián Emiliano Martínez,Argentina,2022,3869151,Argentina,Australia,,0,97,0,0,0.0,0,31,22,0,0,0,0,1,2022-12-03
27886,Alexis Mac Allister,Argentina,2022,3869151,Argentina,Australia,,0,79,0,0,0.0,1,46,40,1,1,2,0,3,2022-12-03
33488,Keanu Baccus,Australia,2022,3869151,Argentina,Australia,,0,57,0,0,0.0,0,15,10,0,0,2,5,0,2022-12-03
27768,Lisandro Martínez,Argentina,2022,3869151,Argentina,Australia,,0,88,0,0,0.0,0,19,18,0,0,0,0,0,2022-12-03
8859,Ajdin Hrustic,Australia,2022,3869151,Argentina,Australia,,0,96,0,1,0.0332,0,9,7,2,1,0,0,1,2022-12-03
8346,Craig Goodwin,Australia,2022,3869151,Argentina,Australia,,0,96,0,1,0.0136,2,15,6,0,0,0,0,1,2022-12-03
5507,Nicolás Alejandro Tagliafico,Argentina,2022,3869151,Argentina,Australia,,0,97,0,1,0.0518,0,13,10,1,1,0,0,0,2022-12-03
227697,Garang Kuol,Australia,2022,3869151,Argentina,Australia,,0,96,0,1,0.2339,0,1,1,0,0,0,0,0,2022-12-03
11456,Lautaro Javier Martínez,Argentina,2022,3869151,Argentina,Australia,,0,97,0,4,0.7485,0,10,7,5,1,0,1,1,2022-12-03
28370,Fran Karačić,Australia,2022,3869151,Argentina,Australia,,0,97,0,0,0.0,0,16,12,0,0,0,1,1,2022-12-03
9980,Jamie MacLaren,Australia,2022,3869151,Argentina,Australia,,0,96,0,0,0.0,0,3,0,0,0,0,0,0,2022-12-03
28263,Gonzalo Ariel Montiel,Argentina,2022,3869151,Argentina,Australia,,0,96,0,0,0.0,0,5,4,0,0,1,0,0,2022-12-03
28268,Exequiel Alejandro Palacios,Argentina,2022,3869151,Argentina,Australia,,0,95,0,1,0.0467,1,7,5,0,0,1,0,1,2022-12-03
4447,Martin Braithwaite Christensen,Denmark,2022,3857257,Australia,Denmark,,0,58,0,0,0.0,2,12,10,1,0,0,0,0,2022-11-30
3043,Christian Dannemann Eriksen,Denmark,2022,3857257,Australia,Denmark,,0,95,0,1,0.0356,3,80,69,1,1,1,1,1,2022-11-30
16554,Joakim Mæhle,Denmark,2022,3857257,Australia,Denmark,,0,69,0,0,0.0,0,50,40,2,0,2,0,4,2022-11-30
3959,Andreas Christensen,Denmark,2022,3857257,Australia,Denmark,,0,96,0,0,0.0,0,96,89,1,1,1,1,1,2022-11-30
8247,Joachim Andersen,Denmark,2022,3857257,Australia,Denmark,,0,95,0,1,0.0201,0,121,95,0,0,2,0,2,2022-11-30
33492,Mitchell Thomas Duke,Australia,2022,3857257,Australia,Denmark,,0,81,0,2,0.0479,1,27,13,0,0,1,3,1,2022-11-30
3570,Pierre-Emile Højbjerg,Denmark,2022,3857257,Australia,Denmark,,0,91,0,0,0.0,0,80,71,0,0,1,0,0,2022-11-30
16190,Rasmus Nissen Kristensen,Denmark,2022,3857257,Australia,Denmark,,0,46,0,0,0.0,0,44,39,0,0,2,0,0,2022-11-30
18722,Mathias Jensen,Denmark,2022,3857257,Australia,Denmark,,0,58,0,1,0.0196,2,36,25,1,1,0,0,0,2022-11-30
15957,Miloš Degenek,Australia,2022,3857257,Australia,Denmark,,0,94,0,0,0.0,0,38,22,1,0,0,1,3,2022-11-30
5481,Mathew Leckie,Australia,2022,3857257,Australia,Denmark,,0,88,1,1,0.1135,1,30,18,7,1,0,3,1,2022-11-30
3815,Kasper Schmeichel,Denmark,2022,3857257,Australia,Denmark,,0,94,0,0,0.0,0,41,34,0,0,0,0,0,2022-11-30
3240,Mathew Ryan,Australia,2022,3857257,Australia,Denmark,,0,95,0,0,0.0,0,39,24,0,0,0,0,0,2022-11-30
5479,Aziz Eraltay Behich,Australia,2022,3857257,Australia,Denmark,,0,95,0,1,0.0497,0,42,29,6,4,2,1,1,2022-11-30
17042,Andreas Skov Olsen,Denmark,2022,3857257,Australia,Denmark,,0,68,0,4,0.3118,1,34,25,1,1,1,2,1,2022-11-30
33495,Kye Rowles,Australia,2022,3857257,Australia,Denmark,,0,91,0,0,0.0,0,30,21,0,0,1,0,1,2022-11-30
22293,Harry Souttar,Australia,2022,3857257,Australia,Denmark,,0,94,0,0,0.0,1,19,14,0,0,0,0,0,2022-11-30
27569,Jesper Lindstrøm,Denmark,2022,3857257,Australia,Denmark,,0,94,0,2,0.1449,0,26,20,7,4,1,3,1,2022-11-30
33477,Riley McGree,Australia,2022,3857257,Australia,Denmark,,0,73,0,2,0.0497,2,17,11,0,0,5,3,0,2022-11-30
5490,Jackson Irvine,Australia,2022,3857257,Australia,Denmark,,0,91,0,1,0.1734,1,25,21,0,0,2,0,1,2022-11-30
8346,Craig Goodwin,Australia,2022,3857257,Australia,Denmark,,0,46,0,0,0.0,1,21,12,0,0,0,0,0,2022-11-30
3281,Aaron Mooy,Australia,2022,3857257,Australia,Denmark,,0,96,0,0,0.0,0,42,23,1,0,0,0,0,2022-11-30
33488,Keanu Baccus,Australia,2022,3857257,Australia,Denmark,,0,96,0,1,0.0355,0,12,7,1,0,0,0,1,2022-11-30
24547,Alexander Hartmann Bah,Denmark,2022,3857257,Australia,Denmark,,0,95,0,2,0.0562,0,43,33,1,1,0,0,1,2022-11-30
6302,Kasper Dolberg,Denmark,2022,3857257,Australia,Denmark,,0,94,0,2,0.1315,0,4,4,1,1,0,0,0,2022-11-30
24443,Mikkel Damsgaard,Denmark,2022,3857257,Australia,Denmark,,0,92,0,0,0.0,1,14,12,0,0,0,1,0,2022-11-30
16294,Robert Skov,Denmark,2022,3857257,Australia,Denmark,,0,94,0,0,0.0,0,21,16,2,1,1,1,0,2022-11-30
5732,Andreas Evald Cornelius,Denmark,2022,3857257,Australia,Denmark,,0,94,0,1,0.0174,2,13,8,0,0,0,1,0,2022-11-30
22371,Bailey Wright,Australia,2022,3857257,Australia,Denmark,,0,92,0,0,0.0,0,4,1,0,0,0,0,0,2022-11-30
9980,Jamie MacLaren,Australia,2022,3857257,Australia,Denmark,,0,95,0,0,0.0,0,3,2,0,0,0,1,0,2022-11-30
8859,Ajdin Hrustic,Australia,2022,3857257,Australia,Denmark,,0,95,0,0,0.0,0,1,1,0,0,0,0,0,2022-11-30
3280,Richarlison de Andrade,Brazil,2022,3857258,Brazil,Serbia,,0,78,2,3,0.6838,0,14,12,0,0,0,1,0,2022-11-24
4320,Neymar da Silva Santos Junior,Brazil,2022,3857258,Brazil,Serbia,,0,79,0,4,0.1957,2,46,36,5,3,0,1,9,2022-11-24
6945,Alex Sandro Lobo Silva,Brazil,2022,3857258,Brazil,Serbia,,0,94,0,1,0.0218,0,90,83,1,0,2,1,0,2022-11-24
5539,Carlos Henrique Casimiro,Brazil,2022,3857258,Brazil,Serbia,,0,97,0,3,0.0803,1,63,57,0,0,1,0,0,2022-11-24
3295,Thiago Emiliano da Silva,Brazil,2022,3857258,Brazil,Serbia,,0,94,0,1,0.0667,0,72,69,0,0,1,0,1,2022-11-24
6687,Saša Lukić,Serbia,2022,3857258,Brazil,Serbia,,0,65,0,0,0.0,0,31,28,1,0,1,3,0,2022-11-24
4269,Aleksandar Mitrović,Serbia,2022,3857258,Brazil,Serbia,,0,82,0,0,0.0,0,22,17,0,0,0,1,1,2022-11-24
6318,Andrija Živković,Serbia,2022,3857258,Brazil,Serbia,,0,56,0,0,0.0,1,25,20,0,0,2,1,2,2022-11-24
6321,Milos Veljkovic,Serbia,2022,3857258,Brazil,Serbia,,0,96,0,0,0.0,0,45,40,0,0,0,0,0,2022-11-24
16489,Nemanja Gudelj,Serbia,2022,3857258,Brazil,Serbia,,0,56,0,0,0.0,0,34,29,0,0,1,1,0,2022-11-24
27719,Strahinja Pavlović,Serbia,2022,3857258,Brazil,Serbia,,0,96,0,1,0.0989,0,40,31,1,1,0,1,3,2022-11-24
10595,Raphael Dias Belloli,Brazil,2022,3857258,Brazil,Serbia,,0,86,0,2,0.5416,1,35,28,4,2,0,1,0,2022-11-24
20600,Vanja Milinković Savić,Serbia,2022,3857258,Brazil,Serbia,,0,96,0,0,0.0,0,46,35,0,0,0,0,0,2022-11-24
7993,Filip Mladenović,Serbia,2022,3857258,Brazil,Serbia,,0,65,0,1,0.0263,0,24,19,2,1,0,0,0,2022-11-24
5547,Alisson Ramsés Becker,Brazil,2022,3857258,Brazil,Serbia,,0,97,0,0,0.0,0,24,20,0,0,0,0,0,2022-11-24
4372,Marcos Aoás Corrêa,Brazil,2022,3857258,Brazil,Serbia,,0,94,0,0,0.0,1,64,62,0,0,1,0,0,2022-11-24
3063,Danilo Luiz da Silva,Brazil,2022,3857258,Brazil,Serbia,,0,94,0,1,0.0169,0,84,72,1,1,0,0,0,2022-11-24
22600,Lucas Tolentino Coelho de Lima,Brazil,2022,3857258,Brazil,Serbia,,0,74,0,0,0.0,1,41,30,1,0,0,1,0,2022-11-24
5589,Sergej Milinković-Savić,Serbia,2022,3857258,Brazil,Serbia,,0,93,0,0,0.0,0,39,28,1,1,0,0,0,2022-11-24
18395,Vinícius José Paixão de Oliveira Júnior,Brazil,2022,3857258,Brazil,Serbia,,0,75,0,4,0.33,4,27,21,5,3,0,0,1,2022-11-24
5603,Nikola Milenković,Serbia,2022,3857258,Brazil,Serbia,,0,93,0,1,0.0111,0,50,42,0,0,5,3,0,2022-11-24
3831,Dušan Tadić,Serbia,2022,3857258,Brazil,Serbia,,0,95,0,0,0.0,0,34,20,3,1,1,1,0,2022-11-24
5833,Nemanja Radonjić,Serbia,2022,3857258,Brazil,Serbia,,0,97,0,1,0.0087,1,11,7,2,0,0,0,0,2022-11-24
30179,Ivan Ilić,Serbia,2022,3857258,Brazil,Serbia,,0,96,0,0,0.0,1,20,19,0,0,1,0,0,2022-11-24
18015,Dušan Vlahović,Serbia,2022,3857258,Brazil,Serbia,,0,95,0,0,0.0,0,8,4,0,0,0,0,0,2022-11-24
7145,Darko Lazović,Serbia,2022,3857258,Brazil,Serbia,,0,92,0,1,0.0183,0,11,7,0,0,0,0,1,2022-11-24
25104,Rodrygo Silva de Goes,Brazil,2022,3857258,Brazil,Serbia,,0,95,0,2,0.0884,0,14,12,2,0,1,0,0,2022-11-24
9904,Frederico Rodrigues Santos,Brazil,2022,3857258,Brazil,Serbia,,0,93,0,1,0.089,1,18,14,0,0,1,1,0,2022-11-24
25363,Antony Matheus dos Santos,Brazil,2022,3857258,Brazil,Serbia,,0,97,0,1,0.0097,1,15,15,2,1,1,0,0,2022-11-24
3202,Gabriel Fernando de Jesus,Brazil,2022,3857258,Brazil,Serbia,,0,96,0,0,0.0,1,8,7,1,1,0,1,0,2022-11-24
6901,Nemanja Maksimović,Serbia,2022,3857258,Brazil,Serbia,,0,94,0,0,0.0,0,6,5,0,0,0,0,0,2022-11-24
29976,Gabriel Teodoro Martinelli Silva,Brazil,2022,3857258,Brazil,Serbia,,0,94,0,0,0.0,0,3,1,0,0,0,1,0,2022-11-24
33477,Riley McGree,Australia,2022,3857288,Tunisia,Australia,,0,63,0,0,0.0,0,20,14,0,0,1,3,1,2022-11-26
3281,Aaron Mooy,Australia,2022,3857288,Tunisia,Australia,,0,92,0,1,0.0392,1,51,38,0,0,1,2,1,2022-11-26
5479,Aziz Eraltay Behich,Australia,2022,3857288,Tunisia,Australia,,0,95,0,0,0.0,0,42,28,2,2,1,1,0,2022-11-26
3557,Naïm Sliti,Tunisia,2022,3857288,Tunisia,Australia,,0,95,0,1,0.1403,2,40,23,4,2,0,0,2,2022-11-26
33495,Kye Rowles,Australia,2022,3857288,Tunisia,Australia,,0,86,0,0,0.0,0,33,25,0,0,1,1,1,2022-11-26
32450,Montassar Omar Talbi,Tunisia,2022,3857288,Tunisia,Australia,,0,94,0,1,0.0122,0,58,52,1,1,0,3,2,2022-11-26
16352,Issam Jebali,Tunisia,2022,3857288,Tunisia,Australia,,0,72,0,0,0.0,1,15,11,2,1,0,2,1,2022-11-26
5490,Jackson Irvine,Australia,2022,3857288,Tunisia,Australia,,0,95,0,1,0.0754,0,32,29,0,0,3,3,1,2022-11-26
44955,Aïssa Bilal Laïdouni,Tunisia,2022,3857288,Tunisia,Australia,,0,66,0,0,0.0,1,31,24,0,0,0,1,2,2022-11-26
23910,Youssef Msakni,Tunisia,2022,3857288,Tunisia,Australia,,0,95,0,6,0.5029,2,45,31,2,1,0,0,2,2022-11-26
5651,Yassine Meriah,Tunisia,2022,3857288,Tunisia,Australia,,0,95,0,0,0.0,1,80,62,2,1,0,0,1,2022-11-26
33492,Mitchell Thomas Duke,Australia,2022,3857288,Tunisia,Australia,,0,63,1,4,0.189,0,18,10,1,1,0,0,2,2022-11-26
5481,Mathew Leckie,Australia,2022,3857288,Tunisia,Australia,,0,84,0,0,0.0,0,28,20,3,0,0,3,1,2022-11-26
28370,Fran Karačić,Australia,2022,3857288,Tunisia,Australia,,0,74,0,3,0.0555,1,39,23,1,0,1,2,0,2022-11-26
30681,Ali Abdi,Tunisia,2022,3857288,Tunisia,Australia,,0,95,0,0,0.0,0,64,44,0,0,3,4,0,2022-11-26
3767,Ellyes Joris Skhiri,Tunisia,2022,3857288,Tunisia,Australia,,0,95,0,0,0.0,1,57,49,2,0,2,0,1,2022-11-26
9236,Mohamed Dräger,Tunisia,2022,3857288,Tunisia,Australia,,0,49,0,2,0.2495,0,20,12,2,2,2,2,1,2022-11-26
5655,Dylan Daniel Mahmoud Bronn,Tunisia,2022,3857288,Tunisia,Australia,,0,72,0,0,0.0,0,54,41,0,0,1,1,0,2022-11-26
105943,Aymen Dahmen,Tunisia,2022,3857288,Tunisia,Australia,,0,94,0,0,0.0,0,23,15,0,0,0,0,0,2022-11-26
22293,Harry Souttar,Australia,2022,3857288,Tunisia,Australia,,0,94,0,0,0.0,0,34,25,0,0,0,0,1,2022-11-26
8346,Craig Goodwin,Australia,2022,3857288,Tunisia,Australia,,0,84,0,0,0.0,2,33,21,0,0,1,0,1,2022-11-26
3240,Mathew Ryan,Australia,2022,3857288,Tunisia,Australia,,0,96,0,0,0.0,0,38,17,0,0,0,0,1,2022-11-26
5650,Ferjani Sassi,Tunisia,2022,3857288,Tunisia,Australia,,0,94,0,1,0.0202,0,32,24,2,1,0,1,1,2022-11-26
8859,Ajdin Hrustic,Australia,2022,3857288,Tunisia,Australia,,0,94,0,0,0.0,0,13,10,2,0,0,1,1,2022-11-26
9980,Jamie MacLaren,Australia,2022,3857288,Tunisia,Australia,,0,95,0,0,0.0,1,10,5,0,0,1,0,0,2022-11-26
3196,Wahbi Khazri,Tunisia,2022,3857288,Tunisia,Australia,,0,95,0,2,0.114,0,10,4,0,0,0,0,1,2022-11-26
105944,Wajdi Kechrida,Tunisia,2022,3857288,Tunisia,Australia,,0,94,0,0,0.0,1,18,13,0,0,0,0,0,2022-11-26
128793,Taha Yassine Khenissi,Tunisia,2022,3857288,Tunisia,Australia,,0,94,0,1,0.0129,1,1,1,0,0,0,1,0,2022-11-26
15957,Miloš Degenek,Australia,2022,3857288,Tunisia,Australia,,0,95,0,0,0.0,0,7,5,0,0,0,0,1,2022-11-26
33488,Keanu Baccus,Australia,2022,3857288,Tunisia,Australia,,0,95,0,0,0.0,0,5,3,0,0,0,0,0,2022-11-26
24475,Awer Denis Bul Mabil,Australia,2022,3857288,Tunisia,Australia,,0,95,0,0,0.0,0,1,1,1,0,1,0,0,2022-11-26
31152,Gonzalo Jordy Plata Jiménez,Ecuador,2022,3857267,Ecuador,Senegal,,0,95,0,1,0.059,1,36,24,2,1,1,3,2,2022-11-29
38004,Piero Martín Hincapié Reyna,Ecuador,2022,3857267,Ecuador,Senegal,,0,95,0,0,0.0,0,83,74,0,0,2,2,0,2022-11-29
37945,Alan Steven Franco Palma,Ecuador,2022,3857267,Ecuador,Senegal,,0,50,0,0,0.0,0,5,4,0,0,0,0,0,2022-11-29
32915,Ismail Jakobs,Senegal,2022,3857267,Ecuador,Senegal,,0,95,0,0,0.0,2,44,21,0,0,1,0,2,2022-11-29
2941,Ismaïla Sarr,Senegal,2022,3857267,Ecuador,Senegal,,0,95,1,3,0.8497,0,23,15,4,3,1,2,8,2022-11-29
37737,Angelo Smit Preciado Quiñónez,Ecuador,2022,3857267,Ecuador,Senegal,,0,84,0,0,0.0,1,39,29,0,0,1,6,1,2022-11-29
30111,Felix Eduardo Torres Caicedo,Ecuador,2022,3857267,Ecuador,Senegal,,0,95,0,1,0.154,0,72,56,0,0,1,1,0,2022-11-29
24085,Pervis Josué Estupiñán Tenorio,Ecuador,2022,3857267,Ecuador,Senegal,,0,95,0,0,0.0,1,53,42,2,2,1,2,0,2022-11-29
80484,Iliman Ndiaye,Senegal,2022,3857267,Ecuador,Senegal,,0,74,0,2,0.0741,0,16,11,6,5,0,0,0,2022-11-29
3436,Idrissa Gana Gueye,Senegal,2022,3857267,Ecuador,Senegal,,0,95,0,1,0.2127,0,31,22,2,1,2,2,1,2022-11-29
37522,Hernán Ismael Galíndez,Ecuador,2022,3857267,Ecuador,Senegal,,0,95,0,0,0.0,0,38,22,0,0,0,0,0,2022-11-29
34396,Michael Steveen Estrada Martínez,Ecuador,2022,3857267,Ecuador,Senegal,,0,63,0,1,0.0425,0,7,3,0,0,0,3,1,2022-11-29
5675,Kalidou Koulibaly,Senegal,2022,3857267,Ecuador,Senegal,,0,95,1,1,0.2343,0,30,20,0,0,1,0,3,2022-11-29
31751,Pathé Ismaël Ciss,Senegal,2022,3857267,Ecuador,Senegal,,0,73,0,1,0.0306,0,25,22,2,1,1,2,0,2022-11-29
21026,Pape Gueye,Senegal,2022,3857267,Ecuador,Senegal,,0,91,0,2,0.0577,2,27,20,1,0,0,0,2,2022-11-29
37726,Moisés Isaac Caicedo Corozo,Ecuador,2022,3857267,Ecuador,Senegal,,0,95,1,1,0.5894,0,50,41,0,0,1,0,2,2022-11-29
8553,Abdou Diallo,Senegal,2022,3857267,Ecuador,Senegal,,0,91,0,1,0.0354,0,28,20,0,0,0,0,0,2022-11-29
3404,Youssouf Sabaly,Senegal,2022,3857267,Ecuador,Senegal,,0,95,0,0,0.0,2,32,27,2,1,1,0,5,2022-11-29
12583,Carlos Armando Gruezo Arboleda,Ecuador,2022,3857267,Ecuador,Senegal,,0,50,0,0,0.0,0,14,13,0,0,0,0,0,2022-11-29
28559,Enner Remberto Valencia Lastra,Ecuador,2022,3857267,Ecuador,Senegal,,0,95,0,2,0.0496,1,10,8,0,0,0,1,1,2022-11-29
7379,Edouard Mendy,Senegal,2022,3857267,Ecuador,Senegal,,0,96,0,0,0.0,0,27,16,0,0,0,0,0,2022-11-29
20611,Boulaye Dia,Senegal,2022,3857267,Ecuador,Senegal,,0,94,0,2,0.213,0,11,5,3,2,0,2,0,2022-11-29
36148,José Adoni Cifuentes Charcopa,Ecuador,2022,3857267,Ecuador,Senegal,,0,95,0,1,0.0253,0,34,27,1,0,0,1,1,2022-11-29
40211,Jeremy Leonel Sarmiento Morante,Ecuador,2022,3857267,Ecuador,Senegal,,0,95,0,1,0.0293,1,16,12,2,2,1,2,0,2022-11-29
91090,Djorkaeff Neicer Reasco González,Ecuador,2022,3857267,Ecuador,Senegal,,0,90,0,0,0.0,0,3,3,0,0,0,1,0,2022-11-29
88123,Cheikh Ahmadou Bamba Mbacke Dieng,Senegal,2022,3857267,Ecuador,Senegal,,0,95,0,0,0.0,0,5,3,0,0,0,1,1,2022-11-29
4506,Nampalys Mendy,Senegal,2022,3857267,Ecuador,Senegal,,0,95,0,0,0.0,0,12,11,0,0,0,1,0,2022-11-29
51969,Jackson Gabriel Porozo Vernaza,Ecuador,2022,3857267,Ecuador,Senegal,,0,95,0,1,0.0525,0,5,4,0,0,1,1,0,2022-11-29
15970,Pape Abou Cissé,Senegal,2022,3857267,Ecuador,Senegal,,0,95,0,0,0.0,0,0,0,0,0,0,0,0,2022-11-29
29966,Ui-Jo Hwang,South Korea,2022,3857287,Uruguay,South Korea,,0,73,0,1,0.3231,0,8,6,1,1,0,0,0,2022-11-24
5618,Woo-Young Jung,South Korea,2022,3857287,Uruguay,South Korea,,0,96,0,0,0.0,0,57,46,0,0,3,4,0,2022-11-24
5604,Young-Gwon Kim,South Korea,2022,3857287,Uruguay,South Korea,,0,94,0,0,0.0,0,43,33,0,0,1,0,0,2022-11-24
41711,Sang-Ho Na,South Korea,2022,3857287,Uruguay,South Korea,,0,74,0,0,0.0,1,22,13,5,0,0,2,0,2022-11-24
7104,Mathías Olivera Miramontes,Uruguay,2022,3857287,Uruguay,South Korea,,0,78,0,0,0.0,2,48,40,1,0,3,0,2,2022-11-24
5255,Matías Vecino Falero,Uruguay,2022,3857287,Uruguay,South Korea,,0,77,0,1,0.0522,0,40,33,2,0,3,1,0,2022-11-24
5260,Rodrigo Bentancur Colmán,Uruguay,2022,3857287,Uruguay,South Korea,,0,96,0,1,0.0525,1,78,68,2,1,4,0,1,2022-11-24
23763,In-Beom Hwang,South Korea,2022,3857287,Uruguay,South Korea,,0,96,0,2,0.0301,2,62,46,3,0,2,2,2,2022-11-24
32478,Darwin Gabriel Núñez Ribeiro,Uruguay,2022,3857287,Uruguay,South Korea,,0,94,0,1,0.0282,0,22,13,2,2,0,1,3,2022-11-24
5246,Luis Alberto Suárez Díaz,Uruguay,2022,3857287,Uruguay,South Korea,,0,63,0,0,0.0,0,13,7,0,0,0,0,0,2022-11-24
43565,Min Jae Kim,South Korea,2022,3857287,Uruguay,South Korea,,0,96,0,1,0.0469,0,52,44,0,0,1,0,0,2022-11-24
5259,José María Giménez de Vargas,Uruguay,2022,3857287,Uruguay,South Korea,,0,95,0,1,0.0464,1,79,67,0,0,2,0,1,2022-11-24
3083,Heung-Min Son,South Korea,2022,3857287,Uruguay,South Korea,,0,96,0,1,0.0336,1,30,19,3,1,0,0,1,2022-11-24
36710,Sergio Rochet Álvarez,Uruguay,2022,3857287,Uruguay,South Korea,,0,93,0,0,0.0,0,23,19,0,0,0,0,0,2022-11-24
40672,Moon-Hwan Kim,South Korea,2022,3857287,Uruguay,South Korea,,0,96,0,0,0.0,1,63,52,0,0,4,0,0,2022-11-24
37641,Seung-Gyu Kim,South Korea,2022,3857287,Uruguay,South Korea,,0,97,0,0,0.0,0,33,19,0,0,0,0,0,2022-11-24
40538,Jin-Su Kim,South Korea,2022,3857287,Uruguay,South Korea,,0,96,0,0,0.0,0,29,19,0,0,1,0,3,2022-11-24
5248,José Martín Cáceres Silva,Uruguay,2022,3857287,Uruguay,South Korea,,0,94,0,0,0.0,0,81,68,1,1,2,1,0,2022-11-24
36288,Facundo Pellistri Rebollo,Uruguay,2022,3857287,Uruguay,South Korea,,0,87,0,0,0.0,1,20,16,4,0,1,2,0,2022-11-24
5623,Jae-Sung Lee,South Korea,2022,3857287,Uruguay,South Korea,,0,73,0,0,0.0,0,35,32,0,0,1,0,0,2022-11-24
6773,Federico Santiago Valverde Dipetta,Uruguay,2022,3857287,Uruguay,South Korea,,0,96,0,3,0.0784,2,61,51,2,1,1,0,2,2022-11-24
5249,Diego Roberto Godín Leal,Uruguay,2022,3857287,Uruguay,South Korea,,0,96,0,1,0.0547,0,75,66,0,0,1,0,1,2022-11-24
4319,Edinson Roberto Cavani Gómez,Uruguay,2022,3857287,Uruguay,South Korea,,0,96,0,2,0.1049,1,6,6,0,0,0,0,1,2022-11-24
40542,Gue-Sung Cho,South Korea,2022,3857287,Uruguay,South Korea,,0,95,0,1,0.0361,0,7,4,0,0,0,2,0,2022-11-24
40558,Jun-Ho Son,South Korea,2022,3857287,Uruguay,South Korea,,0,96,0,0,0.0,0,13,10,0,0,0,0,0,2022-11-24
22740,Kang-In Lee,South Korea,2022,3857287,Uruguay,South Korea,,0,96,0,1,0.0232,2,9,8,1,1,0,1,1,2022-11-24
34476,Matías Nicolás Viña Susperreguy,Uruguay,2022,3857287,Uruguay,South Korea,,0,96,0,0,0.0,0,9,8,0,0,0,1,0,2022-11-24
28729,Diego Nicolás De La Cruz Arcosa,Uruguay,2022,3857287,Uruguay,South Korea,,0,96,0,0,0.0,0,12,10,0,0,0,0,0,2022-11-24
5264,Guillermo Varela Olivera,Uruguay,2022,3857287,Uruguay,South Korea,,0,96,0,0,0.0,0,3,3,0,0,0,1,0,2022-11-24
11184,Otávio Edmilson da Silva Monteiro,Portugal,2022,3869486,Morocco,Portugal,,0,68,0,0,0.0,2,53,40,0,0,0,0,5,2022-12-10
9927,Rúben Diogo Da Silva Neves,Portugal,2022,3869486,Morocco,Portugal,,0,50,0,0,0.0,0,66,60,0,0,0,2,0,2022-12-10
20016,Kléper Laveran Lima Ferreira,Portugal,2022,3869486,Morocco,Portugal,,0,96,0,1,0.1493,0,104,94,0,0,1,1,2,2022-12-10
5206,Rúben Santos Gato Alves Dias,Portugal,2022,3869486,Morocco,Portugal,,0,94,0,0,0.0,0,94,88,0,0,1,1,0,2022-12-10
6785,Yassine Bounou,Morocco,2022,3869486,Morocco,Portugal,,0,97,0,0,0.0,0,32,24,0,0,0,0,1,2022-12-10
5245,Achraf Hakimi Mouh,Morocco,2022,3869486,Morocco,Portugal,,0,96,0,0,0.0,0,34,28,3,1,1,3,1,2022-12-10
5209,Raphaël Adelino José Guerreiro,Portugal,2022,3869486,Morocco,Portugal,,0,50,0,1,0.0192,1,32,24,0,0,0,0,0,2022-12-10
38803,Gonçalo Matias Ramos,Portugal,2022,3869486,Morocco,Portugal,,0,68,0,1,0.1059,0,8,6,1,0,0,1,1,2022-12-10
7459,Jawad El Yamiq,Morocco,2022,3869486,Morocco,Portugal,,0,96,0,0,0.0,0,24,18,0,0,4,0,0,2022-12-10
6301,Youssef En-Nesyri,Morocco,2022,3869486,Morocco,Portugal,,0,64,1,3,0.362,1,9,5,1,1,0,0,1,2022-12-10
5234,Sofyan Amrabat,Morocco,2022,3869486,Morocco,Portugal,,0,95,0,0,0.0,1,20,13,0,0,2,2,0,2022-12-10
5237,Hakim Ziyech,Morocco,2022,3869486,Morocco,Portugal,,0,80,0,1,0.0082,2,27,17,4,0,2,0,0,2022-12-10
46258,Azzedine Ounahi,Morocco,2022,3869486,Morocco,Portugal,,0,95,0,1,0.0329,2,23,20,2,2,3,0,4,2022-12-10
12041,João Félix Sequeira,Portugal,2022,3869486,Morocco,Portugal,,0,96,0,5,0.2394,0,21,14,3,1,0,1,2,2022-12-10
5204,Bruno Miguel Borges Fernandes,Portugal,2022,3869486,Morocco,Portugal,,0,96,0,2,0.064,3,74,57,2,2,0,1,1,2022-12-10
3625,Sofiane Boufal,Morocco,2022,3869486,Morocco,Portugal,,0,80,0,1,0.035,0,18,17,3,2,0,1,1,2022-12-10
3193,Bernardo Mota Veiga de Carvalho e Silva,Portugal,2022,3869486,Morocco,Portugal,,0,97,0,1,0.1093,1,100,88,1,0,0,0,1,2022-12-10
23774,Selim Amallah,Morocco,2022,3869486,Morocco,Portugal,,0,63,0,1,0.0605,0,9,8,2,1,2,3,1,2022-12-10
16028,José Diogo Dalot Teixeira,Portugal,2022,3869486,Morocco,Portugal,,0,78,0,0,0.0,1,40,32,0,0,1,0,1,2022-12-10
31295,Yahia Attiyat allah,Morocco,2022,3869486,Morocco,Portugal,,0,97,0,1,0.0822,2,25,16,0,0,0,2,0,2022-12-10
32975,Diogo Meireles Costa,Portugal,2022,3869486,Morocco,Portugal,,0,97,0,0,0.0,0,25,22,0,0,0,0,0,2022-12-10
5219,Romain Saïss,Morocco,2022,3869486,Morocco,Portugal,,0,56,0,0,0.0,0,15,12,0,0,1,0,0,2022-12-10
5207,Cristiano Ronaldo dos Santos Aveiro,Portugal,2022,3869486,Morocco,Portugal,,0,95,0,1,0.057,1,7,4,0,0,0,0,1,2022-12-10
7005,João Pedro Cavaco Cancelo,Portugal,2022,3869486,Morocco,Portugal,,0,97,0,0,0.0,0,47,37,1,0,0,0,0,2022-12-10
139016,Achraf Dari,Morocco,2022,3869486,Morocco,Portugal,,0,95,0,0,0.0,0,7,4,0,0,0,1,0,2022-12-10
67700,Badr Banoun,Morocco,2022,3869486,Morocco,Portugal,,0,93,0,0,0.0,0,0,0,0,0,0,1,0,2022-12-10
296254,Walid Cheddira,Morocco,2022,3869486,Morocco,Portugal,,0,92,0,0,0.0,0,4,2,1,0,0,5,0,2022-12-10
34639,Vitor Machado Ferreira,Portugal,2022,3869486,Morocco,Portugal,,0,97,0,0,0.0,0,35,33,0,0,0,1,2,2022-12-10
18360,Rafael Alexandre Conceição Leão,Portugal,2022,3869486,Morocco,Portugal,,0,97,0,0,0.0,1,13,8,4,3,0,0,1,2022-12-10
10868,Ricardo Jorge Luz Horta,Portugal,2022,3869486,Morocco,Portugal,,0,96,0,0,0.0,0,12,9,0,0,1,1,0,2022-12-10
21736,Zakaria Aboukhlal,Morocco,2022,3869486,Morocco,Portugal,,0,97,0,1,0.3911,0,1,0,0,0,0,0,0,2022-12-10
102668,Yahya Jabrane,Morocco,2022,3869486,Morocco,Portugal,,0,97,0,0,0.0,0,1,0,0,0,0,0,0,2022-12-10
26400,Henry Josué Martín Mex,Mexico,2022,3857260,Saudi Arabia,Mexico,,0,76,1,3,0.6043,3,10,7,0,0,1,2,3,2022-11-30
28825,Luis Gerardo Chávez Magallón,Mexico,2022,3857260,Saudi Arabia,Mexico,,0,97,1,9,0.2074,1,58,38,1,1,2,1,2,2022-11-30
26406,Jorge Eduardo Sánchez Ramos,Mexico,2022,3857260,Saudi Arabia,Mexico,,0,85,0,0,0.0,0,34,29,2,1,3,2,0,2022-11-30
26368,César Jasib Montes Castro,Mexico,2022,3857260,Saudi Arabia,Mexico,,0,97,0,0,0.0,2,67,57,0,0,1,2,0,2022-11-30
5577,Francisco Guillermo Ochoa Magaña,Mexico,2022,3857260,Saudi Arabia,Mexico,,0,96,0,0,0.0,0,44,38,0,0,0,0,0,2022-11-30
5573,Héctor Alfredo Moreno Herrera,Mexico,2022,3857260,Saudi Arabia,Mexico,,0,96,0,0,0.0,0,61,55,0,0,0,1,1,2022-11-30
5567,Edson Omar Álvarez Velázquez,Mexico,2022,3857260,Saudi Arabia,Mexico,,0,85,0,1,0.0137,0,51,41,0,0,1,3,1,2022-11-30
5571,Hirving Rodrigo Lozano Bahena,Mexico,2022,3857260,Saudi Arabia,Mexico,,0,96,0,4,0.1759,6,34,19,4,3,1,1,5,2022-11-30
5715,Ali Albulayhi,Saudi Arabia,2022,3857260,Saudi Arabia,Mexico,,0,36,0,0,0.0,0,14,10,0,0,1,0,0,2022-11-30
5187,Salem Mohammed Al Dawsari,Saudi Arabia,2022,3857260,Saudi Arabia,Mexico,,0,96,1,2,0.5356,2,23,15,1,1,0,2,1,2022-11-30
26280,Orbelín Pineda Alvarado,Mexico,2022,3857260,Saudi Arabia,Mexico,,0,76,0,4,0.505,1,26,20,1,1,1,2,4,2022-11-30
5713,Mohammed Kanoo,Saudi Arabia,2022,3857260,Saudi Arabia,Mexico,,0,96,0,2,0.1213,0,27,21,3,1,0,2,1,2022-11-30
51546,Hassan Mohammed Al-Tambakti,Saudi Arabia,2022,3857260,Saudi Arabia,Mexico,,0,96,0,0,0.0,0,20,15,0,0,2,2,3,2022-11-30
5714,Mohammed Khalil Al Owais,Saudi Arabia,2022,3857260,Saudi Arabia,Mexico,,0,97,0,0,0.0,0,44,17,0,0,0,0,3,2022-11-30
51094,Abdulelah Al Amri,Saudi Arabia,2022,3857260,Saudi Arabia,Mexico,,0,96,0,1,0.0378,0,41,24,0,0,3,2,1,2022-11-30
51469,Saleh Khalid Al Shehri,Saudi Arabia,2022,3857260,Saudi Arabia,Mexico,,0,61,0,1,0.0218,1,16,10,1,0,1,2,2,2022-11-30
57620,Sultan Abdullah Salim Al Ghannam,Saudi Arabia,2022,3857260,Saudi Arabia,Mexico,,0,87,0,2,0.2448,1,36,22,1,0,1,1,0,2022-11-30
51099,Firas Tariq Nasser Al Albirakan,Saudi Arabia,2022,3857260,Saudi Arabia,Mexico,,0,96,0,1,0.0131,0,26,13,1,0,0,0,2,2022-11-30
51710,Saud Abdullah Abdul Hamid,Saudi Arabia,2022,3857260,Saudi Arabia,Mexico,,0,97,0,0,0.0,0,26,14,2,1,3,0,3,2022-11-30
51096,Ali Al Hassan,Saudi Arabia,2022,3857260,Saudi Arabia,Mexico,,0,50,0,1,0.1015,0,8,4,0,0,1,2,0,2022-11-30
5576,Jesús Daniel Gallardo Vasconcelos,Mexico,2022,3857260,Saudi Arabia,Mexico,,0,95,0,1,0.0643,0,57,38,2,2,3,1,1,2022-11-30
26301,Ernesto Alexis Vega Rojas,Mexico,2022,3857260,Saudi Arabia,Mexico,,0,50,0,2,0.416,1,13,10,0,0,1,0,1,2022-11-30
51470,Riyadh Sharahili,Saudi Arabia,2022,3857260,Saudi Arabia,Mexico,,0,96,0,0,0.0,1,19,17,1,0,2,5,0,2022-11-30
15452,Carlos Uriel Antuna Romero,Mexico,2022,3857260,Saudi Arabia,Mexico,,0,95,0,1,0.2687,1,8,4,0,0,0,0,0,2022-11-30
51103,Abdullah Mohammed Madu,Saudi Arabia,2022,3857260,Saudi Arabia,Mexico,,0,95,0,0,0.0,0,11,4,0,0,1,1,0,2022-11-30
51705,Abdulrahman Al-Obood,Saudi Arabia,2022,3857260,Saudi Arabia,Mexico,,0,94,0,0,0.0,1,7,6,1,0,0,0,0,2022-11-30
5568,Raúl Alonso Jiménez Rodríguez,Mexico,2022,3857260,Saudi Arabia,Mexico,,0,97,0,0,0.0,0,9,5,0,0,0,1,1,2022-11-30
26297,Carlos Alberto Rodríguez Gómez,Mexico,2022,3857260,Saudi Arabia,Mexico,,0,96,0,0,0.0,0,9,3,2,2,1,0,1,2022-11-30
30500,Kevin Nahin Álvarez Campos,Mexico,2022,3857260,Saudi Arabia,Mexico,,0,96,0,0,0.0,0,7,3,0,0,0,0,0,2022-11-30
26318,Rogelio Gabriel Funes Mori,Mexico,2022,3857260,Saudi Arabia,Mexico,,0,96,0,1,0.0666,0,0,0,0,0,0,2,1,2022-11-30
5188,Hattan Babhir,Saudi Arabia,2022,3857260,Saudi Arabia,Mexico,,0,96,0,0,0.0,1,4,2,0,0,0,2,0,2022-11-30
8836,Karol Świderski,Poland,2022,3857264,Poland,Argentina,,0,48,0,0,0.0,0,8,7,0,0,1,0,1,2022-11-30
44166,Jakub Piotr Kiwior,Poland,2022,3857264,Poland,Argentina,,0,91,0,0,0.0,0,43,38,0,0,0,0,0,2022-11-30
4734,Matty Cash,Poland,2022,3857264,Poland,Argentina,,0,88,0,0,0.0,0,35,27,0,0,0,0,0,2022-11-30
19597,Marcos Javier Acuña,Argentina,2022,3857264,Poland,Argentina,,0,58,0,2,0.0761,0,43,35,0,0,0,2,0,2022-11-30
29560,Julián Álvarez,Argentina,2022,3857264,Poland,Argentina,,0,78,1,6,0.8114,0,24,20,0,0,0,0,0,2022-11-30
3637,Grzegorz Krychowiak,Poland,2022,3857264,Poland,Argentina,,0,82,0,0,0.0,1,25,20,0,0,2,2,1,2022-11-30
27886,Alexis Mac Allister,Argentina,2022,3857264,Poland,Argentina,,0,82,1,2,0.2376,3,54,50,0,0,0,0,2,2022-11-30
5660,Piotr Zieliński,Poland,2022,3857264,Poland,Argentina,,0,93,0,0,0.0,2,35,27,1,1,1,0,1,2022-11-30
3034,Kamil Glik,Poland,2022,3857264,Poland,Argentina,,0,93,0,2,0.1094,0,34,32,0,0,2,0,0,2022-11-30
5669,Wojciech Szczęsny,Poland,2022,3857264,Poland,Argentina,,0,91,0,0,0.0,0,35,20,1,1,0,1,0,2022-11-30
5673,Bartosz Bereszyński,Poland,2022,3857264,Poland,Argentina,,0,72,0,0,0.0,0,29,26,1,0,0,1,2,2022-11-30
7979,Przemysław Frankowski,Poland,2022,3857264,Poland,Argentina,,0,46,0,0,0.0,0,12,8,0,0,0,0,2,2022-11-30
29201,Nahuel Molina Lucero,Argentina,2022,3857264,Poland,Argentina,,0,95,0,0,0.0,2,78,71,0,0,0,1,0,2022-11-30
7797,Rodrigo Javier De Paul,Argentina,2022,3857264,Poland,Argentina,,0,95,0,1,0.3153,1,153,142,2,0,3,3,1,2022-11-30
20572,Cristian Gabriel Romero,Argentina,2022,3857264,Poland,Argentina,,0,95,0,0,0.0,0,76,67,0,0,1,3,0,2022-11-30
3090,Nicolás Hernán Otamendi,Argentina,2022,3857264,Poland,Argentina,,0,95,0,0,0.0,0,93,89,0,0,1,2,0,2022-11-30
38718,Enzo Fernandez,Argentina,2022,3857264,Poland,Argentina,,0,78,0,1,0.0245,2,93,86,0,0,2,0,0,2022-11-30
2995,Ángel Fabián Di María Hernández,Argentina,2022,3857264,Poland,Argentina,,0,58,0,3,0.0445,2,51,40,10,7,0,0,1,2022-11-30
5503,Lionel Andrés Messi Cuccittini,Argentina,2022,3857264,Poland,Argentina,,0,95,0,7,1.1634,4,70,59,5,5,0,0,4,2022-11-30
5668,Robert Lewandowski,Poland,2022,3857264,Poland,Argentina,,0,94,0,0,0.0,1,19,12,2,0,2,1,3,2022-11-30
6909,Damián Emiliano Martínez,Argentina,2022,3857264,Poland,Argentina,,0,77,0,0,0.0,0,14,12,0,0,0,0,0,2022-11-30
11737,Krystian Bielik,Poland,2022,3857264,Poland,Argentina,,0,61,0,1,0.0615,0,27,24,1,0,1,2,0,2022-11-30
31955,Jakub Kamiński,Poland,2022,3857264,Poland,Argentina,,0,93,0,0,0.0,0,10,4,1,0,0,0,0,2022-11-30
28453,Michał Skóraś,Poland,2022,3857264,Poland,Argentina,,0,93,0,1,0.0267,0,9,8,0,0,1,1,2,2022-11-30
5507,Nicolás Alejandro Tagliafico,Argentina,2022,3857264,Poland,Argentina,,0,94,0,1,0.2242,1,38,38,0,0,0,0,1,2022-11-30
16308,Leandro Daniel Paredes,Argentina,2022,3857264,Poland,Argentina,,0,95,0,0,0.0,0,80,77,0,0,0,1,0,2022-11-30
8714,Damian Szymański,Poland,2022,3857264,Poland,Argentina,,0,93,0,0,0.0,0,9,9,0,0,0,1,0,2022-11-30
4685,Artur Jędrzejczyk,Poland,2022,3857264,Poland,Argentina,,0,95,0,0,0.0,0,5,4,0,0,0,0,0,2022-11-30
7161,Germán Alejandro Pezzella,Argentina,2022,3857264,Poland,Argentina,,0,95,0,0,0.0,0,18,18,0,0,0,0,0,2022-11-30
11456,Lautaro Javier Martínez,Argentina,2022,3857264,Poland,Argentina,,0,95,0,1,0.1796,0,11,10,0,0,0,0,0,2022-11-30
12493,Krzysztof Piątek,Poland,2022,3857264,Poland,Argentina,,0,93,0,0,0.0,0,2,1,0,0,0,0,0,2022-11-30
28637,Thiago Ezequiel Almada,Argentina,2022,3857264,Poland,Argentina,,0,95,0,0,0.0,1,13,12,0,0,0,0,0,2022-11-30
5563,José Andrés Guardado Hernández,Mexico,2022,3857289,Argentina,Mexico,,0,40,0,0,0.0,0,16,11,0,0,0,2,0,2022-11-26
5575,Héctor Miguel Herrera López,Mexico,2022,3857289,Argentina,Mexico,,0,96,0,0,0.0,0,42,37,2,0,2,5,0,2022-11-26
5571,Hirving Rodrigo Lozano Bahena,Mexico,2022,3857289,Argentina,Mexico,,0,72,0,1,0.0403,0,7,3,0,0,0,2,3,2022-11-26
6909,Damián Emiliano Martínez,Argentina,2022,3857289,Argentina,Mexico,,0,96,0,0,0.0,0,27,18,0,0,0,0,0,2022-11-26
3090,Nicolás Hernán Otamendi,Argentina,2022,3857289,Argentina,Mexico,,0,95,0,0,0.0,0,84,76,0,0,1,3,2,2022-11-26
28263,Gonzalo Ariel Montiel,Argentina,2022,3857289,Argentina,Mexico,,0,62,0,0,0.0,0,53,49,1,0,0,2,1,2022-11-26
2995,Ángel Fabián Di María Hernández,Argentina,2022,3857289,Argentina,Mexico,,0,68,0,0,0.0,2,29,21,7,4,0,0,1,2022-11-26
5576,Jesús Daniel Gallardo Vasconcelos,Mexico,2022,3857289,Argentina,Mexico,,0,95,0,0,0.0,0,28,19,0,0,0,2,0,2022-11-26
30500,Kevin Nahin Álvarez Campos,Mexico,2022,3857289,Argentina,Mexico,,0,65,0,0,0.0,0,17,15,2,0,4,0,1,2022-11-26
19597,Marcos Javier Acuña,Argentina,2022,3857289,Argentina,Mexico,,0,96,0,0,0.0,1,37,28,1,0,1,1,2,2022-11-26
11456,Lautaro Javier Martínez,Argentina,2022,3857289,Argentina,Mexico,,0,62,0,1,0.138,0,7,3,1,1,0,0,0,2022-11-26
27768,Lisandro Martínez,Argentina,2022,3857289,Argentina,Mexico,,0,96,0,0,0.0,0,56,48,0,0,1,2,1,2022-11-26
7797,Rodrigo Javier De Paul,Argentina,2022,3857289,Argentina,Mexico,,0,94,0,0,0.0,0,70,59,2,0,0,0,3,2022-11-26
26404,Guido Rodríguez,Argentina,2022,3857289,Argentina,Mexico,,0,56,0,0,0.0,0,62,54,0,0,0,0,0,2022-11-26
5503,Lionel Andrés Messi Cuccittini,Argentina,2022,3857289,Argentina,Mexico,,0,95,1,2,0.1012,1,45,38,3,2,0,3,5,2022-11-26
28825,Luis Gerardo Chávez Magallón,Mexico,2022,3857289,Argentina,Mexico,,0,94,0,0,0.0,1,30,21,0,0,2,2,3,2022-11-26
27886,Alexis Mac Allister,Argentina,2022,3857289,Argentina,Mexico,,0,68,0,0,0.0,0,38,34,1,1,1,1,1,2022-11-26
26301,Ernesto Alexis Vega Rojas,Mexico,2022,3857289,Argentina,Mexico,,0,65,0,2,0.0672,0,9,3,2,0,1,2,1,2022-11-26
5573,Héctor Alfredo Moreno Herrera,Mexico,2022,3857289,Argentina,Mexico,,0,95,0,0,0.0,1,48,38,0,0,2,1,1,2022-11-26
11388,Néstor Alejandro Araújo Razo,Mexico,2022,3857289,Argentina,Mexico,,0,96,0,0,0.0,0,56,47,0,0,2,2,0,2022-11-26
5577,Francisco Guillermo Ochoa Magaña,Mexico,2022,3857289,Argentina,Mexico,,0,94,0,0,0.0,0,31,20,0,0,0,0,1,2022-11-26
26368,César Jasib Montes Castro,Mexico,2022,3857289,Argentina,Mexico,,0,94,0,1,0.0989,0,58,49,2,2,0,0,0,2022-11-26
15872,Érick Gabriel Gutiérrez Galaviz,Mexico,2022,3857289,Argentina,Mexico,,0,95,0,0,0.0,0,30,25,1,1,2,1,3,2022-11-26
38718,Enzo Fernandez,Argentina,2022,3857289,Argentina,Mexico,,0,96,1,1,0.0351,0,28,23,1,1,0,1,2,2022-11-26
29201,Nahuel Molina Lucero,Argentina,2022,3857289,Argentina,Mexico,,0,95,0,1,0.0509,0,13,10,0,0,0,0,0,2022-11-26
5568,Raúl Alonso Jiménez Rodríguez,Mexico,2022,3857289,Argentina,Mexico,,0,94,0,0,0.0,0,14,8,0,0,1,1,0,2022-11-26
15452,Carlos Uriel Antuna Romero,Mexico,2022,3857289,Argentina,Mexico,,0,94,0,0,0.0,0,6,3,1,1,0,0,1,2022-11-26
29560,Julián Álvarez,Argentina,2022,3857289,Argentina,Mexico,,0,96,0,0,0.0,0,8,6,1,0,0,1,0,2022-11-26
28268,Exequiel Alejandro Palacios,Argentina,2022,3857289,Argentina,Mexico,,0,95,0,0,0.0,0,6,6,0,0,0,1,2,2022-11-26
20572,Cristian Gabriel Romero,Argentina,2022,3857289,Argentina,Mexico,,0,94,0,0,0.0,0,4,3,0,0,1,0,0,2022-11-26
26375,Roberto Carlos Alvarado Hernández,Mexico,2022,3857289,Argentina,Mexico,,0,95,0,0,0.0,0,11,5,1,0,0,1,0,2022-11-26
5545,Breel-Donald Embolo,Switzerland,2022,3869254,Portugal,Switzerland,,0,88,0,2,0.0943,1,19,14,1,1,0,1,4,2022-12-06
5549,Manuel Obafemi Akanji,Switzerland,2022,3869254,Portugal,Switzerland,,0,94,1,1,0.6689,0,63,58,1,1,1,2,0,2022-12-06
5544,Ricardo Iván Rodríguez Araya,Switzerland,2022,3869254,Portugal,Switzerland,,0,93,0,0,0.0,0,64,51,0,0,1,0,0,2022-12-06
30401,Ruben Vargas,Switzerland,2022,3869254,Portugal,Switzerland,,0,65,0,0,0.0,0,35,27,0,0,1,0,1,2022-12-06
16028,José Diogo Dalot Teixeira,Portugal,2022,3869254,Portugal,Switzerland,,0,93,0,0,0.0,1,36,30,1,1,2,0,0,2022-12-06
5204,Bruno Miguel Borges Fernandes,Portugal,2022,3869254,Portugal,Switzerland,,0,86,0,0,0.0,3,41,32,0,0,0,1,2,2022-12-06
5214,William Silva de Carvalho,Portugal,2022,3869254,Portugal,Switzerland,,0,89,0,0,0.0,0,59,54,0,0,1,3,0,2022-12-06
3533,Xherdan Shaqiri,Switzerland,2022,3869254,Portugal,Switzerland,,0,93,0,2,0.0318,2,39,28,2,0,0,1,4,2022-12-06
12041,João Félix Sequeira,Portugal,2022,3869254,Portugal,Switzerland,,0,72,0,1,0.0439,2,33,28,3,2,1,0,1,2022-12-06
3193,Bernardo Mota Veiga de Carvalho e Silva,Portugal,2022,3869254,Portugal,Switzerland,,0,80,0,0,0.0,0,46,40,0,0,1,0,1,2022-12-06
11184,Otávio Edmilson da Silva Monteiro,Portugal,2022,3869254,Portugal,Switzerland,,0,73,0,1,0.0325,1,37,32,2,0,0,3,5,2022-12-06
5206,Rúben Santos Gato Alves Dias,Portugal,2022,3869254,Portugal,Switzerland,,0,93,0,1,0.0375,0,45,38,0,0,2,2,1,2022-12-06
20016,Kléper Laveran Lima Ferreira,Portugal,2022,3869254,Portugal,Switzerland,,0,92,1,2,0.1858,0,53,40,0,0,1,2,2,2022-12-06
32975,Diogo Meireles Costa,Portugal,2022,3869254,Portugal,Switzerland,,0,92,0,0,0.0,0,33,19,0,0,0,0,0,2022-12-06
38803,Gonçalo Matias Ramos,Portugal,2022,3869254,Portugal,Switzerland,,0,72,3,6,1.5651,2,10,7,1,0,0,0,2,2022-12-06
5209,Raphaël Adelino José Guerreiro,Portugal,2022,3869254,Portugal,Switzerland,,0,91,1,2,0.3803,2,49,46,0,0,1,2,1,2022-12-06
3913,Edimilson Fernandes,Switzerland,2022,3869254,Portugal,Switzerland,,0,93,0,0,0.0,1,53,42,1,1,0,0,0,2022-12-06
3500,Granit Xhaka,Switzerland,2022,3869254,Portugal,Switzerland,,0,92,0,1,0.0837,1,73,62,1,1,1,0,1,2022-12-06
5537,Fabian Lukas Schär,Switzerland,2022,3869254,Portugal,Switzerland,,0,47,0,1,0.0244,0,36,29,0,0,1,1,0,2022-12-06
6983,Remo Freuler,Switzerland,2022,3869254,Portugal,Switzerland,,0,53,0,1,0.2949,0,23,18,0,0,0,3,0,2022-12-06
16026,Djibril Sow,Switzerland,2022,3869254,Portugal,Switzerland,,0,53,0,0,0.0,0,16,15,0,0,0,1,2,2022-12-06
5550,Yann Sommer,Switzerland,2022,3869254,Portugal,Switzerland,,0,93,0,0,0.0,0,34,31,0,0,0,0,0,2022-12-06
29012,Eray Ervin Cömert,Switzerland,2022,3869254,Portugal,Switzerland,,0,93,0,0,0.0,0,38,35,0,0,4,4,1,2022-12-06
5538,Denis Lemi Zakaria Lako Lado,Switzerland,2022,3869254,Portugal,Switzerland,,0,89,0,1,0.0419,0,13,11,1,1,0,1,1,2022-12-06
5543,Haris Seferović,Switzerland,2022,3869254,Portugal,Switzerland,,0,93,0,0,0.0,1,6,4,0,0,0,0,0,2022-12-06
29006,Noah Okafor,Switzerland,2022,3869254,Portugal,Switzerland,,0,92,0,1,0.0321,0,10,8,0,0,0,1,0,2022-12-06
5207,Cristiano Ronaldo dos Santos Aveiro,Portugal,2022,3869254,Portugal,Switzerland,,0,93,0,1,0.0288,0,5,4,0,0,0,0,0,2022-12-06
34639,Vitor Machado Ferreira,Portugal,2022,3869254,Portugal,Switzerland,,0,93,0,0,0.0,1,12,10,0,0,0,0,0,2022-12-06
10868,Ricardo Jorge Luz Horta,Portugal,2022,3869254,Portugal,Switzerland,,0,93,0,0,0.0,0,13,9,0,0,0,1,0,2022-12-06
9927,Rúben Diogo Da Silva Neves,Portugal,2022,3869254,Portugal,Switzerland,,0,92,0,0,0.0,0,13,13,0,0,1,0,0,2022-12-06
18360,Rafael Alexandre Conceição Leão,Portugal,2022,3869254,Portugal,Switzerland,,0,91,1,1,0.0103,0,3,2,0,0,0,0,0,2022-12-06
41655,Ardon Jashari,Switzerland,2022,3869254,Portugal,Switzerland,,0,93,0,0,0.0,0,6,5,1,0,0,0,0,2022-12-06
80484,Iliman Ndiaye,Senegal,2022,3869118,England,Senegal,,0,45,0,0,0.0,0,9,8,0,0,1,0,1,2022-12-04
5675,Kalidou Koulibaly,Senegal,2022,3869118,England,Senegal,,0,90,0,0,0.0,0,51,32,1,1,2,1,1,2022-12-04
10955,Harry Kane,England,2022,3869118,England,Senegal,,0,93,1,3,0.406,1,25,17,3,2,0,1,3,2022-12-04
31751,Pathé Ismaël Ciss,Senegal,2022,3869118,England,Senegal,,0,47,0,0,0.0,0,23,18,0,0,0,1,0,2022-12-04
8553,Abdou Diallo,Senegal,2022,3869118,England,Senegal,,0,91,0,0,0.0,0,53,43,0,0,0,2,0,2022-12-04
4506,Nampalys Mendy,Senegal,2022,3869118,England,Senegal,,0,93,0,0,0.0,0,52,50,0,0,1,1,0,2022-12-04
30714,Jude Bellingham,England,2022,3869118,England,Senegal,,0,75,0,0,0.0,1,37,32,3,0,2,2,2,2022-12-04
3336,Harry Maguire,England,2022,3869118,England,Senegal,,0,93,0,0,0.0,0,75,63,0,0,1,1,1,2022-12-04
3404,Youssouf Sabaly,Senegal,2022,3869118,England,Senegal,,0,93,0,0,0.0,1,41,35,1,1,1,0,5,2022-12-04
3382,Luke Shaw,England,2022,3869118,England,Senegal,,0,92,0,0,0.0,2,67,60,0,0,1,3,2,2022-12-04
20758,Krépin Diatta,Senegal,2022,3869118,England,Senegal,,0,45,0,0,0.0,1,13,9,1,0,1,3,1,2022-12-04
4354,Philip Foden,England,2022,3869118,England,Senegal,,0,64,0,0,0.0,2,34,27,1,1,1,0,0,2022-12-04
3943,Declan Rice,England,2022,3869118,England,Senegal,,0,93,0,0,0.0,0,57,53,1,0,4,2,2,2022-12-04
3468,Jordan Pickford,England,2022,3869118,England,Senegal,,0,92,0,0,0.0,0,48,38,0,0,0,0,0,2022-12-04
3205,Kyle Walker,England,2022,3869118,England,Senegal,,0,93,0,0,0.0,0,76,68,2,1,4,2,0,2022-12-04
2941,Ismaïla Sarr,Senegal,2022,3869118,England,Senegal,,0,93,0,2,0.7367,1,20,17,1,1,0,0,3,2022-12-04
3532,Jordan Brian Henderson,England,2022,3869118,England,Senegal,,0,81,1,1,0.1317,0,48,41,0,0,0,0,1,2022-12-04
3244,John Stones,England,2022,3869118,England,Senegal,,0,76,0,1,0.0837,0,89,82,0,0,1,1,0,2022-12-04
7379,Edouard Mendy,Senegal,2022,3869118,England,Senegal,,0,90,0,0,0.0,0,26,22,0,0,0,0,0,2022-12-04
32915,Ismail Jakobs,Senegal,2022,3869118,England,Senegal,,0,83,0,0,0.0,1,39,25,1,1,1,0,0,2022-12-04
20611,Boulaye Dia,Senegal,2022,3869118,England,Senegal,,0,71,0,2,0.0893,0,9,7,1,1,0,0,0,2022-12-04
22084,Bukayo Saka,England,2022,3869118,England,Senegal,,0,64,1,2,0.2526,1,30,24,0,0,0,1,0,2022-12-04
21026,Pape Gueye,Senegal,2022,3869118,England,Senegal,,0,92,0,1,0.028,0,20,17,1,0,0,3,1,2022-12-04
88123,Cheikh Ahmadou Bamba Mbacke Dieng,Senegal,2022,3869118,England,Senegal,,0,92,0,1,0.033,1,7,3,1,0,0,2,2,2022-12-04
50498,Pape Matar Sarr,Senegal,2022,3869118,England,Senegal,,0,94,0,4,0.0859,0,32,27,1,0,1,0,1,2022-12-04
3318,Marcus Rashford,England,2022,3869118,England,Senegal,,0,93,0,1,0.1459,0,11,7,0,0,0,0,0,2022-12-04
9638,Jack Grealish,England,2022,3869118,England,Senegal,,0,94,0,0,0.0,0,9,7,0,0,1,0,1,2022-12-04
13314,Famara Diedhiou,Senegal,2022,3869118,England,Senegal,,0,89,0,0,0.0,1,5,4,0,0,0,0,1,2022-12-04
7843,Mason Mount,England,2022,3869118,England,Senegal,,0,91,0,0,0.0,0,3,3,0,0,0,2,1,2022-12-04
10956,Eric Dier,England,2022,3869118,England,Senegal,,0,90,0,0,0.0,0,13,11,0,0,0,1,0,2022-12-04
4706,Kalvin Phillips,England,2022,3869118,England,Senegal,,0,90,0,0,0.0,0,4,3,0,0,0,0,0,2022-12-04
3675,Fodé Ballo Touré,Senegal,2022,3869118,England,Senegal,,0,94,0,0,0.0,0,8,6,1,1,1,0,0,2022-12-04
5460,Andrej Kramarić,Croatia,2022,3869519,Argentina,Croatia,,0,71,0,0,0.0,2,36,34,2,1,0,0,1,2022-12-13
3471,Dejan Lovren,Croatia,2022,3869519,Argentina,Croatia,,0,94,0,3,0.1311,0,74,67,0,0,0,0,2,2022-12-13
3090,Nicolás Hernán Otamendi,Argentina,2022,3869519,Argentina,Croatia,,0,94,0,0,0.0,0,41,39,0,0,2,2,0,2022-12-13
27886,Alexis Mac Allister,Argentina,2022,3869519,Argentina,Croatia,,0,85,0,2,0.2098,2,34,30,1,0,1,0,2,2022-12-13
5469,Marcelo Brozović,Croatia,2022,3869519,Argentina,Croatia,,0,49,0,0,0.0,0,50,47,1,1,1,2,0,2022-12-13
29560,Julián Álvarez,Argentina,2022,3869519,Argentina,Croatia,,0,73,2,2,0.6954,0,18,14,0,0,0,3,1,2022-12-13
29163,Josip Juranović,Croatia,2022,3869519,Argentina,Croatia,,0,92,0,0,0.0,1,64,51,1,0,0,1,0,2022-12-13
12625,Borna Sosa,Croatia,2022,3869519,Argentina,Croatia,,0,47,0,0,0.0,0,34,26,1,1,0,0,0,2022-12-13
7797,Rodrigo Javier De Paul,Argentina,2022,3869519,Argentina,Croatia,,0,73,0,1,0.0277,1,42,34,0,0,0,2,1,2022-12-13
33018,Joško Gvardiol,Croatia,2022,3869519,Argentina,Croatia,,0,94,0,0,0.0,0,65,61,0,0,2,0,1,2022-12-13
16531,Dominik Livaković,Croatia,2022,3869519,Argentina,Croatia,,0,93,0,0,0.0,0,32,27,0,0,0,1,0,2022-12-13
5503,Lionel Andrés Messi Cuccittini,Argentina,2022,3869519,Argentina,Croatia,,0,89,1,2,0.8893,2,41,34,7,7,0,2,2,2022-12-13
38718,Enzo Fernandez,Argentina,2022,3869519,Argentina,Croatia,,0,92,0,1,0.0278,1,47,41,2,0,0,1,0,2022-12-13
5463,Luka Modrić,Croatia,2022,3869519,Argentina,Croatia,,0,80,0,1,0.0262,2,77,66,3,3,2,1,3,2022-12-13
5507,Nicolás Alejandro Tagliafico,Argentina,2022,3869519,Argentina,Croatia,,0,92,0,0,0.0,0,30,24,0,0,0,3,1,2022-12-13
20572,Cristian Gabriel Romero,Argentina,2022,3869519,Argentina,Croatia,,0,90,0,0,0.0,0,34,29,0,0,1,3,0,2022-12-13
5456,Mateo Kovačić,Croatia,2022,3869519,Argentina,Croatia,,0,94,0,0,0.0,3,89,84,5,3,1,0,7,2022-12-13
6909,Damián Emiliano Martínez,Argentina,2022,3869519,Argentina,Croatia,,0,94,0,0,0.0,0,24,13,0,0,0,0,0,2022-12-13
29201,Nahuel Molina Lucero,Argentina,2022,3869519,Argentina,Croatia,,0,85,0,0,0.0,0,40,28,0,0,2,0,0,2022-12-13
16308,Leandro Daniel Paredes,Argentina,2022,3869519,Argentina,Croatia,,0,61,0,1,0.0144,0,39,36,0,0,1,1,0,2022-12-13
5474,Ivan Perišić,Croatia,2022,3869519,Argentina,Croatia,,0,94,0,3,0.0475,1,58,41,1,1,3,0,0,2022-12-13
11603,Mario Pašalić,Croatia,2022,3869519,Argentina,Croatia,,0,46,0,1,0.0786,0,12,9,1,0,1,1,0,2022-12-13
3441,Nikola Vlašić,Croatia,2022,3869519,Argentina,Croatia,,0,92,0,1,0.0491,0,13,11,1,0,0,1,4,2022-12-13
16527,Mislav Oršić,Croatia,2022,3869519,Argentina,Croatia,,0,94,0,2,0.0326,1,15,12,1,1,0,1,0,2022-12-13
7693,Bruno Petković,Croatia,2022,3869519,Argentina,Croatia,,0,94,0,0,0.0,0,10,8,1,1,0,0,2,2022-12-13
27768,Lisandro Martínez,Argentina,2022,3869519,Argentina,Croatia,,0,89,0,0,0.0,0,9,8,0,0,0,0,1,2022-12-13
28268,Exequiel Alejandro Palacios,Argentina,2022,3869519,Argentina,Croatia,,0,94,0,0,0.0,0,15,13,0,0,1,2,1,2022-12-13
22041,Marko Livaja,Croatia,2022,3869519,Argentina,Croatia,,0,94,0,0,0.0,0,5,4,3,1,1,1,0,2022-12-13
5743,Paulo Bruno Exequiel Dybala,Argentina,2022,3869519,Argentina,Croatia,,0,94,0,0,0.0,1,10,8,1,0,0,1,0,2022-12-13
28914,Lovro Majer,Croatia,2022,3869519,Argentina,Croatia,,0,94,0,1,0.0448,0,14,11,2,0,1,1,0,2022-12-13
6377,Ángel Martín Correa,Argentina,2022,3869519,Argentina,Croatia,,0,94,0,0,0.0,0,4,4,0,0,0,0,1,2022-12-13
21081,Juan Marcos Foyth,Argentina,2022,3869519,Argentina,Croatia,,0,94,0,0,0.0,0,4,3,1,1,0,0,0,2022-12-13
5487,Antoine Griezmann,France,2022,3869354,England,France,,0,98,0,0,0.0,2,46,39,2,1,0,3,1,2022-12-10
10481,Aurélien Djani Tchouaméni,France,2022,3869354,England,France,,0,97,1,1,0.0279,0,43,39,0,0,0,2,2,2022-12-10
3009,Kylian Mbappé Lottin,France,2022,3869354,England,France,,0,97,0,1,0.068,1,29,26,6,4,1,0,2,2022-12-10
3205,Kyle Walker,England,2022,3869354,England,France,,0,93,0,0,0.0,0,46,41,1,1,2,0,2,2022-12-10
30714,Jude Bellingham,England,2022,3869354,England,France,,0,98,0,2,0.2645,1,48,36,1,0,0,2,1,2022-12-10
3336,Harry Maguire,England,2022,3869354,England,France,,0,98,0,2,0.1206,0,95,79,0,0,1,1,1,2022-12-10
5477,Ousmane Dembélé,France,2022,3869354,England,France,,0,78,0,1,0.0308,2,39,30,1,0,1,3,0,2022-12-10
3468,Jordan Pickford,England,2022,3869354,England,France,,0,97,0,0,0.0,0,24,20,0,0,0,0,0,2022-12-10
3244,John Stones,England,2022,3869354,England,France,,0,97,0,0,0.0,1,70,70,1,1,0,0,1,2022-12-10
3943,Declan Rice,England,2022,3869354,England,France,,0,98,0,0,0.0,1,65,60,1,0,4,0,0,2022-12-10
3382,Luke Shaw,England,2022,3869354,England,France,,0,94,0,2,0.0629,1,74,55,0,0,0,0,0,2022-12-10
4354,Philip Foden,England,2022,3869354,England,France,,0,84,0,1,0.0227,2,27,22,2,1,1,0,3,2022-12-10
4445,Jules Koundé,France,2022,3869354,England,France,,0,97,0,0,0.0,1,49,39,0,0,0,0,1,2022-12-10
8519,Dayotchanculle Upamecano,France,2022,3869354,England,France,,0,97,0,0,0.0,0,46,36,0,0,3,0,1,2022-12-10
6704,Theo Bernard François Hernández,France,2022,3869354,England,France,,0,98,0,0,0.0,2,39,34,0,0,0,2,2,2022-12-10
22084,Bukayo Saka,England,2022,3869354,England,France,,0,78,0,1,0.0707,2,25,18,1,0,1,3,4,2022-12-10
3026,Adrien Rabiot,France,2022,3869354,England,France,,0,98,0,1,0.0667,0,46,35,1,1,2,3,1,2022-12-10
3532,Jordan Brian Henderson,England,2022,3869354,England,France,,0,78,0,1,0.0172,3,45,41,0,0,0,3,0,2022-12-10
5485,Raphaël Varane,France,2022,3869354,England,France,,0,91,0,0,0.0,0,37,31,0,0,0,0,0,2022-12-10
10955,Harry Kane,England,2022,3869354,England,France,,0,91,1,5,1.6906,0,22,14,0,0,0,0,1,2022-12-10
3099,Hugo Lloris,France,2022,3869354,England,France,,0,100,0,0,0.0,0,26,13,0,0,0,0,0,2022-12-10
3604,Olivier Giroud,France,2022,3869354,England,France,,0,98,1,4,0.6461,0,12,6,0,0,0,1,0,2022-12-10
7843,Mason Mount,England,2022,3869354,England,France,,0,98,0,1,0.0241,0,2,2,0,0,0,1,2,2022-12-10
8217,Kingsley Coman,France,2022,3869354,England,France,,0,98,0,0,0.0,0,0,0,0,0,0,1,0,2022-12-10
3318,Marcus Rashford,England,2022,3869354,England,France,,0,100,0,1,0.0792,0,3,3,0,0,0,0,0,2022-12-10
3233,Raheem Sterling,England,2022,3869354,England,France,,0,98,0,0,0.0,0,8,4,0,0,0,0,0,2022-12-10
9638,Jack Grealish,England,2022,3869354,England,France,,0,98,0,0,0.0,0,0,0,0,0,0,0,0,2022-12-10
5234,Sofyan Amrabat,Morocco,2022,3869552,France,Morocco,,0,95,0,1,0.0207,1,81,69,0,0,1,3,1,2022-12-14
139016,Achraf Dari,Morocco,2022,3869552,France,Morocco,,0,95,0,0,0.0,0,69,63,0,0,1,2,0,2022-12-14
6785,Yassine Bounou,Morocco,2022,3869552,France,Morocco,,0,95,0,0,0.0,0,31,30,0,0,0,0,0,2022-12-14
7459,Jawad El Yamiq,Morocco,2022,3869552,France,Morocco,,0,95,0,1,0.0641,0,95,90,0,0,0,0,1,2022-12-14
5219,Romain Saïss,Morocco,2022,3869552,France,Morocco,,0,20,0,0,0.0,0,17,16,0,0,0,0,0,2022-12-14
46258,Azzedine Ounahi,Morocco,2022,3869552,France,Morocco,,0,95,0,4,0.1885,0,80,68,4,3,0,0,2,2022-12-14
11135,Ibrahima Konaté,France,2022,3869552,France,Morocco,,0,93,0,0,0.0,1,48,44,0,0,5,2,0,2022-12-14
5237,Hakim Ziyech,Morocco,2022,3869552,France,Morocco,,0,94,0,1,0.0611,0,66,50,4,0,1,0,3,2022-12-14
5477,Ousmane Dembélé,France,2022,3869552,France,Morocco,,0,78,0,0,0.0,0,19,14,3,2,1,2,1,2022-12-14
3625,Sofiane Boufal,Morocco,2022,3869552,France,Morocco,,0,66,0,1,0.0353,1,20,14,0,0,0,2,3,2022-12-14
3604,Olivier Giroud,France,2022,3869552,France,Morocco,,0,64,0,3,0.4225,0,17,8,0,0,1,0,1,2022-12-14
10481,Aurélien Djani Tchouaméni,France,2022,3869552,France,Morocco,,0,93,0,1,0.0403,2,45,41,0,0,3,0,1,2022-12-14
5487,Antoine Griezmann,France,2022,3869552,France,Morocco,,0,95,0,0,0.0,4,30,23,2,1,2,0,5,2022-12-14
4445,Jules Koundé,France,2022,3869552,France,Morocco,,0,93,0,1,0.0177,0,48,43,0,0,1,2,0,2022-12-14
15890,Noussair Mazraoui,Morocco,2022,3869552,France,Morocco,,0,46,0,0,0.0,1,22,20,1,0,0,0,0,2022-12-14
3009,Kylian Mbappé Lottin,France,2022,3869552,France,Morocco,,0,95,0,3,0.2792,2,17,12,7,4,0,5,0,2022-12-14
5245,Achraf Hakimi Mouh,Morocco,2022,3869552,France,Morocco,,0,95,0,1,0.0206,0,72,63,0,0,1,1,3,2022-12-14
11990,Youssouf Fofana,France,2022,3869552,France,Morocco,,0,94,0,2,0.1014,0,32,27,1,1,2,2,0,2022-12-14
6704,Theo Bernard François Hernández,France,2022,3869552,France,Morocco,,0,93,1,1,0.0979,0,34,25,0,0,4,0,3,2022-12-14
6301,Youssef En-Nesyri,Morocco,2022,3869552,France,Morocco,,0,65,0,0,0.0,0,3,3,1,0,0,0,0,2022-12-14
5485,Raphaël Varane,France,2022,3869552,France,Morocco,,0,88,0,1,0.0755,0,56,52,0,0,1,0,0,2022-12-14
3099,Hugo Lloris,France,2022,3869552,France,Morocco,,0,94,0,0,0.0,0,27,19,0,0,0,0,0,2022-12-14
23774,Selim Amallah,Morocco,2022,3869552,France,Morocco,,0,77,0,0,0.0,1,20,16,2,2,0,3,0,2022-12-14
31295,Yahia Attiyat allah,Morocco,2022,3869552,France,Morocco,,0,94,0,1,0.2494,1,26,19,0,0,0,3,0,2022-12-14
2972,Marcus Thuram,France,2022,3869552,France,Morocco,,0,95,0,1,0.1157,2,10,6,2,1,0,1,2,2022-12-14
21736,Zakaria Aboukhlal,Morocco,2022,3869552,France,Morocco,,0,94,0,1,0.0249,0,3,2,1,0,0,0,0,2022-12-14
59493,Abderrazak Hamdallah,Morocco,2022,3869552,France,Morocco,,0,93,0,1,0.5062,0,6,2,1,1,0,0,1,2022-12-14
149714,Abdessamad Ezzalzouli,Morocco,2022,3869552,France,Morocco,,0,93,0,1,0.0595,1,4,4,1,1,0,0,0,2022-12-14
22097,Randal Kolo Muani,France,2022,3869552,France,Morocco,,0,93,1,1,0.8521,0,4,2,0,0,0,0,0,2022-12-14
5463,Luka Modrić,Croatia,2022,3869420,Croatia,Brazil,,0,123,1,1,0.7835,1,117,102,1,1,2,3,6,2022-12-09
5469,Marcelo Brozović,Croatia,2022,3869420,Croatia,Brazil,,0,113,0,1,0.1247,1,109,98,2,2,4,4,5,2022-12-09
3471,Dejan Lovren,Croatia,2022,3869420,Croatia,Brazil,,0,121,0,0,0.0,0,89,82,0,0,3,0,2,2022-12-09
29163,Josip Juranović,Croatia,2022,3869420,Croatia,Brazil,,0,119,0,0,0.0,3,79,69,1,1,1,0,2,2022-12-09
18395,Vinícius José Paixão de Oliveira Júnior,Brazil,2022,3869420,Croatia,Brazil,,0,63,0,2,0.0782,0,13,8,3,2,0,0,1,2022-12-09
3063,Danilo Luiz da Silva,Brazil,2022,3869420,Croatia,Brazil,,0,120,0,1,0.0155,0,109,93,0,0,1,2,1,2022-12-09
5539,Carlos Henrique Casimiro,Brazil,2022,3869420,Croatia,Brazil,,0,122,1,4,0.9417,3,69,55,1,1,1,3,2,2022-12-09
3295,Thiago Emiliano da Silva,Brazil,2022,3869420,Croatia,Brazil,,0,121,0,0,0.0,2,96,92,1,0,0,0,1,2022-12-09
4372,Marcos Aoás Corrêa,Brazil,2022,3869420,Croatia,Brazil,,0,125,0,1,0.7835,1,95,93,1,0,1,1,2,2022-12-09
13620,Éder Gabriel Militão,Brazil,2022,3869420,Croatia,Brazil,,0,105,0,3,0.1546,0,87,79,0,0,1,2,2,2022-12-09
4320,Neymar da Silva Santos Junior,Brazil,2022,3869420,Croatia,Brazil,,0,121,1,5,0.7974,1,64,50,11,5,0,3,4,2022-12-09
10595,Raphael Dias Belloli,Brazil,2022,3869420,Croatia,Brazil,,0,55,0,0,0.0,0,24,19,1,1,0,0,3,2022-12-09
12625,Borna Sosa,Croatia,2022,3869420,Croatia,Brazil,,0,109,0,0,0.0,0,40,30,0,0,0,2,1,2022-12-09
5456,Mateo Kovačić,Croatia,2022,3869420,Croatia,Brazil,,0,107,0,0,0.0,0,75,67,1,1,2,2,2,2022-12-09
22600,Lucas Tolentino Coelho de Lima,Brazil,2022,3869420,Croatia,Brazil,,0,105,0,2,0.3603,1,64,56,2,1,1,3,1,2022-12-09
33018,Joško Gvardiol,Croatia,2022,3869420,Croatia,Brazil,,0,121,0,0,0.0,0,63,60,1,1,1,1,1,2022-12-09
3280,Richarlison de Andrade,Brazil,2022,3869420,Croatia,Brazil,,0,83,0,1,0.0672,4,12,7,1,0,0,2,1,2022-12-09
5547,Alisson Ramsés Becker,Brazil,2022,3869420,Croatia,Brazil,,0,124,0,0,0.0,0,31,29,0,0,0,0,0,2022-12-09
11603,Mario Pašalić,Croatia,2022,3869420,Croatia,Brazil,,0,71,0,0,0.0,1,31,28,2,1,0,1,0,2022-12-09
16531,Dominik Livaković,Croatia,2022,3869420,Croatia,Brazil,,0,125,0,0,0.0,0,41,34,0,0,0,0,0,2022-12-09
5460,Andrej Kramarić,Croatia,2022,3869420,Croatia,Brazil,,0,71,0,2,0.0574,0,25,21,1,0,0,1,1,2022-12-09
5474,Ivan Perišić,Croatia,2022,3869420,Croatia,Brazil,,0,120,0,3,0.3123,0,34,18,0,0,1,3,0,2022-12-09
25363,Antony Matheus dos Santos,Brazil,2022,3869420,Croatia,Brazil,,0,120,0,1,0.014,1,33,29,7,1,1,2,2,2022-12-09
25104,Rodrygo Silva de Goes,Brazil,2022,3869420,Croatia,Brazil,,0,120,0,1,0.7835,2,36,29,2,0,1,3,3,2022-12-09
7693,Bruno Petković,Croatia,2022,3869420,Croatia,Brazil,,0,121,1,1,0.0998,2,6,6,2,2,0,1,0,2022-12-09
3441,Nikola Vlašić,Croatia,2022,3869420,Croatia,Brazil,,0,120,1,2,0.8104,0,10,8,2,2,0,4,1,2022-12-09
25305,Pedro Guilherme Abreu dos Santos,Brazil,2022,3869420,Croatia,Brazil,,0,123,1,3,0.9544,0,7,7,1,0,1,2,0,2022-12-09
28914,Lovro Majer,Croatia,2022,3869420,Croatia,Brazil,,0,121,1,2,0.7954,0,17,15,0,0,0,0,1,2022-12-09
6945,Alex Sandro Lobo Silva,Brazil,2022,3869420,Croatia,Brazil,,0,121,0,0,0.0,0,5,4,0,0,0,1,0,2022-12-09
9904,Frederico Rodrigues Santos,Brazil,2022,3869420,Croatia,Brazil,,0,121,0,0,0.0,0,2,2,0,0,0,1,0,2022-12-09
8654,Ante Budimir,Croatia,2022,3869420,Croatia,Brazil,,0,118,0,0,0.0,0,0,0,0,0,0,1,1,2022-12-09
16527,Mislav Oršić,Croatia,2022,3869420,Croatia,Brazil,,0,124,1,1,0.7835,1,1,1,0,0,0,0,0,2022-12-09
133353,Pablo Martín Páez Gavira,Spain,2022,3869220,Morocco,Spain,,0,62,0,0,0.0,0,23,18,0,0,0,4,5,2022-12-06
4353,Aymeric Laporte,Spain,2022,3869220,Morocco,Spain,,0,121,0,1,0.0415,0,180,172,0,0,2,1,0,2022-12-06
6765,Rodrigo Hernández Cascante,Spain,2022,3869220,Morocco,Spain,,0,122,0,1,0.0056,1,220,204,0,0,2,2,1,2022-12-06
16532,Daniel Olmo Carvajal,Spain,2022,3869220,Morocco,Spain,,0,97,0,2,0.0392,0,37,32,2,1,0,2,2,2022-12-06
5211,Jordi Alba Ramos,Spain,2022,3869220,Morocco,Spain,,0,97,0,0,0.0,1,114,99,2,2,2,2,1,2022-12-06
5237,Hakim Ziyech,Morocco,2022,3869220,Morocco,Spain,,0,121,1,1,0.7835,0,37,26,1,1,4,4,1,2022-12-06
30486,Pedro González López,Spain,2022,3869220,Morocco,Spain,,0,122,0,0,0.0,1,147,135,5,3,2,1,2,2022-12-06
46258,Azzedine Ounahi,Morocco,2022,3869220,Morocco,Spain,,0,119,0,0,0.0,1,44,34,1,1,4,2,2,2022-12-06
6840,Marcos Llorente Moreno,Spain,2022,3869220,Morocco,Spain,,0,122,0,1,0.0246,0,104,94,0,0,1,1,1,2022-12-06
3625,Sofiane Boufal,Morocco,2022,3869220,Morocco,Spain,,0,65,0,0,0.0,1,16,8,8,6,0,1,3,2022-12-06
23774,Selim Amallah,Morocco,2022,3869220,Morocco,Spain,,0,81,0,0,0.0,0,9,8,2,0,2,1,1,2022-12-06
15890,Noussair Mazraoui,Morocco,2022,3869220,Morocco,Spain,,0,82,0,1,0.0234,0,26,20,0,0,1,1,0,2022-12-06
6748,Ferrán Torres García,Spain,2022,3869220,Morocco,Spain,,0,75,0,0,0.0,0,24,19,4,2,0,0,1,2022-12-06
5234,Sofyan Amrabat,Morocco,2022,3869220,Morocco,Spain,,0,116,0,0,0.0,0,36,28,0,0,1,0,3,2022-12-06
12149,Nayef Aguerd,Morocco,2022,3869220,Morocco,Spain,,0,84,0,1,0.2514,0,24,19,0,0,0,1,0,2022-12-06
5719,Marco Asensio Willemsen,Spain,2022,3869220,Morocco,Spain,,0,62,0,1,0.0256,1,14,11,0,0,0,0,1,2022-12-06
5245,Achraf Hakimi Mouh,Morocco,2022,3869220,Morocco,Spain,,0,125,1,2,0.8255,0,54,38,1,0,2,3,2,2022-12-06
5219,Romain Saïss,Morocco,2022,3869220,Morocco,Spain,,0,120,0,0,0.0,0,32,23,1,0,2,3,0,2022-12-06
5203,Sergio Busquets i Burgos,Spain,2022,3869220,Morocco,Spain,,0,124,0,2,0.8544,0,76,67,1,1,0,0,0,2022-12-06
11748,Unai Simón Mendibil,Spain,2022,3869220,Morocco,Spain,,0,125,0,0,0.0,0,34,31,0,0,0,0,0,2022-12-06
6785,Yassine Bounou,Morocco,2022,3869220,Morocco,Spain,,0,124,0,0,0.0,0,39,19,0,0,0,0,0,2022-12-06
6301,Youssef En-Nesyri,Morocco,2022,3869220,Morocco,Spain,,0,81,0,0,0.0,0,13,8,2,2,0,0,1,2022-12-06
6583,Carlos Soler Barragán,Spain,2022,3869220,Morocco,Spain,,0,122,0,2,0.823,2,40,35,1,1,0,0,0,2022-12-06
3477,Álvaro Borja Morata Martín,Spain,2022,3869220,Morocco,Spain,,0,120,0,2,0.0665,0,8,5,0,0,0,1,1,2022-12-06
149714,Abdessamad Ezzalzouli,Morocco,2022,3869220,Morocco,Spain,,0,122,0,0,0.0,1,10,7,0,0,2,1,0,2022-12-06
68574,Nicholas Williams Arthuer,Spain,2022,3869220,Morocco,Spain,,0,117,0,0,0.0,0,19,15,5,2,0,0,2,2022-12-06
7459,Jawad El Yamiq,Morocco,2022,3869220,Morocco,Spain,,0,121,0,0,0.0,0,3,1,0,0,0,0,1,2022-12-06
31295,Yahia Attiyat allah,Morocco,2022,3869220,Morocco,Spain,,0,119,0,0,0.0,0,11,4,0,0,0,1,0,2022-12-06
3634,Abdelhamid Sabiri,Morocco,2022,3869220,Morocco,Spain,,0,120,1,2,0.7877,0,7,4,0,0,0,0,0,2022-12-06
296254,Walid Cheddira,Morocco,2022,3869220,Morocco,Spain,,0,121,0,2,0.2494,1,4,3,0,0,0,1,0,2022-12-06
30756,Anssumane Fati,Spain,2022,3869220,Morocco,Spain,,0,122,0,0,0.0,0,8,7,1,0,0,0,1,2022-12-06
39161,Alejandro Balde Martínez,Spain,2022,3869220,Morocco,Spain,,0,122,0,1,0.0777,0,15,14,0,0,0,0,0,2022-12-06
6720,Pablo Sarabia García,Spain,2022,3869220,Morocco,Spain,,0,122,0,2,0.8876,2,5,2,0,0,0,0,0,2022-12-06
67700,Badr Banoun,Morocco,2022,3869220,Morocco,Spain,,0,123,0,1,0.7835,0,0,0,0,0,0,0,0,2022-12-06
5460,Andrej Kramarić,Croatia,2022,3869219,Japan,Croatia,,0,67,0,2,0.1963,0,19,17,0,0,0,0,1,2022-12-05
3471,Dejan Lovren,Croatia,2022,3869219,Japan,Croatia,,0,119,0,0,0.0,1,103,93,0,0,1,1,1,2022-12-05
7693,Bruno Petković,Croatia,2022,3869219,Japan,Croatia,,0,61,0,0,0.0,0,17,8,0,0,0,0,2,2022-12-05
23730,Takehiro Tomiyasu,Japan,2022,3869219,Japan,Croatia,,0,120,0,0,0.0,2,75,54,0,0,3,1,0,2022-12-05
5474,Ivan Perišić,Croatia,2022,3869219,Japan,Croatia,,0,106,1,5,0.2091,1,36,22,1,1,1,2,0,2022-12-05
23527,Junya Ito,Japan,2022,3869219,Japan,Croatia,,0,120,0,0,0.0,1,49,34,1,1,4,0,3,2022-12-05
5456,Mateo Kovačić,Croatia,2022,3869219,Japan,Croatia,,0,98,0,1,0.0299,0,59,53,1,0,1,1,0,2022-12-05
37215,Shogo Taniguchi,Japan,2022,3869219,Japan,Croatia,,0,114,0,2,0.1745,0,56,50,0,0,1,0,0,2022-12-05
33018,Joško Gvardiol,Croatia,2022,3869219,Japan,Croatia,,0,119,0,1,0.0617,0,88,76,0,0,1,1,1,2022-12-05
11127,Borna Barišić,Croatia,2022,3869219,Japan,Croatia,,0,119,0,1,0.0152,0,67,50,0,0,1,5,2,2022-12-05
5469,Marcelo Brozović,Croatia,2022,3869219,Japan,Croatia,,0,121,1,1,0.7835,4,131,116,0,0,1,1,0,2022-12-05
30628,Daizen Maeda,Japan,2022,3869219,Japan,Croatia,,0,63,1,1,0.4587,0,6,3,0,0,0,0,1,2022-12-05
29163,Josip Juranović,Croatia,2022,3869219,Japan,Croatia,,0,119,0,0,0.0,2,98,82,0,0,0,0,2,2022-12-05
5690,Yuto Nagatomo,Japan,2022,3869219,Japan,Croatia,,0,63,0,0,0.0,0,34,23,1,1,1,2,0,2022-12-05
37221,Hidemasa Morita,Japan,2022,3869219,Japan,Croatia,,0,105,0,2,0.0932,1,57,43,0,0,0,2,1,2022-12-05
8361,Ritsu Doan,Japan,2022,3869219,Japan,Croatia,,0,86,0,1,0.0561,0,33,23,4,2,2,1,4,2022-12-05
9411,Daichi Kamada,Japan,2022,3869219,Japan,Croatia,,0,73,0,2,0.1289,0,36,32,4,4,1,0,0,2022-12-05
23721,Wataru Endo,Japan,2022,3869219,Japan,Croatia,,0,117,0,3,0.0666,3,65,57,0,0,2,1,4,2022-12-05
16531,Dominik Livaković,Croatia,2022,3869219,Japan,Croatia,,0,123,0,0,0.0,0,42,31,0,0,0,0,0,2022-12-05
3300,Maya Yoshida,Japan,2022,3869219,Japan,Croatia,,0,123,0,1,0.7835,0,48,40,1,1,5,2,2,2022-12-05
5463,Luka Modrić,Croatia,2022,3869219,Japan,Croatia,,0,98,0,1,0.0311,0,77,64,1,0,1,2,1,2022-12-05
25719,Shūichi Gonda,Japan,2022,3869219,Japan,Croatia,,0,124,0,0,0.0,0,36,16,0,0,0,0,0,2022-12-05
8654,Ante Budimir,Croatia,2022,3869219,Japan,Croatia,,0,106,0,1,0.1011,0,6,4,0,0,0,3,1,2022-12-05
8949,Takuma Asano,Japan,2022,3869219,Japan,Croatia,,0,122,1,1,0.7835,0,11,8,1,0,1,1,0,2022-12-05
37211,Kaoru Mitoma,Japan,2022,3869219,Japan,Croatia,,0,121,0,2,0.8376,0,31,22,2,0,0,0,0,2022-12-05
11603,Mario Pašalić,Croatia,2022,3869219,Japan,Croatia,,0,124,1,3,0.8716,0,17,10,0,0,2,0,1,2022-12-05
3530,Hiroki Sakai,Japan,2022,3869219,Japan,Croatia,,0,120,0,0,0.0,0,22,14,0,0,0,2,0,2022-12-05
8776,Takumi Minamino,Japan,2022,3869219,Japan,Croatia,,0,120,0,2,0.8202,0,14,10,0,0,0,0,0,2022-12-05
28914,Lovro Majer,Croatia,2022,3869219,Japan,Croatia,,0,120,0,1,0.065,0,18,17,1,1,1,0,1,2022-12-05
3441,Nikola Vlašić,Croatia,2022,3869219,Japan,Croatia,,0,120,1,1,0.7835,0,9,8,0,0,0,0,0,2022-12-05
22041,Marko Livaja,Croatia,2022,3869219,Japan,Croatia,,0,123,0,2,0.8307,0,4,3,0,0,0,0,0,2022-12-05
16527,Mislav Oršić,Croatia,2022,3869219,Japan,Croatia,,0,120,0,1,0.0097,1,5,3,1,1,0,0,0,2022-12-05
37208,Ao Tanaka,Japan,2022,3869219,Japan,Croatia,,0,119,0,0,0.0,0,9,7,0,0,1,1,0,2022-12-05
3083,Heung-Min Son,South Korea,2022,3869253,Brazil,South Korea,,0,92,0,1,0.1491,1,34,22,2,1,1,1,2,2022-12-05
5618,Woo-Young Jung,South Korea,2022,3869253,Brazil,South Korea,,0,49,0,0,0.0,0,36,32,0,0,2,2,0,2022-12-05
23763,In-Beom Hwang,South Korea,2022,3869253,Brazil,South Korea,,0,64,0,1,0.0267,0,49,40,1,1,0,1,0,2022-12-05
5604,Young-Gwon Kim,South Korea,2022,3869253,Brazil,South Korea,,0,93,0,0,0.0,1,62,55,0,0,3,0,2,2022-12-05
43565,Min Jae Kim,South Korea,2022,3869253,Brazil,South Korea,,0,93,0,0,0.0,0,65,62,0,0,3,0,0,2022-12-05
4320,Neymar da Silva Santos Junior,Brazil,2022,3869253,Brazil,South Korea,,0,80,1,3,1.136,1,46,37,5,2,0,0,3,2022-12-05
3295,Thiago Emiliano da Silva,Brazil,2022,3869253,Brazil,South Korea,,0,93,0,0,0.0,1,86,82,0,0,2,0,1,2022-12-05
22600,Lucas Tolentino Coelho de Lima,Brazil,2022,3869253,Brazil,South Korea,,0,93,1,2,0.344,3,58,53,0,0,1,0,1,2022-12-05
5620,Hee-Chan Hwang,South Korea,2022,3869253,Brazil,South Korea,,0,93,0,5,0.1459,0,53,43,7,2,1,3,1,2022-12-05
10595,Raphael Dias Belloli,Brazil,2022,3869253,Brazil,South Korea,,0,89,0,5,0.3592,3,47,36,5,3,2,1,1,2022-12-05
3280,Richarlison de Andrade,Brazil,2022,3869253,Brazil,South Korea,,0,93,1,2,0.8061,1,21,17,5,2,1,3,2,2022-12-05
40538,Jin-Su Kim,South Korea,2022,3869253,Brazil,South Korea,,0,48,0,0,0.0,0,26,21,0,0,3,0,1,2022-12-05
40542,Gue-Sung Cho,South Korea,2022,3869253,Brazil,South Korea,,0,79,0,0,0.0,0,12,10,1,0,1,2,2,2022-12-05
4372,Marcos Aoás Corrêa,Brazil,2022,3869253,Brazil,South Korea,,0,93,0,0,0.0,0,72,66,0,0,1,0,0,2022-12-05
3063,Danilo Luiz da Silva,Brazil,2022,3869253,Brazil,South Korea,,0,71,0,0,0.0,0,74,67,0,0,0,1,0,2022-12-05
18395,Vinícius José Paixão de Oliveira Júnior,Brazil,2022,3869253,Brazil,South Korea,,0,71,1,2,0.187,2,29,23,3,2,1,0,0,2022-12-05
40672,Moon-Hwan Kim,South Korea,2022,3869253,Brazil,South Korea,,0,93,0,0,0.0,0,52,47,2,2,3,0,0,2022-12-05
5539,Carlos Henrique Casimiro,Brazil,2022,3869253,Brazil,South Korea,,0,93,0,1,0.0294,0,76,65,1,1,0,2,2,2022-12-05
5623,Jae-Sung Lee,South Korea,2022,3869253,Brazil,South Korea,,0,73,0,0,0.0,2,46,40,0,0,1,0,0,2022-12-05
13620,Éder Gabriel Militão,Brazil,2022,3869253,Brazil,South Korea,,0,62,0,0,0.0,0,48,47,0,0,0,0,0,2022-12-05
5547,Alisson Ramsés Becker,Brazil,2022,3869253,Brazil,South Korea,,0,79,0,0,0.0,0,22,20,0,0,0,0,0,2022-12-05
37641,Seung-Gyu Kim,South Korea,2022,3869253,Brazil,South Korea,,0,93,0,0,0.0,0,28,22,0,0,0,0,0,2022-12-05
40558,Jun-Ho Son,South Korea,2022,3869253,Brazil,South Korea,,0,93,0,0,0.0,0,40,39,0,0,2,2,0,2022-12-05
5986,Chul Hong,South Korea,2022,3869253,Brazil,South Korea,,0,89,0,0,0.0,1,20,17,0,0,1,0,0,2022-12-05
4324,Daniel Alves da Silva,Brazil,2022,3869253,Brazil,South Korea,,0,93,0,2,0.0551,0,19,17,0,0,0,0,0,2022-12-05
23264,Seung-Ho Paik,South Korea,2022,3869253,Brazil,South Korea,,0,93,1,1,0.0231,0,24,19,0,0,1,1,0,2022-12-05
29976,Gabriel Teodoro Martinelli Silva,Brazil,2022,3869253,Brazil,South Korea,,0,93,0,0,0.0,1,12,10,2,1,0,0,1,2022-12-05
11493,Gleison Bremer Silva Nascimento,Brazil,2022,3869253,Brazil,South Korea,,0,93,0,1,0.3444,0,19,17,0,0,0,1,0,2022-12-05
22740,Kang-In Lee,South Korea,2022,3869253,Brazil,South Korea,,0,93,0,0,0.0,0,8,7,0,0,0,0,0,2022-12-05
25101,Weverton Pereira da Silva,Brazil,2022,3869253,Brazil,South Korea,,0,90,0,0,0.0,0,5,4,0,0,0,0,0,2022-12-05
25104,Rodrygo Silva de Goes,Brazil,2022,3869253,Brazil,South Korea,,0,93,0,0,0.0,0,7,5,0,0,0,0,0,2022-12-05
29966,Ui-Jo Hwang,South Korea,2022,3869253,Brazil,South Korea,,0,93,0,0,0.0,0,0,0,0,0,0,0,0,2022-12-05
3604,Olivier Giroud,France,2022,3869152,France,Poland,,0,75,1,3,0.4568,0,16,12,0,0,0,1,1,2022-12-04
10481,Aurélien Djani Tchouaméni,France,2022,3869152,France,Poland,,0,65,0,1,0.0172,1,72,65,1,0,3,1,1,2022-12-04
4445,Jules Koundé,France,2022,3869152,France,Poland,,0,91,0,1,0.0162,1,68,64,1,1,0,0,1,2022-12-04
3099,Hugo Lloris,France,2022,3869152,France,Poland,,0,98,0,0,0.0,0,29,17,0,0,0,0,0,2022-12-04
3637,Grzegorz Krychowiak,Poland,2022,3869152,France,Poland,,0,70,0,0,0.0,0,46,38,1,1,2,2,1,2022-12-04
5477,Ousmane Dembélé,France,2022,3869152,France,Poland,,0,75,0,2,0.1169,2,43,35,0,0,0,1,1,2022-12-04
5673,Bartosz Bereszyński,Poland,2022,3869152,France,Poland,,0,94,0,0,0.0,0,51,43,4,3,1,2,1,2022-12-04
5660,Piotr Zieliński,Poland,2022,3869152,France,Poland,,0,94,0,2,0.349,2,69,60,1,1,0,0,0,2022-12-04
3026,Adrien Rabiot,France,2022,3869152,France,Poland,,0,89,0,0,0.0,1,61,52,0,0,2,1,0,2022-12-04
5487,Antoine Griezmann,France,2022,3869152,France,Poland,,0,94,0,1,0.0088,3,56,40,1,0,3,0,3,2022-12-04
5669,Wojciech Szczęsny,Poland,2022,3869152,France,Poland,,0,90,0,0,0.0,0,30,18,0,0,0,0,2,2022-12-04
5668,Robert Lewandowski,Poland,2022,3869152,France,Poland,,0,98,1,5,1.0249,1,27,24,1,0,1,2,1,2022-12-04
3009,Kylian Mbappé Lottin,France,2022,3869152,France,Poland,,0,90,2,5,0.2618,2,41,34,8,7,0,1,1,2022-12-04
4734,Matty Cash,Poland,2022,3869152,France,Poland,,0,89,0,1,0.0235,1,46,38,0,0,1,1,0,2022-12-04
6704,Theo Bernard François Hernández,France,2022,3869152,France,Poland,,0,91,0,2,0.1026,0,72,67,1,1,1,1,0,2022-12-04
8519,Dayotchanculle Upamecano,France,2022,3869152,France,Poland,,0,95,0,0,0.0,0,59,52,0,0,3,3,0,2022-12-04
5485,Raphaël Varane,France,2022,3869152,France,Poland,,0,94,0,1,0.1463,0,42,37,1,1,3,1,0,2022-12-04
7979,Przemysław Frankowski,Poland,2022,3869152,France,Poland,,0,86,0,1,0.0436,0,22,16,0,0,1,1,1,2022-12-04
4664,Sebastian Szymański,Poland,2022,3869152,France,Poland,,0,63,0,0,0.0,0,15,11,1,1,1,0,0,2022-12-04
3034,Kamil Glik,Poland,2022,3869152,France,Poland,,0,94,0,1,0.0412,0,40,38,0,0,0,1,1,2022-12-04
44166,Jakub Piotr Kiwior,Poland,2022,3869152,France,Poland,,0,86,0,0,0.0,0,74,67,0,0,0,0,0,2022-12-04
31955,Jakub Kamiński,Poland,2022,3869152,France,Poland,,0,70,0,2,0.1112,0,19,12,2,2,0,0,1,2022-12-04
5665,Arkadiusz Milik,Poland,2022,3869152,France,Poland,,0,94,0,0,0.0,0,11,7,0,0,0,0,0,2022-12-04
11990,Youssouf Fofana,France,2022,3869152,France,Poland,,0,94,0,0,0.0,0,13,12,0,0,0,1,0,2022-12-04
11737,Krystian Bielik,Poland,2022,3869152,France,Poland,,0,94,0,0,0.0,0,21,20,0,0,1,0,1,2022-12-04
50502,Nicola Zalewski,Poland,2022,3869152,France,Poland,,0,89,0,0,0.0,0,5,4,0,0,0,1,1,2022-12-04
2972,Marcus Thuram,France,2022,3869152,France,Poland,,0,92,0,0,0.0,1,8,7,0,0,0,0,2,2022-12-04
8217,Kingsley Coman,France,2022,3869152,France,Poland,,0,93,0,0,0.0,0,10,8,0,0,0,0,0,2022-12-04
4626,Jan Bednarek,Poland,2022,3869152,France,Poland,,0,94,0,0,0.0,0,6,6,0,0,0,0,0,2022-12-04
5667,Kamil Grosicki,Poland,2022,3869152,France,Poland,,0,95,0,0,0.0,1,6,4,1,1,0,0,0,2022-12-04
7439,Axel Disasi,France,2022,3869152,France,Poland,,0,94,0,0,0.0,0,3,3,0,0,0,0,0,2022-12-04
2988,Memphis Depay,Netherlands,2022,3869117,Netherlands,United States,,0,82,1,4,0.4937,1,30,23,4,2,0,0,1,2022-12-03
8118,Frenkie de Jong,Netherlands,2022,3869117,Netherlands,United States,,0,95,0,0,0.0,1,43,35,1,0,0,2,0,2022-12-03
22433,Jesus Ferreira,United States,2022,3869117,Netherlands,United States,,0,45,0,0,0.0,0,20,17,0,0,0,0,1,2022-12-03
6994,Marten de Roon,Netherlands,2022,3869117,Netherlands,United States,,0,45,0,0,0.0,0,17,12,0,0,0,0,0,2022-12-03
21809,Jurriën David Norman Timber,Netherlands,2022,3869117,Netherlands,United States,,0,94,0,0,0.0,0,44,36,0,0,1,3,1,2022-12-03
8326,Andries Noppert,Netherlands,2022,3869117,Netherlands,United States,,0,96,0,0,0.0,0,37,23,0,0,0,0,0,2022-12-03
8246,Christian Pulisic,United States,2022,3869117,Netherlands,United States,,0,91,0,3,0.3913,4,36,19,4,1,0,0,4,2022-12-03
3311,Daley Blind,Netherlands,2022,3869117,Netherlands,United States,,0,95,1,2,0.3236,1,41,32,2,1,1,0,0,2022-12-03
21881,Sergino Dest,United States,2022,3869117,Netherlands,United States,,0,74,0,2,0.0903,0,38,33,5,2,1,0,0,2022-12-03
12524,Walker Zimmerman,United States,2022,3869117,Netherlands,United States,,0,94,0,1,0.0567,0,75,66,0,0,4,1,0,2022-12-03
18242,Tim Ream,United States,2022,3869117,Netherlands,United States,,0,94,0,1,0.2582,0,84,72,0,0,2,0,1,2022-12-03
20750,Cody Mathès Gakpo,Netherlands,2022,3869117,Netherlands,United States,,0,92,0,1,0.0531,4,29,22,5,3,1,1,0,2022-12-03
3377,Timothy Weah,United States,2022,3869117,Netherlands,United States,,0,66,0,2,0.0717,2,24,21,0,0,0,0,0,2022-12-03
12751,Tyler Adams,United States,2022,3869117,Netherlands,United States,,0,95,0,0,0.0,2,86,79,0,0,3,0,1,2022-12-03
4614,Antonee Robinson,United States,2022,3869117,Netherlands,United States,,0,91,0,0,0.0,0,78,57,3,2,2,0,0,2022-12-03
8125,Denzel Dumfries,Netherlands,2022,3869117,Netherlands,United States,,0,94,1,1,0.2359,2,48,27,1,0,2,1,0,2022-12-03
8526,Weston McKennie,United States,2022,3869117,Netherlands,United States,,0,66,0,3,0.1607,1,40,30,0,0,1,0,0,2022-12-03
38792,Yunus Dimoara Musah,United States,2022,3869117,Netherlands,United States,,0,94,0,1,0.0545,0,52,39,2,1,2,0,0,2022-12-03
3306,Nathan Aké,Netherlands,2022,3869117,Netherlands,United States,,0,92,0,0,0.0,0,32,30,0,0,0,0,1,2022-12-03
4318,Davy Klaassen,Netherlands,2022,3869117,Netherlands,United States,,0,45,0,0,0.0,0,16,9,0,0,0,0,0,2022-12-03
3669,Virgil van Dijk,Netherlands,2022,3869117,Netherlands,United States,,0,93,0,1,0.0804,1,47,43,0,0,0,2,0,2022-12-03
12352,Matthew Charles Turner,United States,2022,3869117,Netherlands,United States,,0,96,0,0,0.0,0,24,18,0,0,0,0,1,2022-12-03
34339,Giovanni Reyna,United States,2022,3869117,Netherlands,United States,,0,94,0,2,0.086,3,31,24,1,1,0,0,1,2022-12-03
8259,Steven Bergwijn,Netherlands,2022,3869117,Netherlands,United States,,0,89,0,1,0.2504,0,19,18,3,1,0,1,0,2022-12-03
7891,Teun Koopmeiners,Netherlands,2022,3869117,Netherlands,United States,,0,95,0,1,0.0447,0,25,16,0,0,2,1,0,2022-12-03
24243,Brenden Aaronson,United States,2022,3869117,Netherlands,United States,,0,95,0,0,0.0,1,9,8,2,0,0,2,2,2022-12-03
22008,Haji Wright,United States,2022,3869117,Netherlands,United States,,0,95,1,3,0.4827,1,8,8,0,0,0,0,0,2022-12-03
3658,DeAndre Yedlin,United States,2022,3869117,Netherlands,United States,,0,94,0,0,0.0,0,12,8,0,0,0,2,0,2022-12-03
39167,Xavi Simons,Netherlands,2022,3869117,Netherlands,United States,,0,95,0,0,0.0,0,10,6,0,0,0,0,1,2022-12-03
23789,Jordan Morris,United States,2022,3869117,Netherlands,United States,,0,96,0,0,0.0,0,1,0,0,0,0,0,0,2022-12-03
8069,Matthijs de Ligt,Netherlands,2022,3869117,Netherlands,United States,,0,93,0,0,0.0,0,0,0,0,0,0,0,0,2022-12-03
7829,Wout Weghorst,Netherlands,2022,3869117,Netherlands,United States,,0,96,0,0,0.0,0,1,0,0,0,0,0,0,2022-12-03
32478,Darwin Gabriel Núñez Ribeiro,Uruguay,2022,3857270,Portugal,Uruguay,,0,71,0,1,0.0309,0,17,11,0,0,0,1,0,2022-11-28
5255,Matías Vecino Falero,Uruguay,2022,3857270,Portugal,Uruguay,,0,61,0,0,0.0,1,17,11,0,0,0,3,0,2022-11-28
5259,José María Giménez de Vargas,Uruguay,2022,3857270,Portugal,Uruguay,,0,99,0,1,0.0506,0,51,40,1,0,2,4,1,2022-11-28
5204,Bruno Miguel Borges Fernandes,Portugal,2022,3857270,Portugal,Uruguay,,0,99,2,6,0.9673,0,59,48,3,1,1,1,1,2022-11-28
12041,João Félix Sequeira,Portugal,2022,3857270,Portugal,Uruguay,,0,82,0,3,0.0923,1,36,30,0,0,0,4,4,2022-11-28
5264,Guillermo Varela Olivera,Uruguay,2022,3857270,Portugal,Uruguay,,0,99,0,0,0.0,1,33,23,0,0,0,0,2,2022-11-28
5207,Cristiano Ronaldo dos Santos Aveiro,Portugal,2022,3857270,Portugal,Uruguay,,0,82,0,3,0.0632,3,40,30,1,0,0,0,1,2022-11-28
6773,Federico Santiago Valverde Dipetta,Uruguay,2022,3857270,Portugal,Uruguay,,0,99,0,1,0.0196,1,49,38,1,1,2,3,0,2022-11-28
5214,William Silva de Carvalho,Portugal,2022,3857270,Portugal,Uruguay,,0,82,0,1,0.0487,0,63,59,0,0,1,0,1,2022-11-28
41092,Nuno Mendes,Portugal,2022,3857270,Portugal,Uruguay,,0,41,0,0,0.0,1,34,30,2,1,1,0,2,2022-11-28
5206,Rúben Santos Gato Alves Dias,Portugal,2022,3857270,Portugal,Uruguay,,0,96,0,0,0.0,0,61,57,0,0,0,0,1,2022-11-28
32975,Diogo Meireles Costa,Portugal,2022,3857270,Portugal,Uruguay,,0,99,0,0,0.0,0,39,22,0,0,0,0,0,2022-11-28
20016,Kléper Laveran Lima Ferreira,Portugal,2022,3857270,Portugal,Uruguay,,0,99,0,0,0.0,0,60,51,0,0,1,0,1,2022-11-28
3193,Bernardo Mota Veiga de Carvalho e Silva,Portugal,2022,3857270,Portugal,Uruguay,,0,97,0,0,0.0,3,65,55,2,1,0,1,0,2022-11-28
5249,Diego Roberto Godín Leal,Uruguay,2022,3857270,Portugal,Uruguay,,0,61,0,0,0.0,0,23,19,0,0,0,0,0,2022-11-28
5260,Rodrigo Bentancur Colmán,Uruguay,2022,3857270,Portugal,Uruguay,,0,99,0,2,0.5684,1,61,49,2,2,4,2,3,2022-11-28
36710,Sergio Rochet Álvarez,Uruguay,2022,3857270,Portugal,Uruguay,,0,98,0,0,0.0,0,26,15,0,0,0,0,0,2022-11-28
7005,João Pedro Cavaco Cancelo,Portugal,2022,3857270,Portugal,Uruguay,,0,96,0,0,0.0,1,60,51,3,1,1,1,0,2022-11-28
9927,Rúben Diogo Da Silva Neves,Portugal,2022,3857270,Portugal,Uruguay,,0,68,0,1,0.0153,1,52,44,0,0,0,1,2,2022-11-28
7104,Mathías Olivera Miramontes,Uruguay,2022,3857270,Portugal,Uruguay,,0,85,0,2,0.081,2,33,27,0,0,1,1,1,2022-11-28
4319,Edinson Roberto Cavani Gómez,Uruguay,2022,3857270,Portugal,Uruguay,,0,72,0,1,0.074,1,20,13,0,0,0,0,0,2022-11-28
6300,Sebastián Coates Nión,Uruguay,2022,3857270,Portugal,Uruguay,,0,99,0,0,0.0,0,50,38,0,0,0,1,0,2022-11-28
5209,Raphaël Adelino José Guerreiro,Portugal,2022,3857270,Portugal,Uruguay,,0,99,0,0,0.0,1,28,24,1,0,0,0,0,2022-11-28
5258,Giorgian Daniel De Arrascaeta Benedetti,Uruguay,2022,3857270,Portugal,Uruguay,,0,99,0,1,0.2561,1,25,20,1,0,0,0,0,2022-11-28
36288,Facundo Pellistri Rebollo,Uruguay,2022,3857270,Portugal,Uruguay,,0,99,0,0,0.0,2,11,9,0,0,0,0,1,2022-11-28
18360,Rafael Alexandre Conceição Leão,Portugal,2022,3857270,Portugal,Uruguay,,0,99,0,1,0.0269,0,10,8,1,1,1,1,0,2022-11-28
5246,Luis Alberto Suárez Díaz,Uruguay,2022,3857270,Portugal,Uruguay,,0,100,0,1,0.0884,0,7,5,0,0,0,0,2,2022-11-28
6297,Maximiliano Gómez González,Uruguay,2022,3857270,Portugal,Uruguay,,0,98,0,1,0.0476,0,4,2,0,0,0,1,0,2022-11-28
12169,João Maria Lobo Alves Palhinha Gonçalves,Portugal,2022,3857270,Portugal,Uruguay,,0,99,0,0,0.0,1,10,7,1,1,1,1,0,2022-11-28
38803,Gonçalo Matias Ramos,Portugal,2022,3857270,Portugal,Uruguay,,0,95,0,0,0.0,0,5,5,0,0,0,1,0,2022-11-28
40874,Matheus Luiz Nunes,Portugal,2022,3857270,Portugal,Uruguay,,0,99,0,0,0.0,0,4,4,0,0,0,0,0,2022-11-28
34476,Matías Nicolás Viña Susperreguy,Uruguay,2022,3857270,Portugal,Uruguay,,0,99,0,0,0.0,0,11,4,1,1,0,0,0,2022-11-28
133353,Pablo Martín Páez Gavira,Spain,2022,3857263,Spain,Germany,,0,65,0,0,0.0,1,12,10,1,0,0,4,2,2022-11-27
4353,Aymeric Laporte,Spain,2022,3857263,Spain,Germany,,0,91,0,0,0.0,0,98,89,0,0,2,0,0,2022-11-27
6765,Rodrigo Hernández Cascante,Spain,2022,3857263,Spain,Germany,,0,94,0,0,0.0,1,105,95,0,0,0,2,0,2022-11-27
6748,Ferrán Torres García,Spain,2022,3857263,Spain,Germany,,0,53,0,2,0.1168,0,20,11,3,0,0,1,2,2022-11-27
30486,Pedro González López,Spain,2022,3857263,Spain,Germany,,0,93,0,0,0.0,0,63,59,4,2,3,0,2,2022-11-27
6322,Niklas Süle,Germany,2022,3857263,Spain,Germany,,0,92,0,0,0.0,0,47,41,0,0,1,0,1,2022-11-27
5211,Jordi Alba Ramos,Spain,2022,3857263,Spain,Germany,,0,81,0,1,0.0217,2,82,71,1,1,1,1,1,2022-11-27
8511,Thilo Kehrer,Germany,2022,3857263,Spain,Germany,,0,69,0,0,0.0,0,28,21,0,0,2,4,0,2022-11-27
16532,Daniel Olmo Carvajal,Spain,2022,3857263,Spain,Germany,,0,91,0,2,0.044,1,41,33,4,0,3,2,5,2022-11-27
5562,Thomas Müller,Germany,2022,3857263,Spain,Germany,,0,69,0,0,0.0,0,12,8,0,0,0,0,0,2022-11-27
6324,Leon Goretzka,Germany,2022,3857263,Spain,Germany,,0,94,0,1,0.0364,0,26,19,1,0,2,4,4,2022-11-27
10287,İlkay Gündoğan,Germany,2022,3857263,Spain,Germany,,0,69,0,0,0.0,1,17,13,3,1,1,0,1,2022-11-27
5721,Daniel Carvajal Ramos,Spain,2022,3857263,Spain,Germany,,0,94,0,0,0.0,0,74,65,1,0,0,0,2,2022-11-27
39565,Jamal Musiala,Germany,2022,3857263,Spain,Germany,,0,94,0,1,0.29,2,20,17,12,8,2,0,3,2022-11-27
8400,Serge Gnabry,Germany,2022,3857263,Spain,Germany,,0,84,0,2,0.0535,0,18,12,3,2,3,2,2,2022-11-27
5203,Sergio Busquets i Burgos,Spain,2022,3857263,Spain,Germany,,0,94,0,0,0.0,1,44,41,1,1,1,2,0,2022-11-27
5570,Manuel Neuer,Germany,2022,3857263,Spain,Germany,,0,85,0,0,0.0,0,39,32,0,0,0,0,0,2022-11-27
3167,Antonio Rüdiger,Germany,2022,3857263,Spain,Germany,,0,94,0,2,0.0154,0,48,41,0,0,0,0,1,2022-11-27
12034,David Raum,Germany,2022,3857263,Spain,Germany,,0,86,0,0,0.0,2,46,33,1,1,5,2,0,2022-11-27
5719,Marco Asensio Willemsen,Spain,2022,3857263,Spain,Germany,,0,65,0,1,0.1384,1,34,29,0,0,0,2,1,2022-11-27
5579,Joshua Kimmich,Germany,2022,3857263,Spain,Germany,,0,95,0,2,0.1492,1,39,30,1,1,1,2,0,2022-11-27
11748,Unai Simón Mendibil,Spain,2022,3857263,Spain,Germany,,0,95,0,0,0.0,0,51,47,0,0,0,0,0,2022-11-27
3477,Álvaro Borja Morata Martín,Spain,2022,3857263,Spain,Germany,,0,88,1,1,0.3187,0,8,4,1,0,0,0,0,2022-11-27
5199,Jorge Resurrección Merodio,Spain,2022,3857263,Spain,Germany,,0,91,0,0,0.0,0,13,8,0,0,1,0,0,2022-11-27
68574,Nicholas Williams Arthuer,Spain,2022,3857263,Spain,Germany,,0,94,0,0,0.0,0,9,8,2,2,1,0,0,2022-11-27
8507,Lukas Klostermann,Germany,2022,3857263,Spain,Germany,,0,94,0,0,0.0,0,9,8,0,0,1,0,0,2022-11-27
8546,Niclas Füllkrug,Germany,2022,3857263,Spain,Germany,,0,94,1,3,0.6026,0,7,5,1,1,0,0,1,2022-11-27
3053,Leroy Sané,Germany,2022,3857263,Spain,Germany,,0,94,0,0,0.0,1,9,7,2,1,0,0,0,2022-11-27
39161,Alejandro Balde Martínez,Spain,2022,3857263,Spain,Germany,,0,94,0,0,0.0,0,9,8,0,0,0,0,0,2022-11-27
24118,Nico Schlotterbeck,Germany,2022,3857263,Spain,Germany,,0,94,0,0,0.0,0,4,3,0,0,1,1,0,2022-11-27
8804,Jonas Hofmann,Germany,2022,3857263,Spain,Germany,,0,94,0,0,0.0,0,2,1,0,0,0,0,0,2022-11-27
4269,Aleksandar Mitrović,Serbia,2022,3857259,Cameroon,Serbia,,0,90,1,7,1.3495,1,22,18,1,1,0,0,0,2022-11-28
6687,Saša Lukić,Serbia,2022,3857259,Cameroon,Serbia,,0,95,0,1,0.0397,0,72,62,0,0,1,0,1,2022-11-28
27719,Strahinja Pavlović,Serbia,2022,3857259,Cameroon,Serbia,,0,55,1,1,0.0789,0,27,24,1,1,1,2,0,2022-11-28
6321,Milos Veljkovic,Serbia,2022,3857259,Cameroon,Serbia,,0,77,0,0,0.0,0,35,30,0,0,0,0,0,2022-11-28
3499,Jean-Eric Maxim Choupo-Moting,Cameroon,2022,3857259,Cameroon,Serbia,,0,92,1,1,0.4694,2,27,19,4,3,0,0,1,2022-11-28
5603,Nikola Milenković,Serbia,2022,3857259,Cameroon,Serbia,,0,92,0,1,0.0305,0,49,43,0,0,1,4,0,2022-11-28
6318,Andrija Živković,Serbia,2022,3857259,Cameroon,Serbia,,0,77,0,0,0.0,3,43,32,0,0,0,1,1,2022-11-28
5589,Sergej Milinković-Savić,Serbia,2022,3857259,Cameroon,Serbia,,0,78,1,3,0.2003,0,48,36,2,2,2,0,4,2022-11-28
16346,Ngoran Suiru Fai Collins,Cameroon,2022,3857259,Cameroon,Serbia,,0,95,0,0,0.0,2,67,44,0,0,2,2,2,2022-11-28
30016,Martin Hongla Yma II,Cameroon,2022,3857259,Cameroon,Serbia,,0,54,0,0,0.0,0,29,22,1,1,2,1,1,2022-11-28
15326,Devis Rogers Epassy Mboka,Cameroon,2022,3857259,Cameroon,Serbia,,0,94,0,0,0.0,0,42,26,0,0,0,0,0,2022-11-28
7426,Jean-Charles Castelletto,Cameroon,2022,3857259,Cameroon,Serbia,,0,95,1,1,0.8945,1,33,24,0,0,4,1,1,2022-11-28
5591,Filip Kostić,Serbia,2022,3857259,Cameroon,Serbia,,0,90,0,1,0.012,0,56,38,1,0,1,2,1,2022-11-28
12623,Pierre Kunde Malong,Cameroon,2022,3857259,Cameroon,Serbia,,0,67,0,4,0.1806,1,26,17,0,0,1,1,0,2022-11-28
3141,André-Frank Zambo Anguissa,Cameroon,2022,3857259,Cameroon,Serbia,,0,80,0,0,0.0,0,25,20,0,0,1,1,0,2022-11-28
7472,Nicolas Alexis Julio N'Koulou Ndoubena,Cameroon,2022,3857259,Cameroon,Serbia,,0,89,0,2,0.1367,0,33,27,0,0,2,1,1,2022-11-28
13454,Nouhou Tolo,Cameroon,2022,3857259,Cameroon,Serbia,,0,89,0,0,0.0,0,38,25,2,1,5,0,1,2022-11-28
3551,Karl Brillant Toko Ekambi,Cameroon,2022,3857259,Cameroon,Serbia,,0,66,0,1,0.0213,0,11,7,0,0,1,0,1,2022-11-28
20600,Vanja Milinković Savić,Serbia,2022,3857259,Cameroon,Serbia,,0,96,0,0,0.0,0,36,27,0,0,0,0,0,2022-11-28
6901,Nemanja Maksimović,Serbia,2022,3857259,Cameroon,Serbia,,0,96,0,0,0.0,1,33,29,0,0,2,0,1,2022-11-28
3831,Dušan Tadić,Serbia,2022,3857259,Cameroon,Serbia,,0,95,0,0,0.0,4,56,40,1,1,1,6,1,2022-11-28
4935,Bryan Mbeumo,Cameroon,2022,3857259,Cameroon,Serbia,,0,80,0,0,0.0,2,23,13,3,0,0,0,3,2022-11-28
46903,Christian Mougang Bassogog,Cameroon,2022,3857259,Cameroon,Serbia,,0,95,0,0,0.0,0,9,5,4,2,1,0,1,2022-11-28
6319,Luka Jović,Serbia,2022,3857259,Cameroon,Serbia,,0,48,0,0,0.0,0,0,0,0,0,0,0,0,2022-11-28
10477,Stefan Mitrović,Serbia,2022,3857259,Cameroon,Serbia,,0,95,0,0,0.0,0,19,17,0,0,0,0,0,2022-11-28
11174,Vincent Paté Aboubakar,Cameroon,2022,3857259,Cameroon,Serbia,,0,94,1,3,0.3606,1,8,7,5,4,0,1,0,2022-11-28
28966,Gaël Ondoua,Cameroon,2022,3857259,Cameroon,Serbia,,0,94,0,0,0.0,0,10,10,0,0,1,1,1,2022-11-28
3512,Marko Grujić,Serbia,2022,3857259,Cameroon,Serbia,,0,95,0,1,0.0274,0,17,14,1,0,0,1,0,2022-11-28
18737,Srđan Babić,Serbia,2022,3857259,Cameroon,Serbia,,0,94,0,0,0.0,0,15,11,0,0,0,0,0,2022-11-28
5833,Nemanja Radonjić,Serbia,2022,3857259,Cameroon,Serbia,,0,95,0,0,0.0,0,5,4,0,0,0,0,0,2022-11-28
3639,Georges-Kévin Nkoudou Mbida,Cameroon,2022,3857259,Cameroon,Serbia,,0,95,0,1,0.007,0,8,6,1,0,0,0,2,2022-11-28
8591,Samuel Yves Oum Gwet,Cameroon,2022,3857259,Cameroon,Serbia,,0,96,0,0,0.0,0,6,4,0,0,0,0,0,2022-11-28
7117,Filip Đuričić,Serbia,2022,3857259,Cameroon,Serbia,,0,94,0,0,0.0,1,3,3,0,0,0,0,0,2022-11-28
3457,Michy Batshuayi Tunga,Belgium,2022,3857283,Belgium,Morocco,,0,74,0,1,0.1356,1,10,7,1,1,0,2,0,2022-11-27
5642,Axel Witsel,Belgium,2022,3857283,Belgium,Morocco,,0,95,0,0,0.0,0,79,77,0,0,0,1,1,2022-11-27
20005,Toby Alderweireld,Belgium,2022,3857283,Belgium,Morocco,,0,93,0,0,0.0,0,100,94,0,0,0,0,0,2022-11-27
48347,Amadou Onana,Belgium,2022,3857283,Belgium,Morocco,,0,59,0,2,0.2918,0,43,39,0,0,0,2,3,2022-11-27
3077,Jan Vertonghen,Belgium,2022,3857283,Belgium,Morocco,,0,94,0,1,0.0373,0,104,97,0,0,0,0,2,2022-11-27
46258,Azzedine Ounahi,Morocco,2022,3857283,Belgium,Morocco,,0,77,0,1,0.0233,1,30,26,1,0,1,0,1,2022-11-27
3176,Thomas Meunier,Belgium,2022,3857283,Belgium,Morocco,,0,80,0,1,0.0503,1,48,39,1,1,1,2,0,2022-11-27
3089,Kevin De Bruyne,Belgium,2022,3857283,Belgium,Morocco,,0,93,0,3,0.0527,1,63,45,2,1,0,0,2,2022-11-27
5234,Sofyan Amrabat,Morocco,2022,3857283,Belgium,Morocco,,0,94,0,0,0.0,0,40,35,1,0,1,3,1,2022-11-27
5219,Romain Saïss,Morocco,2022,3857283,Belgium,Morocco,,0,94,1,1,0.565,0,39,32,0,0,0,2,0,2022-11-27
3621,Eden Hazard,Belgium,2022,3857283,Belgium,Morocco,,0,59,0,1,0.0092,1,30,25,4,1,0,0,3,2022-11-27
23774,Selim Amallah,Morocco,2022,3857283,Belgium,Morocco,,0,66,0,1,0.0541,1,19,17,0,0,3,3,0,2022-11-27
5237,Hakim Ziyech,Morocco,2022,3857283,Belgium,Morocco,,0,94,0,2,0.0409,2,30,21,8,3,0,2,3,2022-11-27
6989,Timothy Castagne,Belgium,2022,3857283,Belgium,Morocco,,0,91,0,0,0.0,0,75,65,1,0,0,1,0,2022-11-27
6301,Youssef En-Nesyri,Morocco,2022,3857283,Belgium,Morocco,,0,71,0,0,0.0,0,6,4,1,1,0,0,0,2022-11-27
3509,Thibaut Courtois,Belgium,2022,3857283,Belgium,Morocco,,0,94,0,0,0.0,0,36,34,1,1,0,0,0,2022-11-27
12149,Nayef Aguerd,Morocco,2022,3857283,Belgium,Morocco,,0,86,0,0,0.0,1,42,38,0,0,1,1,0,2022-11-27
5632,Thorgan Hazard,Belgium,2022,3857283,Belgium,Morocco,,0,74,0,0,0.0,3,48,30,1,0,0,2,2,2022-11-27
5245,Achraf Hakimi Mouh,Morocco,2022,3857283,Belgium,Morocco,,0,66,0,1,0.0542,2,38,30,1,0,0,0,0,2022-11-27
3625,Sofiane Boufal,Morocco,2022,3857283,Belgium,Morocco,,0,71,0,1,0.0137,0,22,21,3,2,0,0,3,2022-11-27
5233,Munir Mohand Mohamedi,Morocco,2022,3857283,Belgium,Morocco,,0,94,0,0,0.0,0,27,18,0,0,0,0,0,2022-11-27
15890,Noussair Mazraoui,Morocco,2022,3857283,Belgium,Morocco,,0,83,0,1,0.0222,0,31,28,0,0,0,1,0,2022-11-27
2954,Youri Tielemans,Belgium,2022,3857283,Belgium,Morocco,,0,93,0,0,0.0,0,30,27,0,0,1,0,0,2022-11-27
5630,Dries Mertens,Belgium,2022,3857283,Belgium,Morocco,,0,93,0,1,0.0657,1,18,11,1,1,0,0,2,2022-11-27
31295,Yahia Attiyat allah,Morocco,2022,3857283,Belgium,Morocco,,0,89,0,0,0.0,0,6,4,1,1,0,0,1,2022-11-27
3634,Abdelhamid Sabiri,Morocco,2022,3857283,Belgium,Morocco,,0,94,0,0,0.0,3,6,5,0,0,1,2,0,2022-11-27
16559,Leandro Trossard,Belgium,2022,3857283,Belgium,Morocco,,0,89,0,0,0.0,0,14,10,2,0,0,0,0,2022-11-27
59493,Abderrazak Hamdallah,Morocco,2022,3857283,Belgium,Morocco,,0,94,0,1,0.0368,0,4,3,0,0,0,1,0,2022-11-27
21736,Zakaria Aboukhlal,Morocco,2022,3857283,Belgium,Morocco,,0,94,1,1,0.181,0,5,3,1,0,1,0,0,2022-11-27
32688,Charles De Ketelaere,Belgium,2022,3857283,Belgium,Morocco,,0,89,0,0,0.0,0,4,3,0,0,0,0,1,2022-11-27
7459,Jawad El Yamiq,Morocco,2022,3857283,Belgium,Morocco,,0,89,0,0,0.0,0,2,2,0,0,0,1,0,2022-11-27
3289,Romelu Lukaku Menama,Belgium,2022,3857283,Belgium,Morocco,,0,93,0,0,0.0,0,1,1,0,0,0,0,0,2022-11-27
124495,Almoez Ali Zainalabiddin Abdulla,Qatar,2022,3857286,Qatar,Ecuador,,0,71,0,1,0.2127,0,10,7,0,0,0,1,1,2022-11-20
40784,Akram Hassan Afif,Qatar,2022,3857286,Qatar,Ecuador,,0,95,0,1,0.0091,1,36,33,5,2,0,1,1,2022-11-20
124488,Hassan Khalid Al Heidos,Qatar,2022,3857286,Qatar,Ecuador,,0,71,0,0,0.0,1,28,22,1,0,0,1,0,2022-11-20
38004,Piero Martín Hincapié Reyna,Ecuador,2022,3857286,Qatar,Ecuador,,0,93,0,0,0.0,0,72,68,0,0,1,0,0,2022-11-20
24085,Pervis Josué Estupiñán Tenorio,Ecuador,2022,3857286,Qatar,Ecuador,,0,95,0,0,0.0,1,75,60,1,1,1,3,0,2022-11-20
37737,Angelo Smit Preciado Quiñónez,Ecuador,2022,3857286,Qatar,Ecuador,,0,93,0,1,0.0066,1,53,42,0,0,2,2,1,2022-11-20
124514,Abdulaziz Hatem Mohammed Abdullah,Qatar,2022,3857286,Qatar,Ecuador,,0,94,0,0,0.0,0,44,30,0,0,0,3,1,2022-11-20
34396,Michael Steveen Estrada Martínez,Ecuador,2022,3857286,Qatar,Ecuador,,0,89,0,0,0.0,0,19,12,2,2,0,0,4,2022-11-20
30111,Felix Eduardo Torres Caicedo,Ecuador,2022,3857286,Qatar,Ecuador,,0,94,0,0,0.0,0,63,50,1,0,1,0,0,2022-11-20
28559,Enner Remberto Valencia Lastra,Ecuador,2022,3857286,Qatar,Ecuador,,0,75,2,2,0.8723,0,20,14,3,2,0,1,4,2022-11-20
124493,Boualem Khoukhi,Qatar,2022,3857286,Qatar,Ecuador,,0,94,0,0,0.0,0,76,66,0,0,1,0,1,2022-11-20
124506,Pedro Miguel Correia,Qatar,2022,3857286,Qatar,Ecuador,,0,92,0,1,0.0309,0,34,26,3,2,0,3,3,2022-11-20
124503,Bassam Hisham Al Rawi,Qatar,2022,3857286,Qatar,Ecuador,,0,94,0,0,0.0,1,57,48,0,0,2,2,1,2022-11-20
124494,Abdelkarim Hassan Al Haj Fadlalla,Qatar,2022,3857286,Qatar,Ecuador,,0,94,0,1,0.0062,1,66,57,1,1,1,0,3,2022-11-20
23830,Jhegson Sebastián Méndez Carabalí,Ecuador,2022,3857286,Qatar,Ecuador,,0,93,0,0,0.0,2,78,76,0,0,0,3,1,2022-11-20
31152,Gonzalo Jordy Plata Jiménez,Ecuador,2022,3857286,Qatar,Ecuador,,0,93,0,0,0.0,0,35,27,5,3,2,1,4,2022-11-20
124900,Homam Alamin Ahmed,Qatar,2022,3857286,Qatar,Ecuador,,0,93,0,0,0.0,1,39,29,5,3,1,1,2,2022-11-20
37726,Moisés Isaac Caicedo Corozo,Ecuador,2022,3857286,Qatar,Ecuador,,0,89,0,0,0.0,0,49,44,0,0,1,1,2,2022-11-20
124496,Saad Abdullah Al Sheeb,Qatar,2022,3857286,Qatar,Ecuador,,0,94,0,0,0.0,0,21,17,0,0,0,1,1,2022-11-20
12803,Romario Andrés Ibarra Mina,Ecuador,2022,3857286,Qatar,Ecuador,,0,67,0,2,0.1366,0,14,11,1,1,0,0,0,2022-11-20
124492,Karim Boudiaf,Qatar,2022,3857286,Qatar,Ecuador,,0,93,0,0,0.0,0,49,42,0,0,0,3,0,2022-11-20
37522,Hernán Ismael Galíndez,Ecuador,2022,3857286,Qatar,Ecuador,,0,86,0,0,0.0,0,19,10,0,0,0,0,0,2022-11-20
40211,Jeremy Leonel Sarmiento Morante,Ecuador,2022,3857286,Qatar,Ecuador,,0,93,0,0,0.0,0,7,6,1,1,0,0,1,2022-11-20
124901,Mohammed Muntari,Qatar,2022,3857286,Qatar,Ecuador,,0,93,0,1,0.0453,0,4,3,0,0,0,0,0,2022-11-20
124909,Mohammed Waed Abdulwahhab Al Bayati,Qatar,2022,3857286,Qatar,Ecuador,,0,93,0,0,0.0,0,4,2,0,0,0,1,0,2022-11-20
36148,José Adoni Cifuentes Charcopa,Ecuador,2022,3857286,Qatar,Ecuador,,0,92,0,0,0.0,0,9,6,0,0,0,2,0,2022-11-20
37945,Alan Steven Franco Palma,Ecuador,2022,3857286,Qatar,Ecuador,,0,93,0,0,0.0,0,6,6,0,0,0,0,0,2022-11-20
348757,Kevin José Rodríguez Cortez,Ecuador,2022,3857286,Qatar,Ecuador,,0,94,0,1,0.1385,0,0,0,0,0,0,1,0,2022-11-20
51469,Saleh Khalid Al Shehri,Saudi Arabia,2022,3857300,Argentina,Saudi Arabia,,0,77,1,1,0.0806,0,15,10,2,1,0,2,0,2022-11-22
5713,Mohammed Kanoo,Saudi Arabia,2022,3857300,Argentina,Saudi Arabia,,0,102,0,0,0.0,0,38,29,2,1,1,3,2,2022-11-22
51546,Hassan Mohammed Al-Tambakti,Saudi Arabia,2022,3857300,Argentina,Saudi Arabia,,0,102,0,0,0.0,0,29,22,0,0,4,0,2,2022-11-22
5178,Salman Mohammed Al Faraj,Saudi Arabia,2022,3857300,Argentina,Saudi Arabia,,0,47,0,0,0.0,0,15,10,2,0,0,0,0,2022-11-22
5507,Nicolás Alejandro Tagliafico,Argentina,2022,3857300,Argentina,Saudi Arabia,,0,70,0,1,0.6362,0,34,27,2,0,2,0,2,2022-11-22
11456,Lautaro Javier Martínez,Argentina,2022,3857300,Argentina,Saudi Arabia,,0,102,0,2,0.1649,0,16,13,0,0,0,1,3,2022-11-22
16308,Leandro Daniel Paredes,Argentina,2022,3857300,Argentina,Saudi Arabia,,0,58,0,0,0.0,1,57,55,0,0,2,1,2,2022-11-22
3090,Nicolás Hernán Otamendi,Argentina,2022,3857300,Argentina,Saudi Arabia,,0,102,0,1,0.0481,1,89,84,0,0,2,0,2,2022-11-22
20572,Cristian Gabriel Romero,Argentina,2022,3857300,Argentina,Saudi Arabia,,0,58,0,0,0.0,0,61,55,1,1,1,1,1,2022-11-22
7797,Rodrigo Javier De Paul,Argentina,2022,3857300,Argentina,Saudi Arabia,,0,103,0,1,0.0505,0,86,66,2,1,1,1,2,2022-11-22
29201,Nahuel Molina Lucero,Argentina,2022,3857300,Argentina,Saudi Arabia,,0,102,0,0,0.0,1,68,57,1,1,0,1,0,2022-11-22
6909,Damián Emiliano Martínez,Argentina,2022,3857300,Argentina,Saudi Arabia,,0,103,0,0,0.0,0,22,21,0,0,0,0,0,2022-11-22
2995,Ángel Fabián Di María Hernández,Argentina,2022,3857300,Argentina,Saudi Arabia,,0,103,0,2,0.0792,2,41,31,3,1,0,0,2,2022-11-22
56755,Abdulelah Saad Hameed Al-Malki,Saudi Arabia,2022,3857300,Argentina,Saudi Arabia,,0,103,0,0,0.0,0,37,29,0,0,3,5,1,2022-11-22
5503,Lionel Andrés Messi Cuccittini,Argentina,2022,3857300,Argentina,Saudi Arabia,,0,103,1,4,1.071,3,46,33,4,2,0,1,2,2022-11-22
5714,Mohammed Khalil Al Owais,Saudi Arabia,2022,3857300,Argentina,Saudi Arabia,,0,101,0,0,0.0,0,29,17,0,0,0,0,0,2022-11-22
7006,Alejandro Darío Gómez,Argentina,2022,3857300,Argentina,Saudi Arabia,,0,58,0,1,0.0119,0,25,20,0,0,2,1,4,2022-11-22
51099,Firas Tariq Nasser Al Albirakan,Saudi Arabia,2022,3857300,Argentina,Saudi Arabia,,0,88,0,0,0.0,1,15,11,3,1,1,1,0,2022-11-22
5187,Salem Mohammed Al Dawsari,Saudi Arabia,2022,3857300,Argentina,Saudi Arabia,,0,102,1,1,0.0328,0,24,17,3,2,0,1,0,2022-11-22
5715,Ali Albulayhi,Saudi Arabia,2022,3857300,Argentina,Saudi Arabia,,0,99,0,0,0.0,0,16,10,0,0,0,1,0,2022-11-22
5183,Yasir Gharsan Al Shahrani,Saudi Arabia,2022,3857300,Argentina,Saudi Arabia,,0,98,0,0,0.0,0,26,12,1,0,8,1,0,2022-11-22
51710,Saud Abdullah Abdul Hamid,Saudi Arabia,2022,3857300,Argentina,Saudi Arabia,,0,102,0,0,0.0,0,28,21,0,0,1,6,1,2022-11-22
54144,Nawaf Shaker Al Abid,Saudi Arabia,2022,3857300,Argentina,Saudi Arabia,,0,87,0,1,0.0401,0,6,6,1,0,1,1,0,2022-11-22
27768,Lisandro Martínez,Argentina,2022,3857300,Argentina,Saudi Arabia,,0,103,0,1,0.3316,0,32,29,0,0,0,0,0,2022-11-22
38718,Enzo Fernandez,Argentina,2022,3857300,Argentina,Saudi Arabia,,0,103,0,1,0.0369,0,38,33,0,0,0,0,1,2022-11-22
29560,Julián Álvarez,Argentina,2022,3857300,Argentina,Saudi Arabia,,0,102,0,1,0.0614,0,8,0,0,0,0,0,1,2022-11-22
19597,Marcos Javier Acuña,Argentina,2022,3857300,Argentina,Saudi Arabia,,0,103,0,0,0.0,2,23,18,0,0,1,0,0,2022-11-22
57620,Sultan Abdullah Salim Al Ghannam,Saudi Arabia,2022,3857300,Argentina,Saudi Arabia,,0,102,0,0,0.0,0,4,1,0,0,1,0,0,2022-11-22
121539,Haitham Mohammed Asiri,Saudi Arabia,2022,3857300,Argentina,Saudi Arabia,,0,102,0,0,0.0,0,2,1,0,0,0,1,0,2022-11-22
5191,Mohammed Al Burayk,Saudi Arabia,2022,3857300,Argentina,Saudi Arabia,,0,103,0,0,0.0,0,1,1,0,0,1,0,0,2022-11-22
51094,Abdulelah Al Amri,Saudi Arabia,2022,3857300,Argentina,Saudi Arabia,,0,103,0,0,0.0,0,1,0,0,0,0,0,0,2022-11-22
22067,Woo-Yeong Jeong,South Korea,2022,3857299,South Korea,Ghana,,0,47,0,1,0.0301,0,16,13,1,0,0,1,0,2022-11-28
5618,Woo-Young Jung,South Korea,2022,3857299,South Korea,Ghana,,0,78,0,1,0.0109,0,59,53,0,0,1,4,0,2022-11-28
40672,Moon-Hwan Kim,South Korea,2022,3857299,South Korea,Ghana,,0,100,0,0,0.0,1,89,75,0,0,1,1,0,2022-11-28
3347,André Ayew Pelé,Ghana,2022,3857299,South Korea,Ghana,,0,77,0,0,0.0,0,15,12,1,0,0,0,2,2022-11-28
5604,Young-Gwon Kim,South Korea,2022,3857299,South Korea,Ghana,,0,100,0,1,0.0649,1,66,59,0,0,1,1,0,2022-11-28
40538,Jin-Su Kim,South Korea,2022,3857299,South Korea,Ghana,,0,98,0,3,0.2852,4,50,36,1,0,1,1,1,2022-11-28
17033,Mohammed Kudus,Ghana,2022,3857299,South Korea,Ghana,,0,82,2,2,0.355,0,21,17,3,0,1,0,2,2022-11-28
40542,Gue-Sung Cho,South Korea,2022,3857299,South Korea,Ghana,,0,99,2,6,0.6358,0,18,12,1,1,0,3,4,2022-11-28
8108,Lawrence Ati-Zigi,Ghana,2022,3857299,South Korea,Ghana,,0,100,0,0,0.0,0,22,12,0,0,0,0,0,2022-11-28
31029,Salis Abdul Samed,Ghana,2022,3857299,South Korea,Ghana,,0,100,0,1,0.0267,0,42,37,1,1,2,1,0,2022-11-28
3709,Daniel Amartey,Ghana,2022,3857299,South Korea,Ghana,,0,95,0,0,0.0,0,37,36,1,1,1,1,0,2022-11-28
6383,Thomas Teye Partey,Ghana,2022,3857299,South Korea,Ghana,,0,100,0,1,0.2147,0,49,43,1,1,1,0,2,2022-11-28
3450,Jordan Ayew,Ghana,2022,3857299,South Korea,Ghana,,0,77,0,0,0.0,2,22,16,5,2,1,0,4,2022-11-28
23615,Gideon Mensah,Ghana,2022,3857299,South Korea,Ghana,,0,87,0,0,0.0,1,45,35,0,0,2,0,0,2022-11-28
30519,Mohamed Salisu,Ghana,2022,3857299,South Korea,Ghana,,0,99,1,1,0.4041,0,43,32,0,0,0,1,1,2022-11-28
43565,Min Jae Kim,South Korea,2022,3857299,South Korea,Ghana,,0,91,0,1,0.059,0,70,59,1,1,0,0,0,2022-11-28
37641,Seung-Gyu Kim,South Korea,2022,3857299,South Korea,Ghana,,0,98,0,0,0.0,0,24,22,0,0,0,0,0,2022-11-28
6393,Iñaki Williams Arthuer,Ghana,2022,3857299,South Korea,Ghana,,0,100,0,1,0.1056,0,14,9,0,0,0,3,1,2022-11-28
3083,Heung-Min Son,South Korea,2022,3857299,South Korea,Ghana,,0,99,0,2,0.1255,2,38,27,2,1,0,0,2,2022-11-28
33602,Tariq Lamptey,Ghana,2022,3857299,South Korea,Ghana,,0,77,0,1,0.0745,0,19,11,2,1,1,2,2,2022-11-28
3135,Chang-Hoon Kwon,South Korea,2022,3857299,South Korea,Ghana,,0,56,0,0,0.0,1,23,19,0,0,0,0,0,2022-11-28
23763,In-Beom Hwang,South Korea,2022,3857299,South Korea,Ghana,,0,100,0,1,0.0196,1,93,80,0,0,1,3,1,2022-11-28
41711,Sang-Ho Na,South Korea,2022,3857299,South Korea,Ghana,,0,99,0,1,0.06,2,16,12,1,0,0,0,0,2022-11-28
22740,Kang-In Lee,South Korea,2022,3857299,South Korea,Ghana,,0,100,0,3,0.0711,2,33,24,0,0,0,1,0,2022-11-28
12259,Denis Odoi,Ghana,2022,3857299,South Korea,Ghana,,0,99,0,0,0.0,0,2,2,0,0,0,0,0,2022-11-28
28616,Daniel-Kofi Kyereh,Ghana,2022,3857299,South Korea,Ghana,,0,100,0,0,0.0,0,4,2,0,0,0,0,0,2022-11-28
29966,Ui-Jo Hwang,South Korea,2022,3857299,South Korea,Ghana,,0,100,0,0,0.0,0,1,0,0,0,0,0,0,2022-11-28
35658,Kamaldeen Sulemana,Ghana,2022,3857299,South Korea,Ghana,,0,100,0,0,0.0,0,4,2,0,0,0,1,0,2022-11-28
12325,Abdul Rahman Baba,Ghana,2022,3857299,South Korea,Ghana,,0,98,0,0,0.0,0,0,0,0,0,0,1,0,2022-11-28
2989,Alexander Djiku,Ghana,2022,3857299,South Korea,Ghana,,0,99,0,0,0.0,0,1,0,0,0,0,0,1,2022-11-28
40564,Kyung-Won Kwon,South Korea,2022,3857299,South Korea,Ghana,,0,100,0,1,0.0055,0,9,8,0,0,0,0,2,2022-11-28
5246,Luis Alberto Suárez Díaz,Uruguay,2022,3857293,Ghana,Uruguay,,0,65,0,1,0.2734,1,20,14,2,2,0,0,4,2022-12-02
6773,Federico Santiago Valverde Dipetta,Uruguay,2022,3857293,Ghana,Uruguay,,0,98,0,3,0.0187,1,76,63,0,0,2,3,2,2022-12-02
7104,Mathías Olivera Miramontes,Uruguay,2022,3857293,Ghana,Uruguay,,0,98,0,0,0.0,2,52,41,1,0,0,1,1,2022-12-02
5258,Giorgian Daniel De Arrascaeta Benedetti,Uruguay,2022,3857293,Ghana,Uruguay,,0,79,2,2,0.8785,2,26,14,1,0,0,0,0,2022-12-02
6383,Thomas Teye Partey,Ghana,2022,3857293,Ghana,Uruguay,,0,95,0,0,0.0,0,78,63,4,3,2,2,1,2022-12-02
32478,Darwin Gabriel Núñez Ribeiro,Uruguay,2022,3857293,Ghana,Uruguay,,0,79,0,1,0.1578,1,15,12,2,1,1,0,0,2022-12-02
3347,André Ayew Pelé,Ghana,2022,3857293,Ghana,Uruguay,,0,52,0,1,0.7835,0,8,6,1,0,0,0,2,2022-12-02
6393,Iñaki Williams Arthuer,Ghana,2022,3857293,Ghana,Uruguay,,0,71,0,0,0.0,1,14,10,3,3,0,0,0,2022-12-02
45047,Alidu Seidu,Ghana,2022,3857293,Ghana,Uruguay,,0,98,0,0,0.0,0,52,41,3,3,0,2,1,2022-12-02
3709,Daniel Amartey,Ghana,2022,3857293,Ghana,Uruguay,,0,93,0,0,0.0,1,51,47,0,0,0,1,0,2022-12-02
30519,Mohamed Salisu,Ghana,2022,3857293,Ghana,Uruguay,,0,98,0,0,0.0,0,59,42,0,0,1,2,0,2022-12-02
3450,Jordan Ayew,Ghana,2022,3857293,Ghana,Uruguay,,0,50,0,1,0.0715,0,9,6,1,0,0,2,1,2022-12-02
5264,Guillermo Varela Olivera,Uruguay,2022,3857293,Ghana,Uruguay,,0,97,0,0,0.0,0,55,36,2,0,1,2,5,2022-12-02
12325,Abdul Rahman Baba,Ghana,2022,3857293,Ghana,Uruguay,,0,97,0,0,0.0,1,61,43,4,1,0,4,0,2022-12-02
31029,Salis Abdul Samed,Ghana,2022,3857293,Ghana,Uruguay,,0,71,0,0,0.0,1,51,46,4,4,3,3,2,2022-12-02
36288,Facundo Pellistri Rebollo,Uruguay,2022,3857293,Ghana,Uruguay,,0,65,0,1,0.0995,0,14,10,2,0,0,0,1,2022-12-02
17033,Mohammed Kudus,Ghana,2022,3857293,Ghana,Uruguay,,0,97,0,4,0.2519,0,34,27,5,4,0,2,2,2022-12-02
5259,José María Giménez de Vargas,Uruguay,2022,3857293,Ghana,Uruguay,,0,100,0,1,0.0324,0,37,33,1,1,2,0,1,2022-12-02
8108,Lawrence Ati-Zigi,Ghana,2022,3857293,Ghana,Uruguay,,0,99,0,0,0.0,0,26,19,0,0,0,0,0,2022-12-02
36710,Sergio Rochet Álvarez,Uruguay,2022,3857293,Ghana,Uruguay,,0,98,0,0,0.0,0,27,19,0,0,0,1,0,2022-12-02
6300,Sebastián Coates Nión,Uruguay,2022,3857293,Ghana,Uruguay,,0,98,0,1,0.1033,0,47,40,0,0,0,1,0,2022-12-02
5260,Rodrigo Bentancur Colmán,Uruguay,2022,3857293,Ghana,Uruguay,,0,33,0,0,0.0,0,19,17,1,1,1,3,0,2022-12-02
5255,Matías Vecino Falero,Uruguay,2022,3857293,Ghana,Uruguay,,0,97,0,0,0.0,0,46,38,0,0,2,0,0,2022-12-02
44225,Osman Bukari,Ghana,2022,3857293,Ghana,Uruguay,,0,98,0,1,0.0844,1,13,10,1,0,0,0,0,2022-12-02
35658,Kamaldeen Sulemana,Ghana,2022,3857293,Ghana,Uruguay,,0,97,0,1,0.0812,0,16,9,4,3,0,1,2,2022-12-02
28729,Diego Nicolás De La Cruz Arcosa,Uruguay,2022,3857293,Ghana,Uruguay,,0,99,0,1,0.0429,0,12,10,1,0,0,0,3,2022-12-02
4319,Edinson Roberto Cavani Gómez,Uruguay,2022,3857293,Ghana,Uruguay,,0,100,0,0,0.0,2,13,10,1,1,1,0,0,2022-12-02
9286,Antoine Semenyo,Ghana,2022,3857293,Ghana,Uruguay,,0,97,0,1,0.1202,0,3,1,0,0,0,2,0,2022-12-02
28616,Daniel-Kofi Kyereh,Ghana,2022,3857293,Ghana,Uruguay,,0,95,0,0,0.0,0,18,14,1,1,0,0,0,2022-12-02
6297,Maximiliano Gómez González,Uruguay,2022,3857293,Ghana,Uruguay,,0,98,0,1,0.0301,0,3,2,0,0,0,0,1,2022-12-02
36666,Agustín Canobbio Graviz,Uruguay,2022,3857293,Ghana,Uruguay,,0,97,0,0,0.0,0,7,5,0,0,0,0,1,2022-12-02
136306,Abdul Fatawu Issahaku,Ghana,2022,3857293,Ghana,Uruguay,,0,98,0,0,0.0,0,0,0,1,0,0,0,0,2022-12-02
133353,Pablo Martín Páez Gavira,Spain,2022,3857291,Spain,Costa Rica,,0,97,1,1,0.0562,1,73,66,3,1,0,1,5,2022-11-23
4353,Aymeric Laporte,Spain,2022,3857291,Spain,Costa Rica,,0,94,0,0,0.0,1,151,143,1,1,0,2,1,2022-11-23
6748,Ferrán Torres García,Spain,2022,3857291,Spain,Costa Rica,,0,56,2,2,0.8885,0,25,19,1,0,0,0,1,2022-11-23
5600,Francisco Javier Calvo Quesada,Costa Rica,2022,3857291,Spain,Costa Rica,,0,93,0,0,0.0,0,26,18,1,1,0,3,0,2022-11-23
3957,César Azpilicueta Tanco,Spain,2022,3857291,Spain,Costa Rica,,0,98,0,0,0.0,3,106,99,1,1,2,2,0,2022-11-23
6765,Rodrigo Hernández Cascante,Spain,2022,3857291,Spain,Costa Rica,,0,97,0,0,0.0,0,142,139,0,0,0,0,0,2022-11-23
5211,Jordi Alba Ramos,Spain,2022,3857291,Spain,Costa Rica,,0,63,0,0,0.0,1,119,110,1,1,2,1,1,2022-11-23
16532,Daniel Olmo Carvajal,Spain,2022,3857291,Spain,Costa Rica,,0,96,1,4,0.7484,1,71,59,5,0,0,1,0,2022-11-23
5836,Bryan Oviedo,Costa Rica,2022,3857291,Spain,Costa Rica,,0,81,0,0,0.0,0,19,12,0,0,1,1,0,2022-11-23
5839,Yeltsin Ignacio Tejeda Valverde,Costa Rica,2022,3857291,Spain,Costa Rica,,0,94,0,0,0.0,0,19,12,0,0,0,0,1,2022-11-23
5719,Marco Asensio Willemsen,Spain,2022,3857291,Spain,Costa Rica,,0,68,1,5,0.3919,0,40,32,3,2,0,1,1,2022-11-23
5203,Sergio Busquets i Burgos,Spain,2022,3857291,Spain,Costa Rica,,0,63,0,0,0.0,1,96,88,0,0,2,0,1,2022-11-23
30486,Pedro González López,Spain,2022,3857291,Spain,Costa Rica,,0,56,0,0,0.0,3,87,85,0,0,0,0,0,2022-11-23
11748,Unai Simón Mendibil,Spain,2022,3857291,Spain,Costa Rica,,0,93,0,0,0.0,0,36,33,0,0,0,0,0,2022-11-23
132728,Jewison Bennette,Costa Rica,2022,3857291,Spain,Costa Rica,,0,60,0,0,0.0,0,5,3,2,1,0,0,1,2022-11-23
5582,Celso Borges Mora,Costa Rica,2022,3857291,Spain,Costa Rica,,0,71,0,0,0.0,0,19,16,0,0,1,1,0,2022-11-23
132296,Anthony Daniel Contreras Enríquez,Costa Rica,2022,3857291,Spain,Costa Rica,,0,60,0,0,0.0,0,7,4,0,0,1,0,0,2022-11-23
130185,Keysher Fuller Spence,Costa Rica,2022,3857291,Spain,Costa Rica,,0,94,0,0,0.0,0,15,10,1,0,4,0,0,2022-11-23
5598,Óscar Esau Duarte Gaitán,Costa Rica,2022,3857291,Spain,Costa Rica,,0,94,0,0,0.0,0,27,18,0,0,1,3,0,2022-11-23
132271,Carlos Manuel Martínez Castro,Costa Rica,2022,3857291,Spain,Costa Rica,,0,45,0,0,0.0,0,14,10,0,0,0,1,0,2022-11-23
5581,Joel Nathaniel Campbell Samuels,Costa Rica,2022,3857291,Spain,Costa Rica,,0,96,0,0,0.0,0,24,17,0,0,0,2,3,2022-11-23
5597,Keylor Navas Gamboa,Costa Rica,2022,3857291,Spain,Costa Rica,,0,97,0,0,0.0,0,25,13,0,0,0,0,0,2022-11-23
6328,Kendall Jamaal Waston Manley,Costa Rica,2022,3857291,Spain,Costa Rica,,0,90,0,0,0.0,0,14,11,0,0,1,1,0,2022-11-23
6583,Carlos Soler Barragán,Spain,2022,3857291,Spain,Costa Rica,,0,97,1,3,0.4484,0,44,43,1,0,0,0,2,2022-11-23
3477,Álvaro Borja Morata Martín,Spain,2022,3857291,Spain,Costa Rica,,0,91,1,2,0.2286,1,9,7,1,0,0,0,0,2022-11-23
5592,Bryan Ruiz González,Costa Rica,2022,3857291,Spain,Costa Rica,,0,97,0,0,0.0,0,13,8,1,1,0,0,1,2022-11-23
184468,Álvaro José Zamora Mata,Costa Rica,2022,3857291,Spain,Costa Rica,,0,94,0,0,0.0,0,5,5,0,0,0,0,0,2022-11-23
39161,Alejandro Balde Martínez,Spain,2022,3857291,Spain,Costa Rica,,0,97,0,0,0.0,0,32,31,0,0,0,0,1,2022-11-23
5199,Jorge Resurrección Merodio,Spain,2022,3857291,Spain,Costa Rica,,0,98,0,0,0.0,0,50,48,0,0,1,0,0,2022-11-23
68574,Nicholas Williams Arthuer,Spain,2022,3857291,Spain,Costa Rica,,0,94,0,0,0.0,0,9,7,3,2,0,0,0,2022-11-23
108340,Brandon Aguilera Zamora,Costa Rica,2022,3857291,Spain,Costa Rica,,0,98,0,0,0.0,0,6,6,0,0,0,2,0,2022-11-23
15477,Ronald Alberto Matarrita Ulate,Costa Rica,2022,3857291,Spain,Costa Rica,,0,93,0,0,0.0,0,12,9,0,0,0,0,1,2022-11-23
22041,Marko Livaja,Croatia,2022,3857281,Croatia,Canada,,0,59,1,3,0.8189,0,12,8,0,0,0,1,1,2022-11-27
5469,Marcelo Brozović,Croatia,2022,3857281,Croatia,Canada,,0,95,0,1,0.3041,0,63,55,3,1,1,2,0,2022-11-27
12625,Borna Sosa,Croatia,2022,3857281,Croatia,Canada,,0,95,0,0,0.0,0,57,45,0,0,1,1,1,2022-11-27
33018,Joško Gvardiol,Croatia,2022,3857281,Croatia,Canada,,0,93,0,0,0.0,0,51,44,0,0,4,1,1,2022-11-27
3471,Dejan Lovren,Croatia,2022,3857281,Croatia,Canada,,0,95,0,0,0.0,0,45,43,0,0,2,2,0,2022-11-27
15958,Milan Borjan,Canada,2022,3857281,Croatia,Canada,,0,93,0,0,0.0,0,39,27,0,0,0,0,0,2022-11-27
23828,Kamal Miller,Canada,2022,3857281,Croatia,Canada,,0,95,0,0,0.0,0,66,62,1,1,2,0,1,2022-11-27
5460,Andrej Kramarić,Croatia,2022,3857281,Croatia,Canada,,0,72,2,5,0.6994,0,33,28,1,1,0,0,0,2022-11-27
44703,Alistair Johnston,Canada,2022,3857281,Croatia,Canada,,0,93,0,0,0.0,0,64,52,0,0,1,0,3,2022-11-27
23640,Jonathan David,Canada,2022,3857281,Croatia,Canada,,0,72,0,1,0.0529,0,23,15,0,0,0,0,1,2022-11-27
24024,Tajon Buchanan,Canada,2022,3857281,Croatia,Canada,,0,93,0,1,0.0239,2,35,22,11,6,1,1,2,2022-11-27
11846,Steven de Sousa Vitoria,Canada,2022,3857281,Croatia,Canada,,0,95,0,0,0.0,0,54,46,0,0,2,2,1,2022-11-27
16459,Cyle Larin,Canada,2022,3857281,Croatia,Canada,,0,46,0,0,0.0,0,9,6,1,0,0,0,0,2022-11-27
12365,Alphonso Davies,Canada,2022,3857281,Croatia,Canada,,0,93,1,2,0.0933,1,44,30,14,9,0,1,2,2022-11-27
29163,Josip Juranović,Croatia,2022,3857281,Croatia,Canada,,0,92,0,0,0.0,1,51,37,0,0,3,0,0,2022-11-27
16531,Dominik Livaković,Croatia,2022,3857281,Croatia,Canada,,0,95,0,0,0.0,0,20,14,0,0,0,0,0,2022-11-27
16120,Richie Laryea,Canada,2022,3857281,Croatia,Canada,,0,61,0,0,0.0,0,21,16,2,1,0,1,2,2022-11-27
5463,Luka Modrić,Croatia,2022,3857281,Croatia,Canada,,0,85,0,0,0.0,2,54,45,1,0,3,3,0,2022-11-27
31684,Atiba Hutchinson,Canada,2022,3857281,Croatia,Canada,,0,72,0,0,0.0,0,51,48,1,1,3,0,0,2022-11-27
11187,Stephen Antunes Eustáquio,Canada,2022,3857281,Croatia,Canada,,0,48,0,0,0.0,0,27,27,0,0,1,0,0,2022-11-27
5456,Mateo Kovačić,Croatia,2022,3857281,Croatia,Canada,,0,85,0,0,0.0,4,46,42,2,2,2,0,1,2022-11-27
5474,Ivan Perišić,Croatia,2022,3857281,Croatia,Canada,,0,85,0,2,0.0553,3,43,30,5,2,1,4,0,2022-11-27
133229,Ismael Koné,Canada,2022,3857281,Croatia,Canada,,0,95,0,0,0.0,1,41,39,0,0,0,0,0,2022-11-27
12770,Jonathan Osorio,Canada,2022,3857281,Croatia,Canada,,0,95,0,1,0.0383,0,22,19,2,1,0,0,1,2022-11-27
7693,Bruno Petković,Croatia,2022,3857281,Croatia,Canada,,0,95,0,0,0.0,1,15,6,0,0,0,0,1,2022-11-27
9922,David Junior Hoilett,Canada,2022,3857281,Croatia,Canada,,0,95,0,3,0.0784,0,17,14,1,1,0,0,2,2022-11-27
29758,Sam Adekugbe,Canada,2022,3857281,Croatia,Canada,,0,95,0,0,0.0,0,13,11,0,0,0,0,0,2022-11-27
26348,Lucas Daniel Cavallini,Canada,2022,3857281,Croatia,Canada,,0,95,0,0,0.0,0,3,3,0,0,0,1,0,2022-11-27
3441,Nikola Vlašić,Croatia,2022,3857281,Croatia,Canada,,0,95,0,0,0.0,0,5,4,0,0,0,0,0,2022-11-27
11603,Mario Pašalić,Croatia,2022,3857281,Croatia,Canada,,0,95,0,0,0.0,0,5,5,1,1,0,0,0,2022-11-27
28914,Lovro Majer,Croatia,2022,3857281,Croatia,Canada,,0,95,1,1,0.687,0,4,2,0,0,0,1,0,2022-11-27
16527,Mislav Oršić,Croatia,2022,3857281,Croatia,Canada,,0,95,0,1,0.0456,1,3,3,0,0,0,0,0,2022-11-27
3202,Gabriel Fernando de Jesus,Brazil,2022,3857280,Cameroon,Brazil,,0,63,0,2,0.324,2,13,12,0,0,1,0,3,2022-12-02
3247,Fábio Henrique Tavares,Brazil,2022,3857280,Cameroon,Brazil,,0,99,0,0,0.0,0,56,50,0,0,2,2,0,2022-12-02
25104,Rodrygo Silva de Goes,Brazil,2022,3857280,Cameroon,Brazil,,0,54,0,2,0.1317,2,29,22,2,2,0,0,3,2022-12-02
11183,Alex Nicolao Telles,Brazil,2022,3857280,Cameroon,Brazil,,0,54,0,0,0.0,0,33,25,0,0,1,1,0,2022-12-02
11493,Gleison Bremer Silva Nascimento,Brazil,2022,3857280,Cameroon,Brazil,,0,96,0,0,0.0,0,66,62,0,0,0,1,0,2022-12-02
13620,Éder Gabriel Militão,Brazil,2022,3857280,Cameroon,Brazil,,0,98,0,1,0.0756,0,75,69,0,0,0,2,0,2022-12-02
29976,Gabriel Teodoro Martinelli Silva,Brazil,2022,3857280,Cameroon,Brazil,,0,99,0,4,0.4058,2,31,23,4,3,0,1,2,2022-12-02
16346,Ngoran Suiru Fai Collins,Cameroon,2022,3857280,Cameroon,Brazil,,0,88,0,0,0.0,0,25,19,0,0,2,2,1,2022-12-02
3499,Jean-Eric Maxim Choupo-Moting,Cameroon,2022,3857280,Cameroon,Brazil,,0,99,0,0,0.0,0,23,13,1,0,0,0,0,2022-12-02
3141,André-Frank Zambo Anguissa,Cameroon,2022,3857280,Cameroon,Brazil,,0,95,0,0,0.0,0,49,39,2,2,2,3,2,2022-12-02
9904,Frederico Rodrigues Santos,Brazil,2022,3857280,Cameroon,Brazil,,0,54,0,2,0.3782,2,33,29,1,0,0,1,0,2022-12-02
12623,Pierre Kunde Malong,Cameroon,2022,3857280,Cameroon,Brazil,,0,67,0,1,0.0065,0,25,22,0,0,2,3,1,2022-12-02
11174,Vincent Paté Aboubakar,Cameroon,2022,3857280,Cameroon,Brazil,,0,92,1,3,0.1683,1,15,7,1,0,0,2,2,2022-12-02
3067,Ederson Santana de Moraes,Brazil,2022,3857280,Cameroon,Brazil,,0,91,0,0,0.0,0,30,28,0,0,0,0,0,2022-12-02
25363,Antony Matheus dos Santos,Brazil,2022,3857280,Cameroon,Brazil,,0,78,0,3,0.1101,1,50,36,3,2,0,0,2,2022-12-02
13454,Nouhou Tolo,Cameroon,2022,3857280,Cameroon,Brazil,,0,98,0,0,0.0,0,22,16,0,0,1,1,0,2022-12-02
15326,Devis Rogers Epassy Mboka,Cameroon,2022,3857280,Cameroon,Brazil,,0,99,0,0,0.0,0,42,30,0,0,0,0,1,2022-12-02
4935,Bryan Mbeumo,Cameroon,2022,3857280,Cameroon,Brazil,,0,63,0,1,0.1183,1,15,8,1,0,1,1,2,2022-12-02
7551,Enzo Ebosse,Cameroon,2022,3857280,Cameroon,Brazil,,0,93,0,0,0.0,0,39,34,0,0,0,1,0,2022-12-02
4324,Daniel Alves da Silva,Brazil,2022,3857280,Cameroon,Brazil,,0,99,0,1,0.0649,0,80,71,1,1,0,5,2,2022-12-02
16015,Nicolas Moumi Ngamaleu,Cameroon,2022,3857280,Cameroon,Brazil,,0,84,0,0,0.0,1,21,19,3,3,1,2,5,2022-12-02
74588,Christopher Wooh,Cameroon,2022,3857280,Cameroon,Brazil,,0,98,0,1,0.0569,0,33,27,0,0,1,2,0,2022-12-02
4372,Marcos Aoás Corrêa,Brazil,2022,3857280,Cameroon,Brazil,,0,99,0,0,0.0,3,32,32,1,0,0,0,0,2022-12-02
25154,Éverton Augusto de Barros Ribeiro,Brazil,2022,3857280,Cameroon,Brazil,,0,98,0,0,0.0,2,17,15,0,0,0,0,0,2022-12-02
25142,Bruno Guimarães Rodriguez Moura,Brazil,2022,3857280,Cameroon,Brazil,,0,98,0,4,0.6266,0,31,26,0,0,0,2,1,2022-12-02
25305,Pedro Guilherme Abreu dos Santos,Brazil,2022,3857280,Cameroon,Brazil,,0,96,0,2,0.2613,0,8,5,0,0,0,0,1,2022-12-02
3551,Karl Brillant Toko Ekambi,Cameroon,2022,3857280,Cameroon,Brazil,,0,98,0,0,0.0,2,10,8,2,1,1,0,1,2022-12-02
10530,Jules Olivier Ntcham,Cameroon,2022,3857280,Cameroon,Brazil,,0,91,0,1,0.0333,1,12,11,1,1,0,0,0,2022-12-02
10595,Raphael Dias Belloli,Brazil,2022,3857280,Cameroon,Brazil,,0,98,0,0,0.0,2,9,7,1,1,0,0,0,2022-12-02
33813,Jerome Ngom Mbekeli,Cameroon,2022,3857280,Cameroon,Brazil,,0,98,0,0,0.0,1,2,1,1,0,0,0,0,2022-12-02
3604,Olivier Giroud,France,2022,3857279,France,Australia,,0,88,2,5,1.3468,1,11,10,0,0,0,1,0,2022-11-22
10481,Aurélien Djani Tchouaméni,France,2022,3857279,France,Australia,,0,76,0,1,0.0358,0,78,74,0,0,0,0,3,2022-11-22
3026,Adrien Rabiot,France,2022,3857279,France,Australia,,0,96,1,1,0.1691,1,66,61,1,0,0,1,0,2022-11-22
8519,Dayotchanculle Upamecano,France,2022,3857279,France,Australia,,0,94,0,0,0.0,1,118,112,1,0,3,0,1,2022-11-22
5476,Benjamin Pavard,France,2022,3857279,France,Australia,,0,88,0,0,0.0,0,88,81,1,1,1,0,0,2022-11-22
11135,Ibrahima Konaté,France,2022,3857279,France,Australia,,0,94,0,2,0.176,0,97,87,0,0,3,0,2,2022-11-22
5484,Lucas Hernández Pi,France,2022,3857279,France,Australia,,0,12,0,0,0.0,0,10,6,0,0,0,0,0,2022-11-22
3009,Kylian Mbappé Lottin,France,2022,3857279,France,Australia,,0,96,1,7,1.0249,3,57,42,9,4,0,1,0,2022-11-22
5481,Mathew Leckie,Australia,2022,3857279,France,Australia,,0,96,0,0,0.0,1,29,21,3,2,1,0,2,2022-11-22
5490,Jackson Irvine,Australia,2022,3857279,France,Australia,,0,84,0,1,0.0835,0,35,28,0,0,2,4,0,2022-11-22
33492,Mitchell Thomas Duke,Australia,2022,3857279,France,Australia,,0,55,0,1,0.0179,0,9,7,0,0,1,2,0,2022-11-22
5487,Antoine Griezmann,France,2022,3857279,France,Australia,,0,97,0,3,0.2593,5,76,66,1,0,1,0,0,2022-11-22
5477,Ousmane Dembélé,France,2022,3857279,France,Australia,,0,76,0,2,0.1,3,32,25,3,2,0,0,2,2022-11-22
5479,Aziz Eraltay Behich,Australia,2022,3857279,France,Australia,,0,97,0,0,0.0,0,66,55,0,0,1,1,1,2022-11-22
22293,Harry Souttar,Australia,2022,3857279,France,Australia,,0,96,0,0,0.0,0,52,43,0,0,1,0,0,2022-11-22
33572,Nathaniel Atkinson,Australia,2022,3857279,France,Australia,,0,84,0,0,0.0,0,37,30,1,0,1,0,0,2022-11-22
33477,Riley McGree,Australia,2022,3857279,France,Australia,,0,72,0,1,0.0304,1,21,18,0,0,0,3,0,2022-11-22
3281,Aaron Mooy,Australia,2022,3857279,France,Australia,,0,96,0,0,0.0,0,67,58,3,2,1,2,0,2022-11-22
3240,Mathew Ryan,Australia,2022,3857279,France,Australia,,0,95,0,0,0.0,0,33,26,0,0,0,0,0,2022-11-22
33495,Kye Rowles,Australia,2022,3857279,France,Australia,,0,96,0,0,0.0,0,61,59,0,0,2,0,0,2022-11-22
3099,Hugo Lloris,France,2022,3857279,France,Australia,,0,97,0,0,0.0,0,25,19,0,0,0,0,0,2022-11-22
8346,Craig Goodwin,Australia,2022,3857279,France,Australia,,0,72,1,1,0.1915,0,25,18,0,0,0,1,0,2022-11-22
6704,Theo Bernard François Hernández,France,2022,3857279,France,Australia,,0,94,0,2,0.0588,5,66,60,1,1,1,1,4,2022-11-22
9430,Jason Cummings,Australia,2022,3857279,France,Australia,,0,96,0,0,0.0,0,6,4,0,0,0,0,0,2022-11-22
227697,Garang Kuol,Australia,2022,3857279,France,Australia,,0,90,0,0,0.0,0,3,2,2,1,1,1,0,2022-11-22
24475,Awer Denis Bul Mabil,Australia,2022,3857279,France,Australia,,0,96,0,0,0.0,0,13,9,0,0,0,0,0,2022-11-22
11990,Youssouf Fofana,France,2022,3857279,France,Australia,,0,93,0,0,0.0,0,18,18,0,0,0,0,1,2022-11-22
8217,Kingsley Coman,France,2022,3857279,France,Australia,,0,95,0,0,0.0,0,13,12,2,1,2,0,1,2022-11-22
15957,Miloš Degenek,Australia,2022,3857279,France,Australia,,0,96,0,0,0.0,0,10,10,0,0,0,0,1,2022-11-22
33488,Keanu Baccus,Australia,2022,3857279,France,Australia,,0,95,0,0,0.0,0,8,6,0,0,0,0,0,2022-11-22
4445,Jules Koundé,France,2022,3857279,France,Australia,,0,95,0,0,0.0,0,8,7,0,0,0,0,0,2022-11-22
2972,Marcus Thuram,France,2022,3857279,France,Australia,,0,96,0,0,0.0,0,0,0,0,0,0,0,0,2022-11-22
40542,Gue-Sung Cho,South Korea,2022,3857262,South Korea,Portugal,,0,92,0,1,0.0405,1,23,13,1,0,0,1,1,2022-12-02
5618,Woo-Young Jung,South Korea,2022,3857262,South Korea,Portugal,,0,96,0,0,0.0,2,56,48,0,0,0,2,0,2022-12-02
5604,Young-Gwon Kim,South Korea,2022,3857262,South Korea,Portugal,,0,80,1,1,0.6243,0,39,33,0,0,0,0,0,2022-12-02
40538,Jin-Su Kim,South Korea,2022,3857262,South Korea,Portugal,,0,96,0,0,0.0,1,36,26,1,1,2,0,1,2022-12-02
10868,Ricardo Jorge Luz Horta,Portugal,2022,3857262,South Korea,Portugal,,0,96,1,3,0.4588,1,22,13,0,0,1,1,1,2022-12-02
5207,Cristiano Ronaldo dos Santos Aveiro,Portugal,2022,3857262,South Korea,Portugal,,0,64,0,2,0.3111,0,19,15,1,0,0,0,0,2022-12-02
3083,Heung-Min Son,South Korea,2022,3857262,South Korea,Portugal,,0,96,0,5,0.1456,2,20,16,2,1,0,0,1,2022-12-02
34639,Vitor Machado Ferreira,Portugal,2022,3857262,South Korea,Portugal,,0,81,0,2,0.0539,0,62,59,1,1,0,0,1,2022-12-02
9927,Rúben Diogo Da Silva Neves,Portugal,2022,3857262,South Korea,Portugal,,0,64,0,0,0.0,2,64,62,0,0,1,0,0,2022-12-02
22740,Kang-In Lee,South Korea,2022,3857262,South Korea,Portugal,,0,81,0,1,0.0237,0,27,22,0,0,0,1,3,2022-12-02
143854,António João Pereira Albuquerque Tavares Silva,Portugal,2022,3857262,South Korea,Portugal,,0,94,0,0,0.0,0,58,57,0,0,1,2,0,2022-12-02
23763,In-Beom Hwang,South Korea,2022,3857262,South Korea,Portugal,,0,96,0,2,0.1214,0,43,33,0,0,0,1,0,2022-12-02
40564,Kyung-Won Kwon,South Korea,2022,3857262,South Korea,Portugal,,0,93,0,0,0.0,0,34,32,0,0,3,0,1,2022-12-02
40672,Moon-Hwan Kim,South Korea,2022,3857262,South Korea,Portugal,,0,96,0,0,0.0,0,38,31,1,0,1,0,0,2022-12-02
37641,Seung-Gyu Kim,South Korea,2022,3857262,South Korea,Portugal,,0,94,0,0,0.0,0,43,31,0,0,0,0,0,2022-12-02
5623,Jae-Sung Lee,South Korea,2022,3857262,South Korea,Portugal,,0,65,0,1,0.0214,0,15,12,2,2,1,2,1,2022-12-02
4272,João Mário Naval da Costa Eduardo,Portugal,2022,3857262,South Korea,Portugal,,0,81,0,0,0.0,0,37,34,3,0,1,0,0,2022-12-02
7005,João Pedro Cavaco Cancelo,Portugal,2022,3857262,South Korea,Portugal,,0,96,0,2,0.0548,0,91,77,7,5,2,1,2,2022-12-02
16028,José Diogo Dalot Teixeira,Portugal,2022,3857262,South Korea,Portugal,,0,95,0,1,0.0364,2,66,53,3,1,0,1,0,2022-12-02
20016,Kléper Laveran Lima Ferreira,Portugal,2022,3857262,South Korea,Portugal,,0,93,0,0,0.0,0,78,67,1,1,0,0,1,2022-12-02
40874,Matheus Luiz Nunes,Portugal,2022,3857262,South Korea,Portugal,,0,64,0,1,0.0078,0,29,21,1,1,0,2,2,2022-12-02
32975,Diogo Meireles Costa,Portugal,2022,3857262,South Korea,Portugal,,0,90,0,0,0.0,1,33,23,0,0,0,0,0,2022-12-02
5620,Hee-Chan Hwang,South Korea,2022,3857262,South Korea,Portugal,,0,96,1,1,0.422,1,4,3,2,1,0,0,2,2022-12-02
12169,João Maria Lobo Alves Palhinha Gonçalves,Portugal,2022,3857262,South Korea,Portugal,,0,96,0,1,0.021,0,17,16,1,1,0,1,0,2022-12-02
18360,Rafael Alexandre Conceição Leão,Portugal,2022,3857262,South Korea,Portugal,,0,96,0,1,0.0298,0,10,7,2,2,0,1,1,2022-12-02
5218,André Miguel Valente Silva,Portugal,2022,3857262,South Korea,Portugal,,0,96,0,0,0.0,2,11,10,1,0,0,0,0,2022-12-02
29966,Ui-Jo Hwang,South Korea,2022,3857262,South Korea,Portugal,,0,96,0,0,0.0,0,2,2,0,0,0,0,0,2022-12-02
40558,Jun-Ho Son,South Korea,2022,3857262,South Korea,Portugal,,0,88,0,0,0.0,0,8,7,0,0,0,2,0,2022-12-02
5214,William Silva de Carvalho,Portugal,2022,3857262,South Korea,Portugal,,0,93,0,0,0.0,0,14,13,0,0,0,1,0,2022-12-02
3193,Bernardo Mota Veiga de Carvalho e Silva,Portugal,2022,3857262,South Korea,Portugal,,0,96,0,0,0.0,0,8,7,0,0,0,0,1,2022-12-02
99479,Yu-Min Cho,South Korea,2022,3857262,South Korea,Portugal,,0,93,0,0,0.0,0,0,0,0,0,0,0,0,2022-12-02
